{"event": "medical_probe_start", "model": "nemotron-speech-en-0.6b", "profile": {"model": "nemotron-speech-en-0.6b", "chunk_size_ms": 560, "strip_language_tags": true, "decoding": "greedy_batch", "beam_size": 4, "precision": "float32", "confidence": false, "cuda_graphs": false}, "nemo_revision": "3b08b2acacc13ec1268e53653346266202b2335f", "model_revision": "ebe59e5a817142986528bbbee5dba8db7b38ed50", "scope": "direct runtime; not public customer acceptance"}
OneLogger: Setting error_handling_strategy to DISABLE_QUIETLY_AND_REPORT_METRIC_ERROR for rank (rank=0) with OneLogger disabled. To override: explicitly set error_handling_strategy parameter.
No exporters were provided. This means that no telemetry data will be collected.
[NeMo I 2026-09-16 10:02:01 pipeline_builder:42] Using matmul precision: high
[NeMo I 2026-09-16 10:02:18 mixins:195] Tokenizer SentencePieceTokenizer initialized with 1024 tokens
[NeMo W 2026-09-16 10:02:19 modelPT:176] If you intend to do training or fine-tuning, please call the ModelPT.setup_training_data() method and provide a valid configuration file to setup the train data loader.
    Train config : 
    use_lhotse: true
    skip_missing_manifest_entries: true
    input_cfg: null
    tarred_audio_filepaths: null
    manifest_filepath: null
    sample_rate: 16000
    shuffle: true
    num_workers: 2
    pin_memory: true
    max_duration: 40.0
    min_duration: 0.1
    text_field: answer
    batch_duration: null
    use_bucketing: true
    max_tps: null
    bucket_duration_bins: null
    bucket_batch_size: null
    num_buckets: null
    bucket_buffer_size: null
    shuffle_buffer_size: null
    augmentor: null
    
[NeMo W 2026-09-16 10:02:19 modelPT:183] If you intend to do validation, please call the ModelPT.setup_validation_data() or ModelPT.setup_multiple_validation_data() method and provide a valid configuration file to setup the validation data loader(s). 
    Validation config : 
    use_lhotse: true
    manifest_filepath: /data/ASR/en/librispeech/test-other.json
    sample_rate: 16000
    batch_size: 32
    shuffle: false
    max_duration: 40.0
    min_duration: 0.1
    num_workers: 2
    pin_memory: true
    text_field: answer
    tarred_audio_filepaths: null
    
[NeMo I 2026-09-16 10:02:22 rnnt_models:227] Using RNNT Loss : warprnnt_numba
    Loss warprnnt_numba_kwargs: {'fastemit_lambda': 0.005, 'clamp': -1.0}
[NeMo I 2026-09-16 10:02:22 rnnt_models:227] Using RNNT Loss : warprnnt_numba
    Loss warprnnt_numba_kwargs: {'fastemit_lambda': 0.005, 'clamp': -1.0}
[NeMo I 2026-09-16 10:02:22 rnnt_models:227] Using RNNT Loss : warprnnt_numba
    Loss warprnnt_numba_kwargs: {'fastemit_lambda': 0.005, 'clamp': -1.0}
[NeMo I 2026-09-16 10:02:24 save_restore_connector:288] Model EncDecRNNTBPEModel was successfully restored from /cache/huggingface/hub/models--nvidia--nemotron-speech-streaming-en-0.6b/snapshots/ebe59e5a817142986528bbbee5dba8db7b38ed50/nemotron-speech-streaming-en-0.6b.nemo.
[NeMo I 2026-09-16 10:02:24 rnnt_bpe_models:399] No `decoding_cfg` passed when changing decoding strategy, using internal config
[NeMo I 2026-09-16 10:02:24 rnnt_models:227] Using RNNT Loss : warprnnt_numba
    Loss warprnnt_numba_kwargs: {'fastemit_lambda': 0.005, 'clamp': -1.0}
[NeMo I 2026-09-16 10:02:24 rnnt_bpe_models:437] Changed decoding strategy to 
    model_type: rnnt
    strategy: greedy_batch
    compute_hypothesis_token_set: false
    preserve_alignments: null
    tdt_include_token_duration: null
    confidence_cfg:
      preserve_frame_confidence: false
      preserve_token_confidence: false
      preserve_word_confidence: false
      exclude_blank: true
      aggregation: min
      tdt_include_duration: false
      method_cfg:
        name: entropy
        entropy_type: tsallis
        alpha: 0.33
        entropy_norm: exp
        temperature: DEPRECATED
    fused_batch_size: null
    compute_timestamps: null
    compute_langs: false
    word_seperator: ' '
    segment_seperators:
    - .
    - '!'
    - '?'
    segment_gap_threshold: null
    rnnt_timestamp_type: all
    greedy:
      max_symbols_per_step: 10
      preserve_alignments: false
      preserve_frame_confidence: false
      tdt_include_token_duration: false
      tdt_include_duration_confidence: false
      confidence_method_cfg:
        name: entropy
        entropy_type: tsallis
        alpha: 0.33
        entropy_norm: exp
        temperature: DEPRECATED
      loop_labels: true
      use_cuda_graph_decoder: true
      ngram_lm_model: null
      ngram_lm_alpha: 0.0
      boosting_tree:
        model_path: null
        key_phrases_file: null
        key_phrases_list: null
        key_phrase_items_list: null
        context_score: 1.0
        depth_scaling: 2.0
        unk_score: 0.0
        final_eos_score: 1.0
        score_per_phrase: 0.0
        source_lang: en
        use_triton: null
        uniform_weights: false
        bpe_mode: default
        use_bpe_dropout: null
        num_of_transcriptions: 5
        bpe_alpha: 0.3
        var_bpe_scoring_temp: 10.0
        var_bpe_penalize_subsplits: true
      boosting_tree_alpha: 0.0
      enable_per_stream_biasing: false
      max_symbols: 10
    beam:
      beam_size: 2
      search_type: default
      score_norm: true
      return_best_hypothesis: false
      tsd_max_sym_exp_per_step: 50
      alsd_max_target_len: 2.0
      nsc_max_timesteps_expansion: 1
      nsc_prefix_alpha: 1
      maes_num_steps: 2
      maes_prefix_alpha: 1
      maes_expansion_gamma: 2.3
      maes_expansion_beta: 2
      language_model: null
      softmax_temperature: 1.0
      preserve_alignments: false
      ngram_lm_model: null
      ngram_lm_alpha: 0.0
      boosting_tree:
        model_path: null
        key_phrases_file: null
        key_phrases_list: null
        key_phrase_items_list: null
        context_score: 1.0
        depth_scaling: 2.0
        unk_score: 0.0
        final_eos_score: 1.0
        score_per_phrase: 0.0
        source_lang: en
        use_triton: null
        uniform_weights: false
        bpe_mode: default
        use_bpe_dropout: null
        num_of_transcriptions: 5
        bpe_alpha: 0.3
        var_bpe_scoring_temp: 10.0
        var_bpe_penalize_subsplits: true
      boosting_tree_alpha: 0.0
      hat_subtract_ilm: false
      hat_ilm_weight: 0.0
      max_symbols_per_step: 10
      blank_lm_score_mode: LM_WEIGHTED_FULL
      pruning_mode: LATE
      allow_cuda_graphs: true
      enable_per_stream_biasing: false
      preserve_frame_confidence: false
      tdt_include_duration_confidence: false
      confidence_method_cfg:
        name: entropy
        entropy_type: tsallis
        alpha: 0.33
        entropy_norm: exp
        temperature: DEPRECATED
      tsd_max_sym_exp: 50
    temperature: 1.0
    durations: []
    big_blank_durations: []
    strip_lang_tags: false
    lang_tag_pattern: null
    
[NeMo I 2026-09-16 10:02:24 rnnt_models:227] Using RNNT Loss : warprnnt_numba
    Loss warprnnt_numba_kwargs: {'fastemit_lambda': 0.005, 'clamp': -1.0}
[NeMo I 2026-09-16 10:02:24 rnnt_decoding:1041] Joint fused batch size <= 0; Will temporarily disable fused batch step in the Joint.
[NeMo I 2026-09-16 10:02:24 rnnt_bpe_models:437] Changed decoding strategy to 
    model_type: rnnt
    strategy: greedy_batch
    compute_hypothesis_token_set: false
    preserve_alignments: false
    tdt_include_token_duration: null
    confidence_cfg:
      preserve_frame_confidence: false
      preserve_token_confidence: false
      preserve_word_confidence: false
      exclude_blank: true
      aggregation: min
      tdt_include_duration: false
      method_cfg:
        name: entropy
        entropy_type: tsallis
        alpha: 0.33
        entropy_norm: exp
        temperature: DEPRECATED
    fused_batch_size: -1
    compute_timestamps: null
    compute_langs: false
    word_seperator: ' '
    segment_seperators:
    - .
    - '!'
    - '?'
    segment_gap_threshold: null
    rnnt_timestamp_type: all
    greedy:
      max_symbols_per_step: 10
      preserve_alignments: false
      preserve_frame_confidence: false
      tdt_include_token_duration: false
      tdt_include_duration_confidence: false
      confidence_method_cfg:
        name: entropy
        entropy_type: tsallis
        alpha: 0.33
        entropy_norm: exp
        temperature: DEPRECATED
      loop_labels: true
      use_cuda_graph_decoder: false
      ngram_lm_model: null
      ngram_lm_alpha: 0.0
      boosting_tree:
        model_path: null
        key_phrases_file: null
        key_phrases_list: null
        key_phrase_items_list: null
        context_score: 1.0
        depth_scaling: 2.0
        unk_score: 0.0
        final_eos_score: 1.0
        score_per_phrase: 0.0
        source_lang: en
        use_triton: null
        uniform_weights: false
        bpe_mode: default
        use_bpe_dropout: null
        num_of_transcriptions: 5
        bpe_alpha: 0.3
        var_bpe_scoring_temp: 10.0
        var_bpe_penalize_subsplits: true
      boosting_tree_alpha: 0.0
      enable_per_stream_biasing: true
      max_symbols: 10
    beam:
      beam_size: 4
      search_type: default
      score_norm: true
      return_best_hypothesis: true
      tsd_max_sym_exp_per_step: 50
      alsd_max_target_len: 1.0
      nsc_max_timesteps_expansion: 1
      nsc_prefix_alpha: 1
      maes_num_steps: 2
      maes_prefix_alpha: 1
      maes_expansion_gamma: 2.3
      maes_expansion_beta: 2
      language_model: null
      softmax_temperature: 1.0
      preserve_alignments: false
      ngram_lm_model: null
      ngram_lm_alpha: 0.0
      boosting_tree:
        model_path: null
        key_phrases_file: null
        key_phrases_list: null
        key_phrase_items_list: null
        context_score: 1.0
        depth_scaling: 2.0
        unk_score: 0.0
        final_eos_score: 1.0
        score_per_phrase: 0.0
        source_lang: en
        use_triton: null
        uniform_weights: false
        bpe_mode: default
        use_bpe_dropout: null
        num_of_transcriptions: 5
        bpe_alpha: 0.3
        var_bpe_scoring_temp: 10.0
        var_bpe_penalize_subsplits: true
      boosting_tree_alpha: 0.0
      hat_subtract_ilm: false
      hat_ilm_weight: 0.0
      max_symbols_per_step: 10
      blank_lm_score_mode: LM_WEIGHTED_FULL
      pruning_mode: LATE
      allow_cuda_graphs: true
      enable_per_stream_biasing: false
      preserve_frame_confidence: false
      tdt_include_duration_confidence: false
      confidence_method_cfg:
        name: entropy
        entropy_type: tsallis
        alpha: 0.33
        entropy_norm: exp
        temperature: DEPRECATED
    temperature: 1.0
    durations: []
    big_blank_durations: []
    strip_lang_tags: false
    lang_tag_pattern: null
    
[NeMo I 2026-09-16 10:02:24 base_builder:147] ASR model `/cache/huggingface/hub/models--nvidia--nemotron-speech-streaming-en-0.6b/snapshots/ebe59e5a817142986528bbbee5dba8db7b38ed50/nemotron-speech-streaming-en-0.6b.nemo` loaded
[NeMo I 2026-09-16 10:02:24 cache_aware_pipeline_builder:107] `CacheAwareRNNTPipeline` pipeline loaded
{"event": "medical_runtime_loaded", "timings": {"runtime_import_seconds": 6.1184624880006595, "checkpoint_acquisition_seconds": 0.006478036000771681, "model_load_seconds": 23.248180439000862}, "gpu": "NVIDIA H100 80GB HBM3", "torch": "2.8.0+cu128", "cuda": "12.8"}
{"event": "medical_case_start", "case": "en-01", "mode": "complete-file", "file": "ready/en/day1_consultation01_conversation.wav", "sha256": "bed0455e336172d5e8c8eaa56bf54efa69cce5f115fba17cfb7d92d482953af5", "expected_audio_seconds": 457.92, "options": {"model": "nemotron-speech-en-0.6b", "language": "en-US", "chunk_size_ms": 560, "strip_language_tags": true, "output_granularity": "word", "stop_history_eou_ms": 800}}
{"event": "medical_measurement", "case": "en-01", "mode": "complete-file", "sha256": "bed0455e336172d5e8c8eaa56bf54efa69cce5f115fba17cfb7d92d482953af5", "expected_audio_seconds": 457.92, "all_samples_processed": true, "nonempty": true, "peak_gpu_allocated_bytes": 2834901504, "real_time_factor": 0.08648866765592444, "text": "Hello hello yeah, okay hello how can I help you this morning hi um I've just had some um diarrhea for the last three days um and it's been affecting me I need to stay close to the toilet and um yeah it's been affecting my day to day activities sorry to hear that um and when you say diarrhea what do you mean by diarrhea do you mean you're going to the toilet more often or are your stools more loose Yeah so it's like loose and watery stool going to the toilet quite often um and like some pain in my like lower stomach okay and how many times a day are you going let's say over the last couple of days probably like six seven times a day six seven times a day and you may mention is mainly water tree have you noticed any other things like blood in your stools no no blood Yeah just watery and loose stool okay and you mentioned you've had some pain in your tummy as well Yeah whereabouts is a pain exactly so it's like in my lower abdomen so uh like um yeah just to one side one side and what side is that uh on the left side left side okay and can you describe the pain to me Yeah it feels um like uh cramp uh like a muscular cramp and um yeah I feel a bit weak and shaky okay and there's a pain is that is it there all the time or does it come and go uh it comes and goes and goes a pain move anywhere else for example towards your back um no just mainly my stomach okay fine and you mentioned you've been feeling quite weak and shaky as well would you mean by shaky do you mean you've been having uh are you been feeling feverish for example um yeah it doesn't feel like uh yeah I just mainly feel weaker I haven't had a fever um at the moment but I did notice um a temperature when the symptom started so um yeah around about three or four days ago you measure your temperature then yeah I didn't measure my temperature no but I felt um just a bit hot okay okay any other symptoms like sweating or um no and uh any vomiting at all Yeah so um I vomited at the start of the symptoms but now um I've stopped vomiting stop vomiting okay and was your vomit I know it's not nice thing to talk about but was it just normal food colour yeah yeah just normal vomit yeah and there was no blood in your vomit is that right no blood no no okay um and um any other symptoms at all you mentioned tummy pain you mentioned diarrhea you mentioned the vomiting anything else that comes to mind um I had a loss of appetite um so I haven't been eating as much um but I've been able to hold down fluids okay so you're drinking fluids what kind of foods have you managed to eat anything um just soups and uh yeah light foods like smoothies and yeah liquid foods mainly okay fine um and so you start just three days ago the symptoms are you aware of any triggers which may have caused your symptoms to uh to kick on So for example take away food or eating out or being around other people who would similar symptoms Yeah so I had takeaway about four days ago um uh but other than that I've yeah been uh eating normally I think unusual Yeah do you remember where you ate um yeah I ate at a Chinese restaurant with friends okay anyone else on well with similar symptoms um so no one else in the family so I uh wife and two kids and one um child was vomiting but they haven't got diarrhea there's no one with the same symptoms okay okay fine um right and uh in terms of your your overall health are you normally fitting well or um yeah I mean other than um asthma um I use an inhaler everything uh else is fine okay and did your asthma well controlled uh yeah that's fine just yeah you send inhaler and uh that's under control fine and you don't have any other tummy problem bowel problems I should be aware of no no okay um in t ap apart from the inhalers do you take any other medications uh no no other medications okay fine and in terms of just your your day to day life you said it's been affecting your life um in what way has it been affecting your life uh sorry I need to stay close to the toilet cause I go quite frequently during the these past three days okay um yeah other than that it's uh yeah the main concern and have you are you currently working at the moment uh yeah I I work work um I'm an accountant okay have you been going into work the last three days or have you been at home uh yeah I've been going to work okay that must be difficult for you then yeah it's been quite difficult and you say you mentioned you live with a wife and two children is that right Yes all right um just couple of other questions we need to ask so um do you smoke at all uh no I don't smoke and do you drink much in the web alcohol no I I don't drink alcohol no okay so um uh normally at this stage I like to um examine you if that's okay but um um but but but but but but but but but but but but but but but but but but but but but having listened to your stories uh I think um just to recap the for the last three days you've been having loose dull diarrhea a bit of tummy pain mainly on the left hand side uh um and vomiting and being generally quite weak and lethargic you mentioned you having this Chinese takeaway as well three days ago and I wonder whether that might be the cause of your problems okay um it seems like you may have something uh called gastroenteritis which essentially just uh tummy bug or infection of your of your tummy mainly caused by viruses but it can be uh possibility of bacteria uh causing your symptoms at this stage uh what what we'd recommend is just what we say conservative management so I don't think you need anything like antibiotics is really just um making sure you're well hydrated so drinking fluids um there are things like dire light you can get from the pharmacy which uh it's um it helps replenish some of your minerals and vitamins and if you are having vomiting and diarrhea I would certainly recommend that and first you know first couple of days yeah if you are feeling feverish and weak taking some paracetamol two tablets up to four times a day for the first few days can also help I would certainly advise you to take some time work actually I know you're quite keen to work but um I would say next two two to three days um clears from your system take some time off and rest um you know if your symptoms haven't got better you know in in three to four days I'd like to come back and see you again because if it is ongoing then we have to wonder whether there's something else causing symptoms and we may need to do further tests like um taking a sample of your store so we can test that um et cetera et cetera yeah sure yeah how's that sound that sounds great Yeah yeah do you have any questions for me um no further questions okay is is is the treatment plan clear uh yeah yeah that's that's very clear thank you great well I wish you all the best okay thank you thank you bye", "segments": [{"type": "transcript.final", "session_id": "08dcc0cf-2556-48ad-8bfc-beadf4cde74c", "sequence": 3, "segment_id": 0, "revision": 3, "text": " Hello hello", "granularity": "word", "items": [{"text": " Hello", "start_seconds": 2.88, "end_seconds": 2.96, "confidence": null}, {"text": "hello", "start_seconds": 4.16, "end_seconds": 4.32, "confidence": null}]}, {"type": "transcript.final", "session_id": "08dcc0cf-2556-48ad-8bfc-beadf4cde74c", "sequence": 7, "segment_id": 1, "revision": 4, "text": " yeah, okay hello", "granularity": "word", "items": [{"text": " yeah,", "start_seconds": 8.24, "end_seconds": 8.4, "confidence": null}, {"text": "okay", "start_seconds": 8.4, "end_seconds": 8.48, "confidence": null}, {"text": "hello", "start_seconds": 9.04, "end_seconds": 9.2, "confidence": null}]}, {"type": "transcript.final", "session_id": "08dcc0cf-2556-48ad-8bfc-beadf4cde74c", "sequence": 19, "segment_id": 2, "revision": 12, "text": " how can I help you this morning hi um I've just had some um diarrhea for the last three days", "granularity": "word", "items": [{"text": " how", "start_seconds": 11.2, "end_seconds": 11.28, "confidence": null}, {"text": "can", "start_seconds": 11.28, "end_seconds": 11.44, "confidence": null}, {"text": "I", "start_seconds": 11.44, "end_seconds": 11.52, "confidence": null}, {"text": "help", "start_seconds": 11.52, "end_seconds": 11.6, "confidence": null}, {"text": "you", "start_seconds": 11.6, "end_seconds": 11.76, "confidence": null}, {"text": "this", "start_seconds": 11.76, "end_seconds": 11.92, "confidence": null}, {"text": "morning", "start_seconds": 11.92, "end_seconds": 12.0, "confidence": null}, {"text": "hi", "start_seconds": 13.2, "end_seconds": 13.52, "confidence": null}, {"text": "um", "start_seconds": 13.52, "end_seconds": 13.84, "confidence": null}, {"text": "I've", "start_seconds": 13.84, "end_seconds": 14.08, "confidence": null}, {"text": "just", "start_seconds": 14.08, "end_seconds": 14.16, "confidence": null}, {"text": "had", "start_seconds": 14.16, "end_seconds": 14.24, "confidence": null}, {"text": "some", "start_seconds": 14.88, "end_seconds": 14.96, "confidence": null}, {"text": "um", "start_seconds": 15.36, "end_seconds": 15.44, "confidence": null}, {"text": "diarrhea", "start_seconds": 15.76, "end_seconds": 16.48, "confidence": null}, {"text": "for", "start_seconds": 16.48, "end_seconds": 16.56, "confidence": null}, {"text": "the", "start_seconds": 16.56, "end_seconds": 16.64, "confidence": null}, {"text": "last", "start_seconds": 16.64, "end_seconds": 16.96, "confidence": null}, {"text": "three", "start_seconds": 16.96, "end_seconds": 17.12, "confidence": null}, {"text": "days", "start_seconds": 17.12, "end_seconds": 17.44, "confidence": null}]}, {"type": "transcript.final", "session_id": "08dcc0cf-2556-48ad-8bfc-beadf4cde74c", "sequence": 32, "segment_id": 3, "revision": 13, "text": " um and it's been affecting me I need to stay close to the toilet and um yeah it's been affecting my day to day activities", "granularity": "word", "items": [{"text": " um", "start_seconds": 19.04, "end_seconds": 19.2, "confidence": null}, {"text": "and", "start_seconds": 19.2, "end_seconds": 19.28, "confidence": null}, {"text": "it's", "start_seconds": 19.28, "end_seconds": 19.36, "confidence": null}, {"text": "been", "start_seconds": 19.36, "end_seconds": 19.68, "confidence": null}, {"text": "affecting", "start_seconds": 19.68, "end_seconds": 19.92, "confidence": null}, {"text": "me", "start_seconds": 19.92, "end_seconds": 20.24, "confidence": null}, {"text": "I", "start_seconds": 20.24, "end_seconds": 20.48, "confidence": null}, {"text": "need", "start_seconds": 20.48, "end_seconds": 20.56, "confidence": null}, {"text": "to", "start_seconds": 20.56, "end_seconds": 20.8, "confidence": null}, {"text": "stay", "start_seconds": 20.8, "end_seconds": 20.88, "confidence": null}, {"text": "close", "start_seconds": 21.28, "end_seconds": 21.36, "confidence": null}, {"text": "to", "start_seconds": 21.36, "end_seconds": 21.44, "confidence": null}, {"text": "the", "start_seconds": 21.44, "end_seconds": 21.52, "confidence": null}, {"text": "toilet", "start_seconds": 21.84, "end_seconds": 21.92, "confidence": null}, {"text": "and", "start_seconds": 22.4, "end_seconds": 22.72, "confidence": null}, {"text": "um", "start_seconds": 22.72, "end_seconds": 22.8, "confidence": null}, {"text": "yeah", "start_seconds": 23.2, "end_seconds": 23.52, "confidence": null}, {"text": "it's", "start_seconds": 23.52, "end_seconds": 23.6, "confidence": null}, {"text": "been", "start_seconds": 23.6, "end_seconds": 23.68, "confidence": null}, {"text": "affecting", "start_seconds": 24.08, "end_seconds": 24.24, "confidence": null}, {"text": "my", "start_seconds": 24.24, "end_seconds": 24.32, "confidence": null}, {"text": "day", "start_seconds": 24.64, "end_seconds": 24.72, "confidence": null}, {"text": "to", "start_seconds": 24.72, "end_seconds": 24.88, "confidence": null}, {"text": "day", "start_seconds": 24.88, "end_seconds": 24.96, "confidence": null}, {"text": "activities", "start_seconds": 24.96, "end_seconds": 25.2, "confidence": null}]}, {"type": "transcript.final", "session_id": "08dcc0cf-2556-48ad-8bfc-beadf4cde74c", "sequence": 33, "segment_id": 4, "revision": 1, "text": " sor", "granularity": "word", "items": [{"text": " sor", "start_seconds": 26.8, "end_seconds": 26.88, "confidence": null}]}, {"type": "transcript.final", "session_id": "08dcc0cf-2556-48ad-8bfc-beadf4cde74c", "sequence": 94, "segment_id": 5, "revision": 61, "text": "ry to hear that um and when you say diarrhea what do you mean by diarrhea do you mean you're going to the toilet more often or are your stools more loose Yeah so it's like loose and watery stool going to the toilet quite often um and like some pain in my like lower stomach okay and how many times a day are you going let's say over the last couple of days probably like six seven times a day six seven times a day and you may mention is mainly water tree have you noticed any other things like blood in your stools no no blood Yeah just watery and loose stool okay and you mentioned you've had some pain in your tummy as well", "granularity": "word", "items": [{"text": "ry", "start_seconds": 27.04, "end_seconds": 27.12, "confidence": null}, {"text": "to", "start_seconds": 27.12, "end_seconds": 27.2, "confidence": null}, {"text": "hear", "start_seconds": 27.2, "end_seconds": 27.36, "confidence": null}, {"text": "that", "start_seconds": 27.36, "end_seconds": 27.44, "confidence": null}, {"text": "um", "start_seconds": 27.92, "end_seconds": 28.0, "confidence": null}, {"text": "and", "start_seconds": 28.4, "end_seconds": 28.48, "confidence": null}, {"text": "when", "start_seconds": 28.8, "end_seconds": 28.88, "confidence": null}, {"text": "you", "start_seconds": 28.88, "end_seconds": 28.96, "confidence": null}, {"text": "say", "start_seconds": 28.96, "end_seconds": 29.12, "confidence": null}, {"text": "diarrhea", "start_seconds": 29.12, "end_seconds": 29.68, "confidence": null}, {"text": "what", "start_seconds": 29.68, "end_seconds": 29.76, "confidence": null}, {"text": "do", "start_seconds": 29.76, "end_seconds": 29.84, "confidence": null}, {"text": "you", "start_seconds": 29.84, "end_seconds": 29.92, "confidence": null}, {"text": "mean", "start_seconds": 29.92, "end_seconds": 30.08, "confidence": null}, {"text": "by", "start_seconds": 30.08, "end_seconds": 30.32, "confidence": null}, {"text": "diarrhea", "start_seconds": 30.32, "end_seconds": 30.72, "confidence": null}, {"text": "do", "start_seconds": 30.72, "end_seconds": 30.8, "confidence": null}, {"text": "you", "start_seconds": 30.8, "end_seconds": 30.88, "confidence": null}, {"text": "mean", "start_seconds": 30.88, "end_seconds": 30.96, "confidence": null}, {"text": "you're", "start_seconds": 30.96, "end_seconds": 31.12, "confidence": null}, {"text": "going", "start_seconds": 31.12, "end_seconds": 31.28, "confidence": null}, {"text": "to", "start_seconds": 31.28, "end_seconds": 31.44, "confidence": null}, {"text": "the", "start_seconds": 31.44, "end_seconds": 31.6, "confidence": null}, {"text": "toilet", "start_seconds": 31.6, "end_seconds": 31.92, "confidence": null}, {"text": "more", "start_seconds": 31.92, "end_seconds": 32.08, "confidence": null}, {"text": "often", "start_seconds": 32.08, "end_seconds": 32.16, "confidence": null}, {"text": "or", "start_seconds": 32.4, "end_seconds": 32.48, "confidence": null}, {"text": "are", "start_seconds": 32.8, "end_seconds": 33.12, "confidence": null}, {"text": "your", "start_seconds": 33.12, "end_seconds": 33.28, "confidence": null}, {"text": "stools", "start_seconds": 33.28, "end_seconds": 33.6, "confidence": null}, {"text": "more", "start_seconds": 33.6, "end_seconds": 33.76, "confidence": null}, {"text": "loose", "start_seconds": 33.76, "end_seconds": 33.84, "confidence": null}, {"text": "Yeah", "start_seconds": 34.88, "end_seconds": 34.96, "confidence": null}, {"text": "so", "start_seconds": 35.28, "end_seconds": 35.44, "confidence": null}, {"text": "it's", "start_seconds": 35.44, "end_seconds": 35.52, "confidence": null}, {"text": "like", "start_seconds": 35.52, "end_seconds": 35.84, "confidence": null}, {"text": "loose", "start_seconds": 35.84, "end_seconds": 35.92, "confidence": null}, {"text": "and", "start_seconds": 36.4, "end_seconds": 36.48, "confidence": null}, {"text": "watery", "start_seconds": 36.48, "end_seconds": 37.12, "confidence": null}, {"text": "stool", "start_seconds": 37.12, "end_seconds": 37.2, "confidence": null}, {"text": "going", "start_seconds": 37.52, "end_seconds": 37.68, "confidence": null}, {"text": "to", "start_seconds": 37.68, "end_seconds": 37.76, "confidence": null}, {"text": "the", "start_seconds": 37.76, "end_seconds": 37.84, "confidence": null}, {"text": "toilet", "start_seconds": 38.16, "end_seconds": 38.24, "confidence": null}, {"text": "quite", "start_seconds": 38.64, "end_seconds": 38.8, "confidence": null}, {"text": "often", "start_seconds": 38.8, "end_seconds": 38.88, "confidence": null}, {"text": "um", "start_seconds": 39.92, "end_seconds": 40.0, "confidence": null}, {"text": "and", "start_seconds": 40.4, "end_seconds": 40.48, "confidence": null}, {"text": "like", "start_seconds": 40.48, "end_seconds": 40.56, "confidence": null}, {"text": "some", "start_seconds": 40.88, "end_seconds": 40.96, "confidence": null}, {"text": "pain", "start_seconds": 41.44, "end_seconds": 41.76, "confidence": null}, {"text": "in", "start_seconds": 41.76, "end_seconds": 42.08, "confidence": null}, {"text": "my", "start_seconds": 42.08, "end_seconds": 42.16, "confidence": null}, {"text": "like", "start_seconds": 42.64, "end_seconds": 42.72, "confidence": null}, {"text": "lower", "start_seconds": 43.12, "end_seconds": 43.28, "confidence": null}, {"text": "stomach", "start_seconds": 43.28, "end_seconds": 43.36, "confidence": null}, {"text": "okay", "start_seconds": 44.24, "end_seconds": 44.32, "confidence": null}, {"text": "and", "start_seconds": 44.8, "end_seconds": 44.96, "confidence": null}, {"text": "how", "start_seconds": 44.96, "end_seconds": 45.04, "confidence": null}, {"text": "many", "start_seconds": 45.04, "end_seconds": 45.12, "confidence": null}, {"text": "times", "start_seconds": 45.12, "end_seconds": 45.44, "confidence": null}, {"text": "a", "start_seconds": 45.44, "end_seconds": 45.52, "confidence": null}, {"text": "day", "start_seconds": 45.52, "end_seconds": 45.68, "confidence": null}, {"text": "are", "start_seconds": 45.68, "end_seconds": 45.84, "confidence": null}, {"text": "you", "start_seconds": 45.84, "end_seconds": 46.0, "confidence": null}, {"text": "going", "start_seconds": 46.0, "end_seconds": 46.08, "confidence": null}, {"text": "let's", "start_seconds": 46.4, "end_seconds": 46.56, "confidence": null}, {"text": "say", "start_seconds": 46.56, "end_seconds": 46.64, "confidence": null}, {"text": "over", "start_seconds": 47.04, "end_seconds": 47.2, "confidence": null}, {"text": "the", "start_seconds": 47.2, "end_seconds": 47.28, "confidence": null}, {"text": "last", "start_seconds": 47.28, "end_seconds": 47.36, "confidence": null}, {"text": "couple", "start_seconds": 47.36, "end_seconds": 47.44, "confidence": null}, {"text": "of", "start_seconds": 47.44, "end_seconds": 47.6, "confidence": null}, {"text": "days", "start_seconds": 47.6, "end_seconds": 47.68, "confidence": null}, {"text": "probably", "start_seconds": 48.48, "end_seconds": 48.72, "confidence": null}, {"text": "like", "start_seconds": 48.72, "end_seconds": 48.8, "confidence": null}, {"text": "six", "start_seconds": 49.28, "end_seconds": 49.36, "confidence": null}, {"text": "seven", "start_seconds": 49.68, "end_seconds": 49.92, "confidence": null}, {"text": "times", "start_seconds": 49.92, "end_seconds": 50.0, "confidence": null}, {"text": "a", "start_seconds": 50.0, "end_seconds": 50.16, "confidence": null}, {"text": "day", "start_seconds": 50.16, "end_seconds": 50.24, "confidence": null}, {"text": "six", "start_seconds": 50.88, "end_seconds": 51.12, "confidence": null}, {"text": "seven", "start_seconds": 51.12, "end_seconds": 51.28, "confidence": null}, {"text": "times", "start_seconds": 51.28, "end_seconds": 51.36, "confidence": null}, {"text": "a", "start_seconds": 51.36, "end_seconds": 51.44, "confidence": null}, {"text": "day", "start_seconds": 51.44, "end_seconds": 51.52, "confidence": null}, {"text": "and", "start_seconds": 51.92, "end_seconds": 52.16, "confidence": null}, {"text": "you", "start_seconds": 52.16, "end_seconds": 52.4, "confidence": null}, {"text": "may", "start_seconds": 52.4, "end_seconds": 52.48, "confidence": null}, {"text": "mention", "start_seconds": 52.96, "end_seconds": 53.2, "confidence": null}, {"text": "is", "start_seconds": 53.2, "end_seconds": 53.36, "confidence": null}, {"text": "mainly", "start_seconds": 53.36, "end_seconds": 53.76, "confidence": null}, {"text": "water", "start_seconds": 53.76, "end_seconds": 53.92, "confidence": null}, {"text": "tree", "start_seconds": 53.92, "end_seconds": 54.24, "confidence": null}, {"text": "have", "start_seconds": 54.24, "end_seconds": 54.32, "confidence": null}, {"text": "you", "start_seconds": 54.32, "end_seconds": 54.4, "confidence": null}, {"text": "noticed", "start_seconds": 54.4, "end_seconds": 54.64, "confidence": null}, {"text": "any", "start_seconds": 54.64, "end_seconds": 54.72, "confidence": null}, {"text": "other", "start_seconds": 54.72, "end_seconds": 54.96, "confidence": null}, {"text": "things", "start_seconds": 54.96, "end_seconds": 55.12, "confidence": null}, {"text": "like", "start_seconds": 55.12, "end_seconds": 55.36, "confidence": null}, {"text": "blood", "start_seconds": 55.36, "end_seconds": 55.52, "confidence": null}, {"text": "in", "start_seconds": 55.52, "end_seconds": 55.68, "confidence": null}, {"text": "your", "start_seconds": 55.68, "end_seconds": 56.0, "confidence": null}, {"text": "stools", "start_seconds": 56.0, "end_seconds": 56.16, "confidence": null}, {"text": "no", "start_seconds": 56.72, "end_seconds": 56.8, "confidence": null}, {"text": "no", "start_seconds": 57.12, "end_seconds": 57.36, "confidence": null}, {"text": "blood", "start_seconds": 57.36, "end_seconds": 57.44, "confidence": null}, {"text": "Yeah", "start_seconds": 57.76, "end_seconds": 57.92, "confidence": null}, {"text": "just", "start_seconds": 57.92, "end_seconds": 58.0, "confidence": null}, {"text": "watery", "start_seconds": 58.32, "end_seconds": 58.8, "confidence": null}, {"text": "and", "start_seconds": 58.8, "end_seconds": 58.96, "confidence": null}, {"text": "loose", "start_seconds": 58.96, "end_seconds": 59.04, "confidence": null}, {"text": "stool", "start_seconds": 59.44, "end_seconds": 59.52, "confidence": null}, {"text": "okay", "start_seconds": 59.84, "end_seconds": 59.92, "confidence": null}, {"text": "and", "start_seconds": 60.48, "end_seconds": 60.56, "confidence": null}, {"text": "you", "start_seconds": 60.56, "end_seconds": 60.64, "confidence": null}, {"text": "mentioned", "start_seconds": 60.64, "end_seconds": 60.8, "confidence": null}, {"text": "you've", "start_seconds": 60.8, "end_seconds": 60.96, "confidence": null}, {"text": "had", "start_seconds": 60.96, "end_seconds": 61.12, "confidence": null}, {"text": "some", "start_seconds": 61.12, "end_seconds": 61.2, "confidence": null}, {"text": "pain", "start_seconds": 61.2, "end_seconds": 61.52, "confidence": null}, {"text": "in", "start_seconds": 61.52, "end_seconds": 61.6, "confidence": null}, {"text": "your", "start_seconds": 61.6, "end_seconds": 61.76, "confidence": null}, {"text": "tummy", "start_seconds": 61.76, "end_seconds": 62.08, "confidence": null}, {"text": "as", "start_seconds": 62.08, "end_seconds": 62.16, "confidence": null}, {"text": "well", "start_seconds": 62.16, "end_seconds": 62.24, "confidence": null}]}, {"type": "transcript.final", "session_id": "08dcc0cf-2556-48ad-8bfc-beadf4cde74c", "sequence": 122, "segment_id": 6, "revision": 28, "text": " Yeah whereabouts is a pain exactly so it's like in my lower abdomen so uh like um yeah just to one side one side and what side is that uh on the left side left side okay and can you describe the pain to me Yeah it feels um like uh cramp", "granularity": "word", "items": [{"text": " Yeah", "start_seconds": 63.28, "end_seconds": 63.36, "confidence": null}, {"text": "whereabouts", "start_seconds": 63.84, "end_seconds": 64.24, "confidence": null}, {"text": "is", "start_seconds": 64.24, "end_seconds": 64.4, "confidence": null}, {"text": "a", "start_seconds": 64.4, "end_seconds": 64.56, "confidence": null}, {"text": "pain", "start_seconds": 64.56, "end_seconds": 64.64, "confidence": null}, {"text": "exactly", "start_seconds": 64.96, "end_seconds": 65.52, "confidence": null}, {"text": "so", "start_seconds": 65.52, "end_seconds": 65.6, "confidence": null}, {"text": "it's", "start_seconds": 65.6, "end_seconds": 65.76, "confidence": null}, {"text": "like", "start_seconds": 65.76, "end_seconds": 66.08, "confidence": null}, {"text": "in", "start_seconds": 66.08, "end_seconds": 66.16, "confidence": null}, {"text": "my", "start_seconds": 66.16, "end_seconds": 66.32, "confidence": null}, {"text": "lower", "start_seconds": 66.32, "end_seconds": 66.4, "confidence": null}, {"text": "abdomen", "start_seconds": 66.72, "end_seconds": 67.2, "confidence": null}, {"text": "so", "start_seconds": 67.6, "end_seconds": 67.92, "confidence": null}, {"text": "uh", "start_seconds": 67.92, "end_seconds": 68.16, "confidence": null}, {"text": "like", "start_seconds": 68.16, "end_seconds": 68.24, "confidence": null}, {"text": "um", "start_seconds": 69.04, "end_seconds": 69.12, "confidence": null}, {"text": "yeah", "start_seconds": 69.68, "end_seconds": 69.76, "confidence": null}, {"text": "just", "start_seconds": 70.08, "end_seconds": 70.16, "confidence": null}, {"text": "to", "start_seconds": 70.56, "end_seconds": 70.64, "confidence": null}, {"text": "one", "start_seconds": 70.64, "end_seconds": 70.72, "confidence": null}, {"text": "side", "start_seconds": 70.72, "end_seconds": 70.8, "confidence": null}, {"text": "one", "start_seconds": 71.68, "end_seconds": 71.84, "confidence": null}, {"text": "side", "start_seconds": 71.84, "end_seconds": 71.92, "confidence": null}, {"text": "and", "start_seconds": 72.24, "end_seconds": 72.32, "confidence": null}, {"text": "what", "start_seconds": 72.32, "end_seconds": 72.4, "confidence": null}, {"text": "side", "start_seconds": 72.4, "end_seconds": 72.56, "confidence": null}, {"text": "is", "start_seconds": 72.56, "end_seconds": 72.72, "confidence": null}, {"text": "that", "start_seconds": 72.72, "end_seconds": 72.8, "confidence": null}, {"text": "uh", "start_seconds": 73.44, "end_seconds": 73.76, "confidence": null}, {"text": "on", "start_seconds": 73.76, "end_seconds": 73.92, "confidence": null}, {"text": "the", "start_seconds": 73.92, "end_seconds": 74.0, "confidence": null}, {"text": "left", "start_seconds": 74.0, "end_seconds": 74.08, "confidence": null}, {"text": "side", "start_seconds": 74.08, "end_seconds": 74.16, "confidence": null}, {"text": "left", "start_seconds": 74.88, "end_seconds": 75.04, "confidence": null}, {"text": "side", "start_seconds": 75.04, "end_seconds": 75.28, "confidence": null}, {"text": "okay", "start_seconds": 75.28, "end_seconds": 75.36, "confidence": null}, {"text": "and", "start_seconds": 76.16, "end_seconds": 76.24, "confidence": null}, {"text": "can", "start_seconds": 76.24, "end_seconds": 76.4, "confidence": null}, {"text": "you", "start_seconds": 76.4, "end_seconds": 76.72, "confidence": null}, {"text": "describe", "start_seconds": 76.72, "end_seconds": 76.88, "confidence": null}, {"text": "the", "start_seconds": 76.88, "end_seconds": 76.96, "confidence": null}, {"text": "pain", "start_seconds": 77.28, "end_seconds": 77.6, "confidence": null}, {"text": "to", "start_seconds": 77.6, "end_seconds": 77.76, "confidence": null}, {"text": "me", "start_seconds": 77.76, "end_seconds": 77.84, "confidence": null}, {"text": "Yeah", "start_seconds": 78.48, "end_seconds": 78.56, "confidence": null}, {"text": "it", "start_seconds": 78.96, "end_seconds": 79.28, "confidence": null}, {"text": "feels", "start_seconds": 79.28, "end_seconds": 79.6, "confidence": null}, {"text": "um", "start_seconds": 79.6, "end_seconds": 79.68, "confidence": null}, {"text": "like", "start_seconds": 80.0, "end_seconds": 80.32, "confidence": null}, {"text": "uh", "start_seconds": 80.32, "end_seconds": 80.4, "confidence": null}, {"text": "cramp", "start_seconds": 80.72, "end_seconds": 80.8, "confidence": null}]}, {"type": "transcript.final", "session_id": "08dcc0cf-2556-48ad-8bfc-beadf4cde74c", "sequence": 163, "segment_id": 7, "revision": 41, "text": " uh like a muscular cramp and um yeah I feel a bit weak and shaky okay and there's a pain is that is it there all the time or does it come and go uh it comes and goes and goes a pain move anywhere else for example towards your back um no just mainly my stomach okay fine and you mentioned you've been feeling quite weak and shaky as well would you mean by shaky do you mean you've been having uh are you been feeling feverish for example", "granularity": "word", "items": [{"text": " uh", "start_seconds": 81.76, "end_seconds": 81.92, "confidence": null}, {"text": "like", "start_seconds": 81.92, "end_seconds": 82.0, "confidence": null}, {"text": "a", "start_seconds": 82.0, "end_seconds": 82.32, "confidence": null}, {"text": "muscular", "start_seconds": 82.32, "end_seconds": 82.72, "confidence": null}, {"text": "cramp", "start_seconds": 82.72, "end_seconds": 82.8, "confidence": null}, {"text": "and", "start_seconds": 83.44, "end_seconds": 83.52, "confidence": null}, {"text": "um", "start_seconds": 84.16, "end_seconds": 84.24, "confidence": null}, {"text": "yeah", "start_seconds": 84.72, "end_seconds": 84.88, "confidence": null}, {"text": "I", "start_seconds": 84.88, "end_seconds": 85.12, "confidence": null}, {"text": "feel", "start_seconds": 85.12, "end_seconds": 85.44, "confidence": null}, {"text": "a", "start_seconds": 85.44, "end_seconds": 85.52, "confidence": null}, {"text": "bit", "start_seconds": 85.52, "end_seconds": 85.76, "confidence": null}, {"text": "weak", "start_seconds": 85.76, "end_seconds": 85.84, "confidence": null}, {"text": "and", "start_seconds": 86.24, "end_seconds": 86.32, "confidence": null}, {"text": "shaky", "start_seconds": 86.32, "end_seconds": 86.48, "confidence": null}, {"text": "okay", "start_seconds": 87.36, "end_seconds": 87.44, "confidence": null}, {"text": "and", "start_seconds": 87.92, "end_seconds": 88.16, "confidence": null}, {"text": "there's", "start_seconds": 88.16, "end_seconds": 88.32, "confidence": null}, {"text": "a", "start_seconds": 88.32, "end_seconds": 88.48, "confidence": null}, {"text": "pain", "start_seconds": 88.48, "end_seconds": 88.72, "confidence": null}, {"text": "is", "start_seconds": 88.72, "end_seconds": 88.8, "confidence": null}, {"text": "that", "start_seconds": 88.8, "end_seconds": 88.96, "confidence": null}, {"text": "is", "start_seconds": 88.96, "end_seconds": 89.2, "confidence": null}, {"text": "it", "start_seconds": 89.2, "end_seconds": 89.28, "confidence": null}, {"text": "there", "start_seconds": 89.28, "end_seconds": 89.44, "confidence": null}, {"text": "all", "start_seconds": 89.44, "end_seconds": 89.52, "confidence": null}, {"text": "the", "start_seconds": 89.52, "end_seconds": 89.6, "confidence": null}, {"text": "time", "start_seconds": 89.6, "end_seconds": 89.76, "confidence": null}, {"text": "or", "start_seconds": 89.76, "end_seconds": 90.0, "confidence": null}, {"text": "does", "start_seconds": 90.0, "end_seconds": 90.16, "confidence": null}, {"text": "it", "start_seconds": 90.16, "end_seconds": 90.24, "confidence": null}, {"text": "come", "start_seconds": 90.24, "end_seconds": 90.4, "confidence": null}, {"text": "and", "start_seconds": 90.4, "end_seconds": 90.48, "confidence": null}, {"text": "go", "start_seconds": 90.48, "end_seconds": 90.56, "confidence": null}, {"text": "uh", "start_seconds": 91.12, "end_seconds": 91.44, "confidence": null}, {"text": "it", "start_seconds": 91.44, "end_seconds": 91.52, "confidence": null}, {"text": "comes", "start_seconds": 91.52, "end_seconds": 91.68, "confidence": null}, {"text": "and", "start_seconds": 91.68, "end_seconds": 91.76, "confidence": null}, {"text": "goes", "start_seconds": 91.76, "end_seconds": 91.84, "confidence": null}, {"text": "and", "start_seconds": 92.8, "end_seconds": 92.88, "confidence": null}, {"text": "goes", "start_seconds": 92.88, "end_seconds": 93.36, "confidence": null}, {"text": "a", "start_seconds": 93.36, "end_seconds": 93.52, "confidence": null}, {"text": "pain", "start_seconds": 93.52, "end_seconds": 93.76, "confidence": null}, {"text": "move", "start_seconds": 93.76, "end_seconds": 93.92, "confidence": null}, {"text": "anywhere", "start_seconds": 93.92, "end_seconds": 94.24, "confidence": null}, {"text": "else", "start_seconds": 94.24, "end_seconds": 94.32, "confidence": null}, {"text": "for", "start_seconds": 94.64, "end_seconds": 94.8, "confidence": null}, {"text": "example", "start_seconds": 94.8, "end_seconds": 95.04, "confidence": null}, {"text": "towards", "start_seconds": 95.04, "end_seconds": 95.44, "confidence": null}, {"text": "your", "start_seconds": 95.44, "end_seconds": 95.6, "confidence": null}, {"text": "back", "start_seconds": 95.6, "end_seconds": 95.68, "confidence": null}, {"text": "um", "start_seconds": 96.48, "end_seconds": 96.56, "confidence": null}, {"text": "no", "start_seconds": 96.88, "end_seconds": 96.96, "confidence": null}, {"text": "just", "start_seconds": 97.44, "end_seconds": 97.6, "confidence": null}, {"text": "mainly", "start_seconds": 97.6, "end_seconds": 98.0, "confidence": null}, {"text": "my", "start_seconds": 98.4, "end_seconds": 98.64, "confidence": null}, {"text": "stomach", "start_seconds": 98.64, "end_seconds": 98.72, "confidence": null}, {"text": "okay", "start_seconds": 99.44, "end_seconds": 99.52, "confidence": null}, {"text": "fine", "start_seconds": 100.24, "end_seconds": 100.32, "confidence": null}, {"text": "and", "start_seconds": 100.72, "end_seconds": 100.88, "confidence": null}, {"text": "you", "start_seconds": 100.88, "end_seconds": 100.96, "confidence": null}, {"text": "mentioned", "start_seconds": 100.96, "end_seconds": 101.12, "confidence": null}, {"text": "you've", "start_seconds": 101.12, "end_seconds": 101.28, "confidence": null}, {"text": "been", "start_seconds": 101.28, "end_seconds": 101.36, "confidence": null}, {"text": "feeling", "start_seconds": 101.36, "end_seconds": 101.6, "confidence": null}, {"text": "quite", "start_seconds": 101.6, "end_seconds": 101.92, "confidence": null}, {"text": "weak", "start_seconds": 101.92, "end_seconds": 102.08, "confidence": null}, {"text": "and", "start_seconds": 102.08, "end_seconds": 102.16, "confidence": null}, {"text": "shaky", "start_seconds": 102.16, "end_seconds": 102.48, "confidence": null}, {"text": "as", "start_seconds": 102.48, "end_seconds": 102.56, "confidence": null}, {"text": "well", "start_seconds": 102.56, "end_seconds": 102.88, "confidence": null}, {"text": "would", "start_seconds": 102.88, "end_seconds": 103.04, "confidence": null}, {"text": "you", "start_seconds": 103.04, "end_seconds": 103.12, "confidence": null}, {"text": "mean", "start_seconds": 103.12, "end_seconds": 103.2, "confidence": null}, {"text": "by", "start_seconds": 103.2, "end_seconds": 103.28, "confidence": null}, {"text": "shaky", "start_seconds": 103.6, "end_seconds": 103.84, "confidence": null}, {"text": "do", "start_seconds": 103.84, "end_seconds": 103.92, "confidence": null}, {"text": "you", "start_seconds": 103.92, "end_seconds": 104.0, "confidence": null}, {"text": "mean", "start_seconds": 104.0, "end_seconds": 104.08, "confidence": null}, {"text": "you've", "start_seconds": 104.08, "end_seconds": 104.24, "confidence": null}, {"text": "been", "start_seconds": 104.24, "end_seconds": 104.4, "confidence": null}, {"text": "having", "start_seconds": 104.4, "end_seconds": 104.48, "confidence": null}, {"text": "uh", "start_seconds": 105.28, "end_seconds": 105.44, "confidence": null}, {"text": "are", "start_seconds": 105.44, "end_seconds": 105.52, "confidence": null}, {"text": "you", "start_seconds": 105.52, "end_seconds": 105.68, "confidence": null}, {"text": "been", "start_seconds": 105.68, "end_seconds": 105.76, "confidence": null}, {"text": "feeling", "start_seconds": 105.76, "end_seconds": 105.92, "confidence": null}, {"text": "feverish", "start_seconds": 105.92, "end_seconds": 106.4, "confidence": null}, {"text": "for", "start_seconds": 106.4, "end_seconds": 106.48, "confidence": null}, {"text": "example", "start_seconds": 106.48, "end_seconds": 106.56, "confidence": null}]}, {"type": "transcript.final", "session_id": "08dcc0cf-2556-48ad-8bfc-beadf4cde74c", "sequence": 187, "segment_id": 8, "revision": 24, "text": " um yeah it doesn't feel like uh yeah I just mainly feel weaker I haven't had a fever um at the moment but I did notice um a temperature when the symptom started so um yeah around about three or four days ago", "granularity": "word", "items": [{"text": " um", "start_seconds": 107.6, "end_seconds": 107.68, "confidence": null}, {"text": "yeah", "start_seconds": 108.08, "end_seconds": 108.16, "confidence": null}, {"text": "it", "start_seconds": 108.64, "end_seconds": 108.72, "confidence": null}, {"text": "doesn't", "start_seconds": 108.72, "end_seconds": 108.88, "confidence": null}, {"text": "feel", "start_seconds": 108.88, "end_seconds": 108.96, "confidence": null}, {"text": "like", "start_seconds": 108.96, "end_seconds": 109.04, "confidence": null}, {"text": "uh", "start_seconds": 109.52, "end_seconds": 109.76, "confidence": null}, {"text": "yeah", "start_seconds": 109.76, "end_seconds": 110.0, "confidence": null}, {"text": "I", "start_seconds": 110.0, "end_seconds": 110.08, "confidence": null}, {"text": "just", "start_seconds": 110.08, "end_seconds": 110.4, "confidence": null}, {"text": "mainly", "start_seconds": 110.4, "end_seconds": 110.72, "confidence": null}, {"text": "feel", "start_seconds": 110.72, "end_seconds": 110.96, "confidence": null}, {"text": "weaker", "start_seconds": 110.96, "end_seconds": 111.2, "confidence": null}, {"text": "I", "start_seconds": 111.2, "end_seconds": 111.28, "confidence": null}, {"text": "haven't", "start_seconds": 111.28, "end_seconds": 111.36, "confidence": null}, {"text": "had", "start_seconds": 111.36, "end_seconds": 111.44, "confidence": null}, {"text": "a", "start_seconds": 111.44, "end_seconds": 111.6, "confidence": null}, {"text": "fever", "start_seconds": 111.6, "end_seconds": 111.68, "confidence": null}, {"text": "um", "start_seconds": 112.32, "end_seconds": 112.56, "confidence": null}, {"text": "at", "start_seconds": 112.56, "end_seconds": 112.64, "confidence": null}, {"text": "the", "start_seconds": 112.64, "end_seconds": 112.72, "confidence": null}, {"text": "moment", "start_seconds": 112.72, "end_seconds": 112.8, "confidence": null}, {"text": "but", "start_seconds": 113.12, "end_seconds": 113.2, "confidence": null}, {"text": "I", "start_seconds": 113.2, "end_seconds": 113.36, "confidence": null}, {"text": "did", "start_seconds": 113.36, "end_seconds": 113.68, "confidence": null}, {"text": "notice", "start_seconds": 113.68, "end_seconds": 113.76, "confidence": null}, {"text": "um", "start_seconds": 114.24, "end_seconds": 114.32, "confidence": null}, {"text": "a", "start_seconds": 114.8, "end_seconds": 114.88, "confidence": null}, {"text": "temperature", "start_seconds": 114.88, "end_seconds": 114.96, "confidence": null}, {"text": "when", "start_seconds": 115.44, "end_seconds": 115.52, "confidence": null}, {"text": "the", "start_seconds": 116.0, "end_seconds": 116.24, "confidence": null}, {"text": "symptom", "start_seconds": 116.24, "end_seconds": 116.32, "confidence": null}, {"text": "started", "start_seconds": 116.72, "end_seconds": 116.8, "confidence": null}, {"text": "so", "start_seconds": 117.68, "end_seconds": 117.76, "confidence": null}, {"text": "um", "start_seconds": 118.56, "end_seconds": 118.64, "confidence": null}, {"text": "yeah", "start_seconds": 119.04, "end_seconds": 119.28, "confidence": null}, {"text": "around", "start_seconds": 119.28, "end_seconds": 119.52, "confidence": null}, {"text": "about", "start_seconds": 119.52, "end_seconds": 119.84, "confidence": null}, {"text": "three", "start_seconds": 119.84, "end_seconds": 119.92, "confidence": null}, {"text": "or", "start_seconds": 119.92, "end_seconds": 120.08, "confidence": null}, {"text": "four", "start_seconds": 120.08, "end_seconds": 120.24, "confidence": null}, {"text": "days", "start_seconds": 120.24, "end_seconds": 120.4, "confidence": null}, {"text": "ago", "start_seconds": 120.4, "end_seconds": 120.48, "confidence": null}]}, {"type": "transcript.final", "session_id": "08dcc0cf-2556-48ad-8bfc-beadf4cde74c", "sequence": 190, "segment_id": 9, "revision": 3, "text": " you measure your temperature then", "granularity": "word", "items": [{"text": " you", "start_seconds": 121.52, "end_seconds": 121.6, "confidence": null}, {"text": "measure", "start_seconds": 121.6, "end_seconds": 121.76, "confidence": null}, {"text": "your", "start_seconds": 121.76, "end_seconds": 121.92, "confidence": null}, {"text": "temperature", "start_seconds": 121.92, "end_seconds": 122.08, "confidence": null}, {"text": "then", "start_seconds": 122.08, "end_seconds": 122.16, "confidence": null}]}, {"type": "transcript.final", "session_id": "08dcc0cf-2556-48ad-8bfc-beadf4cde74c", "sequence": 203, "segment_id": 10, "revision": 13, "text": " yeah I didn't measure my temperature no but I felt um just a bit hot okay okay any other symptoms like sweating or um", "granularity": "word", "items": [{"text": " yeah", "start_seconds": 123.2, "end_seconds": 123.28, "confidence": null}, {"text": "I", "start_seconds": 123.76, "end_seconds": 124.08, "confidence": null}, {"text": "didn't", "start_seconds": 124.08, "end_seconds": 124.32, "confidence": null}, {"text": "measure", "start_seconds": 124.32, "end_seconds": 124.48, "confidence": null}, {"text": "my", "start_seconds": 124.48, "end_seconds": 124.56, "confidence": null}, {"text": "temperature", "start_seconds": 124.56, "end_seconds": 124.96, "confidence": null}, {"text": "no", "start_seconds": 124.96, "end_seconds": 125.2, "confidence": null}, {"text": "but", "start_seconds": 125.2, "end_seconds": 125.36, "confidence": null}, {"text": "I", "start_seconds": 125.36, "end_seconds": 125.44, "confidence": null}, {"text": "felt", "start_seconds": 125.44, "end_seconds": 125.52, "confidence": null}, {"text": "um", "start_seconds": 126.0, "end_seconds": 126.16, "confidence": null}, {"text": "just", "start_seconds": 126.16, "end_seconds": 126.32, "confidence": null}, {"text": "a", "start_seconds": 126.32, "end_seconds": 126.4, "confidence": null}, {"text": "bit", "start_seconds": 126.4, "end_seconds": 126.48, "confidence": null}, {"text": "hot", "start_seconds": 127.12, "end_seconds": 127.2, "confidence": null}, {"text": "okay", "start_seconds": 127.68, "end_seconds": 127.92, "confidence": null}, {"text": "okay", "start_seconds": 127.92, "end_seconds": 128.0, "confidence": null}, {"text": "any", "start_seconds": 129.04, "end_seconds": 129.36, "confidence": null}, {"text": "other", "start_seconds": 129.36, "end_seconds": 129.52, "confidence": null}, {"text": "symptoms", "start_seconds": 129.52, "end_seconds": 129.84, "confidence": null}, {"text": "like", "start_seconds": 129.84, "end_seconds": 130.08, "confidence": null}, {"text": "sweating", "start_seconds": 130.08, "end_seconds": 130.32, "confidence": null}, {"text": "or", "start_seconds": 130.32, "end_seconds": 130.4, "confidence": null}, {"text": "um", "start_seconds": 130.8, "end_seconds": 130.88, "confidence": null}]}, {"type": "transcript.final", "session_id": "08dcc0cf-2556-48ad-8bfc-beadf4cde74c", "sequence": 205, "segment_id": 11, "revision": 2, "text": " no", "granularity": "word", "items": [{"text": " no", "start_seconds": 132.72, "end_seconds": 132.8, "confidence": null}]}, {"type": "transcript.final", "session_id": "08dcc0cf-2556-48ad-8bfc-beadf4cde74c", "sequence": 220, "segment_id": 12, "revision": 15, "text": " and uh any vomiting at all Yeah so um I vomited at the start of the symptoms but now um I've stopped vomiting", "granularity": "word", "items": [{"text": " and", "start_seconds": 134.08, "end_seconds": 134.24, "confidence": null}, {"text": "uh", "start_seconds": 134.24, "end_seconds": 134.48, "confidence": null}, {"text": "any", "start_seconds": 134.48, "end_seconds": 134.64, "confidence": null}, {"text": "vomiting", "start_seconds": 134.64, "end_seconds": 135.2, "confidence": null}, {"text": "at", "start_seconds": 135.2, "end_seconds": 135.28, "confidence": null}, {"text": "all", "start_seconds": 135.28, "end_seconds": 135.36, "confidence": null}, {"text": "Yeah", "start_seconds": 136.32, "end_seconds": 136.56, "confidence": null}, {"text": "so", "start_seconds": 136.56, "end_seconds": 136.64, "confidence": null}, {"text": "um", "start_seconds": 137.04, "end_seconds": 137.12, "confidence": null}, {"text": "I", "start_seconds": 137.84, "end_seconds": 138.16, "confidence": null}, {"text": "vomited", "start_seconds": 138.16, "end_seconds": 138.72, "confidence": null}, {"text": "at", "start_seconds": 138.72, "end_seconds": 138.96, "confidence": null}, {"text": "the", "start_seconds": 138.96, "end_seconds": 139.04, "confidence": null}, {"text": "start", "start_seconds": 139.04, "end_seconds": 139.12, "confidence": null}, {"text": "of", "start_seconds": 139.12, "end_seconds": 139.44, "confidence": null}, {"text": "the", "start_seconds": 139.44, "end_seconds": 139.52, "confidence": null}, {"text": "symptoms", "start_seconds": 139.52, "end_seconds": 139.76, "confidence": null}, {"text": "but", "start_seconds": 139.76, "end_seconds": 139.84, "confidence": null}, {"text": "now", "start_seconds": 140.24, "end_seconds": 140.32, "confidence": null}, {"text": "um", "start_seconds": 140.88, "end_seconds": 140.96, "confidence": null}, {"text": "I've", "start_seconds": 141.36, "end_seconds": 141.68, "confidence": null}, {"text": "stopped", "start_seconds": 141.68, "end_seconds": 142.0, "confidence": null}, {"text": "vomiting", "start_seconds": 142.0, "end_seconds": 142.24, "confidence": null}]}, {"type": "transcript.final", "session_id": "08dcc0cf-2556-48ad-8bfc-beadf4cde74c", "sequence": 230, "segment_id": 13, "revision": 10, "text": " stop vomiting okay and was your vomit I know it's not nice thing to talk about but was it just normal food colour", "granularity": "word", "items": [{"text": " stop", "start_seconds": 143.44, "end_seconds": 143.6, "confidence": null}, {"text": "vomiting", "start_seconds": 143.6, "end_seconds": 144.0, "confidence": null}, {"text": "okay", "start_seconds": 144.0, "end_seconds": 144.24, "confidence": null}, {"text": "and", "start_seconds": 144.24, "end_seconds": 144.48, "confidence": null}, {"text": "was", "start_seconds": 144.48, "end_seconds": 144.72, "confidence": null}, {"text": "your", "start_seconds": 144.72, "end_seconds": 144.88, "confidence": null}, {"text": "vomit", "start_seconds": 144.88, "end_seconds": 145.2, "confidence": null}, {"text": "I", "start_seconds": 145.2, "end_seconds": 145.36, "confidence": null}, {"text": "know", "start_seconds": 145.36, "end_seconds": 145.44, "confidence": null}, {"text": "it's", "start_seconds": 145.44, "end_seconds": 145.52, "confidence": null}, {"text": "not", "start_seconds": 145.52, "end_seconds": 145.76, "confidence": null}, {"text": "nice", "start_seconds": 145.76, "end_seconds": 145.92, "confidence": null}, {"text": "thing", "start_seconds": 145.92, "end_seconds": 146.0, "confidence": null}, {"text": "to", "start_seconds": 146.0, "end_seconds": 146.08, "confidence": null}, {"text": "talk", "start_seconds": 146.08, "end_seconds": 146.16, "confidence": null}, {"text": "about", "start_seconds": 146.16, "end_seconds": 146.32, "confidence": null}, {"text": "but", "start_seconds": 146.32, "end_seconds": 146.48, "confidence": null}, {"text": "was", "start_seconds": 146.48, "end_seconds": 146.72, "confidence": null}, {"text": "it", "start_seconds": 146.72, "end_seconds": 146.96, "confidence": null}, {"text": "just", "start_seconds": 146.96, "end_seconds": 147.04, "confidence": null}, {"text": "normal", "start_seconds": 147.04, "end_seconds": 147.12, "confidence": null}, {"text": "food", "start_seconds": 148.0, "end_seconds": 148.08, "confidence": null}, {"text": "colour", "start_seconds": 148.48, "end_seconds": 148.64, "confidence": null}]}, {"type": "transcript.final", "session_id": "08dcc0cf-2556-48ad-8bfc-beadf4cde74c", "sequence": 251, "segment_id": 14, "revision": 21, "text": " yeah yeah just normal vomit yeah and there was no blood in your vomit is that right no blood no no okay um and um any other symptoms at all you mentioned tummy pain you mentioned diarrhea you mentioned the vomiting", "granularity": "word", "items": [{"text": " yeah", "start_seconds": 150.08, "end_seconds": 150.24, "confidence": null}, {"text": "yeah", "start_seconds": 150.24, "end_seconds": 150.48, "confidence": null}, {"text": "just", "start_seconds": 150.48, "end_seconds": 150.72, "confidence": null}, {"text": "normal", "start_seconds": 150.72, "end_seconds": 151.04, "confidence": null}, {"text": "vomit", "start_seconds": 151.04, "end_seconds": 151.28, "confidence": null}, {"text": "yeah", "start_seconds": 151.76, "end_seconds": 152.0, "confidence": null}, {"text": "and", "start_seconds": 152.0, "end_seconds": 152.16, "confidence": null}, {"text": "there", "start_seconds": 152.16, "end_seconds": 152.24, "confidence": null}, {"text": "was", "start_seconds": 152.24, "end_seconds": 152.4, "confidence": null}, {"text": "no", "start_seconds": 152.4, "end_seconds": 152.48, "confidence": null}, {"text": "blood", "start_seconds": 152.48, "end_seconds": 152.56, "confidence": null}, {"text": "in", "start_seconds": 152.56, "end_seconds": 152.72, "confidence": null}, {"text": "your", "start_seconds": 152.72, "end_seconds": 153.04, "confidence": null}, {"text": "vomit", "start_seconds": 153.04, "end_seconds": 153.6, "confidence": null}, {"text": "is", "start_seconds": 153.6, "end_seconds": 153.68, "confidence": null}, {"text": "that", "start_seconds": 153.68, "end_seconds": 153.76, "confidence": null}, {"text": "right", "start_seconds": 153.76, "end_seconds": 154.08, "confidence": null}, {"text": "no", "start_seconds": 154.08, "end_seconds": 154.32, "confidence": null}, {"text": "blood", "start_seconds": 154.32, "end_seconds": 154.56, "confidence": null}, {"text": "no", "start_seconds": 154.56, "end_seconds": 154.64, "confidence": null}, {"text": "no", "start_seconds": 154.96, "end_seconds": 155.04, "confidence": null}, {"text": "okay", "start_seconds": 155.36, "end_seconds": 155.44, "confidence": null}, {"text": "um", "start_seconds": 156.24, "end_seconds": 156.32, "confidence": null}, {"text": "and", "start_seconds": 156.88, "end_seconds": 157.2, "confidence": null}, {"text": "um", "start_seconds": 157.2, "end_seconds": 157.28, "confidence": null}, {"text": "any", "start_seconds": 158.16, "end_seconds": 158.32, "confidence": null}, {"text": "other", "start_seconds": 158.32, "end_seconds": 158.48, "confidence": null}, {"text": "symptoms", "start_seconds": 158.48, "end_seconds": 158.72, "confidence": null}, {"text": "at", "start_seconds": 158.72, "end_seconds": 158.88, "confidence": null}, {"text": "all", "start_seconds": 158.88, "end_seconds": 158.96, "confidence": null}, {"text": "you", "start_seconds": 159.28, "end_seconds": 159.44, "confidence": null}, {"text": "mentioned", "start_seconds": 159.44, "end_seconds": 159.76, "confidence": null}, {"text": "tummy", "start_seconds": 159.76, "end_seconds": 160.0, "confidence": null}, {"text": "pain", "start_seconds": 160.0, "end_seconds": 160.32, "confidence": null}, {"text": "you", "start_seconds": 160.32, "end_seconds": 160.4, "confidence": null}, {"text": "mentioned", "start_seconds": 160.4, "end_seconds": 160.56, "confidence": null}, {"text": "diarrhea", "start_seconds": 160.56, "end_seconds": 160.96, "confidence": null}, {"text": "you", "start_seconds": 160.96, "end_seconds": 161.12, "confidence": null}, {"text": "mentioned", "start_seconds": 161.12, "end_seconds": 161.2, "confidence": null}, {"text": "the", "start_seconds": 161.52, "end_seconds": 161.6, "confidence": null}, {"text": "vomiting", "start_seconds": 161.6, "end_seconds": 161.84, "confidence": null}]}, {"type": "transcript.final", "session_id": "08dcc0cf-2556-48ad-8bfc-beadf4cde74c", "sequence": 254, "segment_id": 15, "revision": 3, "text": " anything else that comes to mind", "granularity": "word", "items": [{"text": " anything", "start_seconds": 163.12, "end_seconds": 163.28, "confidence": null}, {"text": "else", "start_seconds": 163.28, "end_seconds": 163.52, "confidence": null}, {"text": "that", "start_seconds": 163.52, "end_seconds": 163.6, "confidence": null}, {"text": "comes", "start_seconds": 163.6, "end_seconds": 163.68, "confidence": null}, {"text": "to", "start_seconds": 163.68, "end_seconds": 163.84, "confidence": null}, {"text": "mind", "start_seconds": 163.84, "end_seconds": 163.92, "confidence": null}]}, {"type": "transcript.final", "session_id": "08dcc0cf-2556-48ad-8bfc-beadf4cde74c", "sequence": 267, "segment_id": 16, "revision": 13, "text": " um I had a loss of appetite um so I haven't been eating as much um but I've been able to hold down fluids", "granularity": "word", "items": [{"text": " um", "start_seconds": 165.2, "end_seconds": 165.36, "confidence": null}, {"text": "I", "start_seconds": 165.36, "end_seconds": 165.52, "confidence": null}, {"text": "had", "start_seconds": 165.52, "end_seconds": 165.6, "confidence": null}, {"text": "a", "start_seconds": 165.92, "end_seconds": 166.24, "confidence": null}, {"text": "loss", "start_seconds": 166.24, "end_seconds": 166.4, "confidence": null}, {"text": "of", "start_seconds": 166.4, "end_seconds": 166.48, "confidence": null}, {"text": "appetite", "start_seconds": 166.48, "end_seconds": 166.8, "confidence": null}, {"text": "um", "start_seconds": 167.68, "end_seconds": 168.0, "confidence": null}, {"text": "so", "start_seconds": 168.0, "end_seconds": 168.08, "confidence": null}, {"text": "I", "start_seconds": 168.08, "end_seconds": 168.16, "confidence": null}, {"text": "haven't", "start_seconds": 168.16, "end_seconds": 168.24, "confidence": null}, {"text": "been", "start_seconds": 168.24, "end_seconds": 168.4, "confidence": null}, {"text": "eating", "start_seconds": 168.4, "end_seconds": 168.56, "confidence": null}, {"text": "as", "start_seconds": 168.56, "end_seconds": 168.72, "confidence": null}, {"text": "much", "start_seconds": 168.72, "end_seconds": 168.8, "confidence": null}, {"text": "um", "start_seconds": 169.84, "end_seconds": 170.08, "confidence": null}, {"text": "but", "start_seconds": 170.08, "end_seconds": 170.32, "confidence": null}, {"text": "I've", "start_seconds": 170.32, "end_seconds": 170.4, "confidence": null}, {"text": "been", "start_seconds": 170.4, "end_seconds": 170.56, "confidence": null}, {"text": "able", "start_seconds": 170.56, "end_seconds": 170.88, "confidence": null}, {"text": "to", "start_seconds": 170.88, "end_seconds": 170.96, "confidence": null}, {"text": "hold", "start_seconds": 171.6, "end_seconds": 171.92, "confidence": null}, {"text": "down", "start_seconds": 171.92, "end_seconds": 172.08, "confidence": null}, {"text": "fluids", "start_seconds": 172.08, "end_seconds": 172.48, "confidence": null}]}, {"type": "transcript.final", "session_id": "08dcc0cf-2556-48ad-8bfc-beadf4cde74c", "sequence": 270, "segment_id": 17, "revision": 3, "text": " okay so you're drinking fluids", "granularity": "word", "items": [{"text": " okay", "start_seconds": 173.68, "end_seconds": 173.92, "confidence": null}, {"text": "so", "start_seconds": 173.92, "end_seconds": 174.08, "confidence": null}, {"text": "you're", "start_seconds": 174.08, "end_seconds": 174.24, "confidence": null}, {"text": "drinking", "start_seconds": 174.24, "end_seconds": 174.4, "confidence": null}, {"text": "fluids", "start_seconds": 174.4, "end_seconds": 174.56, "confidence": null}]}, {"type": "transcript.final", "session_id": "08dcc0cf-2556-48ad-8bfc-beadf4cde74c", "sequence": 278, "segment_id": 18, "revision": 8, "text": " what kind of foods have you managed to eat anything um just soups", "granularity": "word", "items": [{"text": " what", "start_seconds": 176.08, "end_seconds": 176.16, "confidence": null}, {"text": "kind", "start_seconds": 176.16, "end_seconds": 176.24, "confidence": null}, {"text": "of", "start_seconds": 176.24, "end_seconds": 176.4, "confidence": null}, {"text": "foods", "start_seconds": 176.4, "end_seconds": 176.64, "confidence": null}, {"text": "have", "start_seconds": 176.64, "end_seconds": 176.8, "confidence": null}, {"text": "you", "start_seconds": 176.8, "end_seconds": 177.04, "confidence": null}, {"text": "managed", "start_seconds": 177.04, "end_seconds": 177.2, "confidence": null}, {"text": "to", "start_seconds": 177.2, "end_seconds": 177.28, "confidence": null}, {"text": "eat", "start_seconds": 177.28, "end_seconds": 177.36, "confidence": null}, {"text": "anything", "start_seconds": 178.16, "end_seconds": 178.24, "confidence": null}, {"text": "um", "start_seconds": 179.44, "end_seconds": 179.52, "confidence": null}, {"text": "just", "start_seconds": 179.92, "end_seconds": 180.0, "confidence": null}, {"text": "soups", "start_seconds": 180.32, "end_seconds": 180.4, "confidence": null}]}, {"type": "transcript.final", "session_id": "08dcc0cf-2556-48ad-8bfc-beadf4cde74c", "sequence": 285, "segment_id": 19, "revision": 7, "text": " and uh yeah light foods like smoothies and", "granularity": "word", "items": [{"text": " and", "start_seconds": 181.44, "end_seconds": 181.68, "confidence": null}, {"text": "uh", "start_seconds": 181.68, "end_seconds": 182.0, "confidence": null}, {"text": "yeah", "start_seconds": 182.0, "end_seconds": 182.08, "confidence": null}, {"text": "light", "start_seconds": 182.56, "end_seconds": 182.8, "confidence": null}, {"text": "foods", "start_seconds": 182.8, "end_seconds": 182.96, "confidence": null}, {"text": "like", "start_seconds": 183.36, "end_seconds": 183.44, "confidence": null}, {"text": "smoothies", "start_seconds": 183.76, "end_seconds": 183.92, "confidence": null}, {"text": "and", "start_seconds": 184.32, "end_seconds": 184.4, "confidence": null}]}, {"type": "transcript.final", "session_id": "08dcc0cf-2556-48ad-8bfc-beadf4cde74c", "sequence": 292, "segment_id": 20, "revision": 7, "text": " yeah liquid foods mainly okay fine um and so", "granularity": "word", "items": [{"text": " yeah", "start_seconds": 185.36, "end_seconds": 185.68, "confidence": null}, {"text": "liquid", "start_seconds": 185.68, "end_seconds": 186.08, "confidence": null}, {"text": "foods", "start_seconds": 186.08, "end_seconds": 186.56, "confidence": null}, {"text": "mainly", "start_seconds": 186.56, "end_seconds": 186.64, "confidence": null}, {"text": "okay", "start_seconds": 187.6, "end_seconds": 187.84, "confidence": null}, {"text": "fine", "start_seconds": 187.84, "end_seconds": 187.92, "confidence": null}, {"text": "um", "start_seconds": 188.96, "end_seconds": 189.04, "confidence": null}, {"text": "and", "start_seconds": 189.84, "end_seconds": 189.92, "confidence": null}, {"text": "so", "start_seconds": 189.92, "end_seconds": 190.0, "confidence": null}]}, {"type": "transcript.final", "session_id": "08dcc0cf-2556-48ad-8bfc-beadf4cde74c", "sequence": 303, "segment_id": 21, "revision": 11, "text": " you start just three days ago the symptoms are you aware of any triggers which may have caused your symptoms to uh to kick on So for example", "granularity": "word", "items": [{"text": " you", "start_seconds": 191.12, "end_seconds": 191.2, "confidence": null}, {"text": "start", "start_seconds": 191.52, "end_seconds": 191.68, "confidence": null}, {"text": "just", "start_seconds": 191.68, "end_seconds": 191.76, "confidence": null}, {"text": "three", "start_seconds": 191.76, "end_seconds": 191.92, "confidence": null}, {"text": "days", "start_seconds": 191.92, "end_seconds": 192.0, "confidence": null}, {"text": "ago", "start_seconds": 192.0, "end_seconds": 192.24, "confidence": null}, {"text": "the", "start_seconds": 192.24, "end_seconds": 192.4, "confidence": null}, {"text": "symptoms", "start_seconds": 192.4, "end_seconds": 192.8, "confidence": null}, {"text": "are", "start_seconds": 192.8, "end_seconds": 192.88, "confidence": null}, {"text": "you", "start_seconds": 192.88, "end_seconds": 192.96, "confidence": null}, {"text": "aware", "start_seconds": 192.96, "end_seconds": 193.12, "confidence": null}, {"text": "of", "start_seconds": 193.12, "end_seconds": 193.28, "confidence": null}, {"text": "any", "start_seconds": 193.28, "end_seconds": 193.44, "confidence": null}, {"text": "triggers", "start_seconds": 193.44, "end_seconds": 193.76, "confidence": null}, {"text": "which", "start_seconds": 193.76, "end_seconds": 193.84, "confidence": null}, {"text": "may", "start_seconds": 193.84, "end_seconds": 194.0, "confidence": null}, {"text": "have", "start_seconds": 194.0, "end_seconds": 194.16, "confidence": null}, {"text": "caused", "start_seconds": 194.16, "end_seconds": 194.4, "confidence": null}, {"text": "your", "start_seconds": 194.4, "end_seconds": 194.56, "confidence": null}, {"text": "symptoms", "start_seconds": 194.56, "end_seconds": 194.88, "confidence": null}, {"text": "to", "start_seconds": 194.88, "end_seconds": 195.12, "confidence": null}, {"text": "uh", "start_seconds": 195.12, "end_seconds": 195.28, "confidence": null}, {"text": "to", "start_seconds": 195.28, "end_seconds": 195.44, "confidence": null}, {"text": "kick", "start_seconds": 195.44, "end_seconds": 195.6, "confidence": null}, {"text": "on", "start_seconds": 195.6, "end_seconds": 195.84, "confidence": null}, {"text": "So", "start_seconds": 195.84, "end_seconds": 196.0, "confidence": null}, {"text": "for", "start_seconds": 196.0, "end_seconds": 196.16, "confidence": null}, {"text": "example", "start_seconds": 196.16, "end_seconds": 196.24, "confidence": null}]}, {"type": "transcript.final", "session_id": "08dcc0cf-2556-48ad-8bfc-beadf4cde74c", "sequence": 317, "segment_id": 22, "revision": 14, "text": " take away food or eating out or being around other people who would similar symptoms Yeah so I had takeaway about four days ago", "granularity": "word", "items": [{"text": " take", "start_seconds": 198.0, "end_seconds": 198.08, "confidence": null}, {"text": "away", "start_seconds": 198.08, "end_seconds": 198.32, "confidence": null}, {"text": "food", "start_seconds": 198.32, "end_seconds": 198.56, "confidence": null}, {"text": "or", "start_seconds": 198.56, "end_seconds": 198.88, "confidence": null}, {"text": "eating", "start_seconds": 198.88, "end_seconds": 198.96, "confidence": null}, {"text": "out", "start_seconds": 199.36, "end_seconds": 199.52, "confidence": null}, {"text": "or", "start_seconds": 199.52, "end_seconds": 199.6, "confidence": null}, {"text": "being", "start_seconds": 200.0, "end_seconds": 200.24, "confidence": null}, {"text": "around", "start_seconds": 200.24, "end_seconds": 200.48, "confidence": null}, {"text": "other", "start_seconds": 200.48, "end_seconds": 200.64, "confidence": null}, {"text": "people", "start_seconds": 200.64, "end_seconds": 200.72, "confidence": null}, {"text": "who", "start_seconds": 201.04, "end_seconds": 201.12, "confidence": null}, {"text": "would", "start_seconds": 201.12, "end_seconds": 201.44, "confidence": null}, {"text": "similar", "start_seconds": 201.44, "end_seconds": 201.68, "confidence": null}, {"text": "symptoms", "start_seconds": 201.68, "end_seconds": 201.76, "confidence": null}, {"text": "Yeah", "start_seconds": 202.72, "end_seconds": 202.88, "confidence": null}, {"text": "so", "start_seconds": 202.88, "end_seconds": 203.04, "confidence": null}, {"text": "I", "start_seconds": 203.04, "end_seconds": 203.12, "confidence": null}, {"text": "had", "start_seconds": 203.12, "end_seconds": 203.36, "confidence": null}, {"text": "takeaway", "start_seconds": 203.36, "end_seconds": 203.92, "confidence": null}, {"text": "about", "start_seconds": 203.92, "end_seconds": 204.0, "confidence": null}, {"text": "four", "start_seconds": 204.4, "end_seconds": 204.48, "confidence": null}, {"text": "days", "start_seconds": 204.48, "end_seconds": 204.56, "confidence": null}, {"text": "ago", "start_seconds": 204.96, "end_seconds": 205.04, "confidence": null}]}, {"type": "transcript.final", "session_id": "08dcc0cf-2556-48ad-8bfc-beadf4cde74c", "sequence": 327, "segment_id": 23, "revision": 10, "text": " um uh but other than that I've yeah been uh eating normally", "granularity": "word", "items": [{"text": " um", "start_seconds": 206.64, "end_seconds": 206.72, "confidence": null}, {"text": "uh", "start_seconds": 207.28, "end_seconds": 207.52, "confidence": null}, {"text": "but", "start_seconds": 207.52, "end_seconds": 207.76, "confidence": null}, {"text": "other", "start_seconds": 207.76, "end_seconds": 207.84, "confidence": null}, {"text": "than", "start_seconds": 207.84, "end_seconds": 208.0, "confidence": null}, {"text": "that", "start_seconds": 208.0, "end_seconds": 208.32, "confidence": null}, {"text": "I've", "start_seconds": 208.32, "end_seconds": 208.48, "confidence": null}, {"text": "yeah", "start_seconds": 209.12, "end_seconds": 209.52, "confidence": null}, {"text": "been", "start_seconds": 209.52, "end_seconds": 209.6, "confidence": null}, {"text": "uh", "start_seconds": 210.4, "end_seconds": 210.64, "confidence": null}, {"text": "eating", "start_seconds": 210.64, "end_seconds": 210.88, "confidence": null}, {"text": "normally", "start_seconds": 210.88, "end_seconds": 211.12, "confidence": null}]}, {"type": "transcript.final", "session_id": "08dcc0cf-2556-48ad-8bfc-beadf4cde74c", "sequence": 340, "segment_id": 24, "revision": 13, "text": " I think unusual Yeah do you remember where you ate um yeah I ate at a Chinese restaurant with friends", "granularity": "word", "items": [{"text": " I", "start_seconds": 212.24, "end_seconds": 212.4, "confidence": null}, {"text": "think", "start_seconds": 212.4, "end_seconds": 212.48, "confidence": null}, {"text": "unusual", "start_seconds": 213.2, "end_seconds": 213.44, "confidence": null}, {"text": "Yeah", "start_seconds": 213.92, "end_seconds": 214.08, "confidence": null}, {"text": "do", "start_seconds": 214.08, "end_seconds": 214.16, "confidence": null}, {"text": "you", "start_seconds": 214.16, "end_seconds": 214.32, "confidence": null}, {"text": "remember", "start_seconds": 214.32, "end_seconds": 214.48, "confidence": null}, {"text": "where", "start_seconds": 214.48, "end_seconds": 214.64, "confidence": null}, {"text": "you", "start_seconds": 214.64, "end_seconds": 214.8, "confidence": null}, {"text": "ate", "start_seconds": 214.8, "end_seconds": 214.88, "confidence": null}, {"text": "um", "start_seconds": 216.0, "end_seconds": 216.08, "confidence": null}, {"text": "yeah", "start_seconds": 216.4, "end_seconds": 216.72, "confidence": null}, {"text": "I", "start_seconds": 216.72, "end_seconds": 216.8, "confidence": null}, {"text": "ate", "start_seconds": 217.44, "end_seconds": 217.68, "confidence": null}, {"text": "at", "start_seconds": 217.68, "end_seconds": 217.92, "confidence": null}, {"text": "a", "start_seconds": 217.92, "end_seconds": 218.0, "confidence": null}, {"text": "Chinese", "start_seconds": 218.0, "end_seconds": 218.24, "confidence": null}, {"text": "restaurant", "start_seconds": 218.24, "end_seconds": 218.56, "confidence": null}, {"text": "with", "start_seconds": 218.56, "end_seconds": 218.64, "confidence": null}, {"text": "friends", "start_seconds": 218.96, "end_seconds": 219.04, "confidence": null}]}, {"type": "transcript.final", "session_id": "08dcc0cf-2556-48ad-8bfc-beadf4cde74c", "sequence": 365, "segment_id": 25, "revision": 25, "text": " okay anyone else on well with similar symptoms um so no one else in the family so I uh wife and two kids and one um child was vomiting but they haven't got diarrhea there's no one with the same symptoms", "granularity": "word", "items": [{"text": " okay", "start_seconds": 220.08, "end_seconds": 220.16, "confidence": null}, {"text": "anyone", "start_seconds": 220.64, "end_seconds": 220.96, "confidence": null}, {"text": "else", "start_seconds": 220.96, "end_seconds": 221.04, "confidence": null}, {"text": "on", "start_seconds": 221.52, "end_seconds": 221.76, "confidence": null}, {"text": "well", "start_seconds": 221.76, "end_seconds": 221.84, "confidence": null}, {"text": "with", "start_seconds": 222.32, "end_seconds": 222.4, "confidence": null}, {"text": "similar", "start_seconds": 222.4, "end_seconds": 222.56, "confidence": null}, {"text": "symptoms", "start_seconds": 222.56, "end_seconds": 222.72, "confidence": null}, {"text": "um", "start_seconds": 223.68, "end_seconds": 223.76, "confidence": null}, {"text": "so", "start_seconds": 224.08, "end_seconds": 224.32, "confidence": null}, {"text": "no", "start_seconds": 224.32, "end_seconds": 224.4, "confidence": null}, {"text": "one", "start_seconds": 224.4, "end_seconds": 224.64, "confidence": null}, {"text": "else", "start_seconds": 224.64, "end_seconds": 224.72, "confidence": null}, {"text": "in", "start_seconds": 224.72, "end_seconds": 224.96, "confidence": null}, {"text": "the", "start_seconds": 224.96, "end_seconds": 225.2, "confidence": null}, {"text": "family", "start_seconds": 225.2, "end_seconds": 225.28, "confidence": null}, {"text": "so", "start_seconds": 225.68, "end_seconds": 225.92, "confidence": null}, {"text": "I", "start_seconds": 225.92, "end_seconds": 226.0, "confidence": null}, {"text": "uh", "start_seconds": 226.32, "end_seconds": 226.48, "confidence": null}, {"text": "wife", "start_seconds": 226.48, "end_seconds": 226.8, "confidence": null}, {"text": "and", "start_seconds": 226.8, "end_seconds": 226.96, "confidence": null}, {"text": "two", "start_seconds": 226.96, "end_seconds": 227.12, "confidence": null}, {"text": "kids", "start_seconds": 227.12, "end_seconds": 227.36, "confidence": null}, {"text": "and", "start_seconds": 227.36, "end_seconds": 227.6, "confidence": null}, {"text": "one", "start_seconds": 227.6, "end_seconds": 227.68, "confidence": null}, {"text": "um", "start_seconds": 228.08, "end_seconds": 228.16, "confidence": null}, {"text": "child", "start_seconds": 228.8, "end_seconds": 229.12, "confidence": null}, {"text": "was", "start_seconds": 229.12, "end_seconds": 229.2, "confidence": null}, {"text": "vomiting", "start_seconds": 229.6, "end_seconds": 230.08, "confidence": null}, {"text": "but", "start_seconds": 230.08, "end_seconds": 230.16, "confidence": null}, {"text": "they", "start_seconds": 230.48, "end_seconds": 230.72, "confidence": null}, {"text": "haven't", "start_seconds": 230.72, "end_seconds": 230.96, "confidence": null}, {"text": "got", "start_seconds": 230.96, "end_seconds": 231.04, "confidence": null}, {"text": "diarrhea", "start_seconds": 231.36, "end_seconds": 231.68, "confidence": null}, {"text": "there's", "start_seconds": 232.08, "end_seconds": 232.16, "confidence": null}, {"text": "no", "start_seconds": 232.16, "end_seconds": 232.32, "confidence": null}, {"text": "one", "start_seconds": 232.32, "end_seconds": 232.4, "confidence": null}, {"text": "with", "start_seconds": 232.4, "end_seconds": 232.56, "confidence": null}, {"text": "the", "start_seconds": 232.56, "end_seconds": 232.64, "confidence": null}, {"text": "same", "start_seconds": 232.96, "end_seconds": 233.12, "confidence": null}, {"text": "symptoms", "start_seconds": 233.12, "end_seconds": 233.52, "confidence": null}]}, {"type": "transcript.final", "session_id": "08dcc0cf-2556-48ad-8bfc-beadf4cde74c", "sequence": 368, "segment_id": 26, "revision": 3, "text": " okay okay fine", "granularity": "word", "items": [{"text": " okay", "start_seconds": 234.64, "end_seconds": 234.8, "confidence": null}, {"text": "okay", "start_seconds": 234.8, "end_seconds": 234.96, "confidence": null}, {"text": "fine", "start_seconds": 235.36, "end_seconds": 235.44, "confidence": null}]}, {"type": "transcript.final", "session_id": "08dcc0cf-2556-48ad-8bfc-beadf4cde74c", "sequence": 391, "segment_id": 27, "revision": 23, "text": " um right and uh in terms of your your overall health are you normally fitting well or um yeah I mean other than um asthma um I use an inhaler everything uh else is fine", "granularity": "word", "items": [{"text": " um", "start_seconds": 236.96, "end_seconds": 237.04, "confidence": null}, {"text": "right", "start_seconds": 237.52, "end_seconds": 237.6, "confidence": null}, {"text": "and", "start_seconds": 238.16, "end_seconds": 238.24, "confidence": null}, {"text": "uh", "start_seconds": 238.56, "end_seconds": 238.72, "confidence": null}, {"text": "in", "start_seconds": 238.72, "end_seconds": 238.88, "confidence": null}, {"text": "terms", "start_seconds": 238.88, "end_seconds": 238.96, "confidence": null}, {"text": "of", "start_seconds": 238.96, "end_seconds": 239.04, "confidence": null}, {"text": "your", "start_seconds": 239.36, "end_seconds": 239.44, "confidence": null}, {"text": "your", "start_seconds": 240.08, "end_seconds": 240.4, "confidence": null}, {"text": "overall", "start_seconds": 240.4, "end_seconds": 240.8, "confidence": null}, {"text": "health", "start_seconds": 240.8, "end_seconds": 240.88, "confidence": null}, {"text": "are", "start_seconds": 241.2, "end_seconds": 241.44, "confidence": null}, {"text": "you", "start_seconds": 241.44, "end_seconds": 241.52, "confidence": null}, {"text": "normally", "start_seconds": 241.52, "end_seconds": 241.6, "confidence": null}, {"text": "fitting", "start_seconds": 241.92, "end_seconds": 242.32, "confidence": null}, {"text": "well", "start_seconds": 242.32, "end_seconds": 242.64, "confidence": null}, {"text": "or", "start_seconds": 242.64, "end_seconds": 242.72, "confidence": null}, {"text": "um", "start_seconds": 243.84, "end_seconds": 243.92, "confidence": null}, {"text": "yeah", "start_seconds": 244.24, "end_seconds": 244.4, "confidence": null}, {"text": "I", "start_seconds": 244.4, "end_seconds": 244.48, "confidence": null}, {"text": "mean", "start_seconds": 244.48, "end_seconds": 244.56, "confidence": null}, {"text": "other", "start_seconds": 244.8, "end_seconds": 244.96, "confidence": null}, {"text": "than", "start_seconds": 244.96, "end_seconds": 245.04, "confidence": null}, {"text": "um", "start_seconds": 245.6, "end_seconds": 245.68, "confidence": null}, {"text": "asthma", "start_seconds": 246.0, "end_seconds": 246.32, "confidence": null}, {"text": "um", "start_seconds": 246.96, "end_seconds": 247.04, "confidence": null}, {"text": "I", "start_seconds": 247.52, "end_seconds": 247.6, "confidence": null}, {"text": "use", "start_seconds": 247.6, "end_seconds": 247.76, "confidence": null}, {"text": "an", "start_seconds": 247.76, "end_seconds": 247.92, "confidence": null}, {"text": "inhaler", "start_seconds": 247.92, "end_seconds": 248.16, "confidence": null}, {"text": "everything", "start_seconds": 248.64, "end_seconds": 249.04, "confidence": null}, {"text": "uh", "start_seconds": 249.04, "end_seconds": 249.36, "confidence": null}, {"text": "else", "start_seconds": 249.36, "end_seconds": 249.6, "confidence": null}, {"text": "is", "start_seconds": 249.6, "end_seconds": 249.76, "confidence": null}, {"text": "fine", "start_seconds": 249.76, "end_seconds": 249.84, "confidence": null}]}, {"type": "transcript.final", "session_id": "08dcc0cf-2556-48ad-8bfc-beadf4cde74c", "sequence": 419, "segment_id": 28, "revision": 28, "text": " okay and did your asthma well controlled uh yeah that's fine just yeah you send inhaler and uh that's under control fine and you don't have any other tummy problem bowel problems I should be aware of no no okay um in t ap apart from the inhalers do you take any other medications", "granularity": "word", "items": [{"text": " okay", "start_seconds": 250.96, "end_seconds": 251.04, "confidence": null}, {"text": "and", "start_seconds": 251.6, "end_seconds": 251.68, "confidence": null}, {"text": "did", "start_seconds": 252.0, "end_seconds": 252.08, "confidence": null}, {"text": "your", "start_seconds": 252.08, "end_seconds": 252.24, "confidence": null}, {"text": "asthma", "start_seconds": 252.24, "end_seconds": 252.72, "confidence": null}, {"text": "well", "start_seconds": 252.72, "end_seconds": 252.88, "confidence": null}, {"text": "controlled", "start_seconds": 252.88, "end_seconds": 252.96, "confidence": null}, {"text": "uh", "start_seconds": 253.92, "end_seconds": 254.0, "confidence": null}, {"text": "yeah", "start_seconds": 254.32, "end_seconds": 254.4, "confidence": null}, {"text": "that's", "start_seconds": 254.8, "end_seconds": 254.96, "confidence": null}, {"text": "fine", "start_seconds": 254.96, "end_seconds": 255.04, "confidence": null}, {"text": "just", "start_seconds": 256.0, "end_seconds": 256.16, "confidence": null}, {"text": "yeah", "start_seconds": 256.16, "end_seconds": 256.24, "confidence": null}, {"text": "you", "start_seconds": 256.64, "end_seconds": 256.72, "confidence": null}, {"text": "send", "start_seconds": 256.72, "end_seconds": 257.04, "confidence": null}, {"text": "inhaler", "start_seconds": 257.04, "end_seconds": 257.6, "confidence": null}, {"text": "and", "start_seconds": 257.6, "end_seconds": 257.68, "confidence": null}, {"text": "uh", "start_seconds": 257.68, "end_seconds": 257.92, "confidence": null}, {"text": "that's", "start_seconds": 257.92, "end_seconds": 258.24, "confidence": null}, {"text": "under", "start_seconds": 258.24, "end_seconds": 258.4, "confidence": null}, {"text": "control", "start_seconds": 258.4, "end_seconds": 258.48, "confidence": null}, {"text": "fine", "start_seconds": 259.28, "end_seconds": 259.6, "confidence": null}, {"text": "and", "start_seconds": 259.6, "end_seconds": 259.76, "confidence": null}, {"text": "you", "start_seconds": 259.76, "end_seconds": 259.84, "confidence": null}, {"text": "don't", "start_seconds": 259.84, "end_seconds": 259.92, "confidence": null}, {"text": "have", "start_seconds": 259.92, "end_seconds": 260.0, "confidence": null}, {"text": "any", "start_seconds": 260.0, "end_seconds": 260.16, "confidence": null}, {"text": "other", "start_seconds": 260.16, "end_seconds": 260.48, "confidence": null}, {"text": "tummy", "start_seconds": 260.48, "end_seconds": 260.96, "confidence": null}, {"text": "problem", "start_seconds": 260.96, "end_seconds": 261.04, "confidence": null}, {"text": "bowel", "start_seconds": 261.6, "end_seconds": 261.92, "confidence": null}, {"text": "problems", "start_seconds": 261.92, "end_seconds": 262.24, "confidence": null}, {"text": "I", "start_seconds": 262.24, "end_seconds": 262.32, "confidence": null}, {"text": "should", "start_seconds": 262.32, "end_seconds": 262.48, "confidence": null}, {"text": "be", "start_seconds": 262.48, "end_seconds": 262.56, "confidence": null}, {"text": "aware", "start_seconds": 262.56, "end_seconds": 262.64, "confidence": null}, {"text": "of", "start_seconds": 262.64, "end_seconds": 262.72, "confidence": null}, {"text": "no", "start_seconds": 263.36, "end_seconds": 263.44, "confidence": null}, {"text": "no", "start_seconds": 264.08, "end_seconds": 264.16, "confidence": null}, {"text": "okay", "start_seconds": 264.64, "end_seconds": 264.72, "confidence": null}, {"text": "um", "start_seconds": 265.52, "end_seconds": 265.6, "confidence": null}, {"text": "in", "start_seconds": 266.08, "end_seconds": 266.24, "confidence": null}, {"text": "t", "start_seconds": 266.24, "end_seconds": 266.32, "confidence": null}, {"text": "ap", "start_seconds": 266.32, "end_seconds": 266.4, "confidence": null}, {"text": "apart", "start_seconds": 266.4, "end_seconds": 266.56, "confidence": null}, {"text": "from", "start_seconds": 266.56, "end_seconds": 266.72, "confidence": null}, {"text": "the", "start_seconds": 266.72, "end_seconds": 266.8, "confidence": null}, {"text": "inhalers", "start_seconds": 266.8, "end_seconds": 267.2, "confidence": null}, {"text": "do", "start_seconds": 267.2, "end_seconds": 267.28, "confidence": null}, {"text": "you", "start_seconds": 267.28, "end_seconds": 267.36, "confidence": null}, {"text": "take", "start_seconds": 267.36, "end_seconds": 267.52, "confidence": null}, {"text": "any", "start_seconds": 267.52, "end_seconds": 267.6, "confidence": null}, {"text": "other", "start_seconds": 267.6, "end_seconds": 267.76, "confidence": null}, {"text": "medications", "start_seconds": 267.76, "end_seconds": 267.92, "confidence": null}]}, {"type": "transcript.final", "session_id": "08dcc0cf-2556-48ad-8bfc-beadf4cde74c", "sequence": 436, "segment_id": 29, "revision": 17, "text": " uh no no other medications okay fine and in terms of just your your day to day life you said it's been affecting your life um in what way has it been affecting your life", "granularity": "word", "items": [{"text": " uh", "start_seconds": 269.44, "end_seconds": 269.68, "confidence": null}, {"text": "no", "start_seconds": 269.68, "end_seconds": 269.76, "confidence": null}, {"text": "no", "start_seconds": 270.08, "end_seconds": 270.32, "confidence": null}, {"text": "other", "start_seconds": 270.32, "end_seconds": 270.4, "confidence": null}, {"text": "medications", "start_seconds": 270.72, "end_seconds": 271.04, "confidence": null}, {"text": "okay", "start_seconds": 271.92, "end_seconds": 272.24, "confidence": null}, {"text": "fine", "start_seconds": 272.24, "end_seconds": 272.32, "confidence": null}, {"text": "and", "start_seconds": 272.72, "end_seconds": 272.88, "confidence": null}, {"text": "in", "start_seconds": 272.88, "end_seconds": 272.96, "confidence": null}, {"text": "terms", "start_seconds": 272.96, "end_seconds": 273.04, "confidence": null}, {"text": "of", "start_seconds": 273.04, "end_seconds": 273.28, "confidence": null}, {"text": "just", "start_seconds": 273.28, "end_seconds": 273.44, "confidence": null}, {"text": "your", "start_seconds": 273.44, "end_seconds": 273.6, "confidence": null}, {"text": "your", "start_seconds": 273.6, "end_seconds": 273.92, "confidence": null}, {"text": "day", "start_seconds": 273.92, "end_seconds": 274.08, "confidence": null}, {"text": "to", "start_seconds": 274.08, "end_seconds": 274.16, "confidence": null}, {"text": "day", "start_seconds": 274.16, "end_seconds": 274.32, "confidence": null}, {"text": "life", "start_seconds": 274.32, "end_seconds": 274.56, "confidence": null}, {"text": "you", "start_seconds": 274.56, "end_seconds": 274.72, "confidence": null}, {"text": "said", "start_seconds": 274.72, "end_seconds": 275.04, "confidence": null}, {"text": "it's", "start_seconds": 275.04, "end_seconds": 275.12, "confidence": null}, {"text": "been", "start_seconds": 275.12, "end_seconds": 275.28, "confidence": null}, {"text": "affecting", "start_seconds": 275.28, "end_seconds": 275.44, "confidence": null}, {"text": "your", "start_seconds": 275.44, "end_seconds": 275.68, "confidence": null}, {"text": "life", "start_seconds": 275.68, "end_seconds": 275.76, "confidence": null}, {"text": "um", "start_seconds": 276.48, "end_seconds": 276.56, "confidence": null}, {"text": "in", "start_seconds": 277.36, "end_seconds": 277.44, "confidence": null}, {"text": "what", "start_seconds": 277.44, "end_seconds": 277.52, "confidence": null}, {"text": "way", "start_seconds": 277.52, "end_seconds": 277.76, "confidence": null}, {"text": "has", "start_seconds": 277.76, "end_seconds": 277.84, "confidence": null}, {"text": "it", "start_seconds": 277.84, "end_seconds": 278.0, "confidence": null}, {"text": "been", "start_seconds": 278.0, "end_seconds": 278.08, "confidence": null}, {"text": "affecting", "start_seconds": 278.08, "end_seconds": 278.24, "confidence": null}, {"text": "your", "start_seconds": 278.24, "end_seconds": 278.4, "confidence": null}, {"text": "life", "start_seconds": 278.4, "end_seconds": 278.48, "confidence": null}]}, {"type": "transcript.final", "session_id": "08dcc0cf-2556-48ad-8bfc-beadf4cde74c", "sequence": 460, "segment_id": 30, "revision": 24, "text": " uh sorry I need to stay close to the toilet cause I go quite frequently during the these past three days okay um yeah other than that it's uh yeah the main concern and have you are you currently working at the moment uh yeah I I work", "granularity": "word", "items": [{"text": " uh", "start_seconds": 279.44, "end_seconds": 279.76, "confidence": null}, {"text": "sorry", "start_seconds": 279.76, "end_seconds": 280.08, "confidence": null}, {"text": "I", "start_seconds": 280.08, "end_seconds": 280.16, "confidence": null}, {"text": "need", "start_seconds": 280.16, "end_seconds": 280.24, "confidence": null}, {"text": "to", "start_seconds": 280.24, "end_seconds": 280.56, "confidence": null}, {"text": "stay", "start_seconds": 280.56, "end_seconds": 280.8, "confidence": null}, {"text": "close", "start_seconds": 280.8, "end_seconds": 281.12, "confidence": null}, {"text": "to", "start_seconds": 281.12, "end_seconds": 281.36, "confidence": null}, {"text": "the", "start_seconds": 281.36, "end_seconds": 281.44, "confidence": null}, {"text": "toilet", "start_seconds": 281.44, "end_seconds": 281.92, "confidence": null}, {"text": "cause", "start_seconds": 281.92, "end_seconds": 282.0, "confidence": null}, {"text": "I", "start_seconds": 282.0, "end_seconds": 282.16, "confidence": null}, {"text": "go", "start_seconds": 282.16, "end_seconds": 282.4, "confidence": null}, {"text": "quite", "start_seconds": 282.4, "end_seconds": 282.48, "confidence": null}, {"text": "frequently", "start_seconds": 282.88, "end_seconds": 282.96, "confidence": null}, {"text": "during", "start_seconds": 283.36, "end_seconds": 283.44, "confidence": null}, {"text": "the", "start_seconds": 283.92, "end_seconds": 284.08, "confidence": null}, {"text": "these", "start_seconds": 284.08, "end_seconds": 284.48, "confidence": null}, {"text": "past", "start_seconds": 284.48, "end_seconds": 284.64, "confidence": null}, {"text": "three", "start_seconds": 284.64, "end_seconds": 284.72, "confidence": null}, {"text": "days", "start_seconds": 284.72, "end_seconds": 284.8, "confidence": null}, {"text": "okay", "start_seconds": 285.76, "end_seconds": 285.84, "confidence": null}, {"text": "um", "start_seconds": 286.24, "end_seconds": 286.32, "confidence": null}, {"text": "yeah", "start_seconds": 286.8, "end_seconds": 287.04, "confidence": null}, {"text": "other", "start_seconds": 287.04, "end_seconds": 287.12, "confidence": null}, {"text": "than", "start_seconds": 287.12, "end_seconds": 287.28, "confidence": null}, {"text": "that", "start_seconds": 287.28, "end_seconds": 287.36, "confidence": null}, {"text": "it's", "start_seconds": 287.84, "end_seconds": 287.92, "confidence": null}, {"text": "uh", "start_seconds": 288.24, "end_seconds": 288.32, "confidence": null}, {"text": "yeah", "start_seconds": 289.12, "end_seconds": 289.52, "confidence": null}, {"text": "the", "start_seconds": 289.52, "end_seconds": 289.6, "confidence": null}, {"text": "main", "start_seconds": 289.6, "end_seconds": 289.68, "confidence": null}, {"text": "concern", "start_seconds": 289.68, "end_seconds": 289.76, "confidence": null}, {"text": "and", "start_seconds": 290.64, "end_seconds": 290.88, "confidence": null}, {"text": "have", "start_seconds": 290.88, "end_seconds": 290.96, "confidence": null}, {"text": "you", "start_seconds": 290.96, "end_seconds": 291.28, "confidence": null}, {"text": "are", "start_seconds": 291.28, "end_seconds": 291.44, "confidence": null}, {"text": "you", "start_seconds": 291.44, "end_seconds": 291.52, "confidence": null}, {"text": "currently", "start_seconds": 291.52, "end_seconds": 291.76, "confidence": null}, {"text": "working", "start_seconds": 291.76, "end_seconds": 291.84, "confidence": null}, {"text": "at", "start_seconds": 291.84, "end_seconds": 291.92, "confidence": null}, {"text": "the", "start_seconds": 291.92, "end_seconds": 292.0, "confidence": null}, {"text": "moment", "start_seconds": 292.0, "end_seconds": 292.08, "confidence": null}, {"text": "uh", "start_seconds": 293.28, "end_seconds": 293.36, "confidence": null}, {"text": "yeah", "start_seconds": 294.08, "end_seconds": 294.48, "confidence": null}, {"text": "I", "start_seconds": 294.48, "end_seconds": 294.64, "confidence": null}, {"text": "I", "start_seconds": 294.64, "end_seconds": 294.88, "confidence": null}, {"text": "work", "start_seconds": 294.88, "end_seconds": 294.96, "confidence": null}]}, {"type": "transcript.final", "session_id": "08dcc0cf-2556-48ad-8bfc-beadf4cde74c", "sequence": 472, "segment_id": 31, "revision": 12, "text": " work um I'm an accountant okay have you been going into work the last three days or have you been at home uh yeah I've been going to work", "granularity": "word", "items": [{"text": " work", "start_seconds": 296.48, "end_seconds": 296.56, "confidence": null}, {"text": "um", "start_seconds": 297.12, "end_seconds": 297.2, "confidence": null}, {"text": "I'm", "start_seconds": 297.52, "end_seconds": 297.76, "confidence": null}, {"text": "an", "start_seconds": 297.76, "end_seconds": 298.0, "confidence": null}, {"text": "accountant", "start_seconds": 298.0, "end_seconds": 298.64, "confidence": null}, {"text": "okay", "start_seconds": 298.64, "end_seconds": 298.88, "confidence": null}, {"text": "have", "start_seconds": 298.88, "end_seconds": 299.04, "confidence": null}, {"text": "you", "start_seconds": 299.04, "end_seconds": 299.12, "confidence": null}, {"text": "been", "start_seconds": 299.12, "end_seconds": 299.28, "confidence": null}, {"text": "going", "start_seconds": 299.28, "end_seconds": 299.36, "confidence": null}, {"text": "into", "start_seconds": 299.36, "end_seconds": 299.68, "confidence": null}, {"text": "work", "start_seconds": 299.68, "end_seconds": 299.92, "confidence": null}, {"text": "the", "start_seconds": 299.92, "end_seconds": 300.0, "confidence": null}, {"text": "last", "start_seconds": 300.0, "end_seconds": 300.16, "confidence": null}, {"text": "three", "start_seconds": 300.16, "end_seconds": 300.24, "confidence": null}, {"text": "days", "start_seconds": 300.24, "end_seconds": 300.4, "confidence": null}, {"text": "or", "start_seconds": 300.4, "end_seconds": 300.56, "confidence": null}, {"text": "have", "start_seconds": 300.56, "end_seconds": 300.64, "confidence": null}, {"text": "you", "start_seconds": 300.64, "end_seconds": 300.72, "confidence": null}, {"text": "been", "start_seconds": 300.72, "end_seconds": 300.88, "confidence": null}, {"text": "at", "start_seconds": 300.88, "end_seconds": 301.04, "confidence": null}, {"text": "home", "start_seconds": 301.04, "end_seconds": 301.12, "confidence": null}, {"text": "uh", "start_seconds": 301.92, "end_seconds": 302.08, "confidence": null}, {"text": "yeah", "start_seconds": 302.08, "end_seconds": 302.24, "confidence": null}, {"text": "I've", "start_seconds": 302.24, "end_seconds": 302.4, "confidence": null}, {"text": "been", "start_seconds": 302.4, "end_seconds": 302.48, "confidence": null}, {"text": "going", "start_seconds": 302.48, "end_seconds": 302.64, "confidence": null}, {"text": "to", "start_seconds": 302.64, "end_seconds": 302.8, "confidence": null}, {"text": "work", "start_seconds": 302.8, "end_seconds": 302.88, "confidence": null}]}, {"type": "transcript.final", "session_id": "08dcc0cf-2556-48ad-8bfc-beadf4cde74c", "sequence": 502, "segment_id": 32, "revision": 30, "text": " okay that must be difficult for you then yeah it's been quite difficult and you say you mentioned you live with a wife and two children is that right Yes all right um just couple of other questions we need to ask so um do you smoke at all uh no I don't smoke and do you drink much in the web alcohol no I I don't drink alcohol no okay", "granularity": "word", "items": [{"text": " okay", "start_seconds": 304.08, "end_seconds": 304.16, "confidence": null}, {"text": "that", "start_seconds": 304.64, "end_seconds": 304.72, "confidence": null}, {"text": "must", "start_seconds": 304.72, "end_seconds": 304.8, "confidence": null}, {"text": "be", "start_seconds": 304.8, "end_seconds": 304.88, "confidence": null}, {"text": "difficult", "start_seconds": 304.88, "end_seconds": 305.04, "confidence": null}, {"text": "for", "start_seconds": 305.04, "end_seconds": 305.2, "confidence": null}, {"text": "you", "start_seconds": 305.2, "end_seconds": 305.36, "confidence": null}, {"text": "then", "start_seconds": 305.36, "end_seconds": 305.44, "confidence": null}, {"text": "yeah", "start_seconds": 306.32, "end_seconds": 306.4, "confidence": null}, {"text": "it's", "start_seconds": 306.4, "end_seconds": 306.64, "confidence": null}, {"text": "been", "start_seconds": 306.64, "end_seconds": 306.88, "confidence": null}, {"text": "quite", "start_seconds": 306.88, "end_seconds": 307.04, "confidence": null}, {"text": "difficult", "start_seconds": 307.04, "end_seconds": 307.12, "confidence": null}, {"text": "and", "start_seconds": 308.16, "end_seconds": 308.24, "confidence": null}, {"text": "you", "start_seconds": 308.24, "end_seconds": 308.32, "confidence": null}, {"text": "say", "start_seconds": 308.32, "end_seconds": 308.48, "confidence": null}, {"text": "you", "start_seconds": 308.48, "end_seconds": 308.56, "confidence": null}, {"text": "mentioned", "start_seconds": 308.56, "end_seconds": 308.72, "confidence": null}, {"text": "you", "start_seconds": 308.72, "end_seconds": 308.88, "confidence": null}, {"text": "live", "start_seconds": 308.88, "end_seconds": 309.04, "confidence": null}, {"text": "with", "start_seconds": 309.04, "end_seconds": 309.2, "confidence": null}, {"text": "a", "start_seconds": 309.2, "end_seconds": 309.36, "confidence": null}, {"text": "wife", "start_seconds": 309.36, "end_seconds": 309.6, "confidence": null}, {"text": "and", "start_seconds": 309.6, "end_seconds": 309.84, "confidence": null}, {"text": "two", "start_seconds": 309.84, "end_seconds": 309.92, "confidence": null}, {"text": "children", "start_seconds": 310.24, "end_seconds": 310.56, "confidence": null}, {"text": "is", "start_seconds": 310.56, "end_seconds": 310.72, "confidence": null}, {"text": "that", "start_seconds": 310.72, "end_seconds": 310.96, "confidence": null}, {"text": "right", "start_seconds": 310.96, "end_seconds": 311.04, "confidence": null}, {"text": "Yes", "start_seconds": 311.52, "end_seconds": 311.6, "confidence": null}, {"text": "all", "start_seconds": 312.64, "end_seconds": 312.72, "confidence": null}, {"text": "right", "start_seconds": 312.72, "end_seconds": 312.8, "confidence": null}, {"text": "um", "start_seconds": 313.28, "end_seconds": 313.36, "confidence": null}, {"text": "just", "start_seconds": 313.68, "end_seconds": 313.84, "confidence": null}, {"text": "couple", "start_seconds": 313.84, "end_seconds": 313.92, "confidence": null}, {"text": "of", "start_seconds": 313.92, "end_seconds": 314.08, "confidence": null}, {"text": "other", "start_seconds": 314.08, "end_seconds": 314.24, "confidence": null}, {"text": "questions", "start_seconds": 314.24, "end_seconds": 314.48, "confidence": null}, {"text": "we", "start_seconds": 314.48, "end_seconds": 314.64, "confidence": null}, {"text": "need", "start_seconds": 314.64, "end_seconds": 314.72, "confidence": null}, {"text": "to", "start_seconds": 314.72, "end_seconds": 314.8, "confidence": null}, {"text": "ask", "start_seconds": 314.8, "end_seconds": 314.88, "confidence": null}, {"text": "so", "start_seconds": 315.28, "end_seconds": 315.44, "confidence": null}, {"text": "um", "start_seconds": 315.44, "end_seconds": 315.68, "confidence": null}, {"text": "do", "start_seconds": 315.68, "end_seconds": 315.84, "confidence": null}, {"text": "you", "start_seconds": 315.84, "end_seconds": 316.0, "confidence": null}, {"text": "smoke", "start_seconds": 316.0, "end_seconds": 316.08, "confidence": null}, {"text": "at", "start_seconds": 316.08, "end_seconds": 316.24, "confidence": null}, {"text": "all", "start_seconds": 316.24, "end_seconds": 316.32, "confidence": null}, {"text": "uh", "start_seconds": 317.04, "end_seconds": 317.2, "confidence": null}, {"text": "no", "start_seconds": 317.2, "end_seconds": 317.36, "confidence": null}, {"text": "I", "start_seconds": 317.36, "end_seconds": 317.52, "confidence": null}, {"text": "don't", "start_seconds": 317.52, "end_seconds": 317.68, "confidence": null}, {"text": "smoke", "start_seconds": 317.68, "end_seconds": 317.76, "confidence": null}, {"text": "and", "start_seconds": 318.56, "end_seconds": 318.72, "confidence": null}, {"text": "do", "start_seconds": 318.72, "end_seconds": 318.8, "confidence": null}, {"text": "you", "start_seconds": 318.8, "end_seconds": 318.88, "confidence": null}, {"text": "drink", "start_seconds": 318.88, "end_seconds": 319.04, "confidence": null}, {"text": "much", "start_seconds": 319.04, "end_seconds": 319.28, "confidence": null}, {"text": "in", "start_seconds": 319.28, "end_seconds": 319.36, "confidence": null}, {"text": "the", "start_seconds": 319.36, "end_seconds": 319.52, "confidence": null}, {"text": "web", "start_seconds": 319.52, "end_seconds": 319.68, "confidence": null}, {"text": "alcohol", "start_seconds": 319.68, "end_seconds": 319.76, "confidence": null}, {"text": "no", "start_seconds": 320.96, "end_seconds": 321.12, "confidence": null}, {"text": "I", "start_seconds": 321.12, "end_seconds": 321.44, "confidence": null}, {"text": "I", "start_seconds": 321.44, "end_seconds": 321.6, "confidence": null}, {"text": "don't", "start_seconds": 321.6, "end_seconds": 321.68, "confidence": null}, {"text": "drink", "start_seconds": 321.68, "end_seconds": 322.0, "confidence": null}, {"text": "alcohol", "start_seconds": 322.0, "end_seconds": 322.08, "confidence": null}, {"text": "no", "start_seconds": 322.56, "end_seconds": 322.64, "confidence": null}, {"text": "okay", "start_seconds": 322.96, "end_seconds": 323.04, "confidence": null}]}, {"type": "transcript.final", "session_id": "08dcc0cf-2556-48ad-8bfc-beadf4cde74c", "sequence": 504, "segment_id": 33, "revision": 2, "text": " so um", "granularity": "word", "items": [{"text": " so", "start_seconds": 324.32, "end_seconds": 324.56, "confidence": null}, {"text": "um", "start_seconds": 324.56, "end_seconds": 324.64, "confidence": null}]}, {"type": "transcript.final", "session_id": "08dcc0cf-2556-48ad-8bfc-beadf4cde74c", "sequence": 533, "segment_id": 34, "revision": 29, "text": " uh normally at this stage I like to um examine you if that's okay but um um but but but but but but but but but but but but but but but but but but but but but having listened to your stories uh I think um just to recap the for the last three days you've been having loose dull diarrhea a bit of tummy pain mainly on the left hand side uh um and vomiting and being generally quite weak and lethargic", "granularity": "word", "items": [{"text": " uh", "start_seconds": 326.08, "end_seconds": 326.32, "confidence": null}, {"text": "normally", "start_seconds": 326.32, "end_seconds": 326.56, "confidence": null}, {"text": "at", "start_seconds": 326.56, "end_seconds": 326.8, "confidence": null}, {"text": "this", "start_seconds": 326.8, "end_seconds": 326.96, "confidence": null}, {"text": "stage", "start_seconds": 326.96, "end_seconds": 327.12, "confidence": null}, {"text": "I", "start_seconds": 327.12, "end_seconds": 327.28, "confidence": null}, {"text": "like", "start_seconds": 327.28, "end_seconds": 327.44, "confidence": null}, {"text": "to", "start_seconds": 327.44, "end_seconds": 327.76, "confidence": null}, {"text": "um", "start_seconds": 327.76, "end_seconds": 327.84, "confidence": null}, {"text": "examine", "start_seconds": 328.4, "end_seconds": 328.96, "confidence": null}, {"text": "you", "start_seconds": 328.96, "end_seconds": 329.04, "confidence": null}, {"text": "if", "start_seconds": 329.04, "end_seconds": 329.28, "confidence": null}, {"text": "that's", "start_seconds": 329.28, "end_seconds": 329.44, "confidence": null}, {"text": "okay", "start_seconds": 329.44, "end_seconds": 329.68, "confidence": null}, {"text": "but", "start_seconds": 329.68, "end_seconds": 329.92, "confidence": null}, {"text": "um", "start_seconds": 329.92, "end_seconds": 330.0, "confidence": null}, {"text": "um", "start_seconds": 330.32, "end_seconds": 330.4, "confidence": null}, {"text": "but", "start_seconds": 330.88, "end_seconds": 331.04, "confidence": null}, {"text": "but", "start_seconds": 331.04, "end_seconds": 331.12, "confidence": null}, {"text": "but", "start_seconds": 331.12, "end_seconds": 331.2, "confidence": null}, {"text": "but", "start_seconds": 331.2, "end_seconds": 331.28, "confidence": null}, {"text": "but", "start_seconds": 331.28, "end_seconds": 331.36, "confidence": null}, {"text": "but", "start_seconds": 331.36, "end_seconds": 331.44, "confidence": null}, {"text": "but", "start_seconds": 331.44, "end_seconds": 331.52, "confidence": null}, {"text": "but", "start_seconds": 331.52, "end_seconds": 331.6, "confidence": null}, {"text": "but", "start_seconds": 331.6, "end_seconds": 331.68, "confidence": null}, {"text": "but", "start_seconds": 331.68, "end_seconds": 331.76, "confidence": null}, {"text": "but", "start_seconds": 331.76, "end_seconds": 331.84, "confidence": null}, {"text": "but", "start_seconds": 331.84, "end_seconds": 331.92, "confidence": null}, {"text": "but", "start_seconds": 331.92, "end_seconds": 332.0, "confidence": null}, {"text": "but", "start_seconds": 332.0, "end_seconds": 332.08, "confidence": null}, {"text": "but", "start_seconds": 332.08, "end_seconds": 332.16, "confidence": null}, {"text": "but", "start_seconds": 332.16, "end_seconds": 332.24, "confidence": null}, {"text": "but", "start_seconds": 332.24, "end_seconds": 332.32, "confidence": null}, {"text": "but", "start_seconds": 332.32, "end_seconds": 332.4, "confidence": null}, {"text": "but", "start_seconds": 332.4, "end_seconds": 332.48, "confidence": null}, {"text": "but", "start_seconds": 332.48, "end_seconds": 332.56, "confidence": null}, {"text": "but", "start_seconds": 332.56, "end_seconds": 332.8, "confidence": null}, {"text": "having", "start_seconds": 332.8, "end_seconds": 333.04, "confidence": null}, {"text": "listened", "start_seconds": 333.04, "end_seconds": 333.2, "confidence": null}, {"text": "to", "start_seconds": 333.2, "end_seconds": 333.28, "confidence": null}, {"text": "your", "start_seconds": 333.28, "end_seconds": 333.6, "confidence": null}, {"text": "stories", "start_seconds": 333.6, "end_seconds": 334.0, "confidence": null}, {"text": "uh", "start_seconds": 334.0, "end_seconds": 334.24, "confidence": null}, {"text": "I", "start_seconds": 334.24, "end_seconds": 334.32, "confidence": null}, {"text": "think", "start_seconds": 334.32, "end_seconds": 334.4, "confidence": null}, {"text": "um", "start_seconds": 334.4, "end_seconds": 334.48, "confidence": null}, {"text": "just", "start_seconds": 334.48, "end_seconds": 334.56, "confidence": null}, {"text": "to", "start_seconds": 334.56, "end_seconds": 334.72, "confidence": null}, {"text": "recap", "start_seconds": 334.72, "end_seconds": 334.8, "confidence": null}, {"text": "the", "start_seconds": 335.44, "end_seconds": 335.52, "confidence": null}, {"text": "for", "start_seconds": 335.52, "end_seconds": 335.68, "confidence": null}, {"text": "the", "start_seconds": 335.68, "end_seconds": 335.76, "confidence": null}, {"text": "last", "start_seconds": 335.76, "end_seconds": 335.92, "confidence": null}, {"text": "three", "start_seconds": 335.92, "end_seconds": 336.0, "confidence": null}, {"text": "days", "start_seconds": 336.0, "end_seconds": 336.16, "confidence": null}, {"text": "you've", "start_seconds": 336.16, "end_seconds": 336.32, "confidence": null}, {"text": "been", "start_seconds": 336.32, "end_seconds": 336.4, "confidence": null}, {"text": "having", "start_seconds": 336.4, "end_seconds": 336.64, "confidence": null}, {"text": "loose", "start_seconds": 336.64, "end_seconds": 336.72, "confidence": null}, {"text": "dull", "start_seconds": 337.12, "end_seconds": 337.28, "confidence": null}, {"text": "diarrhea", "start_seconds": 337.28, "end_seconds": 337.52, "confidence": null}, {"text": "a", "start_seconds": 337.52, "end_seconds": 337.6, "confidence": null}, {"text": "bit", "start_seconds": 337.6, "end_seconds": 337.84, "confidence": null}, {"text": "of", "start_seconds": 337.84, "end_seconds": 337.92, "confidence": null}, {"text": "tummy", "start_seconds": 338.24, "end_seconds": 338.48, "confidence": null}, {"text": "pain", "start_seconds": 338.48, "end_seconds": 338.8, "confidence": null}, {"text": "mainly", "start_seconds": 338.8, "end_seconds": 339.04, "confidence": null}, {"text": "on", "start_seconds": 339.04, "end_seconds": 339.12, "confidence": null}, {"text": "the", "start_seconds": 339.12, "end_seconds": 339.2, "confidence": null}, {"text": "left", "start_seconds": 339.2, "end_seconds": 339.28, "confidence": null}, {"text": "hand", "start_seconds": 339.28, "end_seconds": 339.36, "confidence": null}, {"text": "side", "start_seconds": 339.36, "end_seconds": 339.44, "confidence": null}, {"text": "uh", "start_seconds": 340.0, "end_seconds": 340.16, "confidence": null}, {"text": "um", "start_seconds": 340.16, "end_seconds": 340.48, "confidence": null}, {"text": "and", "start_seconds": 340.48, "end_seconds": 340.8, "confidence": null}, {"text": "vomiting", "start_seconds": 340.8, "end_seconds": 341.2, "confidence": null}, {"text": "and", "start_seconds": 341.2, "end_seconds": 341.52, "confidence": null}, {"text": "being", "start_seconds": 341.52, "end_seconds": 341.68, "confidence": null}, {"text": "generally", "start_seconds": 341.68, "end_seconds": 342.0, "confidence": null}, {"text": "quite", "start_seconds": 342.0, "end_seconds": 342.16, "confidence": null}, {"text": "weak", "start_seconds": 342.16, "end_seconds": 342.24, "confidence": null}, {"text": "and", "start_seconds": 342.24, "end_seconds": 342.4, "confidence": null}, {"text": "lethargic", "start_seconds": 342.4, "end_seconds": 342.64, "confidence": null}]}, {"type": "transcript.final", "session_id": "08dcc0cf-2556-48ad-8bfc-beadf4cde74c", "sequence": 547, "segment_id": 35, "revision": 14, "text": " you mentioned you having this Chinese takeaway as well three days ago and I wonder whether that might be the cause of your problems okay um it seems like you may have something", "granularity": "word", "items": [{"text": " you", "start_seconds": 343.92, "end_seconds": 344.0, "confidence": null}, {"text": "mentioned", "start_seconds": 344.0, "end_seconds": 344.24, "confidence": null}, {"text": "you", "start_seconds": 344.24, "end_seconds": 344.56, "confidence": null}, {"text": "having", "start_seconds": 344.56, "end_seconds": 344.72, "confidence": null}, {"text": "this", "start_seconds": 344.72, "end_seconds": 344.8, "confidence": null}, {"text": "Chinese", "start_seconds": 344.8, "end_seconds": 345.04, "confidence": null}, {"text": "takeaway", "start_seconds": 345.04, "end_seconds": 345.52, "confidence": null}, {"text": "as", "start_seconds": 345.52, "end_seconds": 345.6, "confidence": null}, {"text": "well", "start_seconds": 345.6, "end_seconds": 345.92, "confidence": null}, {"text": "three", "start_seconds": 345.92, "end_seconds": 346.08, "confidence": null}, {"text": "days", "start_seconds": 346.08, "end_seconds": 346.16, "confidence": null}, {"text": "ago", "start_seconds": 346.16, "end_seconds": 346.4, "confidence": null}, {"text": "and", "start_seconds": 346.4, "end_seconds": 346.64, "confidence": null}, {"text": "I", "start_seconds": 346.64, "end_seconds": 346.72, "confidence": null}, {"text": "wonder", "start_seconds": 346.72, "end_seconds": 346.88, "confidence": null}, {"text": "whether", "start_seconds": 346.88, "end_seconds": 347.2, "confidence": null}, {"text": "that", "start_seconds": 347.2, "end_seconds": 347.28, "confidence": null}, {"text": "might", "start_seconds": 347.28, "end_seconds": 347.36, "confidence": null}, {"text": "be", "start_seconds": 347.36, "end_seconds": 347.44, "confidence": null}, {"text": "the", "start_seconds": 347.44, "end_seconds": 347.76, "confidence": null}, {"text": "cause", "start_seconds": 347.76, "end_seconds": 347.84, "confidence": null}, {"text": "of", "start_seconds": 347.84, "end_seconds": 347.92, "confidence": null}, {"text": "your", "start_seconds": 347.92, "end_seconds": 348.08, "confidence": null}, {"text": "problems", "start_seconds": 348.08, "end_seconds": 348.32, "confidence": null}, {"text": "okay", "start_seconds": 349.28, "end_seconds": 349.52, "confidence": null}, {"text": "um", "start_seconds": 349.52, "end_seconds": 349.68, "confidence": null}, {"text": "it", "start_seconds": 349.68, "end_seconds": 349.76, "confidence": null}, {"text": "seems", "start_seconds": 349.76, "end_seconds": 349.92, "confidence": null}, {"text": "like", "start_seconds": 349.92, "end_seconds": 350.08, "confidence": null}, {"text": "you", "start_seconds": 350.08, "end_seconds": 350.16, "confidence": null}, {"text": "may", "start_seconds": 350.16, "end_seconds": 350.24, "confidence": null}, {"text": "have", "start_seconds": 350.24, "end_seconds": 350.56, "confidence": null}, {"text": "something", "start_seconds": 350.56, "end_seconds": 350.64, "confidence": null}]}, {"type": "transcript.final", "session_id": "08dcc0cf-2556-48ad-8bfc-beadf4cde74c", "sequence": 551, "segment_id": 36, "revision": 4, "text": " uh called gastroenteritis", "granularity": "word", "items": [{"text": " uh", "start_seconds": 351.68, "end_seconds": 352.0, "confidence": null}, {"text": "called", "start_seconds": 352.0, "end_seconds": 352.24, "confidence": null}, {"text": "gastroenteritis", "start_seconds": 352.24, "end_seconds": 353.12, "confidence": null}]}, {"type": "transcript.final", "session_id": "08dcc0cf-2556-48ad-8bfc-beadf4cde74c", "sequence": 560, "segment_id": 37, "revision": 9, "text": " which essentially just uh tummy bug or infection of your of your tummy", "granularity": "word", "items": [{"text": " which", "start_seconds": 354.72, "end_seconds": 355.04, "confidence": null}, {"text": "essentially", "start_seconds": 355.04, "end_seconds": 355.28, "confidence": null}, {"text": "just", "start_seconds": 355.28, "end_seconds": 355.36, "confidence": null}, {"text": "uh", "start_seconds": 355.76, "end_seconds": 355.84, "confidence": null}, {"text": "tummy", "start_seconds": 356.16, "end_seconds": 356.4, "confidence": null}, {"text": "bug", "start_seconds": 356.4, "end_seconds": 356.64, "confidence": null}, {"text": "or", "start_seconds": 356.64, "end_seconds": 356.8, "confidence": null}, {"text": "infection", "start_seconds": 356.8, "end_seconds": 357.28, "confidence": null}, {"text": "of", "start_seconds": 357.28, "end_seconds": 357.44, "confidence": null}, {"text": "your", "start_seconds": 357.44, "end_seconds": 357.52, "confidence": null}, {"text": "of", "start_seconds": 357.92, "end_seconds": 358.08, "confidence": null}, {"text": "your", "start_seconds": 358.08, "end_seconds": 358.24, "confidence": null}, {"text": "tummy", "start_seconds": 358.24, "end_seconds": 358.4, "confidence": null}]}, {"type": "transcript.final", "session_id": "08dcc0cf-2556-48ad-8bfc-beadf4cde74c", "sequence": 571, "segment_id": 38, "revision": 11, "text": " mainly caused by viruses but it can be uh possibility of bacteria uh causing your symptoms", "granularity": "word", "items": [{"text": " mainly", "start_seconds": 360.64, "end_seconds": 360.88, "confidence": null}, {"text": "caused", "start_seconds": 360.88, "end_seconds": 361.2, "confidence": null}, {"text": "by", "start_seconds": 361.2, "end_seconds": 361.28, "confidence": null}, {"text": "viruses", "start_seconds": 361.76, "end_seconds": 361.84, "confidence": null}, {"text": "but", "start_seconds": 362.24, "end_seconds": 362.4, "confidence": null}, {"text": "it", "start_seconds": 362.4, "end_seconds": 362.64, "confidence": null}, {"text": "can", "start_seconds": 362.64, "end_seconds": 362.8, "confidence": null}, {"text": "be", "start_seconds": 362.8, "end_seconds": 362.88, "confidence": null}, {"text": "uh", "start_seconds": 363.2, "end_seconds": 363.28, "confidence": null}, {"text": "possibility", "start_seconds": 363.6, "end_seconds": 364.0, "confidence": null}, {"text": "of", "start_seconds": 364.0, "end_seconds": 364.08, "confidence": null}, {"text": "bacteria", "start_seconds": 364.08, "end_seconds": 364.24, "confidence": null}, {"text": "uh", "start_seconds": 365.28, "end_seconds": 365.36, "confidence": null}, {"text": "causing", "start_seconds": 365.76, "end_seconds": 366.24, "confidence": null}, {"text": "your", "start_seconds": 366.24, "end_seconds": 366.32, "confidence": null}, {"text": "symptoms", "start_seconds": 366.32, "end_seconds": 366.4, "confidence": null}]}, {"type": "transcript.final", "session_id": "08dcc0cf-2556-48ad-8bfc-beadf4cde74c", "sequence": 589, "segment_id": 39, "revision": 18, "text": " at this stage uh what what we'd recommend is just what we say conservative management so I don't think you need anything like antibiotics is really just um making sure you're well hydrated", "granularity": "word", "items": [{"text": " at", "start_seconds": 369.2, "end_seconds": 369.36, "confidence": null}, {"text": "this", "start_seconds": 369.36, "end_seconds": 369.6, "confidence": null}, {"text": "stage", "start_seconds": 369.6, "end_seconds": 369.68, "confidence": null}, {"text": "uh", "start_seconds": 370.16, "end_seconds": 370.48, "confidence": null}, {"text": "what", "start_seconds": 370.48, "end_seconds": 370.72, "confidence": null}, {"text": "what", "start_seconds": 370.72, "end_seconds": 370.88, "confidence": null}, {"text": "we'd", "start_seconds": 370.88, "end_seconds": 371.04, "confidence": null}, {"text": "recommend", "start_seconds": 371.04, "end_seconds": 371.36, "confidence": null}, {"text": "is", "start_seconds": 371.36, "end_seconds": 371.6, "confidence": null}, {"text": "just", "start_seconds": 371.6, "end_seconds": 371.68, "confidence": null}, {"text": "what", "start_seconds": 372.08, "end_seconds": 372.24, "confidence": null}, {"text": "we", "start_seconds": 372.24, "end_seconds": 372.4, "confidence": null}, {"text": "say", "start_seconds": 372.4, "end_seconds": 372.56, "confidence": null}, {"text": "conservative", "start_seconds": 372.56, "end_seconds": 373.04, "confidence": null}, {"text": "management", "start_seconds": 373.04, "end_seconds": 373.12, "confidence": null}, {"text": "so", "start_seconds": 374.08, "end_seconds": 374.16, "confidence": null}, {"text": "I", "start_seconds": 374.48, "end_seconds": 374.64, "confidence": null}, {"text": "don't", "start_seconds": 374.64, "end_seconds": 374.72, "confidence": null}, {"text": "think", "start_seconds": 374.72, "end_seconds": 374.8, "confidence": null}, {"text": "you", "start_seconds": 374.8, "end_seconds": 374.96, "confidence": null}, {"text": "need", "start_seconds": 374.96, "end_seconds": 375.2, "confidence": null}, {"text": "anything", "start_seconds": 375.2, "end_seconds": 375.44, "confidence": null}, {"text": "like", "start_seconds": 375.44, "end_seconds": 375.6, "confidence": null}, {"text": "antibiotics", "start_seconds": 375.6, "end_seconds": 376.48, "confidence": null}, {"text": "is", "start_seconds": 376.48, "end_seconds": 376.64, "confidence": null}, {"text": "really", "start_seconds": 376.64, "end_seconds": 376.72, "confidence": null}, {"text": "just", "start_seconds": 376.72, "end_seconds": 377.04, "confidence": null}, {"text": "um", "start_seconds": 377.04, "end_seconds": 377.12, "confidence": null}, {"text": "making", "start_seconds": 377.6, "end_seconds": 377.84, "confidence": null}, {"text": "sure", "start_seconds": 377.84, "end_seconds": 378.0, "confidence": null}, {"text": "you're", "start_seconds": 378.0, "end_seconds": 378.16, "confidence": null}, {"text": "well", "start_seconds": 378.16, "end_seconds": 378.4, "confidence": null}, {"text": "hydrated", "start_seconds": 378.4, "end_seconds": 378.56, "confidence": null}]}, {"type": "transcript.final", "session_id": "08dcc0cf-2556-48ad-8bfc-beadf4cde74c", "sequence": 592, "segment_id": 40, "revision": 3, "text": " so drinking fluids", "granularity": "word", "items": [{"text": " so", "start_seconds": 379.68, "end_seconds": 379.84, "confidence": null}, {"text": "drinking", "start_seconds": 379.84, "end_seconds": 379.92, "confidence": null}, {"text": "fluids", "start_seconds": 380.88, "end_seconds": 380.96, "confidence": null}]}, {"type": "transcript.final", "session_id": "08dcc0cf-2556-48ad-8bfc-beadf4cde74c", "sequence": 596, "segment_id": 41, "revision": 4, "text": " um there are things like", "granularity": "word", "items": [{"text": " um", "start_seconds": 383.04, "end_seconds": 383.12, "confidence": null}, {"text": "there", "start_seconds": 383.84, "end_seconds": 383.92, "confidence": null}, {"text": "are", "start_seconds": 383.92, "end_seconds": 384.0, "confidence": null}, {"text": "things", "start_seconds": 384.0, "end_seconds": 384.24, "confidence": null}, {"text": "like", "start_seconds": 384.24, "end_seconds": 384.32, "confidence": null}]}, {"type": "transcript.final", "session_id": "08dcc0cf-2556-48ad-8bfc-beadf4cde74c", "sequence": 608, "segment_id": 42, "revision": 12, "text": " dire light you can get from the pharmacy which uh it's um it helps replenish some of your minerals and vitamins", "granularity": "word", "items": [{"text": " dire", "start_seconds": 385.52, "end_seconds": 385.76, "confidence": null}, {"text": "light", "start_seconds": 385.76, "end_seconds": 385.92, "confidence": null}, {"text": "you", "start_seconds": 385.92, "end_seconds": 386.0, "confidence": null}, {"text": "can", "start_seconds": 386.0, "end_seconds": 386.08, "confidence": null}, {"text": "get", "start_seconds": 386.08, "end_seconds": 386.16, "confidence": null}, {"text": "from", "start_seconds": 386.16, "end_seconds": 386.24, "confidence": null}, {"text": "the", "start_seconds": 386.24, "end_seconds": 386.4, "confidence": null}, {"text": "pharmacy", "start_seconds": 386.4, "end_seconds": 386.8, "confidence": null}, {"text": "which", "start_seconds": 387.52, "end_seconds": 387.6, "confidence": null}, {"text": "uh", "start_seconds": 387.6, "end_seconds": 387.84, "confidence": null}, {"text": "it's", "start_seconds": 387.84, "end_seconds": 388.32, "confidence": null}, {"text": "um", "start_seconds": 388.32, "end_seconds": 388.4, "confidence": null}, {"text": "it", "start_seconds": 388.8, "end_seconds": 388.88, "confidence": null}, {"text": "helps", "start_seconds": 388.88, "end_seconds": 388.96, "confidence": null}, {"text": "replenish", "start_seconds": 389.28, "end_seconds": 389.68, "confidence": null}, {"text": "some", "start_seconds": 389.68, "end_seconds": 389.84, "confidence": null}, {"text": "of", "start_seconds": 389.84, "end_seconds": 389.92, "confidence": null}, {"text": "your", "start_seconds": 389.92, "end_seconds": 390.0, "confidence": null}, {"text": "minerals", "start_seconds": 390.4, "end_seconds": 390.96, "confidence": null}, {"text": "and", "start_seconds": 390.96, "end_seconds": 391.2, "confidence": null}, {"text": "vitamins", "start_seconds": 391.2, "end_seconds": 391.44, "confidence": null}]}, {"type": "transcript.final", "session_id": "08dcc0cf-2556-48ad-8bfc-beadf4cde74c", "sequence": 617, "segment_id": 43, "revision": 9, "text": " and if you are having vomiting and diarrhea I would certainly recommend that and first you know first couple of days", "granularity": "word", "items": [{"text": " and", "start_seconds": 392.88, "end_seconds": 393.04, "confidence": null}, {"text": "if", "start_seconds": 393.04, "end_seconds": 393.12, "confidence": null}, {"text": "you", "start_seconds": 393.12, "end_seconds": 393.2, "confidence": null}, {"text": "are", "start_seconds": 393.2, "end_seconds": 393.36, "confidence": null}, {"text": "having", "start_seconds": 393.36, "end_seconds": 393.44, "confidence": null}, {"text": "vomiting", "start_seconds": 393.68, "end_seconds": 394.24, "confidence": null}, {"text": "and", "start_seconds": 394.24, "end_seconds": 394.32, "confidence": null}, {"text": "diarrhea", "start_seconds": 394.32, "end_seconds": 394.64, "confidence": null}, {"text": "I", "start_seconds": 394.64, "end_seconds": 394.72, "confidence": null}, {"text": "would", "start_seconds": 394.72, "end_seconds": 394.96, "confidence": null}, {"text": "certainly", "start_seconds": 394.96, "end_seconds": 395.2, "confidence": null}, {"text": "recommend", "start_seconds": 395.2, "end_seconds": 395.36, "confidence": null}, {"text": "that", "start_seconds": 395.36, "end_seconds": 395.6, "confidence": null}, {"text": "and", "start_seconds": 395.6, "end_seconds": 395.84, "confidence": null}, {"text": "first", "start_seconds": 395.84, "end_seconds": 396.16, "confidence": null}, {"text": "you", "start_seconds": 396.16, "end_seconds": 396.24, "confidence": null}, {"text": "know", "start_seconds": 396.24, "end_seconds": 396.48, "confidence": null}, {"text": "first", "start_seconds": 396.48, "end_seconds": 396.64, "confidence": null}, {"text": "couple", "start_seconds": 396.64, "end_seconds": 396.8, "confidence": null}, {"text": "of", "start_seconds": 396.8, "end_seconds": 396.96, "confidence": null}, {"text": "days", "start_seconds": 396.96, "end_seconds": 397.04, "confidence": null}]}, {"type": "transcript.final", "session_id": "08dcc0cf-2556-48ad-8bfc-beadf4cde74c", "sequence": 625, "segment_id": 44, "revision": 8, "text": " yeah if you are feeling feverish and weak taking some paracetamol", "granularity": "word", "items": [{"text": " yeah", "start_seconds": 398.16, "end_seconds": 398.24, "confidence": null}, {"text": "if", "start_seconds": 398.56, "end_seconds": 398.72, "confidence": null}, {"text": "you", "start_seconds": 398.72, "end_seconds": 398.8, "confidence": null}, {"text": "are", "start_seconds": 398.8, "end_seconds": 398.88, "confidence": null}, {"text": "feeling", "start_seconds": 399.28, "end_seconds": 399.44, "confidence": null}, {"text": "feverish", "start_seconds": 399.44, "end_seconds": 400.0, "confidence": null}, {"text": "and", "start_seconds": 400.0, "end_seconds": 400.24, "confidence": null}, {"text": "weak", "start_seconds": 400.24, "end_seconds": 400.32, "confidence": null}, {"text": "taking", "start_seconds": 401.04, "end_seconds": 401.2, "confidence": null}, {"text": "some", "start_seconds": 401.2, "end_seconds": 401.52, "confidence": null}, {"text": "paracetamol", "start_seconds": 401.52, "end_seconds": 402.16, "confidence": null}]}, {"type": "transcript.final", "session_id": "08dcc0cf-2556-48ad-8bfc-beadf4cde74c", "sequence": 631, "segment_id": 45, "revision": 6, "text": " two tablets up to four times a day for the first few days can also help", "granularity": "word", "items": [{"text": " two", "start_seconds": 403.36, "end_seconds": 403.6, "confidence": null}, {"text": "tablets", "start_seconds": 403.6, "end_seconds": 403.92, "confidence": null}, {"text": "up", "start_seconds": 403.92, "end_seconds": 404.0, "confidence": null}, {"text": "to", "start_seconds": 404.0, "end_seconds": 404.16, "confidence": null}, {"text": "four", "start_seconds": 404.16, "end_seconds": 404.24, "confidence": null}, {"text": "times", "start_seconds": 404.24, "end_seconds": 404.32, "confidence": null}, {"text": "a", "start_seconds": 404.32, "end_seconds": 404.4, "confidence": null}, {"text": "day", "start_seconds": 404.4, "end_seconds": 404.48, "confidence": null}, {"text": "for", "start_seconds": 404.88, "end_seconds": 404.96, "confidence": null}, {"text": "the", "start_seconds": 404.96, "end_seconds": 405.04, "confidence": null}, {"text": "first", "start_seconds": 405.04, "end_seconds": 405.12, "confidence": null}, {"text": "few", "start_seconds": 405.12, "end_seconds": 405.28, "confidence": null}, {"text": "days", "start_seconds": 405.28, "end_seconds": 405.36, "confidence": null}, {"text": "can", "start_seconds": 405.6, "end_seconds": 405.76, "confidence": null}, {"text": "also", "start_seconds": 405.76, "end_seconds": 405.84, "confidence": null}, {"text": "help", "start_seconds": 405.84, "end_seconds": 405.92, "confidence": null}]}, {"type": "transcript.final", "session_id": "08dcc0cf-2556-48ad-8bfc-beadf4cde74c", "sequence": 642, "segment_id": 46, "revision": 11, "text": " I would certainly advise you to take some time work actually I know you're quite keen to work but um I would say next two two to three days um", "granularity": "word", "items": [{"text": " I", "start_seconds": 407.12, "end_seconds": 407.2, "confidence": null}, {"text": "would", "start_seconds": 407.2, "end_seconds": 407.36, "confidence": null}, {"text": "certainly", "start_seconds": 407.36, "end_seconds": 407.6, "confidence": null}, {"text": "advise", "start_seconds": 407.6, "end_seconds": 407.92, "confidence": null}, {"text": "you", "start_seconds": 407.92, "end_seconds": 408.0, "confidence": null}, {"text": "to", "start_seconds": 408.0, "end_seconds": 408.08, "confidence": null}, {"text": "take", "start_seconds": 408.08, "end_seconds": 408.16, "confidence": null}, {"text": "some", "start_seconds": 408.16, "end_seconds": 408.32, "confidence": null}, {"text": "time", "start_seconds": 408.32, "end_seconds": 408.56, "confidence": null}, {"text": "work", "start_seconds": 408.56, "end_seconds": 408.64, "confidence": null}, {"text": "actually", "start_seconds": 408.88, "end_seconds": 409.04, "confidence": null}, {"text": "I", "start_seconds": 409.04, "end_seconds": 409.12, "confidence": null}, {"text": "know", "start_seconds": 409.12, "end_seconds": 409.28, "confidence": null}, {"text": "you're", "start_seconds": 409.28, "end_seconds": 409.44, "confidence": null}, {"text": "quite", "start_seconds": 409.44, "end_seconds": 409.52, "confidence": null}, {"text": "keen", "start_seconds": 409.52, "end_seconds": 409.6, "confidence": null}, {"text": "to", "start_seconds": 409.6, "end_seconds": 409.76, "confidence": null}, {"text": "work", "start_seconds": 409.76, "end_seconds": 409.84, "confidence": null}, {"text": "but", "start_seconds": 410.48, "end_seconds": 410.64, "confidence": null}, {"text": "um", "start_seconds": 410.64, "end_seconds": 410.88, "confidence": null}, {"text": "I", "start_seconds": 410.88, "end_seconds": 411.04, "confidence": null}, {"text": "would", "start_seconds": 411.04, "end_seconds": 411.2, "confidence": null}, {"text": "say", "start_seconds": 411.2, "end_seconds": 411.44, "confidence": null}, {"text": "next", "start_seconds": 411.44, "end_seconds": 411.76, "confidence": null}, {"text": "two", "start_seconds": 411.76, "end_seconds": 411.92, "confidence": null}, {"text": "two", "start_seconds": 411.92, "end_seconds": 412.16, "confidence": null}, {"text": "to", "start_seconds": 412.16, "end_seconds": 412.32, "confidence": null}, {"text": "three", "start_seconds": 412.32, "end_seconds": 412.4, "confidence": null}, {"text": "days", "start_seconds": 412.4, "end_seconds": 412.48, "confidence": null}, {"text": "um", "start_seconds": 413.44, "end_seconds": 413.52, "confidence": null}]}, {"type": "transcript.final", "session_id": "08dcc0cf-2556-48ad-8bfc-beadf4cde74c", "sequence": 648, "segment_id": 47, "revision": 6, "text": " clears from your system take some time off and rest", "granularity": "word", "items": [{"text": " clears", "start_seconds": 415.12, "end_seconds": 415.28, "confidence": null}, {"text": "from", "start_seconds": 415.28, "end_seconds": 415.36, "confidence": null}, {"text": "your", "start_seconds": 415.36, "end_seconds": 415.52, "confidence": null}, {"text": "system", "start_seconds": 415.52, "end_seconds": 415.6, "confidence": null}, {"text": "take", "start_seconds": 416.32, "end_seconds": 416.48, "confidence": null}, {"text": "some", "start_seconds": 416.48, "end_seconds": 416.56, "confidence": null}, {"text": "time", "start_seconds": 416.56, "end_seconds": 416.72, "confidence": null}, {"text": "off", "start_seconds": 416.72, "end_seconds": 416.8, "confidence": null}, {"text": "and", "start_seconds": 417.2, "end_seconds": 417.36, "confidence": null}, {"text": "rest", "start_seconds": 417.36, "end_seconds": 417.44, "confidence": null}]}, {"type": "transcript.final", "session_id": "08dcc0cf-2556-48ad-8bfc-beadf4cde74c", "sequence": 659, "segment_id": 48, "revision": 11, "text": " um you know if your symptoms haven't got better you know in in three to four days I'd like to come back and see you again", "granularity": "word", "items": [{"text": " um", "start_seconds": 418.96, "end_seconds": 419.04, "confidence": null}, {"text": "you", "start_seconds": 419.6, "end_seconds": 419.68, "confidence": null}, {"text": "know", "start_seconds": 419.68, "end_seconds": 419.92, "confidence": null}, {"text": "if", "start_seconds": 419.92, "end_seconds": 420.08, "confidence": null}, {"text": "your", "start_seconds": 420.08, "end_seconds": 420.24, "confidence": null}, {"text": "symptoms", "start_seconds": 420.24, "end_seconds": 420.32, "confidence": null}, {"text": "haven't", "start_seconds": 420.64, "end_seconds": 420.8, "confidence": null}, {"text": "got", "start_seconds": 420.8, "end_seconds": 421.12, "confidence": null}, {"text": "better", "start_seconds": 421.12, "end_seconds": 421.44, "confidence": null}, {"text": "you", "start_seconds": 421.44, "end_seconds": 421.52, "confidence": null}, {"text": "know", "start_seconds": 421.52, "end_seconds": 422.0, "confidence": null}, {"text": "in", "start_seconds": 422.0, "end_seconds": 422.32, "confidence": null}, {"text": "in", "start_seconds": 422.32, "end_seconds": 422.48, "confidence": null}, {"text": "three", "start_seconds": 422.48, "end_seconds": 422.56, "confidence": null}, {"text": "to", "start_seconds": 422.56, "end_seconds": 422.72, "confidence": null}, {"text": "four", "start_seconds": 422.72, "end_seconds": 422.88, "confidence": null}, {"text": "days", "start_seconds": 422.88, "end_seconds": 422.96, "confidence": null}, {"text": "I'd", "start_seconds": 423.36, "end_seconds": 423.44, "confidence": null}, {"text": "like", "start_seconds": 423.44, "end_seconds": 423.6, "confidence": null}, {"text": "to", "start_seconds": 423.6, "end_seconds": 423.68, "confidence": null}, {"text": "come", "start_seconds": 423.68, "end_seconds": 423.76, "confidence": null}, {"text": "back", "start_seconds": 423.76, "end_seconds": 423.92, "confidence": null}, {"text": "and", "start_seconds": 423.92, "end_seconds": 424.0, "confidence": null}, {"text": "see", "start_seconds": 424.0, "end_seconds": 424.24, "confidence": null}, {"text": "you", "start_seconds": 424.24, "end_seconds": 424.4, "confidence": null}, {"text": "again", "start_seconds": 424.4, "end_seconds": 424.48, "confidence": null}]}, {"type": "transcript.final", "session_id": "08dcc0cf-2556-48ad-8bfc-beadf4cde74c", "sequence": 666, "segment_id": 49, "revision": 7, "text": " because if it is ongoing then we have to wonder whether there's something else causing symptoms", "granularity": "word", "items": [{"text": " because", "start_seconds": 426.0, "end_seconds": 426.08, "confidence": null}, {"text": "if", "start_seconds": 426.08, "end_seconds": 426.16, "confidence": null}, {"text": "it", "start_seconds": 426.16, "end_seconds": 426.24, "confidence": null}, {"text": "is", "start_seconds": 426.24, "end_seconds": 426.4, "confidence": null}, {"text": "ongoing", "start_seconds": 426.4, "end_seconds": 426.64, "confidence": null}, {"text": "then", "start_seconds": 426.64, "end_seconds": 426.88, "confidence": null}, {"text": "we", "start_seconds": 426.88, "end_seconds": 426.96, "confidence": null}, {"text": "have", "start_seconds": 426.96, "end_seconds": 427.04, "confidence": null}, {"text": "to", "start_seconds": 427.04, "end_seconds": 427.36, "confidence": null}, {"text": "wonder", "start_seconds": 427.36, "end_seconds": 427.6, "confidence": null}, {"text": "whether", "start_seconds": 427.6, "end_seconds": 427.92, "confidence": null}, {"text": "there's", "start_seconds": 427.92, "end_seconds": 428.08, "confidence": null}, {"text": "something", "start_seconds": 428.08, "end_seconds": 428.16, "confidence": null}, {"text": "else", "start_seconds": 428.16, "end_seconds": 428.48, "confidence": null}, {"text": "causing", "start_seconds": 428.48, "end_seconds": 428.96, "confidence": null}, {"text": "symptoms", "start_seconds": 428.96, "end_seconds": 429.04, "confidence": null}]}, {"type": "transcript.final", "session_id": "08dcc0cf-2556-48ad-8bfc-beadf4cde74c", "sequence": 676, "segment_id": 50, "revision": 10, "text": " and we may need to do further tests like um taking a sample of your store so we can test that", "granularity": "word", "items": [{"text": " and", "start_seconds": 430.4, "end_seconds": 430.64, "confidence": null}, {"text": "we", "start_seconds": 430.64, "end_seconds": 430.72, "confidence": null}, {"text": "may", "start_seconds": 430.72, "end_seconds": 430.8, "confidence": null}, {"text": "need", "start_seconds": 430.8, "end_seconds": 430.88, "confidence": null}, {"text": "to", "start_seconds": 430.88, "end_seconds": 430.96, "confidence": null}, {"text": "do", "start_seconds": 430.96, "end_seconds": 431.2, "confidence": null}, {"text": "further", "start_seconds": 431.2, "end_seconds": 431.52, "confidence": null}, {"text": "tests", "start_seconds": 431.52, "end_seconds": 431.92, "confidence": null}, {"text": "like", "start_seconds": 432.32, "end_seconds": 432.56, "confidence": null}, {"text": "um", "start_seconds": 432.56, "end_seconds": 432.64, "confidence": null}, {"text": "taking", "start_seconds": 433.04, "end_seconds": 433.44, "confidence": null}, {"text": "a", "start_seconds": 433.44, "end_seconds": 433.52, "confidence": null}, {"text": "sample", "start_seconds": 433.52, "end_seconds": 433.68, "confidence": null}, {"text": "of", "start_seconds": 433.68, "end_seconds": 433.76, "confidence": null}, {"text": "your", "start_seconds": 433.76, "end_seconds": 434.0, "confidence": null}, {"text": "store", "start_seconds": 434.0, "end_seconds": 434.08, "confidence": null}, {"text": "so", "start_seconds": 434.4, "end_seconds": 434.56, "confidence": null}, {"text": "we", "start_seconds": 434.56, "end_seconds": 434.64, "confidence": null}, {"text": "can", "start_seconds": 434.64, "end_seconds": 434.72, "confidence": null}, {"text": "test", "start_seconds": 434.72, "end_seconds": 434.8, "confidence": null}, {"text": "that", "start_seconds": 434.8, "end_seconds": 434.88, "confidence": null}]}, {"type": "transcript.final", "session_id": "08dcc0cf-2556-48ad-8bfc-beadf4cde74c", "sequence": 680, "segment_id": 51, "revision": 4, "text": " um et cetera et cetera", "granularity": "word", "items": [{"text": " um", "start_seconds": 436.24, "end_seconds": 436.32, "confidence": null}, {"text": "et", "start_seconds": 436.8, "end_seconds": 436.96, "confidence": null}, {"text": "cetera", "start_seconds": 436.96, "end_seconds": 437.2, "confidence": null}, {"text": "et", "start_seconds": 437.2, "end_seconds": 437.44, "confidence": null}, {"text": "cetera", "start_seconds": 437.44, "end_seconds": 437.52, "confidence": null}]}, {"type": "transcript.final", "session_id": "08dcc0cf-2556-48ad-8bfc-beadf4cde74c", "sequence": 689, "segment_id": 52, "revision": 9, "text": " yeah sure yeah how's that sound that sounds great Yeah yeah do you have any questions for me", "granularity": "word", "items": [{"text": " yeah", "start_seconds": 438.48, "end_seconds": 438.64, "confidence": null}, {"text": "sure", "start_seconds": 438.64, "end_seconds": 438.88, "confidence": null}, {"text": "yeah", "start_seconds": 438.88, "end_seconds": 438.96, "confidence": null}, {"text": "how's", "start_seconds": 439.36, "end_seconds": 439.76, "confidence": null}, {"text": "that", "start_seconds": 439.76, "end_seconds": 439.92, "confidence": null}, {"text": "sound", "start_seconds": 439.92, "end_seconds": 440.0, "confidence": null}, {"text": "that", "start_seconds": 440.72, "end_seconds": 440.8, "confidence": null}, {"text": "sounds", "start_seconds": 440.8, "end_seconds": 440.96, "confidence": null}, {"text": "great", "start_seconds": 440.96, "end_seconds": 441.04, "confidence": null}, {"text": "Yeah", "start_seconds": 441.52, "end_seconds": 441.84, "confidence": null}, {"text": "yeah", "start_seconds": 441.84, "end_seconds": 441.92, "confidence": null}, {"text": "do", "start_seconds": 442.48, "end_seconds": 442.56, "confidence": null}, {"text": "you", "start_seconds": 442.56, "end_seconds": 442.64, "confidence": null}, {"text": "have", "start_seconds": 442.64, "end_seconds": 442.72, "confidence": null}, {"text": "any", "start_seconds": 442.72, "end_seconds": 442.8, "confidence": null}, {"text": "questions", "start_seconds": 442.8, "end_seconds": 443.04, "confidence": null}, {"text": "for", "start_seconds": 443.04, "end_seconds": 443.12, "confidence": null}, {"text": "me", "start_seconds": 443.12, "end_seconds": 443.2, "confidence": null}]}, {"type": "transcript.final", "session_id": "08dcc0cf-2556-48ad-8bfc-beadf4cde74c", "sequence": 696, "segment_id": 53, "revision": 7, "text": " um no further questions okay is is is the treatment plan clear", "granularity": "word", "items": [{"text": " um", "start_seconds": 444.64, "end_seconds": 444.88, "confidence": null}, {"text": "no", "start_seconds": 444.88, "end_seconds": 444.96, "confidence": null}, {"text": "further", "start_seconds": 445.76, "end_seconds": 446.0, "confidence": null}, {"text": "questions", "start_seconds": 446.0, "end_seconds": 446.08, "confidence": null}, {"text": "okay", "start_seconds": 447.2, "end_seconds": 447.28, "confidence": null}, {"text": "is", "start_seconds": 447.68, "end_seconds": 447.92, "confidence": null}, {"text": "is", "start_seconds": 447.92, "end_seconds": 448.0, "confidence": null}, {"text": "is", "start_seconds": 448.0, "end_seconds": 448.24, "confidence": null}, {"text": "the", "start_seconds": 448.24, "end_seconds": 448.32, "confidence": null}, {"text": "treatment", "start_seconds": 448.32, "end_seconds": 448.48, "confidence": null}, {"text": "plan", "start_seconds": 448.48, "end_seconds": 448.72, "confidence": null}, {"text": "clear", "start_seconds": 448.72, "end_seconds": 448.8, "confidence": null}]}, {"type": "transcript.final", "session_id": "08dcc0cf-2556-48ad-8bfc-beadf4cde74c", "sequence": 707, "segment_id": 54, "revision": 11, "text": " uh yeah yeah that's that's very clear thank you great well I wish you all the best okay thank you thank you bye", "granularity": "word", "items": [{"text": " uh", "start_seconds": 449.84, "end_seconds": 449.92, "confidence": null}, {"text": "yeah", "start_seconds": 450.24, "end_seconds": 450.4, "confidence": null}, {"text": "yeah", "start_seconds": 450.4, "end_seconds": 450.8, "confidence": null}, {"text": "that's", "start_seconds": 450.8, "end_seconds": 450.96, "confidence": null}, {"text": "that's", "start_seconds": 450.96, "end_seconds": 451.28, "confidence": null}, {"text": "very", "start_seconds": 451.28, "end_seconds": 451.44, "confidence": null}, {"text": "clear", "start_seconds": 451.44, "end_seconds": 451.68, "confidence": null}, {"text": "thank", "start_seconds": 451.68, "end_seconds": 451.76, "confidence": null}, {"text": "you", "start_seconds": 451.76, "end_seconds": 451.84, "confidence": null}, {"text": "great", "start_seconds": 452.48, "end_seconds": 452.8, "confidence": null}, {"text": "well", "start_seconds": 452.8, "end_seconds": 452.88, "confidence": null}, {"text": "I", "start_seconds": 452.88, "end_seconds": 452.96, "confidence": null}, {"text": "wish", "start_seconds": 452.96, "end_seconds": 453.12, "confidence": null}, {"text": "you", "start_seconds": 453.12, "end_seconds": 453.2, "confidence": null}, {"text": "all", "start_seconds": 453.2, "end_seconds": 453.28, "confidence": null}, {"text": "the", "start_seconds": 453.28, "end_seconds": 453.36, "confidence": null}, {"text": "best", "start_seconds": 453.36, "end_seconds": 453.44, "confidence": null}, {"text": "okay", "start_seconds": 453.84, "end_seconds": 453.92, "confidence": null}, {"text": "thank", "start_seconds": 454.24, "end_seconds": 454.32, "confidence": null}, {"text": "you", "start_seconds": 454.32, "end_seconds": 454.4, "confidence": null}, {"text": "thank", "start_seconds": 454.8, "end_seconds": 454.96, "confidence": null}, {"text": "you", "start_seconds": 454.96, "end_seconds": 455.04, "confidence": null}, {"text": "bye", "start_seconds": 455.84, "end_seconds": 456.08, "confidence": null}]}], "audio_seconds": 457.92, "processing_seconds": 39.604890693000925, "model": "nemotron-speech-en-0.6b", "language": "en-US"}
{"event": "medical_case_start", "case": "en-01", "mode": "paced-stream", "file": "ready/en/day1_consultation01_conversation.wav", "sha256": "bed0455e336172d5e8c8eaa56bf54efa69cce5f115fba17cfb7d92d482953af5", "expected_audio_seconds": 457.92, "options": {"model": "nemotron-speech-en-0.6b", "language": "en-US", "chunk_size_ms": 560, "strip_language_tags": true, "output_granularity": "word", "stop_history_eou_ms": 800}}
{"event": "live_event", "case": "en-01", "elapsed_seconds": 0.00018827500025508925, "value": {"type": "session.ready", "session_id": "670896f8-2ff4-4da3-9bb2-d0e3c13d2e66", "audio": {"encoding": "pcm_s16le", "sample_rate_hz": 16000, "channels": 1}, "options": {"model": "nemotron-speech-en-0.6b", "language": "en-US", "chunk_size_ms": 560, "strip_language_tags": true, "output_granularity": "word", "stop_history_eou_ms": 800}}}
{"event": "live_event", "case": "en-01", "elapsed_seconds": 3.410086162999505, "value": {"type": "transcript.partial", "session_id": "670896f8-2ff4-4da3-9bb2-d0e3c13d2e66", "sequence": 1, "segment_id": 0, "revision": 1, "text": " Hello"}}
{"event": "live_event", "case": "en-01", "elapsed_seconds": 4.531883712999843, "value": {"type": "transcript.partial", "session_id": "670896f8-2ff4-4da3-9bb2-d0e3c13d2e66", "sequence": 2, "segment_id": 0, "revision": 2, "text": " Hello hello"}}
{"event": "live_event", "case": "en-01", "elapsed_seconds": 5.649788537997665, "value": {"type": "transcript.final", "session_id": "670896f8-2ff4-4da3-9bb2-d0e3c13d2e66", "sequence": 3, "segment_id": 0, "revision": 3, "text": " Hello hello", "granularity": "word", "items": [{"text": " Hello", "start_seconds": 2.88, "end_seconds": 2.96, "confidence": null}, {"text": "hello", "start_seconds": 4.16, "end_seconds": 4.32, "confidence": null}]}}
{"event": "live_event", "case": "en-01", "elapsed_seconds": 8.449913896998623, "value": {"type": "transcript.partial", "session_id": "670896f8-2ff4-4da3-9bb2-d0e3c13d2e66", "sequence": 4, "segment_id": 1, "revision": 1, "text": " yeah"}}
{"event": "live_event", "case": "en-01", "elapsed_seconds": 9.0115062090008, "value": {"type": "transcript.partial", "session_id": "670896f8-2ff4-4da3-9bb2-d0e3c13d2e66", "sequence": 5, "segment_id": 1, "revision": 2, "text": " yeah, okay"}}
{"event": "live_event", "case": "en-01", "elapsed_seconds": 9.572303253000428, "value": {"type": "transcript.partial", "session_id": "670896f8-2ff4-4da3-9bb2-d0e3c13d2e66", "sequence": 6, "segment_id": 1, "revision": 3, "text": " yeah, okay hello"}}
{"event": "live_event", "case": "en-01", "elapsed_seconds": 10.689417828998558, "value": {"type": "transcript.final", "session_id": "670896f8-2ff4-4da3-9bb2-d0e3c13d2e66", "sequence": 7, "segment_id": 1, "revision": 4, "text": " yeah, okay hello", "granularity": "word", "items": [{"text": " yeah,", "start_seconds": 8.24, "end_seconds": 8.4, "confidence": null}, {"text": "okay", "start_seconds": 8.4, "end_seconds": 8.48, "confidence": null}, {"text": "hello", "start_seconds": 9.04, "end_seconds": 9.2, "confidence": null}]}}
{"event": "live_event", "case": "en-01", "elapsed_seconds": 11.81460124699879, "value": {"type": "transcript.partial", "session_id": "670896f8-2ff4-4da3-9bb2-d0e3c13d2e66", "sequence": 8, "segment_id": 2, "revision": 1, "text": " how can I help you"}}
{"event": "live_event", "case": "en-01", "elapsed_seconds": 12.372364599999855, "value": {"type": "transcript.partial", "session_id": "670896f8-2ff4-4da3-9bb2-d0e3c13d2e66", "sequence": 9, "segment_id": 2, "revision": 2, "text": " how can I help you this morning"}}
{"event": "live_event", "case": "en-01", "elapsed_seconds": 13.490870377998363, "value": {"type": "transcript.partial", "session_id": "670896f8-2ff4-4da3-9bb2-d0e3c13d2e66", "sequence": 10, "segment_id": 2, "revision": 3, "text": " how can I help you this morning hi"}}
{"event": "live_event", "case": "en-01", "elapsed_seconds": 14.052216829997633, "value": {"type": "transcript.partial", "session_id": "670896f8-2ff4-4da3-9bb2-d0e3c13d2e66", "sequence": 11, "segment_id": 2, "revision": 4, "text": " how can I help you this morning hi um I"}}
{"event": "live_event", "case": "en-01", "elapsed_seconds": 14.613703078000981, "value": {"type": "transcript.partial", "session_id": "670896f8-2ff4-4da3-9bb2-d0e3c13d2e66", "sequence": 12, "segment_id": 2, "revision": 5, "text": " how can I help you this morning hi um I've just had"}}
{"event": "live_event", "case": "en-01", "elapsed_seconds": 15.170492214998376, "value": {"type": "transcript.partial", "session_id": "670896f8-2ff4-4da3-9bb2-d0e3c13d2e66", "sequence": 13, "segment_id": 2, "revision": 6, "text": " how can I help you this morning hi um I've just had some"}}
{"event": "live_event", "case": "en-01", "elapsed_seconds": 15.731226693998906, "value": {"type": "transcript.partial", "session_id": "670896f8-2ff4-4da3-9bb2-d0e3c13d2e66", "sequence": 14, "segment_id": 2, "revision": 7, "text": " how can I help you this morning hi um I've just had some um"}}
{"event": "live_event", "case": "en-01", "elapsed_seconds": 16.29193368000051, "value": {"type": "transcript.partial", "session_id": "670896f8-2ff4-4da3-9bb2-d0e3c13d2e66", "sequence": 15, "segment_id": 2, "revision": 8, "text": " how can I help you this morning hi um I've just had some um diar"}}
{"event": "live_event", "case": "en-01", "elapsed_seconds": 16.85518505499931, "value": {"type": "transcript.partial", "session_id": "670896f8-2ff4-4da3-9bb2-d0e3c13d2e66", "sequence": 16, "segment_id": 2, "revision": 9, "text": " how can I help you this morning hi um I've just had some um diarrhea for the last"}}
{"event": "live_event", "case": "en-01", "elapsed_seconds": 17.411615128999983, "value": {"type": "transcript.partial", "session_id": "670896f8-2ff4-4da3-9bb2-d0e3c13d2e66", "sequence": 17, "segment_id": 2, "revision": 10, "text": " how can I help you this morning hi um I've just had some um diarrhea for the last three day"}}
{"event": "live_event", "case": "en-01", "elapsed_seconds": 17.970350430998224, "value": {"type": "transcript.partial", "session_id": "670896f8-2ff4-4da3-9bb2-d0e3c13d2e66", "sequence": 18, "segment_id": 2, "revision": 11, "text": " how can I help you this morning hi um I've just had some um diarrhea for the last three days"}}
{"event": "live_event", "case": "en-01", "elapsed_seconds": 18.52947830099947, "value": {"type": "transcript.final", "session_id": "670896f8-2ff4-4da3-9bb2-d0e3c13d2e66", "sequence": 19, "segment_id": 2, "revision": 12, "text": " how can I help you this morning hi um I've just had some um diarrhea for the last three days", "granularity": "word", "items": [{"text": " how", "start_seconds": 11.2, "end_seconds": 11.28, "confidence": null}, {"text": "can", "start_seconds": 11.28, "end_seconds": 11.44, "confidence": null}, {"text": "I", "start_seconds": 11.44, "end_seconds": 11.52, "confidence": null}, {"text": "help", "start_seconds": 11.52, "end_seconds": 11.6, "confidence": null}, {"text": "you", "start_seconds": 11.6, "end_seconds": 11.76, "confidence": null}, {"text": "this", "start_seconds": 11.76, "end_seconds": 11.92, "confidence": null}, {"text": "morning", "start_seconds": 11.92, "end_seconds": 12.0, "confidence": null}, {"text": "hi", "start_seconds": 13.2, "end_seconds": 13.52, "confidence": null}, {"text": "um", "start_seconds": 13.52, "end_seconds": 13.84, "confidence": null}, {"text": "I've", "start_seconds": 13.84, "end_seconds": 14.08, "confidence": null}, {"text": "just", "start_seconds": 14.08, "end_seconds": 14.16, "confidence": null}, {"text": "had", "start_seconds": 14.16, "end_seconds": 14.24, "confidence": null}, {"text": "some", "start_seconds": 14.88, "end_seconds": 14.96, "confidence": null}, {"text": "um", "start_seconds": 15.36, "end_seconds": 15.44, "confidence": null}, {"text": "diarrhea", "start_seconds": 15.76, "end_seconds": 16.48, "confidence": null}, {"text": "for", "start_seconds": 16.48, "end_seconds": 16.56, "confidence": null}, {"text": "the", "start_seconds": 16.56, "end_seconds": 16.64, "confidence": null}, {"text": "last", "start_seconds": 16.64, "end_seconds": 16.96, "confidence": null}, {"text": "three", "start_seconds": 16.96, "end_seconds": 17.12, "confidence": null}, {"text": "days", "start_seconds": 17.12, "end_seconds": 17.44, "confidence": null}]}}
{"event": "live_event", "case": "en-01", "elapsed_seconds": 19.654791231998388, "value": {"type": "transcript.partial", "session_id": "670896f8-2ff4-4da3-9bb2-d0e3c13d2e66", "sequence": 20, "segment_id": 3, "revision": 1, "text": " um and it's been"}}
{"event": "live_event", "case": "en-01", "elapsed_seconds": 20.212221679998038, "value": {"type": "transcript.partial", "session_id": "670896f8-2ff4-4da3-9bb2-d0e3c13d2e66", "sequence": 21, "segment_id": 3, "revision": 2, "text": " um and it's been affecting me"}}
{"event": "live_event", "case": "en-01", "elapsed_seconds": 20.77301644199906, "value": {"type": "transcript.partial", "session_id": "670896f8-2ff4-4da3-9bb2-d0e3c13d2e66", "sequence": 22, "segment_id": 3, "revision": 3, "text": " um and it's been affecting me I need to"}}
{"event": "live_event", "case": "en-01", "elapsed_seconds": 21.330028721000417, "value": {"type": "transcript.partial", "session_id": "670896f8-2ff4-4da3-9bb2-d0e3c13d2e66", "sequence": 23, "segment_id": 3, "revision": 4, "text": " um and it's been affecting me I need to stay"}}
{"event": "live_event", "case": "en-01", "elapsed_seconds": 21.89209167700028, "value": {"type": "transcript.partial", "session_id": "670896f8-2ff4-4da3-9bb2-d0e3c13d2e66", "sequence": 24, "segment_id": 3, "revision": 5, "text": " um and it's been affecting me I need to stay close to the"}}
{"event": "live_event", "case": "en-01", "elapsed_seconds": 22.450521953000134, "value": {"type": "transcript.partial", "session_id": "670896f8-2ff4-4da3-9bb2-d0e3c13d2e66", "sequence": 25, "segment_id": 3, "revision": 6, "text": " um and it's been affecting me I need to stay close to the toilet"}}
{"event": "live_event", "case": "en-01", "elapsed_seconds": 23.010678275000828, "value": {"type": "transcript.partial", "session_id": "670896f8-2ff4-4da3-9bb2-d0e3c13d2e66", "sequence": 26, "segment_id": 3, "revision": 7, "text": " um and it's been affecting me I need to stay close to the toilet and um"}}
{"event": "live_event", "case": "en-01", "elapsed_seconds": 23.5723507900002, "value": {"type": "transcript.partial", "session_id": "670896f8-2ff4-4da3-9bb2-d0e3c13d2e66", "sequence": 27, "segment_id": 3, "revision": 8, "text": " um and it's been affecting me I need to stay close to the toilet and um yeah"}}
{"event": "live_event", "case": "en-01", "elapsed_seconds": 24.132242051000503, "value": {"type": "transcript.partial", "session_id": "670896f8-2ff4-4da3-9bb2-d0e3c13d2e66", "sequence": 28, "segment_id": 3, "revision": 9, "text": " um and it's been affecting me I need to stay close to the toilet and um yeah it's been"}}
{"event": "live_event", "case": "en-01", "elapsed_seconds": 24.693204544000764, "value": {"type": "transcript.partial", "session_id": "670896f8-2ff4-4da3-9bb2-d0e3c13d2e66", "sequence": 29, "segment_id": 3, "revision": 10, "text": " um and it's been affecting me I need to stay close to the toilet and um yeah it's been affecting my"}}
{"event": "live_event", "case": "en-01", "elapsed_seconds": 25.25247998800114, "value": {"type": "transcript.partial", "session_id": "670896f8-2ff4-4da3-9bb2-d0e3c13d2e66", "sequence": 30, "segment_id": 3, "revision": 11, "text": " um and it's been affecting me I need to stay close to the toilet and um yeah it's been affecting my day to day activ"}}
{"event": "live_event", "case": "en-01", "elapsed_seconds": 25.810671215000184, "value": {"type": "transcript.partial", "session_id": "670896f8-2ff4-4da3-9bb2-d0e3c13d2e66", "sequence": 31, "segment_id": 3, "revision": 12, "text": " um and it's been affecting me I need to stay close to the toilet and um yeah it's been affecting my day to day activities"}}
{"event": "live_event", "case": "en-01", "elapsed_seconds": 26.368550322000374, "value": {"type": "transcript.final", "session_id": "670896f8-2ff4-4da3-9bb2-d0e3c13d2e66", "sequence": 32, "segment_id": 3, "revision": 13, "text": " um and it's been affecting me I need to stay close to the toilet and um yeah it's been affecting my day to day activities", "granularity": "word", "items": [{"text": " um", "start_seconds": 19.04, "end_seconds": 19.2, "confidence": null}, {"text": "and", "start_seconds": 19.2, "end_seconds": 19.28, "confidence": null}, {"text": "it's", "start_seconds": 19.28, "end_seconds": 19.36, "confidence": null}, {"text": "been", "start_seconds": 19.36, "end_seconds": 19.68, "confidence": null}, {"text": "affecting", "start_seconds": 19.68, "end_seconds": 19.92, "confidence": null}, {"text": "me", "start_seconds": 19.92, "end_seconds": 20.24, "confidence": null}, {"text": "I", "start_seconds": 20.24, "end_seconds": 20.48, "confidence": null}, {"text": "need", "start_seconds": 20.48, "end_seconds": 20.56, "confidence": null}, {"text": "to", "start_seconds": 20.56, "end_seconds": 20.8, "confidence": null}, {"text": "stay", "start_seconds": 20.8, "end_seconds": 20.88, "confidence": null}, {"text": "close", "start_seconds": 21.28, "end_seconds": 21.36, "confidence": null}, {"text": "to", "start_seconds": 21.36, "end_seconds": 21.44, "confidence": null}, {"text": "the", "start_seconds": 21.44, "end_seconds": 21.52, "confidence": null}, {"text": "toilet", "start_seconds": 21.84, "end_seconds": 21.92, "confidence": null}, {"text": "and", "start_seconds": 22.4, "end_seconds": 22.72, "confidence": null}, {"text": "um", "start_seconds": 22.72, "end_seconds": 22.8, "confidence": null}, {"text": "yeah", "start_seconds": 23.2, "end_seconds": 23.52, "confidence": null}, {"text": "it's", "start_seconds": 23.52, "end_seconds": 23.6, "confidence": null}, {"text": "been", "start_seconds": 23.6, "end_seconds": 23.68, "confidence": null}, {"text": "affecting", "start_seconds": 24.08, "end_seconds": 24.24, "confidence": null}, {"text": "my", "start_seconds": 24.24, "end_seconds": 24.32, "confidence": null}, {"text": "day", "start_seconds": 24.64, "end_seconds": 24.72, "confidence": null}, {"text": "to", "start_seconds": 24.72, "end_seconds": 24.88, "confidence": null}, {"text": "day", "start_seconds": 24.88, "end_seconds": 24.96, "confidence": null}, {"text": "activities", "start_seconds": 24.96, "end_seconds": 25.2, "confidence": null}]}}
{"event": "live_event", "case": "en-01", "elapsed_seconds": 26.929949902998487, "value": {"type": "transcript.final", "session_id": "670896f8-2ff4-4da3-9bb2-d0e3c13d2e66", "sequence": 33, "segment_id": 4, "revision": 1, "text": " sor", "granularity": "word", "items": [{"text": " sor", "start_seconds": 26.8, "end_seconds": 26.88, "confidence": null}]}}
{"event": "live_event", "case": "en-01", "elapsed_seconds": 27.496037225999316, "value": {"type": "transcript.partial", "session_id": "670896f8-2ff4-4da3-9bb2-d0e3c13d2e66", "sequence": 34, "segment_id": 5, "revision": 1, "text": "ry to hear that"}}
{"event": "live_event", "case": "en-01", "elapsed_seconds": 28.051123901997926, "value": {"type": "transcript.partial", "session_id": "670896f8-2ff4-4da3-9bb2-d0e3c13d2e66", "sequence": 35, "segment_id": 5, "revision": 2, "text": "ry to hear that um"}}
{"event": "live_event", "case": "en-01", "elapsed_seconds": 28.61009661099888, "value": {"type": "transcript.partial", "session_id": "670896f8-2ff4-4da3-9bb2-d0e3c13d2e66", "sequence": 36, "segment_id": 5, "revision": 3, "text": "ry to hear that um and"}}
{"event": "live_event", "case": "en-01", "elapsed_seconds": 29.17236041399883, "value": {"type": "transcript.partial", "session_id": "670896f8-2ff4-4da3-9bb2-d0e3c13d2e66", "sequence": 37, "segment_id": 5, "revision": 4, "text": "ry to hear that um and when you say"}}
{"event": "live_event", "case": "en-01", "elapsed_seconds": 29.73132163599803, "value": {"type": "transcript.partial", "session_id": "670896f8-2ff4-4da3-9bb2-d0e3c13d2e66", "sequence": 38, "segment_id": 5, "revision": 5, "text": "ry to hear that um and when you say diarrhea"}}
{"event": "live_event", "case": "en-01", "elapsed_seconds": 30.294334127000184, "value": {"type": "transcript.partial", "session_id": "670896f8-2ff4-4da3-9bb2-d0e3c13d2e66", "sequence": 39, "segment_id": 5, "revision": 6, "text": "ry to hear that um and when you say diarrhea what do you mean by"}}
{"event": "live_event", "case": "en-01", "elapsed_seconds": 30.85502975199779, "value": {"type": "transcript.partial", "session_id": "670896f8-2ff4-4da3-9bb2-d0e3c13d2e66", "sequence": 40, "segment_id": 5, "revision": 7, "text": "ry to hear that um and when you say diarrhea what do you mean by diarrhea do you"}}
{"event": "live_event", "case": "en-01", "elapsed_seconds": 31.413717519000784, "value": {"type": "transcript.partial", "session_id": "670896f8-2ff4-4da3-9bb2-d0e3c13d2e66", "sequence": 41, "segment_id": 5, "revision": 8, "text": "ry to hear that um and when you say diarrhea what do you mean by diarrhea do you mean you're going to"}}
{"event": "live_event", "case": "en-01", "elapsed_seconds": 31.973614409998845, "value": {"type": "transcript.partial", "session_id": "670896f8-2ff4-4da3-9bb2-d0e3c13d2e66", "sequence": 42, "segment_id": 5, "revision": 9, "text": "ry to hear that um and when you say diarrhea what do you mean by diarrhea do you mean you're going to the toilet more"}}
{"event": "live_event", "case": "en-01", "elapsed_seconds": 32.52999279099822, "value": {"type": "transcript.partial", "session_id": "670896f8-2ff4-4da3-9bb2-d0e3c13d2e66", "sequence": 43, "segment_id": 5, "revision": 10, "text": "ry to hear that um and when you say diarrhea what do you mean by diarrhea do you mean you're going to the toilet more often or"}}
{"event": "live_event", "case": "en-01", "elapsed_seconds": 33.08975271599775, "value": {"type": "transcript.partial", "session_id": "670896f8-2ff4-4da3-9bb2-d0e3c13d2e66", "sequence": 44, "segment_id": 5, "revision": 11, "text": "ry to hear that um and when you say diarrhea what do you mean by diarrhea do you mean you're going to the toilet more often or are"}}
{"event": "live_event", "case": "en-01", "elapsed_seconds": 33.65178743100114, "value": {"type": "transcript.partial", "session_id": "670896f8-2ff4-4da3-9bb2-d0e3c13d2e66", "sequence": 45, "segment_id": 5, "revision": 12, "text": "ry to hear that um and when you say diarrhea what do you mean by diarrhea do you mean you're going to the toilet more often or are your stools"}}
{"event": "live_event", "case": "en-01", "elapsed_seconds": 34.21183073700013, "value": {"type": "transcript.partial", "session_id": "670896f8-2ff4-4da3-9bb2-d0e3c13d2e66", "sequence": 46, "segment_id": 5, "revision": 13, "text": "ry to hear that um and when you say diarrhea what do you mean by diarrhea do you mean you're going to the toilet more often or are your stools more loose"}}
{"event": "live_event", "case": "en-01", "elapsed_seconds": 35.33177790699847, "value": {"type": "transcript.partial", "session_id": "670896f8-2ff4-4da3-9bb2-d0e3c13d2e66", "sequence": 47, "segment_id": 5, "revision": 14, "text": "ry to hear that um and when you say diarrhea what do you mean by diarrhea do you mean you're going to the toilet more often or are your stools more loose Yeah"}}
{"event": "live_event", "case": "en-01", "elapsed_seconds": 35.89476432900119, "value": {"type": "transcript.partial", "session_id": "670896f8-2ff4-4da3-9bb2-d0e3c13d2e66", "sequence": 48, "segment_id": 5, "revision": 15, "text": "ry to hear that um and when you say diarrhea what do you mean by diarrhea do you mean you're going to the toilet more often or are your stools more loose Yeah so it's like"}}
{"event": "live_event", "case": "en-01", "elapsed_seconds": 36.45070581300024, "value": {"type": "transcript.partial", "session_id": "670896f8-2ff4-4da3-9bb2-d0e3c13d2e66", "sequence": 49, "segment_id": 5, "revision": 16, "text": "ry to hear that um and when you say diarrhea what do you mean by diarrhea do you mean you're going to the toilet more often or are your stools more loose Yeah so it's like loose"}}
{"event": "live_event", "case": "en-01", "elapsed_seconds": 37.012157119999756, "value": {"type": "transcript.partial", "session_id": "670896f8-2ff4-4da3-9bb2-d0e3c13d2e66", "sequence": 50, "segment_id": 5, "revision": 17, "text": "ry to hear that um and when you say diarrhea what do you mean by diarrhea do you mean you're going to the toilet more often or are your stools more loose Yeah so it's like loose and watery"}}
{"event": "live_event", "case": "en-01", "elapsed_seconds": 37.57020839899997, "value": {"type": "transcript.partial", "session_id": "670896f8-2ff4-4da3-9bb2-d0e3c13d2e66", "sequence": 51, "segment_id": 5, "revision": 18, "text": "ry to hear that um and when you say diarrhea what do you mean by diarrhea do you mean you're going to the toilet more often or are your stools more loose Yeah so it's like loose and watery stool"}}
{"event": "live_event", "case": "en-01", "elapsed_seconds": 38.132881314999395, "value": {"type": "transcript.partial", "session_id": "670896f8-2ff4-4da3-9bb2-d0e3c13d2e66", "sequence": 52, "segment_id": 5, "revision": 19, "text": "ry to hear that um and when you say diarrhea what do you mean by diarrhea do you mean you're going to the toilet more often or are your stools more loose Yeah so it's like loose and watery stool going to the"}}
{"event": "live_event", "case": "en-01", "elapsed_seconds": 38.693358857999556, "value": {"type": "transcript.partial", "session_id": "670896f8-2ff4-4da3-9bb2-d0e3c13d2e66", "sequence": 53, "segment_id": 5, "revision": 20, "text": "ry to hear that um and when you say diarrhea what do you mean by diarrhea do you mean you're going to the toilet more often or are your stools more loose Yeah so it's like loose and watery stool going to the toilet"}}
{"event": "live_event", "case": "en-01", "elapsed_seconds": 39.253819622001174, "value": {"type": "transcript.partial", "session_id": "670896f8-2ff4-4da3-9bb2-d0e3c13d2e66", "sequence": 54, "segment_id": 5, "revision": 21, "text": "ry to hear that um and when you say diarrhea what do you mean by diarrhea do you mean you're going to the toilet more often or are your stools more loose Yeah so it's like loose and watery stool going to the toilet quite often"}}
{"event": "live_event", "case": "en-01", "elapsed_seconds": 40.369949723997706, "value": {"type": "transcript.partial", "session_id": "670896f8-2ff4-4da3-9bb2-d0e3c13d2e66", "sequence": 55, "segment_id": 5, "revision": 22, "text": "ry to hear that um and when you say diarrhea what do you mean by diarrhea do you mean you're going to the toilet more often or are your stools more loose Yeah so it's like loose and watery stool going to the toilet quite often um"}}
{"event": "live_event", "case": "en-01", "elapsed_seconds": 40.93176632899849, "value": {"type": "transcript.partial", "session_id": "670896f8-2ff4-4da3-9bb2-d0e3c13d2e66", "sequence": 56, "segment_id": 5, "revision": 23, "text": "ry to hear that um and when you say diarrhea what do you mean by diarrhea do you mean you're going to the toilet more often or are your stools more loose Yeah so it's like loose and watery stool going to the toilet quite often um and like"}}
{"event": "live_event", "case": "en-01", "elapsed_seconds": 41.49098907699954, "value": {"type": "transcript.partial", "session_id": "670896f8-2ff4-4da3-9bb2-d0e3c13d2e66", "sequence": 57, "segment_id": 5, "revision": 24, "text": "ry to hear that um and when you say diarrhea what do you mean by diarrhea do you mean you're going to the toilet more often or are your stools more loose Yeah so it's like loose and watery stool going to the toilet quite often um and like some"}}
{"event": "live_event", "case": "en-01", "elapsed_seconds": 42.05202640399875, "value": {"type": "transcript.partial", "session_id": "670896f8-2ff4-4da3-9bb2-d0e3c13d2e66", "sequence": 58, "segment_id": 5, "revision": 25, "text": "ry to hear that um and when you say diarrhea what do you mean by diarrhea do you mean you're going to the toilet more often or are your stools more loose Yeah so it's like loose and watery stool going to the toilet quite often um and like some pain in"}}
{"event": "live_event", "case": "en-01", "elapsed_seconds": 42.60995388499941, "value": {"type": "transcript.partial", "session_id": "670896f8-2ff4-4da3-9bb2-d0e3c13d2e66", "sequence": 59, "segment_id": 5, "revision": 26, "text": "ry to hear that um and when you say diarrhea what do you mean by diarrhea do you mean you're going to the toilet more often or are your stools more loose Yeah so it's like loose and watery stool going to the toilet quite often um and like some pain in my"}}
{"event": "live_event", "case": "en-01", "elapsed_seconds": 43.17164266100008, "value": {"type": "transcript.partial", "session_id": "670896f8-2ff4-4da3-9bb2-d0e3c13d2e66", "sequence": 60, "segment_id": 5, "revision": 27, "text": "ry to hear that um and when you say diarrhea what do you mean by diarrhea do you mean you're going to the toilet more often or are your stools more loose Yeah so it's like loose and watery stool going to the toilet quite often um and like some pain in my like"}}
{"event": "live_event", "case": "en-01", "elapsed_seconds": 43.732384241000545, "value": {"type": "transcript.partial", "session_id": "670896f8-2ff4-4da3-9bb2-d0e3c13d2e66", "sequence": 61, "segment_id": 5, "revision": 28, "text": "ry to hear that um and when you say diarrhea what do you mean by diarrhea do you mean you're going to the toilet more often or are your stools more loose Yeah so it's like loose and watery stool going to the toilet quite often um and like some pain in my like lower stomach"}}
{"event": "live_event", "case": "en-01", "elapsed_seconds": 44.851108466998994, "value": {"type": "transcript.partial", "session_id": "670896f8-2ff4-4da3-9bb2-d0e3c13d2e66", "sequence": 62, "segment_id": 5, "revision": 29, "text": "ry to hear that um and when you say diarrhea what do you mean by diarrhea do you mean you're going to the toilet more often or are your stools more loose Yeah so it's like loose and watery stool going to the toilet quite often um and like some pain in my like lower stomach okay"}}
{"event": "live_event", "case": "en-01", "elapsed_seconds": 45.41504259700014, "value": {"type": "transcript.partial", "session_id": "670896f8-2ff4-4da3-9bb2-d0e3c13d2e66", "sequence": 63, "segment_id": 5, "revision": 30, "text": "ry to hear that um and when you say diarrhea what do you mean by diarrhea do you mean you're going to the toilet more often or are your stools more loose Yeah so it's like loose and watery stool going to the toilet quite often um and like some pain in my like lower stomach okay and how many times"}}
{"event": "live_event", "case": "en-01", "elapsed_seconds": 45.9754527269979, "value": {"type": "transcript.partial", "session_id": "670896f8-2ff4-4da3-9bb2-d0e3c13d2e66", "sequence": 64, "segment_id": 5, "revision": 31, "text": "ry to hear that um and when you say diarrhea what do you mean by diarrhea do you mean you're going to the toilet more often or are your stools more loose Yeah so it's like loose and watery stool going to the toilet quite often um and like some pain in my like lower stomach okay and how many times a day are you"}}
{"event": "live_event", "case": "en-01", "elapsed_seconds": 46.53340431899778, "value": {"type": "transcript.partial", "session_id": "670896f8-2ff4-4da3-9bb2-d0e3c13d2e66", "sequence": 65, "segment_id": 5, "revision": 32, "text": "ry to hear that um and when you say diarrhea what do you mean by diarrhea do you mean you're going to the toilet more often or are your stools more loose Yeah so it's like loose and watery stool going to the toilet quite often um and like some pain in my like lower stomach okay and how many times a day are you going let's"}}
{"event": "live_event", "case": "en-01", "elapsed_seconds": 47.09111926300102, "value": {"type": "transcript.partial", "session_id": "670896f8-2ff4-4da3-9bb2-d0e3c13d2e66", "sequence": 66, "segment_id": 5, "revision": 33, "text": "ry to hear that um and when you say diarrhea what do you mean by diarrhea do you mean you're going to the toilet more often or are your stools more loose Yeah so it's like loose and watery stool going to the toilet quite often um and like some pain in my like lower stomach okay and how many times a day are you going let's say"}}
{"event": "live_event", "case": "en-01", "elapsed_seconds": 47.65620574700006, "value": {"type": "transcript.partial", "session_id": "670896f8-2ff4-4da3-9bb2-d0e3c13d2e66", "sequence": 67, "segment_id": 5, "revision": 34, "text": "ry to hear that um and when you say diarrhea what do you mean by diarrhea do you mean you're going to the toilet more often or are your stools more loose Yeah so it's like loose and watery stool going to the toilet quite often um and like some pain in my like lower stomach okay and how many times a day are you going let's say over the last couple of"}}
{"event": "live_event", "case": "en-01", "elapsed_seconds": 48.212644647999696, "value": {"type": "transcript.partial", "session_id": "670896f8-2ff4-4da3-9bb2-d0e3c13d2e66", "sequence": 68, "segment_id": 5, "revision": 35, "text": "ry to hear that um and when you say diarrhea what do you mean by diarrhea do you mean you're going to the toilet more often or are your stools more loose Yeah so it's like loose and watery stool going to the toilet quite often um and like some pain in my like lower stomach okay and how many times a day are you going let's say over the last couple of days"}}
{"event": "live_event", "case": "en-01", "elapsed_seconds": 48.77145470200048, "value": {"type": "transcript.partial", "session_id": "670896f8-2ff4-4da3-9bb2-d0e3c13d2e66", "sequence": 69, "segment_id": 5, "revision": 36, "text": "ry to hear that um and when you say diarrhea what do you mean by diarrhea do you mean you're going to the toilet more often or are your stools more loose Yeah so it's like loose and watery stool going to the toilet quite often um and like some pain in my like lower stomach okay and how many times a day are you going let's say over the last couple of days probably"}}
{"event": "live_event", "case": "en-01", "elapsed_seconds": 49.33147159099826, "value": {"type": "transcript.partial", "session_id": "670896f8-2ff4-4da3-9bb2-d0e3c13d2e66", "sequence": 70, "segment_id": 5, "revision": 37, "text": "ry to hear that um and when you say diarrhea what do you mean by diarrhea do you mean you're going to the toilet more often or are your stools more loose Yeah so it's like loose and watery stool going to the toilet quite often um and like some pain in my like lower stomach okay and how many times a day are you going let's say over the last couple of days probably like"}}
{"event": "live_event", "case": "en-01", "elapsed_seconds": 49.89252539199879, "value": {"type": "transcript.partial", "session_id": "670896f8-2ff4-4da3-9bb2-d0e3c13d2e66", "sequence": 71, "segment_id": 5, "revision": 38, "text": "ry to hear that um and when you say diarrhea what do you mean by diarrhea do you mean you're going to the toilet more often or are your stools more loose Yeah so it's like loose and watery stool going to the toilet quite often um and like some pain in my like lower stomach okay and how many times a day are you going let's say over the last couple of days probably like six seven"}}
{"event": "live_event", "case": "en-01", "elapsed_seconds": 50.453231037998194, "value": {"type": "transcript.partial", "session_id": "670896f8-2ff4-4da3-9bb2-d0e3c13d2e66", "sequence": 72, "segment_id": 5, "revision": 39, "text": "ry to hear that um and when you say diarrhea what do you mean by diarrhea do you mean you're going to the toilet more often or are your stools more loose Yeah so it's like loose and watery stool going to the toilet quite often um and like some pain in my like lower stomach okay and how many times a day are you going let's say over the last couple of days probably like six seven times a day"}}
{"event": "live_event", "case": "en-01", "elapsed_seconds": 51.010523821998504, "value": {"type": "transcript.partial", "session_id": "670896f8-2ff4-4da3-9bb2-d0e3c13d2e66", "sequence": 73, "segment_id": 5, "revision": 40, "text": "ry to hear that um and when you say diarrhea what do you mean by diarrhea do you mean you're going to the toilet more often or are your stools more loose Yeah so it's like loose and watery stool going to the toilet quite often um and like some pain in my like lower stomach okay and how many times a day are you going let's say over the last couple of days probably like six seven times a day six"}}
{"event": "live_event", "case": "en-01", "elapsed_seconds": 51.574995168000896, "value": {"type": "transcript.partial", "session_id": "670896f8-2ff4-4da3-9bb2-d0e3c13d2e66", "sequence": 74, "segment_id": 5, "revision": 41, "text": "ry to hear that um and when you say diarrhea what do you mean by diarrhea do you mean you're going to the toilet more often or are your stools more loose Yeah so it's like loose and watery stool going to the toilet quite often um and like some pain in my like lower stomach okay and how many times a day are you going let's say over the last couple of days probably like six seven times a day six seven times a day"}}
{"event": "live_event", "case": "en-01", "elapsed_seconds": 52.130789109000034, "value": {"type": "transcript.partial", "session_id": "670896f8-2ff4-4da3-9bb2-d0e3c13d2e66", "sequence": 75, "segment_id": 5, "revision": 42, "text": "ry to hear that um and when you say diarrhea what do you mean by diarrhea do you mean you're going to the toilet more often or are your stools more loose Yeah so it's like loose and watery stool going to the toilet quite often um and like some pain in my like lower stomach okay and how many times a day are you going let's say over the last couple of days probably like six seven times a day six seven times a day and"}}
{"event": "live_event", "case": "en-01", "elapsed_seconds": 52.69135593899773, "value": {"type": "transcript.partial", "session_id": "670896f8-2ff4-4da3-9bb2-d0e3c13d2e66", "sequence": 76, "segment_id": 5, "revision": 43, "text": "ry to hear that um and when you say diarrhea what do you mean by diarrhea do you mean you're going to the toilet more often or are your stools more loose Yeah so it's like loose and watery stool going to the toilet quite often um and like some pain in my like lower stomach okay and how many times a day are you going let's say over the last couple of days probably like six seven times a day six seven times a day and you may"}}
{"event": "live_event", "case": "en-01", "elapsed_seconds": 53.25498614599928, "value": {"type": "transcript.partial", "session_id": "670896f8-2ff4-4da3-9bb2-d0e3c13d2e66", "sequence": 77, "segment_id": 5, "revision": 44, "text": "ry to hear that um and when you say diarrhea what do you mean by diarrhea do you mean you're going to the toilet more often or are your stools more loose Yeah so it's like loose and watery stool going to the toilet quite often um and like some pain in my like lower stomach okay and how many times a day are you going let's say over the last couple of days probably like six seven times a day six seven times a day and you may mention"}}
{"event": "live_event", "case": "en-01", "elapsed_seconds": 53.81221422999806, "value": {"type": "transcript.partial", "session_id": "670896f8-2ff4-4da3-9bb2-d0e3c13d2e66", "sequence": 78, "segment_id": 5, "revision": 45, "text": "ry to hear that um and when you say diarrhea what do you mean by diarrhea do you mean you're going to the toilet more often or are your stools more loose Yeah so it's like loose and watery stool going to the toilet quite often um and like some pain in my like lower stomach okay and how many times a day are you going let's say over the last couple of days probably like six seven times a day six seven times a day and you may mention is mainly"}}
{"event": "live_event", "case": "en-01", "elapsed_seconds": 54.375058179000916, "value": {"type": "transcript.partial", "session_id": "670896f8-2ff4-4da3-9bb2-d0e3c13d2e66", "sequence": 79, "segment_id": 5, "revision": 46, "text": "ry to hear that um and when you say diarrhea what do you mean by diarrhea do you mean you're going to the toilet more often or are your stools more loose Yeah so it's like loose and watery stool going to the toilet quite often um and like some pain in my like lower stomach okay and how many times a day are you going let's say over the last couple of days probably like six seven times a day six seven times a day and you may mention is mainly water tree have"}}
{"event": "live_event", "case": "en-01", "elapsed_seconds": 54.935976982000284, "value": {"type": "transcript.partial", "session_id": "670896f8-2ff4-4da3-9bb2-d0e3c13d2e66", "sequence": 80, "segment_id": 5, "revision": 47, "text": "ry to hear that um and when you say diarrhea what do you mean by diarrhea do you mean you're going to the toilet more often or are your stools more loose Yeah so it's like loose and watery stool going to the toilet quite often um and like some pain in my like lower stomach okay and how many times a day are you going let's say over the last couple of days probably like six seven times a day six seven times a day and you may mention is mainly water tree have you noticed any other"}}
{"event": "live_event", "case": "en-01", "elapsed_seconds": 55.49335802299902, "value": {"type": "transcript.partial", "session_id": "670896f8-2ff4-4da3-9bb2-d0e3c13d2e66", "sequence": 81, "segment_id": 5, "revision": 48, "text": "ry to hear that um and when you say diarrhea what do you mean by diarrhea do you mean you're going to the toilet more often or are your stools more loose Yeah so it's like loose and watery stool going to the toilet quite often um and like some pain in my like lower stomach okay and how many times a day are you going let's say over the last couple of days probably like six seven times a day six seven times a day and you may mention is mainly water tree have you noticed any other things like bl"}}
{"event": "live_event", "case": "en-01", "elapsed_seconds": 56.05258511300053, "value": {"type": "transcript.partial", "session_id": "670896f8-2ff4-4da3-9bb2-d0e3c13d2e66", "sequence": 82, "segment_id": 5, "revision": 49, "text": "ry to hear that um and when you say diarrhea what do you mean by diarrhea do you mean you're going to the toilet more often or are your stools more loose Yeah so it's like loose and watery stool going to the toilet quite often um and like some pain in my like lower stomach okay and how many times a day are you going let's say over the last couple of days probably like six seven times a day six seven times a day and you may mention is mainly water tree have you noticed any other things like blood in your"}}
{"event": "live_event", "case": "en-01", "elapsed_seconds": 56.61175036499844, "value": {"type": "transcript.partial", "session_id": "670896f8-2ff4-4da3-9bb2-d0e3c13d2e66", "sequence": 83, "segment_id": 5, "revision": 50, "text": "ry to hear that um and when you say diarrhea what do you mean by diarrhea do you mean you're going to the toilet more often or are your stools more loose Yeah so it's like loose and watery stool going to the toilet quite often um and like some pain in my like lower stomach okay and how many times a day are you going let's say over the last couple of days probably like six seven times a day six seven times a day and you may mention is mainly water tree have you noticed any other things like blood in your stools"}}
{"event": "live_event", "case": "en-01", "elapsed_seconds": 57.17002552899794, "value": {"type": "transcript.partial", "session_id": "670896f8-2ff4-4da3-9bb2-d0e3c13d2e66", "sequence": 84, "segment_id": 5, "revision": 51, "text": "ry to hear that um and when you say diarrhea what do you mean by diarrhea do you mean you're going to the toilet more often or are your stools more loose Yeah so it's like loose and watery stool going to the toilet quite often um and like some pain in my like lower stomach okay and how many times a day are you going let's say over the last couple of days probably like six seven times a day six seven times a day and you may mention is mainly water tree have you noticed any other things like blood in your stools no"}}
{"event": "live_event", "case": "en-01", "elapsed_seconds": 57.731889262999175, "value": {"type": "transcript.partial", "session_id": "670896f8-2ff4-4da3-9bb2-d0e3c13d2e66", "sequence": 85, "segment_id": 5, "revision": 52, "text": "ry to hear that um and when you say diarrhea what do you mean by diarrhea do you mean you're going to the toilet more often or are your stools more loose Yeah so it's like loose and watery stool going to the toilet quite often um and like some pain in my like lower stomach okay and how many times a day are you going let's say over the last couple of days probably like six seven times a day six seven times a day and you may mention is mainly water tree have you noticed any other things like blood in your stools no no blood"}}
{"event": "live_event", "case": "en-01", "elapsed_seconds": 58.29159722999975, "value": {"type": "transcript.partial", "session_id": "670896f8-2ff4-4da3-9bb2-d0e3c13d2e66", "sequence": 86, "segment_id": 5, "revision": 53, "text": "ry to hear that um and when you say diarrhea what do you mean by diarrhea do you mean you're going to the toilet more often or are your stools more loose Yeah so it's like loose and watery stool going to the toilet quite often um and like some pain in my like lower stomach okay and how many times a day are you going let's say over the last couple of days probably like six seven times a day six seven times a day and you may mention is mainly water tree have you noticed any other things like blood in your stools no no blood Yeah just"}}
{"event": "live_event", "case": "en-01", "elapsed_seconds": 58.851249480998376, "value": {"type": "transcript.partial", "session_id": "670896f8-2ff4-4da3-9bb2-d0e3c13d2e66", "sequence": 87, "segment_id": 5, "revision": 54, "text": "ry to hear that um and when you say diarrhea what do you mean by diarrhea do you mean you're going to the toilet more often or are your stools more loose Yeah so it's like loose and watery stool going to the toilet quite often um and like some pain in my like lower stomach okay and how many times a day are you going let's say over the last couple of days probably like six seven times a day six seven times a day and you may mention is mainly water tree have you noticed any other things like blood in your stools no no blood Yeah just watery"}}
{"event": "live_event", "case": "en-01", "elapsed_seconds": 59.41208388299856, "value": {"type": "transcript.partial", "session_id": "670896f8-2ff4-4da3-9bb2-d0e3c13d2e66", "sequence": 88, "segment_id": 5, "revision": 55, "text": "ry to hear that um and when you say diarrhea what do you mean by diarrhea do you mean you're going to the toilet more often or are your stools more loose Yeah so it's like loose and watery stool going to the toilet quite often um and like some pain in my like lower stomach okay and how many times a day are you going let's say over the last couple of days probably like six seven times a day six seven times a day and you may mention is mainly water tree have you noticed any other things like blood in your stools no no blood Yeah just watery and loose"}}
{"event": "live_event", "case": "en-01", "elapsed_seconds": 59.97230441799911, "value": {"type": "transcript.partial", "session_id": "670896f8-2ff4-4da3-9bb2-d0e3c13d2e66", "sequence": 89, "segment_id": 5, "revision": 56, "text": "ry to hear that um and when you say diarrhea what do you mean by diarrhea do you mean you're going to the toilet more often or are your stools more loose Yeah so it's like loose and watery stool going to the toilet quite often um and like some pain in my like lower stomach okay and how many times a day are you going let's say over the last couple of days probably like six seven times a day six seven times a day and you may mention is mainly water tree have you noticed any other things like blood in your stools no no blood Yeah just watery and loose stool okay"}}
{"event": "live_event", "case": "en-01", "elapsed_seconds": 61.09803645499778, "value": {"type": "transcript.partial", "session_id": "670896f8-2ff4-4da3-9bb2-d0e3c13d2e66", "sequence": 90, "segment_id": 5, "revision": 57, "text": "ry to hear that um and when you say diarrhea what do you mean by diarrhea do you mean you're going to the toilet more often or are your stools more loose Yeah so it's like loose and watery stool going to the toilet quite often um and like some pain in my like lower stomach okay and how many times a day are you going let's say over the last couple of days probably like six seven times a day six seven times a day and you may mention is mainly water tree have you noticed any other things like blood in your stools no no blood Yeah just watery and loose stool okay and you mentioned you've had"}}
{"event": "live_event", "case": "en-01", "elapsed_seconds": 61.653373500997986, "value": {"type": "transcript.partial", "session_id": "670896f8-2ff4-4da3-9bb2-d0e3c13d2e66", "sequence": 91, "segment_id": 5, "revision": 58, "text": "ry to hear that um and when you say diarrhea what do you mean by diarrhea do you mean you're going to the toilet more often or are your stools more loose Yeah so it's like loose and watery stool going to the toilet quite often um and like some pain in my like lower stomach okay and how many times a day are you going let's say over the last couple of days probably like six seven times a day six seven times a day and you may mention is mainly water tree have you noticed any other things like blood in your stools no no blood Yeah just watery and loose stool okay and you mentioned you've had some pain in"}}
{"event": "live_event", "case": "en-01", "elapsed_seconds": 62.21579741199821, "value": {"type": "transcript.partial", "session_id": "670896f8-2ff4-4da3-9bb2-d0e3c13d2e66", "sequence": 92, "segment_id": 5, "revision": 59, "text": "ry to hear that um and when you say diarrhea what do you mean by diarrhea do you mean you're going to the toilet more often or are your stools more loose Yeah so it's like loose and watery stool going to the toilet quite often um and like some pain in my like lower stomach okay and how many times a day are you going let's say over the last couple of days probably like six seven times a day six seven times a day and you may mention is mainly water tree have you noticed any other things like blood in your stools no no blood Yeah just watery and loose stool okay and you mentioned you've had some pain in your tummy as"}}
{"event": "live_event", "case": "en-01", "elapsed_seconds": 62.77105811299771, "value": {"type": "transcript.partial", "session_id": "670896f8-2ff4-4da3-9bb2-d0e3c13d2e66", "sequence": 93, "segment_id": 5, "revision": 60, "text": "ry to hear that um and when you say diarrhea what do you mean by diarrhea do you mean you're going to the toilet more often or are your stools more loose Yeah so it's like loose and watery stool going to the toilet quite often um and like some pain in my like lower stomach okay and how many times a day are you going let's say over the last couple of days probably like six seven times a day six seven times a day and you may mention is mainly water tree have you noticed any other things like blood in your stools no no blood Yeah just watery and loose stool okay and you mentioned you've had some pain in your tummy as well"}}
{"event": "live_event", "case": "en-01", "elapsed_seconds": 63.332705118999, "value": {"type": "transcript.final", "session_id": "670896f8-2ff4-4da3-9bb2-d0e3c13d2e66", "sequence": 94, "segment_id": 5, "revision": 61, "text": "ry to hear that um and when you say diarrhea what do you mean by diarrhea do you mean you're going to the toilet more often or are your stools more loose Yeah so it's like loose and watery stool going to the toilet quite often um and like some pain in my like lower stomach okay and how many times a day are you going let's say over the last couple of days probably like six seven times a day six seven times a day and you may mention is mainly water tree have you noticed any other things like blood in your stools no no blood Yeah just watery and loose stool okay and you mentioned you've had some pain in your tummy as well", "granularity": "word", "items": [{"text": "ry", "start_seconds": 27.04, "end_seconds": 27.12, "confidence": null}, {"text": "to", "start_seconds": 27.12, "end_seconds": 27.2, "confidence": null}, {"text": "hear", "start_seconds": 27.2, "end_seconds": 27.36, "confidence": null}, {"text": "that", "start_seconds": 27.36, "end_seconds": 27.44, "confidence": null}, {"text": "um", "start_seconds": 27.92, "end_seconds": 28.0, "confidence": null}, {"text": "and", "start_seconds": 28.4, "end_seconds": 28.48, "confidence": null}, {"text": "when", "start_seconds": 28.8, "end_seconds": 28.88, "confidence": null}, {"text": "you", "start_seconds": 28.88, "end_seconds": 28.96, "confidence": null}, {"text": "say", "start_seconds": 28.96, "end_seconds": 29.12, "confidence": null}, {"text": "diarrhea", "start_seconds": 29.12, "end_seconds": 29.68, "confidence": null}, {"text": "what", "start_seconds": 29.68, "end_seconds": 29.76, "confidence": null}, {"text": "do", "start_seconds": 29.76, "end_seconds": 29.84, "confidence": null}, {"text": "you", "start_seconds": 29.84, "end_seconds": 29.92, "confidence": null}, {"text": "mean", "start_seconds": 29.92, "end_seconds": 30.08, "confidence": null}, {"text": "by", "start_seconds": 30.08, "end_seconds": 30.32, "confidence": null}, {"text": "diarrhea", "start_seconds": 30.32, "end_seconds": 30.72, "confidence": null}, {"text": "do", "start_seconds": 30.72, "end_seconds": 30.8, "confidence": null}, {"text": "you", "start_seconds": 30.8, "end_seconds": 30.88, "confidence": null}, {"text": "mean", "start_seconds": 30.88, "end_seconds": 30.96, "confidence": null}, {"text": "you're", "start_seconds": 30.96, "end_seconds": 31.12, "confidence": null}, {"text": "going", "start_seconds": 31.12, "end_seconds": 31.28, "confidence": null}, {"text": "to", "start_seconds": 31.28, "end_seconds": 31.44, "confidence": null}, {"text": "the", "start_seconds": 31.44, "end_seconds": 31.6, "confidence": null}, {"text": "toilet", "start_seconds": 31.6, "end_seconds": 31.92, "confidence": null}, {"text": "more", "start_seconds": 31.92, "end_seconds": 32.08, "confidence": null}, {"text": "often", "start_seconds": 32.08, "end_seconds": 32.16, "confidence": null}, {"text": "or", "start_seconds": 32.4, "end_seconds": 32.48, "confidence": null}, {"text": "are", "start_seconds": 32.8, "end_seconds": 33.12, "confidence": null}, {"text": "your", "start_seconds": 33.12, "end_seconds": 33.28, "confidence": null}, {"text": "stools", "start_seconds": 33.28, "end_seconds": 33.6, "confidence": null}, {"text": "more", "start_seconds": 33.6, "end_seconds": 33.76, "confidence": null}, {"text": "loose", "start_seconds": 33.76, "end_seconds": 33.84, "confidence": null}, {"text": "Yeah", "start_seconds": 34.88, "end_seconds": 34.96, "confidence": null}, {"text": "so", "start_seconds": 35.28, "end_seconds": 35.44, "confidence": null}, {"text": "it's", "start_seconds": 35.44, "end_seconds": 35.52, "confidence": null}, {"text": "like", "start_seconds": 35.52, "end_seconds": 35.84, "confidence": null}, {"text": "loose", "start_seconds": 35.84, "end_seconds": 35.92, "confidence": null}, {"text": "and", "start_seconds": 36.4, "end_seconds": 36.48, "confidence": null}, {"text": "watery", "start_seconds": 36.48, "end_seconds": 37.12, "confidence": null}, {"text": "stool", "start_seconds": 37.12, "end_seconds": 37.2, "confidence": null}, {"text": "going", "start_seconds": 37.52, "end_seconds": 37.68, "confidence": null}, {"text": "to", "start_seconds": 37.68, "end_seconds": 37.76, "confidence": null}, {"text": "the", "start_seconds": 37.76, "end_seconds": 37.84, "confidence": null}, {"text": "toilet", "start_seconds": 38.16, "end_seconds": 38.24, "confidence": null}, {"text": "quite", "start_seconds": 38.64, "end_seconds": 38.8, "confidence": null}, {"text": "often", "start_seconds": 38.8, "end_seconds": 38.88, "confidence": null}, {"text": "um", "start_seconds": 39.92, "end_seconds": 40.0, "confidence": null}, {"text": "and", "start_seconds": 40.4, "end_seconds": 40.48, "confidence": null}, {"text": "like", "start_seconds": 40.48, "end_seconds": 40.56, "confidence": null}, {"text": "some", "start_seconds": 40.88, "end_seconds": 40.96, "confidence": null}, {"text": "pain", "start_seconds": 41.44, "end_seconds": 41.76, "confidence": null}, {"text": "in", "start_seconds": 41.76, "end_seconds": 42.08, "confidence": null}, {"text": "my", "start_seconds": 42.08, "end_seconds": 42.16, "confidence": null}, {"text": "like", "start_seconds": 42.64, "end_seconds": 42.72, "confidence": null}, {"text": "lower", "start_seconds": 43.12, "end_seconds": 43.28, "confidence": null}, {"text": "stomach", "start_seconds": 43.28, "end_seconds": 43.36, "confidence": null}, {"text": "okay", "start_seconds": 44.24, "end_seconds": 44.32, "confidence": null}, {"text": "and", "start_seconds": 44.8, "end_seconds": 44.96, "confidence": null}, {"text": "how", "start_seconds": 44.96, "end_seconds": 45.04, "confidence": null}, {"text": "many", "start_seconds": 45.04, "end_seconds": 45.12, "confidence": null}, {"text": "times", "start_seconds": 45.12, "end_seconds": 45.44, "confidence": null}, {"text": "a", "start_seconds": 45.44, "end_seconds": 45.52, "confidence": null}, {"text": "day", "start_seconds": 45.52, "end_seconds": 45.68, "confidence": null}, {"text": "are", "start_seconds": 45.68, "end_seconds": 45.84, "confidence": null}, {"text": "you", "start_seconds": 45.84, "end_seconds": 46.0, "confidence": null}, {"text": "going", "start_seconds": 46.0, "end_seconds": 46.08, "confidence": null}, {"text": "let's", "start_seconds": 46.4, "end_seconds": 46.56, "confidence": null}, {"text": "say", "start_seconds": 46.56, "end_seconds": 46.64, "confidence": null}, {"text": "over", "start_seconds": 47.04, "end_seconds": 47.2, "confidence": null}, {"text": "the", "start_seconds": 47.2, "end_seconds": 47.28, "confidence": null}, {"text": "last", "start_seconds": 47.28, "end_seconds": 47.36, "confidence": null}, {"text": "couple", "start_seconds": 47.36, "end_seconds": 47.44, "confidence": null}, {"text": "of", "start_seconds": 47.44, "end_seconds": 47.6, "confidence": null}, {"text": "days", "start_seconds": 47.6, "end_seconds": 47.68, "confidence": null}, {"text": "probably", "start_seconds": 48.48, "end_seconds": 48.72, "confidence": null}, {"text": "like", "start_seconds": 48.72, "end_seconds": 48.8, "confidence": null}, {"text": "six", "start_seconds": 49.28, "end_seconds": 49.36, "confidence": null}, {"text": "seven", "start_seconds": 49.68, "end_seconds": 49.92, "confidence": null}, {"text": "times", "start_seconds": 49.92, "end_seconds": 50.0, "confidence": null}, {"text": "a", "start_seconds": 50.0, "end_seconds": 50.16, "confidence": null}, {"text": "day", "start_seconds": 50.16, "end_seconds": 50.24, "confidence": null}, {"text": "six", "start_seconds": 50.88, "end_seconds": 51.12, "confidence": null}, {"text": "seven", "start_seconds": 51.12, "end_seconds": 51.28, "confidence": null}, {"text": "times", "start_seconds": 51.28, "end_seconds": 51.36, "confidence": null}, {"text": "a", "start_seconds": 51.36, "end_seconds": 51.44, "confidence": null}, {"text": "day", "start_seconds": 51.44, "end_seconds": 51.52, "confidence": null}, {"text": "and", "start_seconds": 51.92, "end_seconds": 52.16, "confidence": null}, {"text": "you", "start_seconds": 52.16, "end_seconds": 52.4, "confidence": null}, {"text": "may", "start_seconds": 52.4, "end_seconds": 52.48, "confidence": null}, {"text": "mention", "start_seconds": 52.96, "end_seconds": 53.2, "confidence": null}, {"text": "is", "start_seconds": 53.2, "end_seconds": 53.36, "confidence": null}, {"text": "mainly", "start_seconds": 53.36, "end_seconds": 53.76, "confidence": null}, {"text": "water", "start_seconds": 53.76, "end_seconds": 53.92, "confidence": null}, {"text": "tree", "start_seconds": 53.92, "end_seconds": 54.24, "confidence": null}, {"text": "have", "start_seconds": 54.24, "end_seconds": 54.32, "confidence": null}, {"text": "you", "start_seconds": 54.32, "end_seconds": 54.4, "confidence": null}, {"text": "noticed", "start_seconds": 54.4, "end_seconds": 54.64, "confidence": null}, {"text": "any", "start_seconds": 54.64, "end_seconds": 54.72, "confidence": null}, {"text": "other", "start_seconds": 54.72, "end_seconds": 54.96, "confidence": null}, {"text": "things", "start_seconds": 54.96, "end_seconds": 55.12, "confidence": null}, {"text": "like", "start_seconds": 55.12, "end_seconds": 55.36, "confidence": null}, {"text": "blood", "start_seconds": 55.36, "end_seconds": 55.52, "confidence": null}, {"text": "in", "start_seconds": 55.52, "end_seconds": 55.68, "confidence": null}, {"text": "your", "start_seconds": 55.68, "end_seconds": 56.0, "confidence": null}, {"text": "stools", "start_seconds": 56.0, "end_seconds": 56.16, "confidence": null}, {"text": "no", "start_seconds": 56.72, "end_seconds": 56.8, "confidence": null}, {"text": "no", "start_seconds": 57.12, "end_seconds": 57.36, "confidence": null}, {"text": "blood", "start_seconds": 57.36, "end_seconds": 57.44, "confidence": null}, {"text": "Yeah", "start_seconds": 57.76, "end_seconds": 57.92, "confidence": null}, {"text": "just", "start_seconds": 57.92, "end_seconds": 58.0, "confidence": null}, {"text": "watery", "start_seconds": 58.32, "end_seconds": 58.8, "confidence": null}, {"text": "and", "start_seconds": 58.8, "end_seconds": 58.96, "confidence": null}, {"text": "loose", "start_seconds": 58.96, "end_seconds": 59.04, "confidence": null}, {"text": "stool", "start_seconds": 59.44, "end_seconds": 59.52, "confidence": null}, {"text": "okay", "start_seconds": 59.84, "end_seconds": 59.92, "confidence": null}, {"text": "and", "start_seconds": 60.48, "end_seconds": 60.56, "confidence": null}, {"text": "you", "start_seconds": 60.56, "end_seconds": 60.64, "confidence": null}, {"text": "mentioned", "start_seconds": 60.64, "end_seconds": 60.8, "confidence": null}, {"text": "you've", "start_seconds": 60.8, "end_seconds": 60.96, "confidence": null}, {"text": "had", "start_seconds": 60.96, "end_seconds": 61.12, "confidence": null}, {"text": "some", "start_seconds": 61.12, "end_seconds": 61.2, "confidence": null}, {"text": "pain", "start_seconds": 61.2, "end_seconds": 61.52, "confidence": null}, {"text": "in", "start_seconds": 61.52, "end_seconds": 61.6, "confidence": null}, {"text": "your", "start_seconds": 61.6, "end_seconds": 61.76, "confidence": null}, {"text": "tummy", "start_seconds": 61.76, "end_seconds": 62.08, "confidence": null}, {"text": "as", "start_seconds": 62.08, "end_seconds": 62.16, "confidence": null}, {"text": "well", "start_seconds": 62.16, "end_seconds": 62.24, "confidence": null}]}}
{"event": "live_event", "case": "en-01", "elapsed_seconds": 63.89069350199861, "value": {"type": "transcript.partial", "session_id": "670896f8-2ff4-4da3-9bb2-d0e3c13d2e66", "sequence": 95, "segment_id": 6, "revision": 1, "text": " Yeah"}}
{"event": "live_event", "case": "en-01", "elapsed_seconds": 64.45497180199891, "value": {"type": "transcript.partial", "session_id": "670896f8-2ff4-4da3-9bb2-d0e3c13d2e66", "sequence": 96, "segment_id": 6, "revision": 2, "text": " Yeah whereabouts is"}}
{"event": "live_event", "case": "en-01", "elapsed_seconds": 65.01175054299893, "value": {"type": "transcript.partial", "session_id": "670896f8-2ff4-4da3-9bb2-d0e3c13d2e66", "sequence": 97, "segment_id": 6, "revision": 3, "text": " Yeah whereabouts is a pain"}}
{"event": "live_event", "case": "en-01", "elapsed_seconds": 65.5700814970005, "value": {"type": "transcript.partial", "session_id": "670896f8-2ff4-4da3-9bb2-d0e3c13d2e66", "sequence": 98, "segment_id": 6, "revision": 4, "text": " Yeah whereabouts is a pain exactly"}}
{"event": "live_event", "case": "en-01", "elapsed_seconds": 66.13459743099884, "value": {"type": "transcript.partial", "session_id": "670896f8-2ff4-4da3-9bb2-d0e3c13d2e66", "sequence": 99, "segment_id": 6, "revision": 5, "text": " Yeah whereabouts is a pain exactly so it's like"}}
{"event": "live_event", "case": "en-01", "elapsed_seconds": 66.69160104999901, "value": {"type": "transcript.partial", "session_id": "670896f8-2ff4-4da3-9bb2-d0e3c13d2e66", "sequence": 100, "segment_id": 6, "revision": 6, "text": " Yeah whereabouts is a pain exactly so it's like in my lower"}}
{"event": "live_event", "case": "en-01", "elapsed_seconds": 67.25011043999984, "value": {"type": "transcript.partial", "session_id": "670896f8-2ff4-4da3-9bb2-d0e3c13d2e66", "sequence": 101, "segment_id": 6, "revision": 7, "text": " Yeah whereabouts is a pain exactly so it's like in my lower abdom"}}
{"event": "live_event", "case": "en-01", "elapsed_seconds": 67.80957518300056, "value": {"type": "transcript.partial", "session_id": "670896f8-2ff4-4da3-9bb2-d0e3c13d2e66", "sequence": 102, "segment_id": 6, "revision": 8, "text": " Yeah whereabouts is a pain exactly so it's like in my lower abdomen so"}}
{"event": "live_event", "case": "en-01", "elapsed_seconds": 68.36927806899985, "value": {"type": "transcript.partial", "session_id": "670896f8-2ff4-4da3-9bb2-d0e3c13d2e66", "sequence": 103, "segment_id": 6, "revision": 9, "text": " Yeah whereabouts is a pain exactly so it's like in my lower abdomen so uh like"}}
{"event": "live_event", "case": "en-01", "elapsed_seconds": 69.48946090499885, "value": {"type": "transcript.partial", "session_id": "670896f8-2ff4-4da3-9bb2-d0e3c13d2e66", "sequence": 104, "segment_id": 6, "revision": 10, "text": " Yeah whereabouts is a pain exactly so it's like in my lower abdomen so uh like um"}}
{"event": "live_event", "case": "en-01", "elapsed_seconds": 70.0513475810003, "value": {"type": "transcript.partial", "session_id": "670896f8-2ff4-4da3-9bb2-d0e3c13d2e66", "sequence": 105, "segment_id": 6, "revision": 11, "text": " Yeah whereabouts is a pain exactly so it's like in my lower abdomen so uh like um yeah"}}
{"event": "live_event", "case": "en-01", "elapsed_seconds": 70.60890885099798, "value": {"type": "transcript.partial", "session_id": "670896f8-2ff4-4da3-9bb2-d0e3c13d2e66", "sequence": 106, "segment_id": 6, "revision": 12, "text": " Yeah whereabouts is a pain exactly so it's like in my lower abdomen so uh like um yeah just"}}
{"event": "live_event", "case": "en-01", "elapsed_seconds": 71.1726389539981, "value": {"type": "transcript.partial", "session_id": "670896f8-2ff4-4da3-9bb2-d0e3c13d2e66", "sequence": 107, "segment_id": 6, "revision": 13, "text": " Yeah whereabouts is a pain exactly so it's like in my lower abdomen so uh like um yeah just to one side"}}
{"event": "live_event", "case": "en-01", "elapsed_seconds": 72.29269696299889, "value": {"type": "transcript.partial", "session_id": "670896f8-2ff4-4da3-9bb2-d0e3c13d2e66", "sequence": 108, "segment_id": 6, "revision": 14, "text": " Yeah whereabouts is a pain exactly so it's like in my lower abdomen so uh like um yeah just to one side one side"}}
{"event": "live_event", "case": "en-01", "elapsed_seconds": 72.8551593029988, "value": {"type": "transcript.partial", "session_id": "670896f8-2ff4-4da3-9bb2-d0e3c13d2e66", "sequence": 109, "segment_id": 6, "revision": 15, "text": " Yeah whereabouts is a pain exactly so it's like in my lower abdomen so uh like um yeah just to one side one side and what side is that"}}
{"event": "live_event", "case": "en-01", "elapsed_seconds": 73.97178500600057, "value": {"type": "transcript.partial", "session_id": "670896f8-2ff4-4da3-9bb2-d0e3c13d2e66", "sequence": 110, "segment_id": 6, "revision": 16, "text": " Yeah whereabouts is a pain exactly so it's like in my lower abdomen so uh like um yeah just to one side one side and what side is that uh on"}}
{"event": "live_event", "case": "en-01", "elapsed_seconds": 74.5350434360007, "value": {"type": "transcript.partial", "session_id": "670896f8-2ff4-4da3-9bb2-d0e3c13d2e66", "sequence": 111, "segment_id": 6, "revision": 17, "text": " Yeah whereabouts is a pain exactly so it's like in my lower abdomen so uh like um yeah just to one side one side and what side is that uh on the left side"}}
{"event": "live_event", "case": "en-01", "elapsed_seconds": 75.09077886899831, "value": {"type": "transcript.partial", "session_id": "670896f8-2ff4-4da3-9bb2-d0e3c13d2e66", "sequence": 112, "segment_id": 6, "revision": 18, "text": " Yeah whereabouts is a pain exactly so it's like in my lower abdomen so uh like um yeah just to one side one side and what side is that uh on the left side left"}}
{"event": "live_event", "case": "en-01", "elapsed_seconds": 75.6535118339998, "value": {"type": "transcript.partial", "session_id": "670896f8-2ff4-4da3-9bb2-d0e3c13d2e66", "sequence": 113, "segment_id": 6, "revision": 19, "text": " Yeah whereabouts is a pain exactly so it's like in my lower abdomen so uh like um yeah just to one side one side and what side is that uh on the left side left side okay"}}
{"event": "live_event", "case": "en-01", "elapsed_seconds": 76.7725150519982, "value": {"type": "transcript.partial", "session_id": "670896f8-2ff4-4da3-9bb2-d0e3c13d2e66", "sequence": 114, "segment_id": 6, "revision": 20, "text": " Yeah whereabouts is a pain exactly so it's like in my lower abdomen so uh like um yeah just to one side one side and what side is that uh on the left side left side okay and can you"}}
{"event": "live_event", "case": "en-01", "elapsed_seconds": 77.33368450000125, "value": {"type": "transcript.partial", "session_id": "670896f8-2ff4-4da3-9bb2-d0e3c13d2e66", "sequence": 115, "segment_id": 6, "revision": 21, "text": " Yeah whereabouts is a pain exactly so it's like in my lower abdomen so uh like um yeah just to one side one side and what side is that uh on the left side left side okay and can you describe the"}}
{"event": "live_event", "case": "en-01", "elapsed_seconds": 77.89303971000118, "value": {"type": "transcript.partial", "session_id": "670896f8-2ff4-4da3-9bb2-d0e3c13d2e66", "sequence": 116, "segment_id": 6, "revision": 22, "text": " Yeah whereabouts is a pain exactly so it's like in my lower abdomen so uh like um yeah just to one side one side and what side is that uh on the left side left side okay and can you describe the pain to me"}}
{"event": "live_event", "case": "en-01", "elapsed_seconds": 79.01097163499799, "value": {"type": "transcript.partial", "session_id": "670896f8-2ff4-4da3-9bb2-d0e3c13d2e66", "sequence": 117, "segment_id": 6, "revision": 23, "text": " Yeah whereabouts is a pain exactly so it's like in my lower abdomen so uh like um yeah just to one side one side and what side is that uh on the left side left side okay and can you describe the pain to me Yeah"}}
{"event": "live_event", "case": "en-01", "elapsed_seconds": 79.57220493999921, "value": {"type": "transcript.partial", "session_id": "670896f8-2ff4-4da3-9bb2-d0e3c13d2e66", "sequence": 118, "segment_id": 6, "revision": 24, "text": " Yeah whereabouts is a pain exactly so it's like in my lower abdomen so uh like um yeah just to one side one side and what side is that uh on the left side left side okay and can you describe the pain to me Yeah it feels"}}
{"event": "live_event", "case": "en-01", "elapsed_seconds": 80.13283121299901, "value": {"type": "transcript.partial", "session_id": "670896f8-2ff4-4da3-9bb2-d0e3c13d2e66", "sequence": 119, "segment_id": 6, "revision": 25, "text": " Yeah whereabouts is a pain exactly so it's like in my lower abdomen so uh like um yeah just to one side one side and what side is that uh on the left side left side okay and can you describe the pain to me Yeah it feels um like"}}
{"event": "live_event", "case": "en-01", "elapsed_seconds": 80.69063593999817, "value": {"type": "transcript.partial", "session_id": "670896f8-2ff4-4da3-9bb2-d0e3c13d2e66", "sequence": 120, "segment_id": 6, "revision": 26, "text": " Yeah whereabouts is a pain exactly so it's like in my lower abdomen so uh like um yeah just to one side one side and what side is that uh on the left side left side okay and can you describe the pain to me Yeah it feels um like uh"}}
{"event": "live_event", "case": "en-01", "elapsed_seconds": 81.25285875099871, "value": {"type": "transcript.partial", "session_id": "670896f8-2ff4-4da3-9bb2-d0e3c13d2e66", "sequence": 121, "segment_id": 6, "revision": 27, "text": " Yeah whereabouts is a pain exactly so it's like in my lower abdomen so uh like um yeah just to one side one side and what side is that uh on the left side left side okay and can you describe the pain to me Yeah it feels um like uh cramp"}}
{"event": "live_event", "case": "en-01", "elapsed_seconds": 81.81117339299817, "value": {"type": "transcript.final", "session_id": "670896f8-2ff4-4da3-9bb2-d0e3c13d2e66", "sequence": 122, "segment_id": 6, "revision": 28, "text": " Yeah whereabouts is a pain exactly so it's like in my lower abdomen so uh like um yeah just to one side one side and what side is that uh on the left side left side okay and can you describe the pain to me Yeah it feels um like uh cramp", "granularity": "word", "items": [{"text": " Yeah", "start_seconds": 63.28, "end_seconds": 63.36, "confidence": null}, {"text": "whereabouts", "start_seconds": 63.84, "end_seconds": 64.24, "confidence": null}, {"text": "is", "start_seconds": 64.24, "end_seconds": 64.4, "confidence": null}, {"text": "a", "start_seconds": 64.4, "end_seconds": 64.56, "confidence": null}, {"text": "pain", "start_seconds": 64.56, "end_seconds": 64.64, "confidence": null}, {"text": "exactly", "start_seconds": 64.96, "end_seconds": 65.52, "confidence": null}, {"text": "so", "start_seconds": 65.52, "end_seconds": 65.6, "confidence": null}, {"text": "it's", "start_seconds": 65.6, "end_seconds": 65.76, "confidence": null}, {"text": "like", "start_seconds": 65.76, "end_seconds": 66.08, "confidence": null}, {"text": "in", "start_seconds": 66.08, "end_seconds": 66.16, "confidence": null}, {"text": "my", "start_seconds": 66.16, "end_seconds": 66.32, "confidence": null}, {"text": "lower", "start_seconds": 66.32, "end_seconds": 66.4, "confidence": null}, {"text": "abdomen", "start_seconds": 66.72, "end_seconds": 67.2, "confidence": null}, {"text": "so", "start_seconds": 67.6, "end_seconds": 67.92, "confidence": null}, {"text": "uh", "start_seconds": 67.92, "end_seconds": 68.16, "confidence": null}, {"text": "like", "start_seconds": 68.16, "end_seconds": 68.24, "confidence": null}, {"text": "um", "start_seconds": 69.04, "end_seconds": 69.12, "confidence": null}, {"text": "yeah", "start_seconds": 69.68, "end_seconds": 69.76, "confidence": null}, {"text": "just", "start_seconds": 70.08, "end_seconds": 70.16, "confidence": null}, {"text": "to", "start_seconds": 70.56, "end_seconds": 70.64, "confidence": null}, {"text": "one", "start_seconds": 70.64, "end_seconds": 70.72, "confidence": null}, {"text": "side", "start_seconds": 70.72, "end_seconds": 70.8, "confidence": null}, {"text": "one", "start_seconds": 71.68, "end_seconds": 71.84, "confidence": null}, {"text": "side", "start_seconds": 71.84, "end_seconds": 71.92, "confidence": null}, {"text": "and", "start_seconds": 72.24, "end_seconds": 72.32, "confidence": null}, {"text": "what", "start_seconds": 72.32, "end_seconds": 72.4, "confidence": null}, {"text": "side", "start_seconds": 72.4, "end_seconds": 72.56, "confidence": null}, {"text": "is", "start_seconds": 72.56, "end_seconds": 72.72, "confidence": null}, {"text": "that", "start_seconds": 72.72, "end_seconds": 72.8, "confidence": null}, {"text": "uh", "start_seconds": 73.44, "end_seconds": 73.76, "confidence": null}, {"text": "on", "start_seconds": 73.76, "end_seconds": 73.92, "confidence": null}, {"text": "the", "start_seconds": 73.92, "end_seconds": 74.0, "confidence": null}, {"text": "left", "start_seconds": 74.0, "end_seconds": 74.08, "confidence": null}, {"text": "side", "start_seconds": 74.08, "end_seconds": 74.16, "confidence": null}, {"text": "left", "start_seconds": 74.88, "end_seconds": 75.04, "confidence": null}, {"text": "side", "start_seconds": 75.04, "end_seconds": 75.28, "confidence": null}, {"text": "okay", "start_seconds": 75.28, "end_seconds": 75.36, "confidence": null}, {"text": "and", "start_seconds": 76.16, "end_seconds": 76.24, "confidence": null}, {"text": "can", "start_seconds": 76.24, "end_seconds": 76.4, "confidence": null}, {"text": "you", "start_seconds": 76.4, "end_seconds": 76.72, "confidence": null}, {"text": "describe", "start_seconds": 76.72, "end_seconds": 76.88, "confidence": null}, {"text": "the", "start_seconds": 76.88, "end_seconds": 76.96, "confidence": null}, {"text": "pain", "start_seconds": 77.28, "end_seconds": 77.6, "confidence": null}, {"text": "to", "start_seconds": 77.6, "end_seconds": 77.76, "confidence": null}, {"text": "me", "start_seconds": 77.76, "end_seconds": 77.84, "confidence": null}, {"text": "Yeah", "start_seconds": 78.48, "end_seconds": 78.56, "confidence": null}, {"text": "it", "start_seconds": 78.96, "end_seconds": 79.28, "confidence": null}, {"text": "feels", "start_seconds": 79.28, "end_seconds": 79.6, "confidence": null}, {"text": "um", "start_seconds": 79.6, "end_seconds": 79.68, "confidence": null}, {"text": "like", "start_seconds": 80.0, "end_seconds": 80.32, "confidence": null}, {"text": "uh", "start_seconds": 80.32, "end_seconds": 80.4, "confidence": null}, {"text": "cramp", "start_seconds": 80.72, "end_seconds": 80.8, "confidence": null}]}}
{"event": "live_event", "case": "en-01", "elapsed_seconds": 82.3731288630006, "value": {"type": "transcript.partial", "session_id": "670896f8-2ff4-4da3-9bb2-d0e3c13d2e66", "sequence": 123, "segment_id": 7, "revision": 1, "text": " uh like a"}}
{"event": "live_event", "case": "en-01", "elapsed_seconds": 82.93402548099766, "value": {"type": "transcript.partial", "session_id": "670896f8-2ff4-4da3-9bb2-d0e3c13d2e66", "sequence": 124, "segment_id": 7, "revision": 2, "text": " uh like a muscular cramp"}}
{"event": "live_event", "case": "en-01", "elapsed_seconds": 84.0505031649991, "value": {"type": "transcript.partial", "session_id": "670896f8-2ff4-4da3-9bb2-d0e3c13d2e66", "sequence": 125, "segment_id": 7, "revision": 3, "text": " uh like a muscular cramp and"}}
{"event": "live_event", "case": "en-01", "elapsed_seconds": 84.61048075899816, "value": {"type": "transcript.partial", "session_id": "670896f8-2ff4-4da3-9bb2-d0e3c13d2e66", "sequence": 126, "segment_id": 7, "revision": 4, "text": " uh like a muscular cramp and um"}}
{"event": "live_event", "case": "en-01", "elapsed_seconds": 85.17186766599843, "value": {"type": "transcript.partial", "session_id": "670896f8-2ff4-4da3-9bb2-d0e3c13d2e66", "sequence": 127, "segment_id": 7, "revision": 5, "text": " uh like a muscular cramp and um yeah I"}}
{"event": "live_event", "case": "en-01", "elapsed_seconds": 85.73354766400007, "value": {"type": "transcript.partial", "session_id": "670896f8-2ff4-4da3-9bb2-d0e3c13d2e66", "sequence": 128, "segment_id": 7, "revision": 6, "text": " uh like a muscular cramp and um yeah I feel a bit"}}
{"event": "live_event", "case": "en-01", "elapsed_seconds": 86.2923317929999, "value": {"type": "transcript.partial", "session_id": "670896f8-2ff4-4da3-9bb2-d0e3c13d2e66", "sequence": 129, "segment_id": 7, "revision": 7, "text": " uh like a muscular cramp and um yeah I feel a bit weak"}}
{"event": "live_event", "case": "en-01", "elapsed_seconds": 86.85195792000013, "value": {"type": "transcript.partial", "session_id": "670896f8-2ff4-4da3-9bb2-d0e3c13d2e66", "sequence": 130, "segment_id": 7, "revision": 8, "text": " uh like a muscular cramp and um yeah I feel a bit weak and shaky"}}
{"event": "live_event", "case": "en-01", "elapsed_seconds": 87.97151169000063, "value": {"type": "transcript.partial", "session_id": "670896f8-2ff4-4da3-9bb2-d0e3c13d2e66", "sequence": 131, "segment_id": 7, "revision": 9, "text": " uh like a muscular cramp and um yeah I feel a bit weak and shaky okay"}}
{"event": "live_event", "case": "en-01", "elapsed_seconds": 88.53503723199901, "value": {"type": "transcript.partial", "session_id": "670896f8-2ff4-4da3-9bb2-d0e3c13d2e66", "sequence": 132, "segment_id": 7, "revision": 10, "text": " uh like a muscular cramp and um yeah I feel a bit weak and shaky okay and there's a"}}
{"event": "live_event", "case": "en-01", "elapsed_seconds": 89.09515824299888, "value": {"type": "transcript.partial", "session_id": "670896f8-2ff4-4da3-9bb2-d0e3c13d2e66", "sequence": 133, "segment_id": 7, "revision": 11, "text": " uh like a muscular cramp and um yeah I feel a bit weak and shaky okay and there's a pain is that is"}}
{"event": "live_event", "case": "en-01", "elapsed_seconds": 89.65378797000085, "value": {"type": "transcript.partial", "session_id": "670896f8-2ff4-4da3-9bb2-d0e3c13d2e66", "sequence": 134, "segment_id": 7, "revision": 12, "text": " uh like a muscular cramp and um yeah I feel a bit weak and shaky okay and there's a pain is that is it there all the"}}
{"event": "live_event", "case": "en-01", "elapsed_seconds": 90.21379729999899, "value": {"type": "transcript.partial", "session_id": "670896f8-2ff4-4da3-9bb2-d0e3c13d2e66", "sequence": 135, "segment_id": 7, "revision": 13, "text": " uh like a muscular cramp and um yeah I feel a bit weak and shaky okay and there's a pain is that is it there all the time or does"}}
{"event": "live_event", "case": "en-01", "elapsed_seconds": 90.77474433200041, "value": {"type": "transcript.partial", "session_id": "670896f8-2ff4-4da3-9bb2-d0e3c13d2e66", "sequence": 136, "segment_id": 7, "revision": 14, "text": " uh like a muscular cramp and um yeah I feel a bit weak and shaky okay and there's a pain is that is it there all the time or does it come and go"}}
{"event": "live_event", "case": "en-01", "elapsed_seconds": 91.33040976600023, "value": {"type": "transcript.partial", "session_id": "670896f8-2ff4-4da3-9bb2-d0e3c13d2e66", "sequence": 137, "segment_id": 7, "revision": 15, "text": " uh like a muscular cramp and um yeah I feel a bit weak and shaky okay and there's a pain is that is it there all the time or does it come and go uh"}}
{"event": "live_event", "case": "en-01", "elapsed_seconds": 91.89506824300042, "value": {"type": "transcript.partial", "session_id": "670896f8-2ff4-4da3-9bb2-d0e3c13d2e66", "sequence": 138, "segment_id": 7, "revision": 16, "text": " uh like a muscular cramp and um yeah I feel a bit weak and shaky okay and there's a pain is that is it there all the time or does it come and go uh it comes and go"}}
{"event": "live_event", "case": "en-01", "elapsed_seconds": 92.45115362700017, "value": {"type": "transcript.partial", "session_id": "670896f8-2ff4-4da3-9bb2-d0e3c13d2e66", "sequence": 139, "segment_id": 7, "revision": 17, "text": " uh like a muscular cramp and um yeah I feel a bit weak and shaky okay and there's a pain is that is it there all the time or does it come and go uh it comes and goes"}}
{"event": "live_event", "case": "en-01", "elapsed_seconds": 93.01213664399984, "value": {"type": "transcript.partial", "session_id": "670896f8-2ff4-4da3-9bb2-d0e3c13d2e66", "sequence": 140, "segment_id": 7, "revision": 18, "text": " uh like a muscular cramp and um yeah I feel a bit weak and shaky okay and there's a pain is that is it there all the time or does it come and go uh it comes and goes and go"}}
{"event": "live_event", "case": "en-01", "elapsed_seconds": 93.57157139599803, "value": {"type": "transcript.partial", "session_id": "670896f8-2ff4-4da3-9bb2-d0e3c13d2e66", "sequence": 141, "segment_id": 7, "revision": 19, "text": " uh like a muscular cramp and um yeah I feel a bit weak and shaky okay and there's a pain is that is it there all the time or does it come and go uh it comes and goes and goes a"}}
{"event": "live_event", "case": "en-01", "elapsed_seconds": 94.1341566250012, "value": {"type": "transcript.partial", "session_id": "670896f8-2ff4-4da3-9bb2-d0e3c13d2e66", "sequence": 142, "segment_id": 7, "revision": 20, "text": " uh like a muscular cramp and um yeah I feel a bit weak and shaky okay and there's a pain is that is it there all the time or does it come and go uh it comes and goes and goes a pain move any"}}
{"event": "live_event", "case": "en-01", "elapsed_seconds": 94.69392665499981, "value": {"type": "transcript.partial", "session_id": "670896f8-2ff4-4da3-9bb2-d0e3c13d2e66", "sequence": 143, "segment_id": 7, "revision": 21, "text": " uh like a muscular cramp and um yeah I feel a bit weak and shaky okay and there's a pain is that is it there all the time or does it come and go uh it comes and goes and goes a pain move anywhere else"}}
{"event": "live_event", "case": "en-01", "elapsed_seconds": 95.25609441100096, "value": {"type": "transcript.partial", "session_id": "670896f8-2ff4-4da3-9bb2-d0e3c13d2e66", "sequence": 144, "segment_id": 7, "revision": 22, "text": " uh like a muscular cramp and um yeah I feel a bit weak and shaky okay and there's a pain is that is it there all the time or does it come and go uh it comes and goes and goes a pain move anywhere else for example toward"}}
{"event": "live_event", "case": "en-01", "elapsed_seconds": 95.81394368800102, "value": {"type": "transcript.partial", "session_id": "670896f8-2ff4-4da3-9bb2-d0e3c13d2e66", "sequence": 145, "segment_id": 7, "revision": 23, "text": " uh like a muscular cramp and um yeah I feel a bit weak and shaky okay and there's a pain is that is it there all the time or does it come and go uh it comes and goes and goes a pain move anywhere else for example towards your back"}}
{"event": "live_event", "case": "en-01", "elapsed_seconds": 96.93003445100112, "value": {"type": "transcript.partial", "session_id": "670896f8-2ff4-4da3-9bb2-d0e3c13d2e66", "sequence": 146, "segment_id": 7, "revision": 24, "text": " uh like a muscular cramp and um yeah I feel a bit weak and shaky okay and there's a pain is that is it there all the time or does it come and go uh it comes and goes and goes a pain move anywhere else for example towards your back um"}}
{"event": "live_event", "case": "en-01", "elapsed_seconds": 97.49014756600081, "value": {"type": "transcript.partial", "session_id": "670896f8-2ff4-4da3-9bb2-d0e3c13d2e66", "sequence": 147, "segment_id": 7, "revision": 25, "text": " uh like a muscular cramp and um yeah I feel a bit weak and shaky okay and there's a pain is that is it there all the time or does it come and go uh it comes and goes and goes a pain move anywhere else for example towards your back um no"}}
{"event": "live_event", "case": "en-01", "elapsed_seconds": 98.05350283000007, "value": {"type": "transcript.partial", "session_id": "670896f8-2ff4-4da3-9bb2-d0e3c13d2e66", "sequence": 148, "segment_id": 7, "revision": 26, "text": " uh like a muscular cramp and um yeah I feel a bit weak and shaky okay and there's a pain is that is it there all the time or does it come and go uh it comes and goes and goes a pain move anywhere else for example towards your back um no just main"}}
{"event": "live_event", "case": "en-01", "elapsed_seconds": 98.61280932799855, "value": {"type": "transcript.partial", "session_id": "670896f8-2ff4-4da3-9bb2-d0e3c13d2e66", "sequence": 149, "segment_id": 7, "revision": 27, "text": " uh like a muscular cramp and um yeah I feel a bit weak and shaky okay and there's a pain is that is it there all the time or does it come and go uh it comes and goes and goes a pain move anywhere else for example towards your back um no just mainly my"}}
{"event": "live_event", "case": "en-01", "elapsed_seconds": 99.17234816999917, "value": {"type": "transcript.partial", "session_id": "670896f8-2ff4-4da3-9bb2-d0e3c13d2e66", "sequence": 150, "segment_id": 7, "revision": 28, "text": " uh like a muscular cramp and um yeah I feel a bit weak and shaky okay and there's a pain is that is it there all the time or does it come and go uh it comes and goes and goes a pain move anywhere else for example towards your back um no just mainly my stomach"}}
{"event": "live_event", "case": "en-01", "elapsed_seconds": 99.73157599600017, "value": {"type": "transcript.partial", "session_id": "670896f8-2ff4-4da3-9bb2-d0e3c13d2e66", "sequence": 151, "segment_id": 7, "revision": 29, "text": " uh like a muscular cramp and um yeah I feel a bit weak and shaky okay and there's a pain is that is it there all the time or does it come and go uh it comes and goes and goes a pain move anywhere else for example towards your back um no just mainly my stomach okay"}}
{"event": "live_event", "case": "en-01", "elapsed_seconds": 100.85962588099937, "value": {"type": "transcript.partial", "session_id": "670896f8-2ff4-4da3-9bb2-d0e3c13d2e66", "sequence": 152, "segment_id": 7, "revision": 30, "text": " uh like a muscular cramp and um yeah I feel a bit weak and shaky okay and there's a pain is that is it there all the time or does it come and go uh it comes and goes and goes a pain move anywhere else for example towards your back um no just mainly my stomach okay fine and"}}
{"event": "live_event", "case": "en-01", "elapsed_seconds": 101.41859527499764, "value": {"type": "transcript.partial", "session_id": "670896f8-2ff4-4da3-9bb2-d0e3c13d2e66", "sequence": 153, "segment_id": 7, "revision": 31, "text": " uh like a muscular cramp and um yeah I feel a bit weak and shaky okay and there's a pain is that is it there all the time or does it come and go uh it comes and goes and goes a pain move anywhere else for example towards your back um no just mainly my stomach okay fine and you mentioned you've been"}}
{"event": "live_event", "case": "en-01", "elapsed_seconds": 101.97491931399782, "value": {"type": "transcript.partial", "session_id": "670896f8-2ff4-4da3-9bb2-d0e3c13d2e66", "sequence": 154, "segment_id": 7, "revision": 32, "text": " uh like a muscular cramp and um yeah I feel a bit weak and shaky okay and there's a pain is that is it there all the time or does it come and go uh it comes and goes and goes a pain move anywhere else for example towards your back um no just mainly my stomach okay fine and you mentioned you've been feeling quite"}}
{"event": "live_event", "case": "en-01", "elapsed_seconds": 102.5368847940008, "value": {"type": "transcript.partial", "session_id": "670896f8-2ff4-4da3-9bb2-d0e3c13d2e66", "sequence": 155, "segment_id": 7, "revision": 33, "text": " uh like a muscular cramp and um yeah I feel a bit weak and shaky okay and there's a pain is that is it there all the time or does it come and go uh it comes and goes and goes a pain move anywhere else for example towards your back um no just mainly my stomach okay fine and you mentioned you've been feeling quite weak and shaky"}}
{"event": "live_event", "case": "en-01", "elapsed_seconds": 103.09421395800018, "value": {"type": "transcript.partial", "session_id": "670896f8-2ff4-4da3-9bb2-d0e3c13d2e66", "sequence": 156, "segment_id": 7, "revision": 34, "text": " uh like a muscular cramp and um yeah I feel a bit weak and shaky okay and there's a pain is that is it there all the time or does it come and go uh it comes and goes and goes a pain move anywhere else for example towards your back um no just mainly my stomach okay fine and you mentioned you've been feeling quite weak and shaky as well would"}}
{"event": "live_event", "case": "en-01", "elapsed_seconds": 103.65258049399927, "value": {"type": "transcript.partial", "session_id": "670896f8-2ff4-4da3-9bb2-d0e3c13d2e66", "sequence": 157, "segment_id": 7, "revision": 35, "text": " uh like a muscular cramp and um yeah I feel a bit weak and shaky okay and there's a pain is that is it there all the time or does it come and go uh it comes and goes and goes a pain move anywhere else for example towards your back um no just mainly my stomach okay fine and you mentioned you've been feeling quite weak and shaky as well would you mean by"}}
{"event": "live_event", "case": "en-01", "elapsed_seconds": 104.21784895000019, "value": {"type": "transcript.partial", "session_id": "670896f8-2ff4-4da3-9bb2-d0e3c13d2e66", "sequence": 158, "segment_id": 7, "revision": 36, "text": " uh like a muscular cramp and um yeah I feel a bit weak and shaky okay and there's a pain is that is it there all the time or does it come and go uh it comes and goes and goes a pain move anywhere else for example towards your back um no just mainly my stomach okay fine and you mentioned you've been feeling quite weak and shaky as well would you mean by shaky do you mean you"}}
{"event": "live_event", "case": "en-01", "elapsed_seconds": 104.77496745999815, "value": {"type": "transcript.partial", "session_id": "670896f8-2ff4-4da3-9bb2-d0e3c13d2e66", "sequence": 159, "segment_id": 7, "revision": 37, "text": " uh like a muscular cramp and um yeah I feel a bit weak and shaky okay and there's a pain is that is it there all the time or does it come and go uh it comes and goes and goes a pain move anywhere else for example towards your back um no just mainly my stomach okay fine and you mentioned you've been feeling quite weak and shaky as well would you mean by shaky do you mean you've been having"}}
{"event": "live_event", "case": "en-01", "elapsed_seconds": 105.89610741299839, "value": {"type": "transcript.partial", "session_id": "670896f8-2ff4-4da3-9bb2-d0e3c13d2e66", "sequence": 160, "segment_id": 7, "revision": 38, "text": " uh like a muscular cramp and um yeah I feel a bit weak and shaky okay and there's a pain is that is it there all the time or does it come and go uh it comes and goes and goes a pain move anywhere else for example towards your back um no just mainly my stomach okay fine and you mentioned you've been feeling quite weak and shaky as well would you mean by shaky do you mean you've been having uh are you been feel"}}
{"event": "live_event", "case": "en-01", "elapsed_seconds": 106.45278843199776, "value": {"type": "transcript.partial", "session_id": "670896f8-2ff4-4da3-9bb2-d0e3c13d2e66", "sequence": 161, "segment_id": 7, "revision": 39, "text": " uh like a muscular cramp and um yeah I feel a bit weak and shaky okay and there's a pain is that is it there all the time or does it come and go uh it comes and goes and goes a pain move anywhere else for example towards your back um no just mainly my stomach okay fine and you mentioned you've been feeling quite weak and shaky as well would you mean by shaky do you mean you've been having uh are you been feeling feverish"}}
{"event": "live_event", "case": "en-01", "elapsed_seconds": 107.01285310499952, "value": {"type": "transcript.partial", "session_id": "670896f8-2ff4-4da3-9bb2-d0e3c13d2e66", "sequence": 162, "segment_id": 7, "revision": 40, "text": " uh like a muscular cramp and um yeah I feel a bit weak and shaky okay and there's a pain is that is it there all the time or does it come and go uh it comes and goes and goes a pain move anywhere else for example towards your back um no just mainly my stomach okay fine and you mentioned you've been feeling quite weak and shaky as well would you mean by shaky do you mean you've been having uh are you been feeling feverish for example"}}
{"event": "live_event", "case": "en-01", "elapsed_seconds": 107.57060978799927, "value": {"type": "transcript.final", "session_id": "670896f8-2ff4-4da3-9bb2-d0e3c13d2e66", "sequence": 163, "segment_id": 7, "revision": 41, "text": " uh like a muscular cramp and um yeah I feel a bit weak and shaky okay and there's a pain is that is it there all the time or does it come and go uh it comes and goes and goes a pain move anywhere else for example towards your back um no just mainly my stomach okay fine and you mentioned you've been feeling quite weak and shaky as well would you mean by shaky do you mean you've been having uh are you been feeling feverish for example", "granularity": "word", "items": [{"text": " uh", "start_seconds": 81.76, "end_seconds": 81.92, "confidence": null}, {"text": "like", "start_seconds": 81.92, "end_seconds": 82.0, "confidence": null}, {"text": "a", "start_seconds": 82.0, "end_seconds": 82.32, "confidence": null}, {"text": "muscular", "start_seconds": 82.32, "end_seconds": 82.72, "confidence": null}, {"text": "cramp", "start_seconds": 82.72, "end_seconds": 82.8, "confidence": null}, {"text": "and", "start_seconds": 83.44, "end_seconds": 83.52, "confidence": null}, {"text": "um", "start_seconds": 84.16, "end_seconds": 84.24, "confidence": null}, {"text": "yeah", "start_seconds": 84.72, "end_seconds": 84.88, "confidence": null}, {"text": "I", "start_seconds": 84.88, "end_seconds": 85.12, "confidence": null}, {"text": "feel", "start_seconds": 85.12, "end_seconds": 85.44, "confidence": null}, {"text": "a", "start_seconds": 85.44, "end_seconds": 85.52, "confidence": null}, {"text": "bit", "start_seconds": 85.52, "end_seconds": 85.76, "confidence": null}, {"text": "weak", "start_seconds": 85.76, "end_seconds": 85.84, "confidence": null}, {"text": "and", "start_seconds": 86.24, "end_seconds": 86.32, "confidence": null}, {"text": "shaky", "start_seconds": 86.32, "end_seconds": 86.48, "confidence": null}, {"text": "okay", "start_seconds": 87.36, "end_seconds": 87.44, "confidence": null}, {"text": "and", "start_seconds": 87.92, "end_seconds": 88.16, "confidence": null}, {"text": "there's", "start_seconds": 88.16, "end_seconds": 88.32, "confidence": null}, {"text": "a", "start_seconds": 88.32, "end_seconds": 88.48, "confidence": null}, {"text": "pain", "start_seconds": 88.48, "end_seconds": 88.72, "confidence": null}, {"text": "is", "start_seconds": 88.72, "end_seconds": 88.8, "confidence": null}, {"text": "that", "start_seconds": 88.8, "end_seconds": 88.96, "confidence": null}, {"text": "is", "start_seconds": 88.96, "end_seconds": 89.2, "confidence": null}, {"text": "it", "start_seconds": 89.2, "end_seconds": 89.28, "confidence": null}, {"text": "there", "start_seconds": 89.28, "end_seconds": 89.44, "confidence": null}, {"text": "all", "start_seconds": 89.44, "end_seconds": 89.52, "confidence": null}, {"text": "the", "start_seconds": 89.52, "end_seconds": 89.6, "confidence": null}, {"text": "time", "start_seconds": 89.6, "end_seconds": 89.76, "confidence": null}, {"text": "or", "start_seconds": 89.76, "end_seconds": 90.0, "confidence": null}, {"text": "does", "start_seconds": 90.0, "end_seconds": 90.16, "confidence": null}, {"text": "it", "start_seconds": 90.16, "end_seconds": 90.24, "confidence": null}, {"text": "come", "start_seconds": 90.24, "end_seconds": 90.4, "confidence": null}, {"text": "and", "start_seconds": 90.4, "end_seconds": 90.48, "confidence": null}, {"text": "go", "start_seconds": 90.48, "end_seconds": 90.56, "confidence": null}, {"text": "uh", "start_seconds": 91.12, "end_seconds": 91.44, "confidence": null}, {"text": "it", "start_seconds": 91.44, "end_seconds": 91.52, "confidence": null}, {"text": "comes", "start_seconds": 91.52, "end_seconds": 91.68, "confidence": null}, {"text": "and", "start_seconds": 91.68, "end_seconds": 91.76, "confidence": null}, {"text": "goes", "start_seconds": 91.76, "end_seconds": 91.84, "confidence": null}, {"text": "and", "start_seconds": 92.8, "end_seconds": 92.88, "confidence": null}, {"text": "goes", "start_seconds": 92.88, "end_seconds": 93.36, "confidence": null}, {"text": "a", "start_seconds": 93.36, "end_seconds": 93.52, "confidence": null}, {"text": "pain", "start_seconds": 93.52, "end_seconds": 93.76, "confidence": null}, {"text": "move", "start_seconds": 93.76, "end_seconds": 93.92, "confidence": null}, {"text": "anywhere", "start_seconds": 93.92, "end_seconds": 94.24, "confidence": null}, {"text": "else", "start_seconds": 94.24, "end_seconds": 94.32, "confidence": null}, {"text": "for", "start_seconds": 94.64, "end_seconds": 94.8, "confidence": null}, {"text": "example", "start_seconds": 94.8, "end_seconds": 95.04, "confidence": null}, {"text": "towards", "start_seconds": 95.04, "end_seconds": 95.44, "confidence": null}, {"text": "your", "start_seconds": 95.44, "end_seconds": 95.6, "confidence": null}, {"text": "back", "start_seconds": 95.6, "end_seconds": 95.68, "confidence": null}, {"text": "um", "start_seconds": 96.48, "end_seconds": 96.56, "confidence": null}, {"text": "no", "start_seconds": 96.88, "end_seconds": 96.96, "confidence": null}, {"text": "just", "start_seconds": 97.44, "end_seconds": 97.6, "confidence": null}, {"text": "mainly", "start_seconds": 97.6, "end_seconds": 98.0, "confidence": null}, {"text": "my", "start_seconds": 98.4, "end_seconds": 98.64, "confidence": null}, {"text": "stomach", "start_seconds": 98.64, "end_seconds": 98.72, "confidence": null}, {"text": "okay", "start_seconds": 99.44, "end_seconds": 99.52, "confidence": null}, {"text": "fine", "start_seconds": 100.24, "end_seconds": 100.32, "confidence": null}, {"text": "and", "start_seconds": 100.72, "end_seconds": 100.88, "confidence": null}, {"text": "you", "start_seconds": 100.88, "end_seconds": 100.96, "confidence": null}, {"text": "mentioned", "start_seconds": 100.96, "end_seconds": 101.12, "confidence": null}, {"text": "you've", "start_seconds": 101.12, "end_seconds": 101.28, "confidence": null}, {"text": "been", "start_seconds": 101.28, "end_seconds": 101.36, "confidence": null}, {"text": "feeling", "start_seconds": 101.36, "end_seconds": 101.6, "confidence": null}, {"text": "quite", "start_seconds": 101.6, "end_seconds": 101.92, "confidence": null}, {"text": "weak", "start_seconds": 101.92, "end_seconds": 102.08, "confidence": null}, {"text": "and", "start_seconds": 102.08, "end_seconds": 102.16, "confidence": null}, {"text": "shaky", "start_seconds": 102.16, "end_seconds": 102.48, "confidence": null}, {"text": "as", "start_seconds": 102.48, "end_seconds": 102.56, "confidence": null}, {"text": "well", "start_seconds": 102.56, "end_seconds": 102.88, "confidence": null}, {"text": "would", "start_seconds": 102.88, "end_seconds": 103.04, "confidence": null}, {"text": "you", "start_seconds": 103.04, "end_seconds": 103.12, "confidence": null}, {"text": "mean", "start_seconds": 103.12, "end_seconds": 103.2, "confidence": null}, {"text": "by", "start_seconds": 103.2, "end_seconds": 103.28, "confidence": null}, {"text": "shaky", "start_seconds": 103.6, "end_seconds": 103.84, "confidence": null}, {"text": "do", "start_seconds": 103.84, "end_seconds": 103.92, "confidence": null}, {"text": "you", "start_seconds": 103.92, "end_seconds": 104.0, "confidence": null}, {"text": "mean", "start_seconds": 104.0, "end_seconds": 104.08, "confidence": null}, {"text": "you've", "start_seconds": 104.08, "end_seconds": 104.24, "confidence": null}, {"text": "been", "start_seconds": 104.24, "end_seconds": 104.4, "confidence": null}, {"text": "having", "start_seconds": 104.4, "end_seconds": 104.48, "confidence": null}, {"text": "uh", "start_seconds": 105.28, "end_seconds": 105.44, "confidence": null}, {"text": "are", "start_seconds": 105.44, "end_seconds": 105.52, "confidence": null}, {"text": "you", "start_seconds": 105.52, "end_seconds": 105.68, "confidence": null}, {"text": "been", "start_seconds": 105.68, "end_seconds": 105.76, "confidence": null}, {"text": "feeling", "start_seconds": 105.76, "end_seconds": 105.92, "confidence": null}, {"text": "feverish", "start_seconds": 105.92, "end_seconds": 106.4, "confidence": null}, {"text": "for", "start_seconds": 106.4, "end_seconds": 106.48, "confidence": null}, {"text": "example", "start_seconds": 106.48, "end_seconds": 106.56, "confidence": null}]}}
{"event": "live_event", "case": "en-01", "elapsed_seconds": 108.13008192100096, "value": {"type": "transcript.partial", "session_id": "670896f8-2ff4-4da3-9bb2-d0e3c13d2e66", "sequence": 164, "segment_id": 8, "revision": 1, "text": " um"}}
{"event": "live_event", "case": "en-01", "elapsed_seconds": 108.69134568499794, "value": {"type": "transcript.partial", "session_id": "670896f8-2ff4-4da3-9bb2-d0e3c13d2e66", "sequence": 165, "segment_id": 8, "revision": 2, "text": " um yeah"}}
{"event": "live_event", "case": "en-01", "elapsed_seconds": 109.25752207400001, "value": {"type": "transcript.partial", "session_id": "670896f8-2ff4-4da3-9bb2-d0e3c13d2e66", "sequence": 166, "segment_id": 8, "revision": 3, "text": " um yeah it doesn't feel like"}}
{"event": "live_event", "case": "en-01", "elapsed_seconds": 109.8103294629982, "value": {"type": "transcript.partial", "session_id": "670896f8-2ff4-4da3-9bb2-d0e3c13d2e66", "sequence": 167, "segment_id": 8, "revision": 4, "text": " um yeah it doesn't feel like uh"}}
{"event": "live_event", "case": "en-01", "elapsed_seconds": 110.37338782799998, "value": {"type": "transcript.partial", "session_id": "670896f8-2ff4-4da3-9bb2-d0e3c13d2e66", "sequence": 168, "segment_id": 8, "revision": 5, "text": " um yeah it doesn't feel like uh yeah I just"}}
{"event": "live_event", "case": "en-01", "elapsed_seconds": 110.93338621799921, "value": {"type": "transcript.partial", "session_id": "670896f8-2ff4-4da3-9bb2-d0e3c13d2e66", "sequence": 169, "segment_id": 8, "revision": 6, "text": " um yeah it doesn't feel like uh yeah I just mainly feel"}}
{"event": "live_event", "case": "en-01", "elapsed_seconds": 111.49580490899825, "value": {"type": "transcript.partial", "session_id": "670896f8-2ff4-4da3-9bb2-d0e3c13d2e66", "sequence": 170, "segment_id": 8, "revision": 7, "text": " um yeah it doesn't feel like uh yeah I just mainly feel weaker I haven't had"}}
{"event": "live_event", "case": "en-01", "elapsed_seconds": 112.05022058399845, "value": {"type": "transcript.partial", "session_id": "670896f8-2ff4-4da3-9bb2-d0e3c13d2e66", "sequence": 171, "segment_id": 8, "revision": 8, "text": " um yeah it doesn't feel like uh yeah I just mainly feel weaker I haven't had a fever"}}
{"event": "live_event", "case": "en-01", "elapsed_seconds": 112.60787442199944, "value": {"type": "transcript.partial", "session_id": "670896f8-2ff4-4da3-9bb2-d0e3c13d2e66", "sequence": 172, "segment_id": 8, "revision": 9, "text": " um yeah it doesn't feel like uh yeah I just mainly feel weaker I haven't had a fever um"}}
{"event": "live_event", "case": "en-01", "elapsed_seconds": 113.17115114699845, "value": {"type": "transcript.partial", "session_id": "670896f8-2ff4-4da3-9bb2-d0e3c13d2e66", "sequence": 173, "segment_id": 8, "revision": 10, "text": " um yeah it doesn't feel like uh yeah I just mainly feel weaker I haven't had a fever um at the moment"}}
{"event": "live_event", "case": "en-01", "elapsed_seconds": 113.73311852999905, "value": {"type": "transcript.partial", "session_id": "670896f8-2ff4-4da3-9bb2-d0e3c13d2e66", "sequence": 174, "segment_id": 8, "revision": 11, "text": " um yeah it doesn't feel like uh yeah I just mainly feel weaker I haven't had a fever um at the moment but I did"}}
{"event": "live_event", "case": "en-01", "elapsed_seconds": 114.28920039399964, "value": {"type": "transcript.partial", "session_id": "670896f8-2ff4-4da3-9bb2-d0e3c13d2e66", "sequence": 175, "segment_id": 8, "revision": 12, "text": " um yeah it doesn't feel like uh yeah I just mainly feel weaker I haven't had a fever um at the moment but I did notice"}}
{"event": "live_event", "case": "en-01", "elapsed_seconds": 114.85113210499912, "value": {"type": "transcript.partial", "session_id": "670896f8-2ff4-4da3-9bb2-d0e3c13d2e66", "sequence": 176, "segment_id": 8, "revision": 13, "text": " um yeah it doesn't feel like uh yeah I just mainly feel weaker I haven't had a fever um at the moment but I did notice um"}}
{"event": "live_event", "case": "en-01", "elapsed_seconds": 115.41467250999995, "value": {"type": "transcript.partial", "session_id": "670896f8-2ff4-4da3-9bb2-d0e3c13d2e66", "sequence": 177, "segment_id": 8, "revision": 14, "text": " um yeah it doesn't feel like uh yeah I just mainly feel weaker I haven't had a fever um at the moment but I did notice um a temperature"}}
{"event": "live_event", "case": "en-01", "elapsed_seconds": 115.97227326999928, "value": {"type": "transcript.partial", "session_id": "670896f8-2ff4-4da3-9bb2-d0e3c13d2e66", "sequence": 178, "segment_id": 8, "revision": 15, "text": " um yeah it doesn't feel like uh yeah I just mainly feel weaker I haven't had a fever um at the moment but I did notice um a temperature when"}}
{"event": "live_event", "case": "en-01", "elapsed_seconds": 116.53397685799791, "value": {"type": "transcript.partial", "session_id": "670896f8-2ff4-4da3-9bb2-d0e3c13d2e66", "sequence": 179, "segment_id": 8, "revision": 16, "text": " um yeah it doesn't feel like uh yeah I just mainly feel weaker I haven't had a fever um at the moment but I did notice um a temperature when the symptom"}}
{"event": "live_event", "case": "en-01", "elapsed_seconds": 117.09139126999798, "value": {"type": "transcript.partial", "session_id": "670896f8-2ff4-4da3-9bb2-d0e3c13d2e66", "sequence": 180, "segment_id": 8, "revision": 17, "text": " um yeah it doesn't feel like uh yeah I just mainly feel weaker I haven't had a fever um at the moment but I did notice um a temperature when the symptom started"}}
{"event": "live_event", "case": "en-01", "elapsed_seconds": 118.21088063999923, "value": {"type": "transcript.partial", "session_id": "670896f8-2ff4-4da3-9bb2-d0e3c13d2e66", "sequence": 181, "segment_id": 8, "revision": 18, "text": " um yeah it doesn't feel like uh yeah I just mainly feel weaker I haven't had a fever um at the moment but I did notice um a temperature when the symptom started so"}}
{"event": "live_event", "case": "en-01", "elapsed_seconds": 118.77064923999933, "value": {"type": "transcript.partial", "session_id": "670896f8-2ff4-4da3-9bb2-d0e3c13d2e66", "sequence": 182, "segment_id": 8, "revision": 19, "text": " um yeah it doesn't feel like uh yeah I just mainly feel weaker I haven't had a fever um at the moment but I did notice um a temperature when the symptom started so um"}}
{"event": "live_event", "case": "en-01", "elapsed_seconds": 119.33185917199808, "value": {"type": "transcript.partial", "session_id": "670896f8-2ff4-4da3-9bb2-d0e3c13d2e66", "sequence": 183, "segment_id": 8, "revision": 20, "text": " um yeah it doesn't feel like uh yeah I just mainly feel weaker I haven't had a fever um at the moment but I did notice um a temperature when the symptom started so um yeah"}}
{"event": "live_event", "case": "en-01", "elapsed_seconds": 119.89355930599777, "value": {"type": "transcript.partial", "session_id": "670896f8-2ff4-4da3-9bb2-d0e3c13d2e66", "sequence": 184, "segment_id": 8, "revision": 21, "text": " um yeah it doesn't feel like uh yeah I just mainly feel weaker I haven't had a fever um at the moment but I did notice um a temperature when the symptom started so um yeah around about"}}
{"event": "live_event", "case": "en-01", "elapsed_seconds": 120.45713108600103, "value": {"type": "transcript.partial", "session_id": "670896f8-2ff4-4da3-9bb2-d0e3c13d2e66", "sequence": 185, "segment_id": 8, "revision": 22, "text": " um yeah it doesn't feel like uh yeah I just mainly feel weaker I haven't had a fever um at the moment but I did notice um a temperature when the symptom started so um yeah around about three or four days"}}
{"event": "live_event", "case": "en-01", "elapsed_seconds": 121.01256886699775, "value": {"type": "transcript.partial", "session_id": "670896f8-2ff4-4da3-9bb2-d0e3c13d2e66", "sequence": 186, "segment_id": 8, "revision": 23, "text": " um yeah it doesn't feel like uh yeah I just mainly feel weaker I haven't had a fever um at the moment but I did notice um a temperature when the symptom started so um yeah around about three or four days ago"}}
{"event": "live_event", "case": "en-01", "elapsed_seconds": 121.57168395600092, "value": {"type": "transcript.final", "session_id": "670896f8-2ff4-4da3-9bb2-d0e3c13d2e66", "sequence": 187, "segment_id": 8, "revision": 24, "text": " um yeah it doesn't feel like uh yeah I just mainly feel weaker I haven't had a fever um at the moment but I did notice um a temperature when the symptom started so um yeah around about three or four days ago", "granularity": "word", "items": [{"text": " um", "start_seconds": 107.6, "end_seconds": 107.68, "confidence": null}, {"text": "yeah", "start_seconds": 108.08, "end_seconds": 108.16, "confidence": null}, {"text": "it", "start_seconds": 108.64, "end_seconds": 108.72, "confidence": null}, {"text": "doesn't", "start_seconds": 108.72, "end_seconds": 108.88, "confidence": null}, {"text": "feel", "start_seconds": 108.88, "end_seconds": 108.96, "confidence": null}, {"text": "like", "start_seconds": 108.96, "end_seconds": 109.04, "confidence": null}, {"text": "uh", "start_seconds": 109.52, "end_seconds": 109.76, "confidence": null}, {"text": "yeah", "start_seconds": 109.76, "end_seconds": 110.0, "confidence": null}, {"text": "I", "start_seconds": 110.0, "end_seconds": 110.08, "confidence": null}, {"text": "just", "start_seconds": 110.08, "end_seconds": 110.4, "confidence": null}, {"text": "mainly", "start_seconds": 110.4, "end_seconds": 110.72, "confidence": null}, {"text": "feel", "start_seconds": 110.72, "end_seconds": 110.96, "confidence": null}, {"text": "weaker", "start_seconds": 110.96, "end_seconds": 111.2, "confidence": null}, {"text": "I", "start_seconds": 111.2, "end_seconds": 111.28, "confidence": null}, {"text": "haven't", "start_seconds": 111.28, "end_seconds": 111.36, "confidence": null}, {"text": "had", "start_seconds": 111.36, "end_seconds": 111.44, "confidence": null}, {"text": "a", "start_seconds": 111.44, "end_seconds": 111.6, "confidence": null}, {"text": "fever", "start_seconds": 111.6, "end_seconds": 111.68, "confidence": null}, {"text": "um", "start_seconds": 112.32, "end_seconds": 112.56, "confidence": null}, {"text": "at", "start_seconds": 112.56, "end_seconds": 112.64, "confidence": null}, {"text": "the", "start_seconds": 112.64, "end_seconds": 112.72, "confidence": null}, {"text": "moment", "start_seconds": 112.72, "end_seconds": 112.8, "confidence": null}, {"text": "but", "start_seconds": 113.12, "end_seconds": 113.2, "confidence": null}, {"text": "I", "start_seconds": 113.2, "end_seconds": 113.36, "confidence": null}, {"text": "did", "start_seconds": 113.36, "end_seconds": 113.68, "confidence": null}, {"text": "notice", "start_seconds": 113.68, "end_seconds": 113.76, "confidence": null}, {"text": "um", "start_seconds": 114.24, "end_seconds": 114.32, "confidence": null}, {"text": "a", "start_seconds": 114.8, "end_seconds": 114.88, "confidence": null}, {"text": "temperature", "start_seconds": 114.88, "end_seconds": 114.96, "confidence": null}, {"text": "when", "start_seconds": 115.44, "end_seconds": 115.52, "confidence": null}, {"text": "the", "start_seconds": 116.0, "end_seconds": 116.24, "confidence": null}, {"text": "symptom", "start_seconds": 116.24, "end_seconds": 116.32, "confidence": null}, {"text": "started", "start_seconds": 116.72, "end_seconds": 116.8, "confidence": null}, {"text": "so", "start_seconds": 117.68, "end_seconds": 117.76, "confidence": null}, {"text": "um", "start_seconds": 118.56, "end_seconds": 118.64, "confidence": null}, {"text": "yeah", "start_seconds": 119.04, "end_seconds": 119.28, "confidence": null}, {"text": "around", "start_seconds": 119.28, "end_seconds": 119.52, "confidence": null}, {"text": "about", "start_seconds": 119.52, "end_seconds": 119.84, "confidence": null}, {"text": "three", "start_seconds": 119.84, "end_seconds": 119.92, "confidence": null}, {"text": "or", "start_seconds": 119.92, "end_seconds": 120.08, "confidence": null}, {"text": "four", "start_seconds": 120.08, "end_seconds": 120.24, "confidence": null}, {"text": "days", "start_seconds": 120.24, "end_seconds": 120.4, "confidence": null}, {"text": "ago", "start_seconds": 120.4, "end_seconds": 120.48, "confidence": null}]}}
{"event": "live_event", "case": "en-01", "elapsed_seconds": 122.13972254699911, "value": {"type": "transcript.partial", "session_id": "670896f8-2ff4-4da3-9bb2-d0e3c13d2e66", "sequence": 188, "segment_id": 9, "revision": 1, "text": " you measure your temperature"}}
{"event": "live_event", "case": "en-01", "elapsed_seconds": 122.6920571039991, "value": {"type": "transcript.partial", "session_id": "670896f8-2ff4-4da3-9bb2-d0e3c13d2e66", "sequence": 189, "segment_id": 9, "revision": 2, "text": " you measure your temperature then"}}
{"event": "live_event", "case": "en-01", "elapsed_seconds": 123.25185830199916, "value": {"type": "transcript.final", "session_id": "670896f8-2ff4-4da3-9bb2-d0e3c13d2e66", "sequence": 190, "segment_id": 9, "revision": 3, "text": " you measure your temperature then", "granularity": "word", "items": [{"text": " you", "start_seconds": 121.52, "end_seconds": 121.6, "confidence": null}, {"text": "measure", "start_seconds": 121.6, "end_seconds": 121.76, "confidence": null}, {"text": "your", "start_seconds": 121.76, "end_seconds": 121.92, "confidence": null}, {"text": "temperature", "start_seconds": 121.92, "end_seconds": 122.08, "confidence": null}, {"text": "then", "start_seconds": 122.08, "end_seconds": 122.16, "confidence": null}]}}
{"event": "live_event", "case": "en-01", "elapsed_seconds": 123.81204681099916, "value": {"type": "transcript.partial", "session_id": "670896f8-2ff4-4da3-9bb2-d0e3c13d2e66", "sequence": 191, "segment_id": 10, "revision": 1, "text": " yeah"}}
{"event": "live_event", "case": "en-01", "elapsed_seconds": 124.37510727399786, "value": {"type": "transcript.partial", "session_id": "670896f8-2ff4-4da3-9bb2-d0e3c13d2e66", "sequence": 192, "segment_id": 10, "revision": 2, "text": " yeah I didn't"}}
{"event": "live_event", "case": "en-01", "elapsed_seconds": 124.93677707399911, "value": {"type": "transcript.partial", "session_id": "670896f8-2ff4-4da3-9bb2-d0e3c13d2e66", "sequence": 193, "segment_id": 10, "revision": 3, "text": " yeah I didn't measure my temperature"}}
{"event": "live_event", "case": "en-01", "elapsed_seconds": 125.49051798599976, "value": {"type": "transcript.partial", "session_id": "670896f8-2ff4-4da3-9bb2-d0e3c13d2e66", "sequence": 194, "segment_id": 10, "revision": 4, "text": " yeah I didn't measure my temperature no but I"}}
{"event": "live_event", "case": "en-01", "elapsed_seconds": 126.05312037299882, "value": {"type": "transcript.partial", "session_id": "670896f8-2ff4-4da3-9bb2-d0e3c13d2e66", "sequence": 195, "segment_id": 10, "revision": 5, "text": " yeah I didn't measure my temperature no but I felt"}}
{"event": "live_event", "case": "en-01", "elapsed_seconds": 126.61351069599914, "value": {"type": "transcript.partial", "session_id": "670896f8-2ff4-4da3-9bb2-d0e3c13d2e66", "sequence": 196, "segment_id": 10, "revision": 6, "text": " yeah I didn't measure my temperature no but I felt um just a bit"}}
{"event": "live_event", "case": "en-01", "elapsed_seconds": 127.73123646399836, "value": {"type": "transcript.partial", "session_id": "670896f8-2ff4-4da3-9bb2-d0e3c13d2e66", "sequence": 197, "segment_id": 10, "revision": 7, "text": " yeah I didn't measure my temperature no but I felt um just a bit hot"}}
{"event": "live_event", "case": "en-01", "elapsed_seconds": 128.2933932650012, "value": {"type": "transcript.partial", "session_id": "670896f8-2ff4-4da3-9bb2-d0e3c13d2e66", "sequence": 198, "segment_id": 10, "revision": 8, "text": " yeah I didn't measure my temperature no but I felt um just a bit hot okay okay"}}
{"event": "live_event", "case": "en-01", "elapsed_seconds": 129.41044747399792, "value": {"type": "transcript.partial", "session_id": "670896f8-2ff4-4da3-9bb2-d0e3c13d2e66", "sequence": 199, "segment_id": 10, "revision": 9, "text": " yeah I didn't measure my temperature no but I felt um just a bit hot okay okay any"}}
{"event": "live_event", "case": "en-01", "elapsed_seconds": 129.97902206399885, "value": {"type": "transcript.partial", "session_id": "670896f8-2ff4-4da3-9bb2-d0e3c13d2e66", "sequence": 200, "segment_id": 10, "revision": 10, "text": " yeah I didn't measure my temperature no but I felt um just a bit hot okay okay any other symptoms like"}}
{"event": "live_event", "case": "en-01", "elapsed_seconds": 130.5335834590005, "value": {"type": "transcript.partial", "session_id": "670896f8-2ff4-4da3-9bb2-d0e3c13d2e66", "sequence": 201, "segment_id": 10, "revision": 11, "text": " yeah I didn't measure my temperature no but I felt um just a bit hot okay okay any other symptoms like sweating or"}}
{"event": "live_event", "case": "en-01", "elapsed_seconds": 131.09079325399944, "value": {"type": "transcript.partial", "session_id": "670896f8-2ff4-4da3-9bb2-d0e3c13d2e66", "sequence": 202, "segment_id": 10, "revision": 12, "text": " yeah I didn't measure my temperature no but I felt um just a bit hot okay okay any other symptoms like sweating or um"}}
{"event": "live_event", "case": "en-01", "elapsed_seconds": 132.2098392629996, "value": {"type": "transcript.final", "session_id": "670896f8-2ff4-4da3-9bb2-d0e3c13d2e66", "sequence": 203, "segment_id": 10, "revision": 13, "text": " yeah I didn't measure my temperature no but I felt um just a bit hot okay okay any other symptoms like sweating or um", "granularity": "word", "items": [{"text": " yeah", "start_seconds": 123.2, "end_seconds": 123.28, "confidence": null}, {"text": "I", "start_seconds": 123.76, "end_seconds": 124.08, "confidence": null}, {"text": "didn't", "start_seconds": 124.08, "end_seconds": 124.32, "confidence": null}, {"text": "measure", "start_seconds": 124.32, "end_seconds": 124.48, "confidence": null}, {"text": "my", "start_seconds": 124.48, "end_seconds": 124.56, "confidence": null}, {"text": "temperature", "start_seconds": 124.56, "end_seconds": 124.96, "confidence": null}, {"text": "no", "start_seconds": 124.96, "end_seconds": 125.2, "confidence": null}, {"text": "but", "start_seconds": 125.2, "end_seconds": 125.36, "confidence": null}, {"text": "I", "start_seconds": 125.36, "end_seconds": 125.44, "confidence": null}, {"text": "felt", "start_seconds": 125.44, "end_seconds": 125.52, "confidence": null}, {"text": "um", "start_seconds": 126.0, "end_seconds": 126.16, "confidence": null}, {"text": "just", "start_seconds": 126.16, "end_seconds": 126.32, "confidence": null}, {"text": "a", "start_seconds": 126.32, "end_seconds": 126.4, "confidence": null}, {"text": "bit", "start_seconds": 126.4, "end_seconds": 126.48, "confidence": null}, {"text": "hot", "start_seconds": 127.12, "end_seconds": 127.2, "confidence": null}, {"text": "okay", "start_seconds": 127.68, "end_seconds": 127.92, "confidence": null}, {"text": "okay", "start_seconds": 127.92, "end_seconds": 128.0, "confidence": null}, {"text": "any", "start_seconds": 129.04, "end_seconds": 129.36, "confidence": null}, {"text": "other", "start_seconds": 129.36, "end_seconds": 129.52, "confidence": null}, {"text": "symptoms", "start_seconds": 129.52, "end_seconds": 129.84, "confidence": null}, {"text": "like", "start_seconds": 129.84, "end_seconds": 130.08, "confidence": null}, {"text": "sweating", "start_seconds": 130.08, "end_seconds": 130.32, "confidence": null}, {"text": "or", "start_seconds": 130.32, "end_seconds": 130.4, "confidence": null}, {"text": "um", "start_seconds": 130.8, "end_seconds": 130.88, "confidence": null}]}}
{"event": "live_event", "case": "en-01", "elapsed_seconds": 133.33148862599774, "value": {"type": "transcript.partial", "session_id": "670896f8-2ff4-4da3-9bb2-d0e3c13d2e66", "sequence": 204, "segment_id": 11, "revision": 1, "text": " no"}}
{"event": "live_event", "case": "en-01", "elapsed_seconds": 133.8901030320012, "value": {"type": "transcript.final", "session_id": "670896f8-2ff4-4da3-9bb2-d0e3c13d2e66", "sequence": 205, "segment_id": 11, "revision": 2, "text": " no", "granularity": "word", "items": [{"text": " no", "start_seconds": 132.72, "end_seconds": 132.8, "confidence": null}]}}
{"event": "live_event", "case": "en-01", "elapsed_seconds": 134.45194495800024, "value": {"type": "transcript.partial", "session_id": "670896f8-2ff4-4da3-9bb2-d0e3c13d2e66", "sequence": 206, "segment_id": 12, "revision": 1, "text": " and uh"}}
{"event": "live_event", "case": "en-01", "elapsed_seconds": 135.01381769200088, "value": {"type": "transcript.partial", "session_id": "670896f8-2ff4-4da3-9bb2-d0e3c13d2e66", "sequence": 207, "segment_id": 12, "revision": 2, "text": " and uh any vomit"}}
{"event": "live_event", "case": "en-01", "elapsed_seconds": 135.57333075299903, "value": {"type": "transcript.partial", "session_id": "670896f8-2ff4-4da3-9bb2-d0e3c13d2e66", "sequence": 208, "segment_id": 12, "revision": 3, "text": " and uh any vomiting at all"}}
{"event": "live_event", "case": "en-01", "elapsed_seconds": 136.69289335299982, "value": {"type": "transcript.partial", "session_id": "670896f8-2ff4-4da3-9bb2-d0e3c13d2e66", "sequence": 209, "segment_id": 12, "revision": 4, "text": " and uh any vomiting at all Yeah so"}}
{"event": "live_event", "case": "en-01", "elapsed_seconds": 137.2511971519998, "value": {"type": "transcript.partial", "session_id": "670896f8-2ff4-4da3-9bb2-d0e3c13d2e66", "sequence": 210, "segment_id": 12, "revision": 5, "text": " and uh any vomiting at all Yeah so um"}}
{"event": "live_event", "case": "en-01", "elapsed_seconds": 138.37333105799917, "value": {"type": "transcript.partial", "session_id": "670896f8-2ff4-4da3-9bb2-d0e3c13d2e66", "sequence": 211, "segment_id": 12, "revision": 6, "text": " and uh any vomiting at all Yeah so um I vom"}}
{"event": "live_event", "case": "en-01", "elapsed_seconds": 138.93201366599897, "value": {"type": "transcript.partial", "session_id": "670896f8-2ff4-4da3-9bb2-d0e3c13d2e66", "sequence": 212, "segment_id": 12, "revision": 7, "text": " and uh any vomiting at all Yeah so um I vomited at"}}
{"event": "live_event", "case": "en-01", "elapsed_seconds": 139.49403641699973, "value": {"type": "transcript.partial", "session_id": "670896f8-2ff4-4da3-9bb2-d0e3c13d2e66", "sequence": 213, "segment_id": 12, "revision": 8, "text": " and uh any vomiting at all Yeah so um I vomited at the start of"}}
{"event": "live_event", "case": "en-01", "elapsed_seconds": 140.05614691899973, "value": {"type": "transcript.partial", "session_id": "670896f8-2ff4-4da3-9bb2-d0e3c13d2e66", "sequence": 214, "segment_id": 12, "revision": 9, "text": " and uh any vomiting at all Yeah so um I vomited at the start of the symptoms but"}}
{"event": "live_event", "case": "en-01", "elapsed_seconds": 140.61101453299852, "value": {"type": "transcript.partial", "session_id": "670896f8-2ff4-4da3-9bb2-d0e3c13d2e66", "sequence": 215, "segment_id": 12, "revision": 10, "text": " and uh any vomiting at all Yeah so um I vomited at the start of the symptoms but now"}}
{"event": "live_event", "case": "en-01", "elapsed_seconds": 141.17218412500006, "value": {"type": "transcript.partial", "session_id": "670896f8-2ff4-4da3-9bb2-d0e3c13d2e66", "sequence": 216, "segment_id": 12, "revision": 11, "text": " and uh any vomiting at all Yeah so um I vomited at the start of the symptoms but now um"}}
{"event": "live_event", "case": "en-01", "elapsed_seconds": 141.73346942900025, "value": {"type": "transcript.partial", "session_id": "670896f8-2ff4-4da3-9bb2-d0e3c13d2e66", "sequence": 217, "segment_id": 12, "revision": 12, "text": " and uh any vomiting at all Yeah so um I vomited at the start of the symptoms but now um I've"}}
{"event": "live_event", "case": "en-01", "elapsed_seconds": 142.29546962599852, "value": {"type": "transcript.partial", "session_id": "670896f8-2ff4-4da3-9bb2-d0e3c13d2e66", "sequence": 218, "segment_id": 12, "revision": 13, "text": " and uh any vomiting at all Yeah so um I vomited at the start of the symptoms but now um I've stopped vomit"}}
{"event": "live_event", "case": "en-01", "elapsed_seconds": 142.84759120499803, "value": {"type": "transcript.partial", "session_id": "670896f8-2ff4-4da3-9bb2-d0e3c13d2e66", "sequence": 219, "segment_id": 12, "revision": 14, "text": " and uh any vomiting at all Yeah so um I vomited at the start of the symptoms but now um I've stopped vomiting"}}
{"event": "live_event", "case": "en-01", "elapsed_seconds": 143.40957916099796, "value": {"type": "transcript.final", "session_id": "670896f8-2ff4-4da3-9bb2-d0e3c13d2e66", "sequence": 220, "segment_id": 12, "revision": 15, "text": " and uh any vomiting at all Yeah so um I vomited at the start of the symptoms but now um I've stopped vomiting", "granularity": "word", "items": [{"text": " and", "start_seconds": 134.08, "end_seconds": 134.24, "confidence": null}, {"text": "uh", "start_seconds": 134.24, "end_seconds": 134.48, "confidence": null}, {"text": "any", "start_seconds": 134.48, "end_seconds": 134.64, "confidence": null}, {"text": "vomiting", "start_seconds": 134.64, "end_seconds": 135.2, "confidence": null}, {"text": "at", "start_seconds": 135.2, "end_seconds": 135.28, "confidence": null}, {"text": "all", "start_seconds": 135.28, "end_seconds": 135.36, "confidence": null}, {"text": "Yeah", "start_seconds": 136.32, "end_seconds": 136.56, "confidence": null}, {"text": "so", "start_seconds": 136.56, "end_seconds": 136.64, "confidence": null}, {"text": "um", "start_seconds": 137.04, "end_seconds": 137.12, "confidence": null}, {"text": "I", "start_seconds": 137.84, "end_seconds": 138.16, "confidence": null}, {"text": "vomited", "start_seconds": 138.16, "end_seconds": 138.72, "confidence": null}, {"text": "at", "start_seconds": 138.72, "end_seconds": 138.96, "confidence": null}, {"text": "the", "start_seconds": 138.96, "end_seconds": 139.04, "confidence": null}, {"text": "start", "start_seconds": 139.04, "end_seconds": 139.12, "confidence": null}, {"text": "of", "start_seconds": 139.12, "end_seconds": 139.44, "confidence": null}, {"text": "the", "start_seconds": 139.44, "end_seconds": 139.52, "confidence": null}, {"text": "symptoms", "start_seconds": 139.52, "end_seconds": 139.76, "confidence": null}, {"text": "but", "start_seconds": 139.76, "end_seconds": 139.84, "confidence": null}, {"text": "now", "start_seconds": 140.24, "end_seconds": 140.32, "confidence": null}, {"text": "um", "start_seconds": 140.88, "end_seconds": 140.96, "confidence": null}, {"text": "I've", "start_seconds": 141.36, "end_seconds": 141.68, "confidence": null}, {"text": "stopped", "start_seconds": 141.68, "end_seconds": 142.0, "confidence": null}, {"text": "vomiting", "start_seconds": 142.0, "end_seconds": 142.24, "confidence": null}]}}
{"event": "live_event", "case": "en-01", "elapsed_seconds": 143.9753781199979, "value": {"type": "transcript.partial", "session_id": "670896f8-2ff4-4da3-9bb2-d0e3c13d2e66", "sequence": 221, "segment_id": 13, "revision": 1, "text": " stop vomiting"}}
{"event": "live_event", "case": "en-01", "elapsed_seconds": 144.5305492539992, "value": {"type": "transcript.partial", "session_id": "670896f8-2ff4-4da3-9bb2-d0e3c13d2e66", "sequence": 222, "segment_id": 13, "revision": 2, "text": " stop vomiting okay and"}}
{"event": "live_event", "case": "en-01", "elapsed_seconds": 145.09316944300008, "value": {"type": "transcript.partial", "session_id": "670896f8-2ff4-4da3-9bb2-d0e3c13d2e66", "sequence": 223, "segment_id": 13, "revision": 3, "text": " stop vomiting okay and was your vom"}}
{"event": "live_event", "case": "en-01", "elapsed_seconds": 145.65529143700041, "value": {"type": "transcript.partial", "session_id": "670896f8-2ff4-4da3-9bb2-d0e3c13d2e66", "sequence": 224, "segment_id": 13, "revision": 4, "text": " stop vomiting okay and was your vomit I know it's not"}}
{"event": "live_event", "case": "en-01", "elapsed_seconds": 146.21531937300097, "value": {"type": "transcript.partial", "session_id": "670896f8-2ff4-4da3-9bb2-d0e3c13d2e66", "sequence": 225, "segment_id": 13, "revision": 5, "text": " stop vomiting okay and was your vomit I know it's not nice thing to talk"}}
{"event": "live_event", "case": "en-01", "elapsed_seconds": 146.77231624699925, "value": {"type": "transcript.partial", "session_id": "670896f8-2ff4-4da3-9bb2-d0e3c13d2e66", "sequence": 226, "segment_id": 13, "revision": 6, "text": " stop vomiting okay and was your vomit I know it's not nice thing to talk about but was"}}
{"event": "live_event", "case": "en-01", "elapsed_seconds": 147.3319728639981, "value": {"type": "transcript.partial", "session_id": "670896f8-2ff4-4da3-9bb2-d0e3c13d2e66", "sequence": 227, "segment_id": 13, "revision": 7, "text": " stop vomiting okay and was your vomit I know it's not nice thing to talk about but was it just normal"}}
{"event": "live_event", "case": "en-01", "elapsed_seconds": 148.45098498899824, "value": {"type": "transcript.partial", "session_id": "670896f8-2ff4-4da3-9bb2-d0e3c13d2e66", "sequence": 228, "segment_id": 13, "revision": 8, "text": " stop vomiting okay and was your vomit I know it's not nice thing to talk about but was it just normal food"}}
{"event": "live_event", "case": "en-01", "elapsed_seconds": 149.01204856600089, "value": {"type": "transcript.partial", "session_id": "670896f8-2ff4-4da3-9bb2-d0e3c13d2e66", "sequence": 229, "segment_id": 13, "revision": 9, "text": " stop vomiting okay and was your vomit I know it's not nice thing to talk about but was it just normal food colour"}}
{"event": "live_event", "case": "en-01", "elapsed_seconds": 150.13038957499884, "value": {"type": "transcript.final", "session_id": "670896f8-2ff4-4da3-9bb2-d0e3c13d2e66", "sequence": 230, "segment_id": 13, "revision": 10, "text": " stop vomiting okay and was your vomit I know it's not nice thing to talk about but was it just normal food colour", "granularity": "word", "items": [{"text": " stop", "start_seconds": 143.44, "end_seconds": 143.6, "confidence": null}, {"text": "vomiting", "start_seconds": 143.6, "end_seconds": 144.0, "confidence": null}, {"text": "okay", "start_seconds": 144.0, "end_seconds": 144.24, "confidence": null}, {"text": "and", "start_seconds": 144.24, "end_seconds": 144.48, "confidence": null}, {"text": "was", "start_seconds": 144.48, "end_seconds": 144.72, "confidence": null}, {"text": "your", "start_seconds": 144.72, "end_seconds": 144.88, "confidence": null}, {"text": "vomit", "start_seconds": 144.88, "end_seconds": 145.2, "confidence": null}, {"text": "I", "start_seconds": 145.2, "end_seconds": 145.36, "confidence": null}, {"text": "know", "start_seconds": 145.36, "end_seconds": 145.44, "confidence": null}, {"text": "it's", "start_seconds": 145.44, "end_seconds": 145.52, "confidence": null}, {"text": "not", "start_seconds": 145.52, "end_seconds": 145.76, "confidence": null}, {"text": "nice", "start_seconds": 145.76, "end_seconds": 145.92, "confidence": null}, {"text": "thing", "start_seconds": 145.92, "end_seconds": 146.0, "confidence": null}, {"text": "to", "start_seconds": 146.0, "end_seconds": 146.08, "confidence": null}, {"text": "talk", "start_seconds": 146.08, "end_seconds": 146.16, "confidence": null}, {"text": "about", "start_seconds": 146.16, "end_seconds": 146.32, "confidence": null}, {"text": "but", "start_seconds": 146.32, "end_seconds": 146.48, "confidence": null}, {"text": "was", "start_seconds": 146.48, "end_seconds": 146.72, "confidence": null}, {"text": "it", "start_seconds": 146.72, "end_seconds": 146.96, "confidence": null}, {"text": "just", "start_seconds": 146.96, "end_seconds": 147.04, "confidence": null}, {"text": "normal", "start_seconds": 147.04, "end_seconds": 147.12, "confidence": null}, {"text": "food", "start_seconds": 148.0, "end_seconds": 148.08, "confidence": null}, {"text": "colour", "start_seconds": 148.48, "end_seconds": 148.64, "confidence": null}]}}
{"event": "live_event", "case": "en-01", "elapsed_seconds": 150.6943967570005, "value": {"type": "transcript.partial", "session_id": "670896f8-2ff4-4da3-9bb2-d0e3c13d2e66", "sequence": 231, "segment_id": 14, "revision": 1, "text": " yeah yeah just"}}
{"event": "live_event", "case": "en-01", "elapsed_seconds": 151.25624124299793, "value": {"type": "transcript.partial", "session_id": "670896f8-2ff4-4da3-9bb2-d0e3c13d2e66", "sequence": 232, "segment_id": 14, "revision": 2, "text": " yeah yeah just normal vom"}}
{"event": "live_event", "case": "en-01", "elapsed_seconds": 151.81112777999806, "value": {"type": "transcript.partial", "session_id": "670896f8-2ff4-4da3-9bb2-d0e3c13d2e66", "sequence": 233, "segment_id": 14, "revision": 3, "text": " yeah yeah just normal vomit"}}
{"event": "live_event", "case": "en-01", "elapsed_seconds": 152.37621759099784, "value": {"type": "transcript.partial", "session_id": "670896f8-2ff4-4da3-9bb2-d0e3c13d2e66", "sequence": 234, "segment_id": 14, "revision": 4, "text": " yeah yeah just normal vomit yeah and there was"}}
{"event": "live_event", "case": "en-01", "elapsed_seconds": 152.93576408100125, "value": {"type": "transcript.partial", "session_id": "670896f8-2ff4-4da3-9bb2-d0e3c13d2e66", "sequence": 235, "segment_id": 14, "revision": 5, "text": " yeah yeah just normal vomit yeah and there was no blood in your"}}
{"event": "live_event", "case": "en-01", "elapsed_seconds": 153.49302270299813, "value": {"type": "transcript.partial", "session_id": "670896f8-2ff4-4da3-9bb2-d0e3c13d2e66", "sequence": 236, "segment_id": 14, "revision": 6, "text": " yeah yeah just normal vomit yeah and there was no blood in your vomit"}}
{"event": "live_event", "case": "en-01", "elapsed_seconds": 154.05503047399907, "value": {"type": "transcript.partial", "session_id": "670896f8-2ff4-4da3-9bb2-d0e3c13d2e66", "sequence": 237, "segment_id": 14, "revision": 7, "text": " yeah yeah just normal vomit yeah and there was no blood in your vomit is that right"}}
{"event": "live_event", "case": "en-01", "elapsed_seconds": 154.61361579399818, "value": {"type": "transcript.partial", "session_id": "670896f8-2ff4-4da3-9bb2-d0e3c13d2e66", "sequence": 238, "segment_id": 14, "revision": 8, "text": " yeah yeah just normal vomit yeah and there was no blood in your vomit is that right no blood no"}}
{"event": "live_event", "case": "en-01", "elapsed_seconds": 155.17014737899808, "value": {"type": "transcript.partial", "session_id": "670896f8-2ff4-4da3-9bb2-d0e3c13d2e66", "sequence": 239, "segment_id": 14, "revision": 9, "text": " yeah yeah just normal vomit yeah and there was no blood in your vomit is that right no blood no no"}}
{"event": "live_event", "case": "en-01", "elapsed_seconds": 155.73315604600066, "value": {"type": "transcript.partial", "session_id": "670896f8-2ff4-4da3-9bb2-d0e3c13d2e66", "sequence": 240, "segment_id": 14, "revision": 10, "text": " yeah yeah just normal vomit yeah and there was no blood in your vomit is that right no blood no no okay"}}
{"event": "live_event", "case": "en-01", "elapsed_seconds": 156.85029607400065, "value": {"type": "transcript.partial", "session_id": "670896f8-2ff4-4da3-9bb2-d0e3c13d2e66", "sequence": 241, "segment_id": 14, "revision": 11, "text": " yeah yeah just normal vomit yeah and there was no blood in your vomit is that right no blood no no okay um"}}
{"event": "live_event", "case": "en-01", "elapsed_seconds": 157.4107278470001, "value": {"type": "transcript.partial", "session_id": "670896f8-2ff4-4da3-9bb2-d0e3c13d2e66", "sequence": 242, "segment_id": 14, "revision": 12, "text": " yeah yeah just normal vomit yeah and there was no blood in your vomit is that right no blood no no okay um and um"}}
{"event": "live_event", "case": "en-01", "elapsed_seconds": 158.53202984499876, "value": {"type": "transcript.partial", "session_id": "670896f8-2ff4-4da3-9bb2-d0e3c13d2e66", "sequence": 243, "segment_id": 14, "revision": 13, "text": " yeah yeah just normal vomit yeah and there was no blood in your vomit is that right no blood no no okay um and um any other"}}
{"event": "live_event", "case": "en-01", "elapsed_seconds": 159.09671361000073, "value": {"type": "transcript.partial", "session_id": "670896f8-2ff4-4da3-9bb2-d0e3c13d2e66", "sequence": 244, "segment_id": 14, "revision": 14, "text": " yeah yeah just normal vomit yeah and there was no blood in your vomit is that right no blood no no okay um and um any other symptoms at all"}}
{"event": "live_event", "case": "en-01", "elapsed_seconds": 159.65356815699852, "value": {"type": "transcript.partial", "session_id": "670896f8-2ff4-4da3-9bb2-d0e3c13d2e66", "sequence": 245, "segment_id": 14, "revision": 15, "text": " yeah yeah just normal vomit yeah and there was no blood in your vomit is that right no blood no no okay um and um any other symptoms at all you mentioned"}}
{"event": "live_event", "case": "en-01", "elapsed_seconds": 160.21483131499917, "value": {"type": "transcript.partial", "session_id": "670896f8-2ff4-4da3-9bb2-d0e3c13d2e66", "sequence": 246, "segment_id": 14, "revision": 16, "text": " yeah yeah just normal vomit yeah and there was no blood in your vomit is that right no blood no no okay um and um any other symptoms at all you mentioned tummy pain"}}
{"event": "live_event", "case": "en-01", "elapsed_seconds": 160.77404996199766, "value": {"type": "transcript.partial", "session_id": "670896f8-2ff4-4da3-9bb2-d0e3c13d2e66", "sequence": 247, "segment_id": 14, "revision": 17, "text": " yeah yeah just normal vomit yeah and there was no blood in your vomit is that right no blood no no okay um and um any other symptoms at all you mentioned tummy pain you mentioned di"}}
{"event": "live_event", "case": "en-01", "elapsed_seconds": 161.3375788960002, "value": {"type": "transcript.partial", "session_id": "670896f8-2ff4-4da3-9bb2-d0e3c13d2e66", "sequence": 248, "segment_id": 14, "revision": 18, "text": " yeah yeah just normal vomit yeah and there was no blood in your vomit is that right no blood no no okay um and um any other symptoms at all you mentioned tummy pain you mentioned diarrhea you mentioned"}}
{"event": "live_event", "case": "en-01", "elapsed_seconds": 161.89476278800066, "value": {"type": "transcript.partial", "session_id": "670896f8-2ff4-4da3-9bb2-d0e3c13d2e66", "sequence": 249, "segment_id": 14, "revision": 19, "text": " yeah yeah just normal vomit yeah and there was no blood in your vomit is that right no blood no no okay um and um any other symptoms at all you mentioned tummy pain you mentioned diarrhea you mentioned the vomit"}}
{"event": "live_event", "case": "en-01", "elapsed_seconds": 162.45098039399818, "value": {"type": "transcript.partial", "session_id": "670896f8-2ff4-4da3-9bb2-d0e3c13d2e66", "sequence": 250, "segment_id": 14, "revision": 20, "text": " yeah yeah just normal vomit yeah and there was no blood in your vomit is that right no blood no no okay um and um any other symptoms at all you mentioned tummy pain you mentioned diarrhea you mentioned the vomiting"}}
{"event": "live_event", "case": "en-01", "elapsed_seconds": 163.0109891619977, "value": {"type": "transcript.final", "session_id": "670896f8-2ff4-4da3-9bb2-d0e3c13d2e66", "sequence": 251, "segment_id": 14, "revision": 21, "text": " yeah yeah just normal vomit yeah and there was no blood in your vomit is that right no blood no no okay um and um any other symptoms at all you mentioned tummy pain you mentioned diarrhea you mentioned the vomiting", "granularity": "word", "items": [{"text": " yeah", "start_seconds": 150.08, "end_seconds": 150.24, "confidence": null}, {"text": "yeah", "start_seconds": 150.24, "end_seconds": 150.48, "confidence": null}, {"text": "just", "start_seconds": 150.48, "end_seconds": 150.72, "confidence": null}, {"text": "normal", "start_seconds": 150.72, "end_seconds": 151.04, "confidence": null}, {"text": "vomit", "start_seconds": 151.04, "end_seconds": 151.28, "confidence": null}, {"text": "yeah", "start_seconds": 151.76, "end_seconds": 152.0, "confidence": null}, {"text": "and", "start_seconds": 152.0, "end_seconds": 152.16, "confidence": null}, {"text": "there", "start_seconds": 152.16, "end_seconds": 152.24, "confidence": null}, {"text": "was", "start_seconds": 152.24, "end_seconds": 152.4, "confidence": null}, {"text": "no", "start_seconds": 152.4, "end_seconds": 152.48, "confidence": null}, {"text": "blood", "start_seconds": 152.48, "end_seconds": 152.56, "confidence": null}, {"text": "in", "start_seconds": 152.56, "end_seconds": 152.72, "confidence": null}, {"text": "your", "start_seconds": 152.72, "end_seconds": 153.04, "confidence": null}, {"text": "vomit", "start_seconds": 153.04, "end_seconds": 153.6, "confidence": null}, {"text": "is", "start_seconds": 153.6, "end_seconds": 153.68, "confidence": null}, {"text": "that", "start_seconds": 153.68, "end_seconds": 153.76, "confidence": null}, {"text": "right", "start_seconds": 153.76, "end_seconds": 154.08, "confidence": null}, {"text": "no", "start_seconds": 154.08, "end_seconds": 154.32, "confidence": null}, {"text": "blood", "start_seconds": 154.32, "end_seconds": 154.56, "confidence": null}, {"text": "no", "start_seconds": 154.56, "end_seconds": 154.64, "confidence": null}, {"text": "no", "start_seconds": 154.96, "end_seconds": 155.04, "confidence": null}, {"text": "okay", "start_seconds": 155.36, "end_seconds": 155.44, "confidence": null}, {"text": "um", "start_seconds": 156.24, "end_seconds": 156.32, "confidence": null}, {"text": "and", "start_seconds": 156.88, "end_seconds": 157.2, "confidence": null}, {"text": "um", "start_seconds": 157.2, "end_seconds": 157.28, "confidence": null}, {"text": "any", "start_seconds": 158.16, "end_seconds": 158.32, "confidence": null}, {"text": "other", "start_seconds": 158.32, "end_seconds": 158.48, "confidence": null}, {"text": "symptoms", "start_seconds": 158.48, "end_seconds": 158.72, "confidence": null}, {"text": "at", "start_seconds": 158.72, "end_seconds": 158.88, "confidence": null}, {"text": "all", "start_seconds": 158.88, "end_seconds": 158.96, "confidence": null}, {"text": "you", "start_seconds": 159.28, "end_seconds": 159.44, "confidence": null}, {"text": "mentioned", "start_seconds": 159.44, "end_seconds": 159.76, "confidence": null}, {"text": "tummy", "start_seconds": 159.76, "end_seconds": 160.0, "confidence": null}, {"text": "pain", "start_seconds": 160.0, "end_seconds": 160.32, "confidence": null}, {"text": "you", "start_seconds": 160.32, "end_seconds": 160.4, "confidence": null}, {"text": "mentioned", "start_seconds": 160.4, "end_seconds": 160.56, "confidence": null}, {"text": "diarrhea", "start_seconds": 160.56, "end_seconds": 160.96, "confidence": null}, {"text": "you", "start_seconds": 160.96, "end_seconds": 161.12, "confidence": null}, {"text": "mentioned", "start_seconds": 161.12, "end_seconds": 161.2, "confidence": null}, {"text": "the", "start_seconds": 161.52, "end_seconds": 161.6, "confidence": null}, {"text": "vomiting", "start_seconds": 161.6, "end_seconds": 161.84, "confidence": null}]}}
{"event": "live_event", "case": "en-01", "elapsed_seconds": 163.57586357000037, "value": {"type": "transcript.partial", "session_id": "670896f8-2ff4-4da3-9bb2-d0e3c13d2e66", "sequence": 252, "segment_id": 15, "revision": 1, "text": " anything else"}}
{"event": "live_event", "case": "en-01", "elapsed_seconds": 164.13618182699793, "value": {"type": "transcript.partial", "session_id": "670896f8-2ff4-4da3-9bb2-d0e3c13d2e66", "sequence": 253, "segment_id": 15, "revision": 2, "text": " anything else that comes to mind"}}
{"event": "live_event", "case": "en-01", "elapsed_seconds": 165.25085711700012, "value": {"type": "transcript.final", "session_id": "670896f8-2ff4-4da3-9bb2-d0e3c13d2e66", "sequence": 254, "segment_id": 15, "revision": 3, "text": " anything else that comes to mind", "granularity": "word", "items": [{"text": " anything", "start_seconds": 163.12, "end_seconds": 163.28, "confidence": null}, {"text": "else", "start_seconds": 163.28, "end_seconds": 163.52, "confidence": null}, {"text": "that", "start_seconds": 163.52, "end_seconds": 163.6, "confidence": null}, {"text": "comes", "start_seconds": 163.6, "end_seconds": 163.68, "confidence": null}, {"text": "to", "start_seconds": 163.68, "end_seconds": 163.84, "confidence": null}, {"text": "mind", "start_seconds": 163.84, "end_seconds": 163.92, "confidence": null}]}}
{"event": "live_event", "case": "en-01", "elapsed_seconds": 165.81311203199948, "value": {"type": "transcript.partial", "session_id": "670896f8-2ff4-4da3-9bb2-d0e3c13d2e66", "sequence": 255, "segment_id": 16, "revision": 1, "text": " um I had"}}
{"event": "live_event", "case": "en-01", "elapsed_seconds": 166.37286977799886, "value": {"type": "transcript.partial", "session_id": "670896f8-2ff4-4da3-9bb2-d0e3c13d2e66", "sequence": 256, "segment_id": 16, "revision": 2, "text": " um I had a loss"}}
{"event": "live_event", "case": "en-01", "elapsed_seconds": 166.93263260499953, "value": {"type": "transcript.partial", "session_id": "670896f8-2ff4-4da3-9bb2-d0e3c13d2e66", "sequence": 257, "segment_id": 16, "revision": 3, "text": " um I had a loss of appetite"}}
{"event": "live_event", "case": "en-01", "elapsed_seconds": 168.05133907100026, "value": {"type": "transcript.partial", "session_id": "670896f8-2ff4-4da3-9bb2-d0e3c13d2e66", "sequence": 258, "segment_id": 16, "revision": 4, "text": " um I had a loss of appetite um"}}
{"event": "live_event", "case": "en-01", "elapsed_seconds": 168.61958796899853, "value": {"type": "transcript.partial", "session_id": "670896f8-2ff4-4da3-9bb2-d0e3c13d2e66", "sequence": 259, "segment_id": 16, "revision": 5, "text": " um I had a loss of appetite um so I haven't been eating"}}
{"event": "live_event", "case": "en-01", "elapsed_seconds": 169.171758657998, "value": {"type": "transcript.partial", "session_id": "670896f8-2ff4-4da3-9bb2-d0e3c13d2e66", "sequence": 260, "segment_id": 16, "revision": 6, "text": " um I had a loss of appetite um so I haven't been eating as much"}}
{"event": "live_event", "case": "en-01", "elapsed_seconds": 170.29169581899987, "value": {"type": "transcript.partial", "session_id": "670896f8-2ff4-4da3-9bb2-d0e3c13d2e66", "sequence": 261, "segment_id": 16, "revision": 7, "text": " um I had a loss of appetite um so I haven't been eating as much um but"}}
{"event": "live_event", "case": "en-01", "elapsed_seconds": 170.85902538699884, "value": {"type": "transcript.partial", "session_id": "670896f8-2ff4-4da3-9bb2-d0e3c13d2e66", "sequence": 262, "segment_id": 16, "revision": 8, "text": " um I had a loss of appetite um so I haven't been eating as much um but I've been able"}}
{"event": "live_event", "case": "en-01", "elapsed_seconds": 171.41045111700078, "value": {"type": "transcript.partial", "session_id": "670896f8-2ff4-4da3-9bb2-d0e3c13d2e66", "sequence": 263, "segment_id": 16, "revision": 9, "text": " um I had a loss of appetite um so I haven't been eating as much um but I've been able to"}}
{"event": "live_event", "case": "en-01", "elapsed_seconds": 171.9718776080008, "value": {"type": "transcript.partial", "session_id": "670896f8-2ff4-4da3-9bb2-d0e3c13d2e66", "sequence": 264, "segment_id": 16, "revision": 10, "text": " um I had a loss of appetite um so I haven't been eating as much um but I've been able to hold"}}
{"event": "live_event", "case": "en-01", "elapsed_seconds": 172.53254990999994, "value": {"type": "transcript.partial", "session_id": "670896f8-2ff4-4da3-9bb2-d0e3c13d2e66", "sequence": 265, "segment_id": 16, "revision": 11, "text": " um I had a loss of appetite um so I haven't been eating as much um but I've been able to hold down flu"}}
{"event": "live_event", "case": "en-01", "elapsed_seconds": 173.09141907500089, "value": {"type": "transcript.partial", "session_id": "670896f8-2ff4-4da3-9bb2-d0e3c13d2e66", "sequence": 266, "segment_id": 16, "revision": 12, "text": " um I had a loss of appetite um so I haven't been eating as much um but I've been able to hold down fluids"}}
{"event": "live_event", "case": "en-01", "elapsed_seconds": 173.65188245899844, "value": {"type": "transcript.final", "session_id": "670896f8-2ff4-4da3-9bb2-d0e3c13d2e66", "sequence": 267, "segment_id": 16, "revision": 13, "text": " um I had a loss of appetite um so I haven't been eating as much um but I've been able to hold down fluids", "granularity": "word", "items": [{"text": " um", "start_seconds": 165.2, "end_seconds": 165.36, "confidence": null}, {"text": "I", "start_seconds": 165.36, "end_seconds": 165.52, "confidence": null}, {"text": "had", "start_seconds": 165.52, "end_seconds": 165.6, "confidence": null}, {"text": "a", "start_seconds": 165.92, "end_seconds": 166.24, "confidence": null}, {"text": "loss", "start_seconds": 166.24, "end_seconds": 166.4, "confidence": null}, {"text": "of", "start_seconds": 166.4, "end_seconds": 166.48, "confidence": null}, {"text": "appetite", "start_seconds": 166.48, "end_seconds": 166.8, "confidence": null}, {"text": "um", "start_seconds": 167.68, "end_seconds": 168.0, "confidence": null}, {"text": "so", "start_seconds": 168.0, "end_seconds": 168.08, "confidence": null}, {"text": "I", "start_seconds": 168.08, "end_seconds": 168.16, "confidence": null}, {"text": "haven't", "start_seconds": 168.16, "end_seconds": 168.24, "confidence": null}, {"text": "been", "start_seconds": 168.24, "end_seconds": 168.4, "confidence": null}, {"text": "eating", "start_seconds": 168.4, "end_seconds": 168.56, "confidence": null}, {"text": "as", "start_seconds": 168.56, "end_seconds": 168.72, "confidence": null}, {"text": "much", "start_seconds": 168.72, "end_seconds": 168.8, "confidence": null}, {"text": "um", "start_seconds": 169.84, "end_seconds": 170.08, "confidence": null}, {"text": "but", "start_seconds": 170.08, "end_seconds": 170.32, "confidence": null}, {"text": "I've", "start_seconds": 170.32, "end_seconds": 170.4, "confidence": null}, {"text": "been", "start_seconds": 170.4, "end_seconds": 170.56, "confidence": null}, {"text": "able", "start_seconds": 170.56, "end_seconds": 170.88, "confidence": null}, {"text": "to", "start_seconds": 170.88, "end_seconds": 170.96, "confidence": null}, {"text": "hold", "start_seconds": 171.6, "end_seconds": 171.92, "confidence": null}, {"text": "down", "start_seconds": 171.92, "end_seconds": 172.08, "confidence": null}, {"text": "fluids", "start_seconds": 172.08, "end_seconds": 172.48, "confidence": null}]}}
{"event": "live_event", "case": "en-01", "elapsed_seconds": 174.21357130999968, "value": {"type": "transcript.partial", "session_id": "670896f8-2ff4-4da3-9bb2-d0e3c13d2e66", "sequence": 268, "segment_id": 17, "revision": 1, "text": " okay so you"}}
{"event": "live_event", "case": "en-01", "elapsed_seconds": 174.77941736199864, "value": {"type": "transcript.partial", "session_id": "670896f8-2ff4-4da3-9bb2-d0e3c13d2e66", "sequence": 269, "segment_id": 17, "revision": 2, "text": " okay so you're drinking fluids"}}
{"event": "live_event", "case": "en-01", "elapsed_seconds": 175.89093382599822, "value": {"type": "transcript.final", "session_id": "670896f8-2ff4-4da3-9bb2-d0e3c13d2e66", "sequence": 270, "segment_id": 17, "revision": 3, "text": " okay so you're drinking fluids", "granularity": "word", "items": [{"text": " okay", "start_seconds": 173.68, "end_seconds": 173.92, "confidence": null}, {"text": "so", "start_seconds": 173.92, "end_seconds": 174.08, "confidence": null}, {"text": "you're", "start_seconds": 174.08, "end_seconds": 174.24, "confidence": null}, {"text": "drinking", "start_seconds": 174.24, "end_seconds": 174.4, "confidence": null}, {"text": "fluids", "start_seconds": 174.4, "end_seconds": 174.56, "confidence": null}]}}
{"event": "live_event", "case": "en-01", "elapsed_seconds": 176.4537543059996, "value": {"type": "transcript.partial", "session_id": "670896f8-2ff4-4da3-9bb2-d0e3c13d2e66", "sequence": 271, "segment_id": 18, "revision": 1, "text": " what kind of"}}
{"event": "live_event", "case": "en-01", "elapsed_seconds": 177.01548123500106, "value": {"type": "transcript.partial", "session_id": "670896f8-2ff4-4da3-9bb2-d0e3c13d2e66", "sequence": 272, "segment_id": 18, "revision": 2, "text": " what kind of foods have you"}}
{"event": "live_event", "case": "en-01", "elapsed_seconds": 177.57505269899775, "value": {"type": "transcript.partial", "session_id": "670896f8-2ff4-4da3-9bb2-d0e3c13d2e66", "sequence": 273, "segment_id": 18, "revision": 3, "text": " what kind of foods have you managed to eat"}}
{"event": "live_event", "case": "en-01", "elapsed_seconds": 178.69261468699915, "value": {"type": "transcript.partial", "session_id": "670896f8-2ff4-4da3-9bb2-d0e3c13d2e66", "sequence": 274, "segment_id": 18, "revision": 4, "text": " what kind of foods have you managed to eat anything"}}
{"event": "live_event", "case": "en-01", "elapsed_seconds": 179.81096458899992, "value": {"type": "transcript.partial", "session_id": "670896f8-2ff4-4da3-9bb2-d0e3c13d2e66", "sequence": 275, "segment_id": 18, "revision": 5, "text": " what kind of foods have you managed to eat anything um"}}
{"event": "live_event", "case": "en-01", "elapsed_seconds": 180.37185826399946, "value": {"type": "transcript.partial", "session_id": "670896f8-2ff4-4da3-9bb2-d0e3c13d2e66", "sequence": 276, "segment_id": 18, "revision": 6, "text": " what kind of foods have you managed to eat anything um just"}}
{"event": "live_event", "case": "en-01", "elapsed_seconds": 180.93308576100026, "value": {"type": "transcript.partial", "session_id": "670896f8-2ff4-4da3-9bb2-d0e3c13d2e66", "sequence": 277, "segment_id": 18, "revision": 7, "text": " what kind of foods have you managed to eat anything um just soups"}}
{"event": "live_event", "case": "en-01", "elapsed_seconds": 181.489840268001, "value": {"type": "transcript.final", "session_id": "670896f8-2ff4-4da3-9bb2-d0e3c13d2e66", "sequence": 278, "segment_id": 18, "revision": 8, "text": " what kind of foods have you managed to eat anything um just soups", "granularity": "word", "items": [{"text": " what", "start_seconds": 176.08, "end_seconds": 176.16, "confidence": null}, {"text": "kind", "start_seconds": 176.16, "end_seconds": 176.24, "confidence": null}, {"text": "of", "start_seconds": 176.24, "end_seconds": 176.4, "confidence": null}, {"text": "foods", "start_seconds": 176.4, "end_seconds": 176.64, "confidence": null}, {"text": "have", "start_seconds": 176.64, "end_seconds": 176.8, "confidence": null}, {"text": "you", "start_seconds": 176.8, "end_seconds": 177.04, "confidence": null}, {"text": "managed", "start_seconds": 177.04, "end_seconds": 177.2, "confidence": null}, {"text": "to", "start_seconds": 177.2, "end_seconds": 177.28, "confidence": null}, {"text": "eat", "start_seconds": 177.28, "end_seconds": 177.36, "confidence": null}, {"text": "anything", "start_seconds": 178.16, "end_seconds": 178.24, "confidence": null}, {"text": "um", "start_seconds": 179.44, "end_seconds": 179.52, "confidence": null}, {"text": "just", "start_seconds": 179.92, "end_seconds": 180.0, "confidence": null}, {"text": "soups", "start_seconds": 180.32, "end_seconds": 180.4, "confidence": null}]}}
{"event": "live_event", "case": "en-01", "elapsed_seconds": 182.05274160000045, "value": {"type": "transcript.partial", "session_id": "670896f8-2ff4-4da3-9bb2-d0e3c13d2e66", "sequence": 279, "segment_id": 19, "revision": 1, "text": " and uh"}}
{"event": "live_event", "case": "en-01", "elapsed_seconds": 182.61209952300123, "value": {"type": "transcript.partial", "session_id": "670896f8-2ff4-4da3-9bb2-d0e3c13d2e66", "sequence": 280, "segment_id": 19, "revision": 2, "text": " and uh yeah"}}
{"event": "live_event", "case": "en-01", "elapsed_seconds": 183.17546255499838, "value": {"type": "transcript.partial", "session_id": "670896f8-2ff4-4da3-9bb2-d0e3c13d2e66", "sequence": 281, "segment_id": 19, "revision": 3, "text": " and uh yeah light foods"}}
{"event": "live_event", "case": "en-01", "elapsed_seconds": 183.73250019999978, "value": {"type": "transcript.partial", "session_id": "670896f8-2ff4-4da3-9bb2-d0e3c13d2e66", "sequence": 282, "segment_id": 19, "revision": 4, "text": " and uh yeah light foods like"}}
{"event": "live_event", "case": "en-01", "elapsed_seconds": 184.2941947449981, "value": {"type": "transcript.partial", "session_id": "670896f8-2ff4-4da3-9bb2-d0e3c13d2e66", "sequence": 283, "segment_id": 19, "revision": 5, "text": " and uh yeah light foods like smoothies"}}
{"event": "live_event", "case": "en-01", "elapsed_seconds": 184.8512448859983, "value": {"type": "transcript.partial", "session_id": "670896f8-2ff4-4da3-9bb2-d0e3c13d2e66", "sequence": 284, "segment_id": 19, "revision": 6, "text": " and uh yeah light foods like smoothies and"}}
{"event": "live_event", "case": "en-01", "elapsed_seconds": 185.41038865500013, "value": {"type": "transcript.final", "session_id": "670896f8-2ff4-4da3-9bb2-d0e3c13d2e66", "sequence": 285, "segment_id": 19, "revision": 7, "text": " and uh yeah light foods like smoothies and", "granularity": "word", "items": [{"text": " and", "start_seconds": 181.44, "end_seconds": 181.68, "confidence": null}, {"text": "uh", "start_seconds": 181.68, "end_seconds": 182.0, "confidence": null}, {"text": "yeah", "start_seconds": 182.0, "end_seconds": 182.08, "confidence": null}, {"text": "light", "start_seconds": 182.56, "end_seconds": 182.8, "confidence": null}, {"text": "foods", "start_seconds": 182.8, "end_seconds": 182.96, "confidence": null}, {"text": "like", "start_seconds": 183.36, "end_seconds": 183.44, "confidence": null}, {"text": "smoothies", "start_seconds": 183.76, "end_seconds": 183.92, "confidence": null}, {"text": "and", "start_seconds": 184.32, "end_seconds": 184.4, "confidence": null}]}}
{"event": "live_event", "case": "en-01", "elapsed_seconds": 185.97280844700072, "value": {"type": "transcript.partial", "session_id": "670896f8-2ff4-4da3-9bb2-d0e3c13d2e66", "sequence": 286, "segment_id": 20, "revision": 1, "text": " yeah liqu"}}
{"event": "live_event", "case": "en-01", "elapsed_seconds": 186.53321486200002, "value": {"type": "transcript.partial", "session_id": "670896f8-2ff4-4da3-9bb2-d0e3c13d2e66", "sequence": 287, "segment_id": 20, "revision": 2, "text": " yeah liquid foods"}}
{"event": "live_event", "case": "en-01", "elapsed_seconds": 187.09178746600082, "value": {"type": "transcript.partial", "session_id": "670896f8-2ff4-4da3-9bb2-d0e3c13d2e66", "sequence": 288, "segment_id": 20, "revision": 3, "text": " yeah liquid foods mainly"}}
{"event": "live_event", "case": "en-01", "elapsed_seconds": 188.21345581999776, "value": {"type": "transcript.partial", "session_id": "670896f8-2ff4-4da3-9bb2-d0e3c13d2e66", "sequence": 289, "segment_id": 20, "revision": 4, "text": " yeah liquid foods mainly okay fine"}}
{"event": "live_event", "case": "en-01", "elapsed_seconds": 189.33097932999954, "value": {"type": "transcript.partial", "session_id": "670896f8-2ff4-4da3-9bb2-d0e3c13d2e66", "sequence": 290, "segment_id": 20, "revision": 5, "text": " yeah liquid foods mainly okay fine um"}}
{"event": "live_event", "case": "en-01", "elapsed_seconds": 190.45158011799867, "value": {"type": "transcript.partial", "session_id": "670896f8-2ff4-4da3-9bb2-d0e3c13d2e66", "sequence": 291, "segment_id": 20, "revision": 6, "text": " yeah liquid foods mainly okay fine um and so"}}
{"event": "live_event", "case": "en-01", "elapsed_seconds": 191.01030027700108, "value": {"type": "transcript.final", "session_id": "670896f8-2ff4-4da3-9bb2-d0e3c13d2e66", "sequence": 292, "segment_id": 20, "revision": 7, "text": " yeah liquid foods mainly okay fine um and so", "granularity": "word", "items": [{"text": " yeah", "start_seconds": 185.36, "end_seconds": 185.68, "confidence": null}, {"text": "liquid", "start_seconds": 185.68, "end_seconds": 186.08, "confidence": null}, {"text": "foods", "start_seconds": 186.08, "end_seconds": 186.56, "confidence": null}, {"text": "mainly", "start_seconds": 186.56, "end_seconds": 186.64, "confidence": null}, {"text": "okay", "start_seconds": 187.6, "end_seconds": 187.84, "confidence": null}, {"text": "fine", "start_seconds": 187.84, "end_seconds": 187.92, "confidence": null}, {"text": "um", "start_seconds": 188.96, "end_seconds": 189.04, "confidence": null}, {"text": "and", "start_seconds": 189.84, "end_seconds": 189.92, "confidence": null}, {"text": "so", "start_seconds": 189.92, "end_seconds": 190.0, "confidence": null}]}}
{"event": "live_event", "case": "en-01", "elapsed_seconds": 191.57061840099777, "value": {"type": "transcript.partial", "session_id": "670896f8-2ff4-4da3-9bb2-d0e3c13d2e66", "sequence": 293, "segment_id": 21, "revision": 1, "text": " you"}}
{"event": "live_event", "case": "en-01", "elapsed_seconds": 192.13814172699858, "value": {"type": "transcript.partial", "session_id": "670896f8-2ff4-4da3-9bb2-d0e3c13d2e66", "sequence": 294, "segment_id": 21, "revision": 2, "text": " you start just three days ago"}}
{"event": "live_event", "case": "en-01", "elapsed_seconds": 192.69509084499805, "value": {"type": "transcript.partial", "session_id": "670896f8-2ff4-4da3-9bb2-d0e3c13d2e66", "sequence": 295, "segment_id": 21, "revision": 3, "text": " you start just three days ago the symptoms"}}
{"event": "live_event", "case": "en-01", "elapsed_seconds": 193.25507831999857, "value": {"type": "transcript.partial", "session_id": "670896f8-2ff4-4da3-9bb2-d0e3c13d2e66", "sequence": 296, "segment_id": 21, "revision": 4, "text": " you start just three days ago the symptoms are you aware of"}}
{"event": "live_event", "case": "en-01", "elapsed_seconds": 193.8155186289987, "value": {"type": "transcript.partial", "session_id": "670896f8-2ff4-4da3-9bb2-d0e3c13d2e66", "sequence": 297, "segment_id": 21, "revision": 5, "text": " you start just three days ago the symptoms are you aware of any triggers"}}
{"event": "live_event", "case": "en-01", "elapsed_seconds": 194.37707451999813, "value": {"type": "transcript.partial", "session_id": "670896f8-2ff4-4da3-9bb2-d0e3c13d2e66", "sequence": 298, "segment_id": 21, "revision": 6, "text": " you start just three days ago the symptoms are you aware of any triggers which may have caused"}}
{"event": "live_event", "case": "en-01", "elapsed_seconds": 194.9359303659985, "value": {"type": "transcript.partial", "session_id": "670896f8-2ff4-4da3-9bb2-d0e3c13d2e66", "sequence": 299, "segment_id": 21, "revision": 7, "text": " you start just three days ago the symptoms are you aware of any triggers which may have caused your symptoms"}}
{"event": "live_event", "case": "en-01", "elapsed_seconds": 195.49298967399955, "value": {"type": "transcript.partial", "session_id": "670896f8-2ff4-4da3-9bb2-d0e3c13d2e66", "sequence": 300, "segment_id": 21, "revision": 8, "text": " you start just three days ago the symptoms are you aware of any triggers which may have caused your symptoms to uh to"}}
{"event": "live_event", "case": "en-01", "elapsed_seconds": 196.05262637399937, "value": {"type": "transcript.partial", "session_id": "670896f8-2ff4-4da3-9bb2-d0e3c13d2e66", "sequence": 301, "segment_id": 21, "revision": 9, "text": " you start just three days ago the symptoms are you aware of any triggers which may have caused your symptoms to uh to kick on So"}}
{"event": "live_event", "case": "en-01", "elapsed_seconds": 196.6131822569987, "value": {"type": "transcript.partial", "session_id": "670896f8-2ff4-4da3-9bb2-d0e3c13d2e66", "sequence": 302, "segment_id": 21, "revision": 10, "text": " you start just three days ago the symptoms are you aware of any triggers which may have caused your symptoms to uh to kick on So for example"}}
{"event": "live_event", "case": "en-01", "elapsed_seconds": 197.72984946699944, "value": {"type": "transcript.final", "session_id": "670896f8-2ff4-4da3-9bb2-d0e3c13d2e66", "sequence": 303, "segment_id": 21, "revision": 11, "text": " you start just three days ago the symptoms are you aware of any triggers which may have caused your symptoms to uh to kick on So for example", "granularity": "word", "items": [{"text": " you", "start_seconds": 191.12, "end_seconds": 191.2, "confidence": null}, {"text": "start", "start_seconds": 191.52, "end_seconds": 191.68, "confidence": null}, {"text": "just", "start_seconds": 191.68, "end_seconds": 191.76, "confidence": null}, {"text": "three", "start_seconds": 191.76, "end_seconds": 191.92, "confidence": null}, {"text": "days", "start_seconds": 191.92, "end_seconds": 192.0, "confidence": null}, {"text": "ago", "start_seconds": 192.0, "end_seconds": 192.24, "confidence": null}, {"text": "the", "start_seconds": 192.24, "end_seconds": 192.4, "confidence": null}, {"text": "symptoms", "start_seconds": 192.4, "end_seconds": 192.8, "confidence": null}, {"text": "are", "start_seconds": 192.8, "end_seconds": 192.88, "confidence": null}, {"text": "you", "start_seconds": 192.88, "end_seconds": 192.96, "confidence": null}, {"text": "aware", "start_seconds": 192.96, "end_seconds": 193.12, "confidence": null}, {"text": "of", "start_seconds": 193.12, "end_seconds": 193.28, "confidence": null}, {"text": "any", "start_seconds": 193.28, "end_seconds": 193.44, "confidence": null}, {"text": "triggers", "start_seconds": 193.44, "end_seconds": 193.76, "confidence": null}, {"text": "which", "start_seconds": 193.76, "end_seconds": 193.84, "confidence": null}, {"text": "may", "start_seconds": 193.84, "end_seconds": 194.0, "confidence": null}, {"text": "have", "start_seconds": 194.0, "end_seconds": 194.16, "confidence": null}, {"text": "caused", "start_seconds": 194.16, "end_seconds": 194.4, "confidence": null}, {"text": "your", "start_seconds": 194.4, "end_seconds": 194.56, "confidence": null}, {"text": "symptoms", "start_seconds": 194.56, "end_seconds": 194.88, "confidence": null}, {"text": "to", "start_seconds": 194.88, "end_seconds": 195.12, "confidence": null}, {"text": "uh", "start_seconds": 195.12, "end_seconds": 195.28, "confidence": null}, {"text": "to", "start_seconds": 195.28, "end_seconds": 195.44, "confidence": null}, {"text": "kick", "start_seconds": 195.44, "end_seconds": 195.6, "confidence": null}, {"text": "on", "start_seconds": 195.6, "end_seconds": 195.84, "confidence": null}, {"text": "So", "start_seconds": 195.84, "end_seconds": 196.0, "confidence": null}, {"text": "for", "start_seconds": 196.0, "end_seconds": 196.16, "confidence": null}, {"text": "example", "start_seconds": 196.16, "end_seconds": 196.24, "confidence": null}]}}
{"event": "live_event", "case": "en-01", "elapsed_seconds": 198.29390981599863, "value": {"type": "transcript.partial", "session_id": "670896f8-2ff4-4da3-9bb2-d0e3c13d2e66", "sequence": 304, "segment_id": 22, "revision": 1, "text": " take away"}}
{"event": "live_event", "case": "en-01", "elapsed_seconds": 198.8526873769988, "value": {"type": "transcript.partial", "session_id": "670896f8-2ff4-4da3-9bb2-d0e3c13d2e66", "sequence": 305, "segment_id": 22, "revision": 2, "text": " take away food or"}}
{"event": "live_event", "case": "en-01", "elapsed_seconds": 199.41421372900004, "value": {"type": "transcript.partial", "session_id": "670896f8-2ff4-4da3-9bb2-d0e3c13d2e66", "sequence": 306, "segment_id": 22, "revision": 3, "text": " take away food or eating"}}
{"event": "live_event", "case": "en-01", "elapsed_seconds": 199.97183935999783, "value": {"type": "transcript.partial", "session_id": "670896f8-2ff4-4da3-9bb2-d0e3c13d2e66", "sequence": 307, "segment_id": 22, "revision": 4, "text": " take away food or eating out or"}}
{"event": "live_event", "case": "en-01", "elapsed_seconds": 200.534068424, "value": {"type": "transcript.partial", "session_id": "670896f8-2ff4-4da3-9bb2-d0e3c13d2e66", "sequence": 308, "segment_id": 22, "revision": 5, "text": " take away food or eating out or being around"}}
{"event": "live_event", "case": "en-01", "elapsed_seconds": 201.0932390329981, "value": {"type": "transcript.partial", "session_id": "670896f8-2ff4-4da3-9bb2-d0e3c13d2e66", "sequence": 309, "segment_id": 22, "revision": 6, "text": " take away food or eating out or being around other people"}}
{"event": "live_event", "case": "en-01", "elapsed_seconds": 201.65550496599826, "value": {"type": "transcript.partial", "session_id": "670896f8-2ff4-4da3-9bb2-d0e3c13d2e66", "sequence": 310, "segment_id": 22, "revision": 7, "text": " take away food or eating out or being around other people who would similar"}}
{"event": "live_event", "case": "en-01", "elapsed_seconds": 202.21361837199947, "value": {"type": "transcript.partial", "session_id": "670896f8-2ff4-4da3-9bb2-d0e3c13d2e66", "sequence": 311, "segment_id": 22, "revision": 8, "text": " take away food or eating out or being around other people who would similar symptoms"}}
{"event": "live_event", "case": "en-01", "elapsed_seconds": 203.33409584000037, "value": {"type": "transcript.partial", "session_id": "670896f8-2ff4-4da3-9bb2-d0e3c13d2e66", "sequence": 312, "segment_id": 22, "revision": 9, "text": " take away food or eating out or being around other people who would similar symptoms Yeah so I had"}}
{"event": "live_event", "case": "en-01", "elapsed_seconds": 203.894764061999, "value": {"type": "transcript.partial", "session_id": "670896f8-2ff4-4da3-9bb2-d0e3c13d2e66", "sequence": 313, "segment_id": 22, "revision": 10, "text": " take away food or eating out or being around other people who would similar symptoms Yeah so I had takeaway"}}
{"event": "live_event", "case": "en-01", "elapsed_seconds": 204.45123268099996, "value": {"type": "transcript.partial", "session_id": "670896f8-2ff4-4da3-9bb2-d0e3c13d2e66", "sequence": 314, "segment_id": 22, "revision": 11, "text": " take away food or eating out or being around other people who would similar symptoms Yeah so I had takeaway about"}}
{"event": "live_event", "case": "en-01", "elapsed_seconds": 205.01393518699842, "value": {"type": "transcript.partial", "session_id": "670896f8-2ff4-4da3-9bb2-d0e3c13d2e66", "sequence": 315, "segment_id": 22, "revision": 12, "text": " take away food or eating out or being around other people who would similar symptoms Yeah so I had takeaway about four days"}}
{"event": "live_event", "case": "en-01", "elapsed_seconds": 205.5713126619994, "value": {"type": "transcript.partial", "session_id": "670896f8-2ff4-4da3-9bb2-d0e3c13d2e66", "sequence": 316, "segment_id": 22, "revision": 13, "text": " take away food or eating out or being around other people who would similar symptoms Yeah so I had takeaway about four days ago"}}
{"event": "live_event", "case": "en-01", "elapsed_seconds": 206.12990084600096, "value": {"type": "transcript.final", "session_id": "670896f8-2ff4-4da3-9bb2-d0e3c13d2e66", "sequence": 317, "segment_id": 22, "revision": 14, "text": " take away food or eating out or being around other people who would similar symptoms Yeah so I had takeaway about four days ago", "granularity": "word", "items": [{"text": " take", "start_seconds": 198.0, "end_seconds": 198.08, "confidence": null}, {"text": "away", "start_seconds": 198.08, "end_seconds": 198.32, "confidence": null}, {"text": "food", "start_seconds": 198.32, "end_seconds": 198.56, "confidence": null}, {"text": "or", "start_seconds": 198.56, "end_seconds": 198.88, "confidence": null}, {"text": "eating", "start_seconds": 198.88, "end_seconds": 198.96, "confidence": null}, {"text": "out", "start_seconds": 199.36, "end_seconds": 199.52, "confidence": null}, {"text": "or", "start_seconds": 199.52, "end_seconds": 199.6, "confidence": null}, {"text": "being", "start_seconds": 200.0, "end_seconds": 200.24, "confidence": null}, {"text": "around", "start_seconds": 200.24, "end_seconds": 200.48, "confidence": null}, {"text": "other", "start_seconds": 200.48, "end_seconds": 200.64, "confidence": null}, {"text": "people", "start_seconds": 200.64, "end_seconds": 200.72, "confidence": null}, {"text": "who", "start_seconds": 201.04, "end_seconds": 201.12, "confidence": null}, {"text": "would", "start_seconds": 201.12, "end_seconds": 201.44, "confidence": null}, {"text": "similar", "start_seconds": 201.44, "end_seconds": 201.68, "confidence": null}, {"text": "symptoms", "start_seconds": 201.68, "end_seconds": 201.76, "confidence": null}, {"text": "Yeah", "start_seconds": 202.72, "end_seconds": 202.88, "confidence": null}, {"text": "so", "start_seconds": 202.88, "end_seconds": 203.04, "confidence": null}, {"text": "I", "start_seconds": 203.04, "end_seconds": 203.12, "confidence": null}, {"text": "had", "start_seconds": 203.12, "end_seconds": 203.36, "confidence": null}, {"text": "takeaway", "start_seconds": 203.36, "end_seconds": 203.92, "confidence": null}, {"text": "about", "start_seconds": 203.92, "end_seconds": 204.0, "confidence": null}, {"text": "four", "start_seconds": 204.4, "end_seconds": 204.48, "confidence": null}, {"text": "days", "start_seconds": 204.48, "end_seconds": 204.56, "confidence": null}, {"text": "ago", "start_seconds": 204.96, "end_seconds": 205.04, "confidence": null}]}}
{"event": "live_event", "case": "en-01", "elapsed_seconds": 207.25143335699977, "value": {"type": "transcript.partial", "session_id": "670896f8-2ff4-4da3-9bb2-d0e3c13d2e66", "sequence": 318, "segment_id": 23, "revision": 1, "text": " um"}}
{"event": "live_event", "case": "en-01", "elapsed_seconds": 207.8124852510009, "value": {"type": "transcript.partial", "session_id": "670896f8-2ff4-4da3-9bb2-d0e3c13d2e66", "sequence": 319, "segment_id": 23, "revision": 2, "text": " um uh but"}}
{"event": "live_event", "case": "en-01", "elapsed_seconds": 208.37559557200075, "value": {"type": "transcript.partial", "session_id": "670896f8-2ff4-4da3-9bb2-d0e3c13d2e66", "sequence": 320, "segment_id": 23, "revision": 3, "text": " um uh but other than that"}}
{"event": "live_event", "case": "en-01", "elapsed_seconds": 208.93161465899902, "value": {"type": "transcript.partial", "session_id": "670896f8-2ff4-4da3-9bb2-d0e3c13d2e66", "sequence": 321, "segment_id": 23, "revision": 4, "text": " um uh but other than that I've"}}
{"event": "live_event", "case": "en-01", "elapsed_seconds": 209.4917111649993, "value": {"type": "transcript.partial", "session_id": "670896f8-2ff4-4da3-9bb2-d0e3c13d2e66", "sequence": 322, "segment_id": 23, "revision": 5, "text": " um uh but other than that I've yeah"}}
{"event": "live_event", "case": "en-01", "elapsed_seconds": 210.05153532999975, "value": {"type": "transcript.partial", "session_id": "670896f8-2ff4-4da3-9bb2-d0e3c13d2e66", "sequence": 323, "segment_id": 23, "revision": 6, "text": " um uh but other than that I've yeah been"}}
{"event": "live_event", "case": "en-01", "elapsed_seconds": 210.6109445740003, "value": {"type": "transcript.partial", "session_id": "670896f8-2ff4-4da3-9bb2-d0e3c13d2e66", "sequence": 324, "segment_id": 23, "revision": 7, "text": " um uh but other than that I've yeah been uh"}}
{"event": "live_event", "case": "en-01", "elapsed_seconds": 211.17512654600068, "value": {"type": "transcript.partial", "session_id": "670896f8-2ff4-4da3-9bb2-d0e3c13d2e66", "sequence": 325, "segment_id": 23, "revision": 8, "text": " um uh but other than that I've yeah been uh eating norm"}}
{"event": "live_event", "case": "en-01", "elapsed_seconds": 211.73145422299785, "value": {"type": "transcript.partial", "session_id": "670896f8-2ff4-4da3-9bb2-d0e3c13d2e66", "sequence": 326, "segment_id": 23, "revision": 9, "text": " um uh but other than that I've yeah been uh eating normally"}}
{"event": "live_event", "case": "en-01", "elapsed_seconds": 212.29061847999765, "value": {"type": "transcript.final", "session_id": "670896f8-2ff4-4da3-9bb2-d0e3c13d2e66", "sequence": 327, "segment_id": 23, "revision": 10, "text": " um uh but other than that I've yeah been uh eating normally", "granularity": "word", "items": [{"text": " um", "start_seconds": 206.64, "end_seconds": 206.72, "confidence": null}, {"text": "uh", "start_seconds": 207.28, "end_seconds": 207.52, "confidence": null}, {"text": "but", "start_seconds": 207.52, "end_seconds": 207.76, "confidence": null}, {"text": "other", "start_seconds": 207.76, "end_seconds": 207.84, "confidence": null}, {"text": "than", "start_seconds": 207.84, "end_seconds": 208.0, "confidence": null}, {"text": "that", "start_seconds": 208.0, "end_seconds": 208.32, "confidence": null}, {"text": "I've", "start_seconds": 208.32, "end_seconds": 208.48, "confidence": null}, {"text": "yeah", "start_seconds": 209.12, "end_seconds": 209.52, "confidence": null}, {"text": "been", "start_seconds": 209.52, "end_seconds": 209.6, "confidence": null}, {"text": "uh", "start_seconds": 210.4, "end_seconds": 210.64, "confidence": null}, {"text": "eating", "start_seconds": 210.64, "end_seconds": 210.88, "confidence": null}, {"text": "normally", "start_seconds": 210.88, "end_seconds": 211.12, "confidence": null}]}}
{"event": "live_event", "case": "en-01", "elapsed_seconds": 212.8522040079988, "value": {"type": "transcript.partial", "session_id": "670896f8-2ff4-4da3-9bb2-d0e3c13d2e66", "sequence": 328, "segment_id": 24, "revision": 1, "text": " I think"}}
{"event": "live_event", "case": "en-01", "elapsed_seconds": 213.41091430099914, "value": {"type": "transcript.partial", "session_id": "670896f8-2ff4-4da3-9bb2-d0e3c13d2e66", "sequence": 329, "segment_id": 24, "revision": 2, "text": " I think un"}}
{"event": "live_event", "case": "en-01", "elapsed_seconds": 213.97314535199985, "value": {"type": "transcript.partial", "session_id": "670896f8-2ff4-4da3-9bb2-d0e3c13d2e66", "sequence": 330, "segment_id": 24, "revision": 3, "text": " I think unusual"}}
{"event": "live_event", "case": "en-01", "elapsed_seconds": 214.53733232499872, "value": {"type": "transcript.partial", "session_id": "670896f8-2ff4-4da3-9bb2-d0e3c13d2e66", "sequence": 331, "segment_id": 24, "revision": 4, "text": " I think unusual Yeah do you remember"}}
{"event": "live_event", "case": "en-01", "elapsed_seconds": 215.0945398039985, "value": {"type": "transcript.partial", "session_id": "670896f8-2ff4-4da3-9bb2-d0e3c13d2e66", "sequence": 332, "segment_id": 24, "revision": 5, "text": " I think unusual Yeah do you remember where you ate"}}
{"event": "live_event", "case": "en-01", "elapsed_seconds": 216.21184099499806, "value": {"type": "transcript.partial", "session_id": "670896f8-2ff4-4da3-9bb2-d0e3c13d2e66", "sequence": 333, "segment_id": 24, "revision": 6, "text": " I think unusual Yeah do you remember where you ate um"}}
{"event": "live_event", "case": "en-01", "elapsed_seconds": 216.77093389999936, "value": {"type": "transcript.partial", "session_id": "670896f8-2ff4-4da3-9bb2-d0e3c13d2e66", "sequence": 334, "segment_id": 24, "revision": 7, "text": " I think unusual Yeah do you remember where you ate um yeah"}}
{"event": "live_event", "case": "en-01", "elapsed_seconds": 217.33081516400125, "value": {"type": "transcript.partial", "session_id": "670896f8-2ff4-4da3-9bb2-d0e3c13d2e66", "sequence": 335, "segment_id": 24, "revision": 8, "text": " I think unusual Yeah do you remember where you ate um yeah I"}}
{"event": "live_event", "case": "en-01", "elapsed_seconds": 217.89199311099946, "value": {"type": "transcript.partial", "session_id": "670896f8-2ff4-4da3-9bb2-d0e3c13d2e66", "sequence": 336, "segment_id": 24, "revision": 9, "text": " I think unusual Yeah do you remember where you ate um yeah I ate at"}}
{"event": "live_event", "case": "en-01", "elapsed_seconds": 218.45429801199862, "value": {"type": "transcript.partial", "session_id": "670896f8-2ff4-4da3-9bb2-d0e3c13d2e66", "sequence": 337, "segment_id": 24, "revision": 10, "text": " I think unusual Yeah do you remember where you ate um yeah I ate at a Chinese rest"}}
{"event": "live_event", "case": "en-01", "elapsed_seconds": 219.0143933340005, "value": {"type": "transcript.partial", "session_id": "670896f8-2ff4-4da3-9bb2-d0e3c13d2e66", "sequence": 338, "segment_id": 24, "revision": 11, "text": " I think unusual Yeah do you remember where you ate um yeah I ate at a Chinese restaurant with"}}
{"event": "live_event", "case": "en-01", "elapsed_seconds": 219.5721949539984, "value": {"type": "transcript.partial", "session_id": "670896f8-2ff4-4da3-9bb2-d0e3c13d2e66", "sequence": 339, "segment_id": 24, "revision": 12, "text": " I think unusual Yeah do you remember where you ate um yeah I ate at a Chinese restaurant with friends"}}
{"event": "live_event", "case": "en-01", "elapsed_seconds": 220.13037177099977, "value": {"type": "transcript.final", "session_id": "670896f8-2ff4-4da3-9bb2-d0e3c13d2e66", "sequence": 340, "segment_id": 24, "revision": 13, "text": " I think unusual Yeah do you remember where you ate um yeah I ate at a Chinese restaurant with friends", "granularity": "word", "items": [{"text": " I", "start_seconds": 212.24, "end_seconds": 212.4, "confidence": null}, {"text": "think", "start_seconds": 212.4, "end_seconds": 212.48, "confidence": null}, {"text": "unusual", "start_seconds": 213.2, "end_seconds": 213.44, "confidence": null}, {"text": "Yeah", "start_seconds": 213.92, "end_seconds": 214.08, "confidence": null}, {"text": "do", "start_seconds": 214.08, "end_seconds": 214.16, "confidence": null}, {"text": "you", "start_seconds": 214.16, "end_seconds": 214.32, "confidence": null}, {"text": "remember", "start_seconds": 214.32, "end_seconds": 214.48, "confidence": null}, {"text": "where", "start_seconds": 214.48, "end_seconds": 214.64, "confidence": null}, {"text": "you", "start_seconds": 214.64, "end_seconds": 214.8, "confidence": null}, {"text": "ate", "start_seconds": 214.8, "end_seconds": 214.88, "confidence": null}, {"text": "um", "start_seconds": 216.0, "end_seconds": 216.08, "confidence": null}, {"text": "yeah", "start_seconds": 216.4, "end_seconds": 216.72, "confidence": null}, {"text": "I", "start_seconds": 216.72, "end_seconds": 216.8, "confidence": null}, {"text": "ate", "start_seconds": 217.44, "end_seconds": 217.68, "confidence": null}, {"text": "at", "start_seconds": 217.68, "end_seconds": 217.92, "confidence": null}, {"text": "a", "start_seconds": 217.92, "end_seconds": 218.0, "confidence": null}, {"text": "Chinese", "start_seconds": 218.0, "end_seconds": 218.24, "confidence": null}, {"text": "restaurant", "start_seconds": 218.24, "end_seconds": 218.56, "confidence": null}, {"text": "with", "start_seconds": 218.56, "end_seconds": 218.64, "confidence": null}, {"text": "friends", "start_seconds": 218.96, "end_seconds": 219.04, "confidence": null}]}}
{"event": "live_event", "case": "en-01", "elapsed_seconds": 220.69228990600095, "value": {"type": "transcript.partial", "session_id": "670896f8-2ff4-4da3-9bb2-d0e3c13d2e66", "sequence": 341, "segment_id": 25, "revision": 1, "text": " okay"}}
{"event": "live_event", "case": "en-01", "elapsed_seconds": 221.25472663599794, "value": {"type": "transcript.partial", "session_id": "670896f8-2ff4-4da3-9bb2-d0e3c13d2e66", "sequence": 342, "segment_id": 25, "revision": 2, "text": " okay anyone else"}}
{"event": "live_event", "case": "en-01", "elapsed_seconds": 221.8105433769997, "value": {"type": "transcript.partial", "session_id": "670896f8-2ff4-4da3-9bb2-d0e3c13d2e66", "sequence": 343, "segment_id": 25, "revision": 3, "text": " okay anyone else on"}}
{"event": "live_event", "case": "en-01", "elapsed_seconds": 222.37223991399878, "value": {"type": "transcript.partial", "session_id": "670896f8-2ff4-4da3-9bb2-d0e3c13d2e66", "sequence": 344, "segment_id": 25, "revision": 4, "text": " okay anyone else on well"}}
{"event": "live_event", "case": "en-01", "elapsed_seconds": 222.93915430099878, "value": {"type": "transcript.partial", "session_id": "670896f8-2ff4-4da3-9bb2-d0e3c13d2e66", "sequence": 345, "segment_id": 25, "revision": 5, "text": " okay anyone else on well with similar symptoms"}}
{"event": "live_event", "case": "en-01", "elapsed_seconds": 224.05185812700074, "value": {"type": "transcript.partial", "session_id": "670896f8-2ff4-4da3-9bb2-d0e3c13d2e66", "sequence": 346, "segment_id": 25, "revision": 6, "text": " okay anyone else on well with similar symptoms um"}}
{"event": "live_event", "case": "en-01", "elapsed_seconds": 224.61262897900087, "value": {"type": "transcript.partial", "session_id": "670896f8-2ff4-4da3-9bb2-d0e3c13d2e66", "sequence": 347, "segment_id": 25, "revision": 7, "text": " okay anyone else on well with similar symptoms um so no one"}}
{"event": "live_event", "case": "en-01", "elapsed_seconds": 225.17400583500057, "value": {"type": "transcript.partial", "session_id": "670896f8-2ff4-4da3-9bb2-d0e3c13d2e66", "sequence": 348, "segment_id": 25, "revision": 8, "text": " okay anyone else on well with similar symptoms um so no one else in the"}}
{"event": "live_event", "case": "en-01", "elapsed_seconds": 225.73223866400076, "value": {"type": "transcript.partial", "session_id": "670896f8-2ff4-4da3-9bb2-d0e3c13d2e66", "sequence": 349, "segment_id": 25, "revision": 9, "text": " okay anyone else on well with similar symptoms um so no one else in the family"}}
{"event": "live_event", "case": "en-01", "elapsed_seconds": 226.29201331700096, "value": {"type": "transcript.partial", "session_id": "670896f8-2ff4-4da3-9bb2-d0e3c13d2e66", "sequence": 350, "segment_id": 25, "revision": 10, "text": " okay anyone else on well with similar symptoms um so no one else in the family so I"}}
{"event": "live_event", "case": "en-01", "elapsed_seconds": 226.85264156799894, "value": {"type": "transcript.partial", "session_id": "670896f8-2ff4-4da3-9bb2-d0e3c13d2e66", "sequence": 351, "segment_id": 25, "revision": 11, "text": " okay anyone else on well with similar symptoms um so no one else in the family so I uh wife"}}
{"event": "live_event", "case": "en-01", "elapsed_seconds": 227.41428598199855, "value": {"type": "transcript.partial", "session_id": "670896f8-2ff4-4da3-9bb2-d0e3c13d2e66", "sequence": 352, "segment_id": 25, "revision": 12, "text": " okay anyone else on well with similar symptoms um so no one else in the family so I uh wife and two kids"}}
{"event": "live_event", "case": "en-01", "elapsed_seconds": 227.9733163109995, "value": {"type": "transcript.partial", "session_id": "670896f8-2ff4-4da3-9bb2-d0e3c13d2e66", "sequence": 353, "segment_id": 25, "revision": 13, "text": " okay anyone else on well with similar symptoms um so no one else in the family so I uh wife and two kids and one"}}
{"event": "live_event", "case": "en-01", "elapsed_seconds": 228.52985474700108, "value": {"type": "transcript.partial", "session_id": "670896f8-2ff4-4da3-9bb2-d0e3c13d2e66", "sequence": 354, "segment_id": 25, "revision": 14, "text": " okay anyone else on well with similar symptoms um so no one else in the family so I uh wife and two kids and one um"}}
{"event": "live_event", "case": "en-01", "elapsed_seconds": 229.09149912999783, "value": {"type": "transcript.partial", "session_id": "670896f8-2ff4-4da3-9bb2-d0e3c13d2e66", "sequence": 355, "segment_id": 25, "revision": 15, "text": " okay anyone else on well with similar symptoms um so no one else in the family so I uh wife and two kids and one um child"}}
{"event": "live_event", "case": "en-01", "elapsed_seconds": 229.65117646299768, "value": {"type": "transcript.partial", "session_id": "670896f8-2ff4-4da3-9bb2-d0e3c13d2e66", "sequence": 356, "segment_id": 25, "revision": 16, "text": " okay anyone else on well with similar symptoms um so no one else in the family so I uh wife and two kids and one um child was"}}
{"event": "live_event", "case": "en-01", "elapsed_seconds": 230.21449721200042, "value": {"type": "transcript.partial", "session_id": "670896f8-2ff4-4da3-9bb2-d0e3c13d2e66", "sequence": 357, "segment_id": 25, "revision": 17, "text": " okay anyone else on well with similar symptoms um so no one else in the family so I uh wife and two kids and one um child was vomiting but"}}
{"event": "live_event", "case": "en-01", "elapsed_seconds": 230.772418741999, "value": {"type": "transcript.partial", "session_id": "670896f8-2ff4-4da3-9bb2-d0e3c13d2e66", "sequence": 358, "segment_id": 25, "revision": 18, "text": " okay anyone else on well with similar symptoms um so no one else in the family so I uh wife and two kids and one um child was vomiting but they"}}
{"event": "live_event", "case": "en-01", "elapsed_seconds": 231.33363931200074, "value": {"type": "transcript.partial", "session_id": "670896f8-2ff4-4da3-9bb2-d0e3c13d2e66", "sequence": 359, "segment_id": 25, "revision": 19, "text": " okay anyone else on well with similar symptoms um so no one else in the family so I uh wife and two kids and one um child was vomiting but they haven't got"}}
{"event": "live_event", "case": "en-01", "elapsed_seconds": 231.89458269500028, "value": {"type": "transcript.partial", "session_id": "670896f8-2ff4-4da3-9bb2-d0e3c13d2e66", "sequence": 360, "segment_id": 25, "revision": 20, "text": " okay anyone else on well with similar symptoms um so no one else in the family so I uh wife and two kids and one um child was vomiting but they haven't got diarrhea"}}
{"event": "live_event", "case": "en-01", "elapsed_seconds": 232.45634165400043, "value": {"type": "transcript.partial", "session_id": "670896f8-2ff4-4da3-9bb2-d0e3c13d2e66", "sequence": 361, "segment_id": 25, "revision": 21, "text": " okay anyone else on well with similar symptoms um so no one else in the family so I uh wife and two kids and one um child was vomiting but they haven't got diarrhea there's no one"}}
{"event": "live_event", "case": "en-01", "elapsed_seconds": 233.0128343180004, "value": {"type": "transcript.partial", "session_id": "670896f8-2ff4-4da3-9bb2-d0e3c13d2e66", "sequence": 362, "segment_id": 25, "revision": 22, "text": " okay anyone else on well with similar symptoms um so no one else in the family so I uh wife and two kids and one um child was vomiting but they haven't got diarrhea there's no one with the"}}
{"event": "live_event", "case": "en-01", "elapsed_seconds": 233.5771048759998, "value": {"type": "transcript.partial", "session_id": "670896f8-2ff4-4da3-9bb2-d0e3c13d2e66", "sequence": 363, "segment_id": 25, "revision": 23, "text": " okay anyone else on well with similar symptoms um so no one else in the family so I uh wife and two kids and one um child was vomiting but they haven't got diarrhea there's no one with the same symptom"}}
{"event": "live_event", "case": "en-01", "elapsed_seconds": 234.13151224600006, "value": {"type": "transcript.partial", "session_id": "670896f8-2ff4-4da3-9bb2-d0e3c13d2e66", "sequence": 364, "segment_id": 25, "revision": 24, "text": " okay anyone else on well with similar symptoms um so no one else in the family so I uh wife and two kids and one um child was vomiting but they haven't got diarrhea there's no one with the same symptoms"}}
{"event": "live_event", "case": "en-01", "elapsed_seconds": 234.6912406679985, "value": {"type": "transcript.final", "session_id": "670896f8-2ff4-4da3-9bb2-d0e3c13d2e66", "sequence": 365, "segment_id": 25, "revision": 25, "text": " okay anyone else on well with similar symptoms um so no one else in the family so I uh wife and two kids and one um child was vomiting but they haven't got diarrhea there's no one with the same symptoms", "granularity": "word", "items": [{"text": " okay", "start_seconds": 220.08, "end_seconds": 220.16, "confidence": null}, {"text": "anyone", "start_seconds": 220.64, "end_seconds": 220.96, "confidence": null}, {"text": "else", "start_seconds": 220.96, "end_seconds": 221.04, "confidence": null}, {"text": "on", "start_seconds": 221.52, "end_seconds": 221.76, "confidence": null}, {"text": "well", "start_seconds": 221.76, "end_seconds": 221.84, "confidence": null}, {"text": "with", "start_seconds": 222.32, "end_seconds": 222.4, "confidence": null}, {"text": "similar", "start_seconds": 222.4, "end_seconds": 222.56, "confidence": null}, {"text": "symptoms", "start_seconds": 222.56, "end_seconds": 222.72, "confidence": null}, {"text": "um", "start_seconds": 223.68, "end_seconds": 223.76, "confidence": null}, {"text": "so", "start_seconds": 224.08, "end_seconds": 224.32, "confidence": null}, {"text": "no", "start_seconds": 224.32, "end_seconds": 224.4, "confidence": null}, {"text": "one", "start_seconds": 224.4, "end_seconds": 224.64, "confidence": null}, {"text": "else", "start_seconds": 224.64, "end_seconds": 224.72, "confidence": null}, {"text": "in", "start_seconds": 224.72, "end_seconds": 224.96, "confidence": null}, {"text": "the", "start_seconds": 224.96, "end_seconds": 225.2, "confidence": null}, {"text": "family", "start_seconds": 225.2, "end_seconds": 225.28, "confidence": null}, {"text": "so", "start_seconds": 225.68, "end_seconds": 225.92, "confidence": null}, {"text": "I", "start_seconds": 225.92, "end_seconds": 226.0, "confidence": null}, {"text": "uh", "start_seconds": 226.32, "end_seconds": 226.48, "confidence": null}, {"text": "wife", "start_seconds": 226.48, "end_seconds": 226.8, "confidence": null}, {"text": "and", "start_seconds": 226.8, "end_seconds": 226.96, "confidence": null}, {"text": "two", "start_seconds": 226.96, "end_seconds": 227.12, "confidence": null}, {"text": "kids", "start_seconds": 227.12, "end_seconds": 227.36, "confidence": null}, {"text": "and", "start_seconds": 227.36, "end_seconds": 227.6, "confidence": null}, {"text": "one", "start_seconds": 227.6, "end_seconds": 227.68, "confidence": null}, {"text": "um", "start_seconds": 228.08, "end_seconds": 228.16, "confidence": null}, {"text": "child", "start_seconds": 228.8, "end_seconds": 229.12, "confidence": null}, {"text": "was", "start_seconds": 229.12, "end_seconds": 229.2, "confidence": null}, {"text": "vomiting", "start_seconds": 229.6, "end_seconds": 230.08, "confidence": null}, {"text": "but", "start_seconds": 230.08, "end_seconds": 230.16, "confidence": null}, {"text": "they", "start_seconds": 230.48, "end_seconds": 230.72, "confidence": null}, {"text": "haven't", "start_seconds": 230.72, "end_seconds": 230.96, "confidence": null}, {"text": "got", "start_seconds": 230.96, "end_seconds": 231.04, "confidence": null}, {"text": "diarrhea", "start_seconds": 231.36, "end_seconds": 231.68, "confidence": null}, {"text": "there's", "start_seconds": 232.08, "end_seconds": 232.16, "confidence": null}, {"text": "no", "start_seconds": 232.16, "end_seconds": 232.32, "confidence": null}, {"text": "one", "start_seconds": 232.32, "end_seconds": 232.4, "confidence": null}, {"text": "with", "start_seconds": 232.4, "end_seconds": 232.56, "confidence": null}, {"text": "the", "start_seconds": 232.56, "end_seconds": 232.64, "confidence": null}, {"text": "same", "start_seconds": 232.96, "end_seconds": 233.12, "confidence": null}, {"text": "symptoms", "start_seconds": 233.12, "end_seconds": 233.52, "confidence": null}]}}
{"event": "live_event", "case": "en-01", "elapsed_seconds": 235.25451039700056, "value": {"type": "transcript.partial", "session_id": "670896f8-2ff4-4da3-9bb2-d0e3c13d2e66", "sequence": 366, "segment_id": 26, "revision": 1, "text": " okay okay"}}
{"event": "live_event", "case": "en-01", "elapsed_seconds": 235.8118281629977, "value": {"type": "transcript.partial", "session_id": "670896f8-2ff4-4da3-9bb2-d0e3c13d2e66", "sequence": 367, "segment_id": 26, "revision": 2, "text": " okay okay fine"}}
{"event": "live_event", "case": "en-01", "elapsed_seconds": 236.92915703299877, "value": {"type": "transcript.final", "session_id": "670896f8-2ff4-4da3-9bb2-d0e3c13d2e66", "sequence": 368, "segment_id": 26, "revision": 3, "text": " okay okay fine", "granularity": "word", "items": [{"text": " okay", "start_seconds": 234.64, "end_seconds": 234.8, "confidence": null}, {"text": "okay", "start_seconds": 234.8, "end_seconds": 234.96, "confidence": null}, {"text": "fine", "start_seconds": 235.36, "end_seconds": 235.44, "confidence": null}]}}
{"event": "live_event", "case": "en-01", "elapsed_seconds": 237.49152559399954, "value": {"type": "transcript.partial", "session_id": "670896f8-2ff4-4da3-9bb2-d0e3c13d2e66", "sequence": 369, "segment_id": 27, "revision": 1, "text": " um"}}
{"event": "live_event", "case": "en-01", "elapsed_seconds": 238.0529811870001, "value": {"type": "transcript.partial", "session_id": "670896f8-2ff4-4da3-9bb2-d0e3c13d2e66", "sequence": 370, "segment_id": 27, "revision": 2, "text": " um right"}}
{"event": "live_event", "case": "en-01", "elapsed_seconds": 238.61180780200084, "value": {"type": "transcript.partial", "session_id": "670896f8-2ff4-4da3-9bb2-d0e3c13d2e66", "sequence": 371, "segment_id": 27, "revision": 3, "text": " um right and"}}
{"event": "live_event", "case": "en-01", "elapsed_seconds": 239.1747963710004, "value": {"type": "transcript.partial", "session_id": "670896f8-2ff4-4da3-9bb2-d0e3c13d2e66", "sequence": 372, "segment_id": 27, "revision": 4, "text": " um right and uh in terms of"}}
{"event": "live_event", "case": "en-01", "elapsed_seconds": 239.73262671499833, "value": {"type": "transcript.partial", "session_id": "670896f8-2ff4-4da3-9bb2-d0e3c13d2e66", "sequence": 373, "segment_id": 27, "revision": 5, "text": " um right and uh in terms of your"}}
{"event": "live_event", "case": "en-01", "elapsed_seconds": 240.29254602400033, "value": {"type": "transcript.partial", "session_id": "670896f8-2ff4-4da3-9bb2-d0e3c13d2e66", "sequence": 374, "segment_id": 27, "revision": 6, "text": " um right and uh in terms of your you"}}
{"event": "live_event", "case": "en-01", "elapsed_seconds": 240.85557589200107, "value": {"type": "transcript.partial", "session_id": "670896f8-2ff4-4da3-9bb2-d0e3c13d2e66", "sequence": 375, "segment_id": 27, "revision": 7, "text": " um right and uh in terms of your your overall"}}
{"event": "live_event", "case": "en-01", "elapsed_seconds": 241.41341426799772, "value": {"type": "transcript.partial", "session_id": "670896f8-2ff4-4da3-9bb2-d0e3c13d2e66", "sequence": 376, "segment_id": 27, "revision": 8, "text": " um right and uh in terms of your your overall health are"}}
{"event": "live_event", "case": "en-01", "elapsed_seconds": 241.9732928609992, "value": {"type": "transcript.partial", "session_id": "670896f8-2ff4-4da3-9bb2-d0e3c13d2e66", "sequence": 377, "segment_id": 27, "revision": 9, "text": " um right and uh in terms of your your overall health are you normally"}}
{"event": "live_event", "case": "en-01", "elapsed_seconds": 242.5355248699998, "value": {"type": "transcript.partial", "session_id": "670896f8-2ff4-4da3-9bb2-d0e3c13d2e66", "sequence": 378, "segment_id": 27, "revision": 10, "text": " um right and uh in terms of your your overall health are you normally fitting well"}}
{"event": "live_event", "case": "en-01", "elapsed_seconds": 243.09111741699962, "value": {"type": "transcript.partial", "session_id": "670896f8-2ff4-4da3-9bb2-d0e3c13d2e66", "sequence": 379, "segment_id": 27, "revision": 11, "text": " um right and uh in terms of your your overall health are you normally fitting well or"}}
{"event": "live_event", "case": "en-01", "elapsed_seconds": 244.2121886950008, "value": {"type": "transcript.partial", "session_id": "670896f8-2ff4-4da3-9bb2-d0e3c13d2e66", "sequence": 380, "segment_id": 27, "revision": 12, "text": " um right and uh in terms of your your overall health are you normally fitting well or um"}}
{"event": "live_event", "case": "en-01", "elapsed_seconds": 244.7743594559979, "value": {"type": "transcript.partial", "session_id": "670896f8-2ff4-4da3-9bb2-d0e3c13d2e66", "sequence": 381, "segment_id": 27, "revision": 13, "text": " um right and uh in terms of your your overall health are you normally fitting well or um yeah I mean"}}
{"event": "live_event", "case": "en-01", "elapsed_seconds": 245.33287560399913, "value": {"type": "transcript.partial", "session_id": "670896f8-2ff4-4da3-9bb2-d0e3c13d2e66", "sequence": 382, "segment_id": 27, "revision": 14, "text": " um right and uh in terms of your your overall health are you normally fitting well or um yeah I mean other than"}}
{"event": "live_event", "case": "en-01", "elapsed_seconds": 245.89062720899892, "value": {"type": "transcript.partial", "session_id": "670896f8-2ff4-4da3-9bb2-d0e3c13d2e66", "sequence": 383, "segment_id": 27, "revision": 15, "text": " um right and uh in terms of your your overall health are you normally fitting well or um yeah I mean other than um"}}
{"event": "live_event", "case": "en-01", "elapsed_seconds": 246.4539618130002, "value": {"type": "transcript.partial", "session_id": "670896f8-2ff4-4da3-9bb2-d0e3c13d2e66", "sequence": 384, "segment_id": 27, "revision": 16, "text": " um right and uh in terms of your your overall health are you normally fitting well or um yeah I mean other than um asthma"}}
{"event": "live_event", "case": "en-01", "elapsed_seconds": 247.57003975299813, "value": {"type": "transcript.partial", "session_id": "670896f8-2ff4-4da3-9bb2-d0e3c13d2e66", "sequence": 385, "segment_id": 27, "revision": 17, "text": " um right and uh in terms of your your overall health are you normally fitting well or um yeah I mean other than um asthma um"}}
{"event": "live_event", "case": "en-01", "elapsed_seconds": 248.13577176499894, "value": {"type": "transcript.partial", "session_id": "670896f8-2ff4-4da3-9bb2-d0e3c13d2e66", "sequence": 386, "segment_id": 27, "revision": 18, "text": " um right and uh in terms of your your overall health are you normally fitting well or um yeah I mean other than um asthma um I use an inhal"}}
{"event": "live_event", "case": "en-01", "elapsed_seconds": 248.6914115340005, "value": {"type": "transcript.partial", "session_id": "670896f8-2ff4-4da3-9bb2-d0e3c13d2e66", "sequence": 387, "segment_id": 27, "revision": 19, "text": " um right and uh in terms of your your overall health are you normally fitting well or um yeah I mean other than um asthma um I use an inhaler"}}
{"event": "live_event", "case": "en-01", "elapsed_seconds": 249.25624229499954, "value": {"type": "transcript.partial", "session_id": "670896f8-2ff4-4da3-9bb2-d0e3c13d2e66", "sequence": 388, "segment_id": 27, "revision": 20, "text": " um right and uh in terms of your your overall health are you normally fitting well or um yeah I mean other than um asthma um I use an inhaler everything uh"}}
{"event": "live_event", "case": "en-01", "elapsed_seconds": 249.81369441399875, "value": {"type": "transcript.partial", "session_id": "670896f8-2ff4-4da3-9bb2-d0e3c13d2e66", "sequence": 389, "segment_id": 27, "revision": 21, "text": " um right and uh in terms of your your overall health are you normally fitting well or um yeah I mean other than um asthma um I use an inhaler everything uh else is"}}
{"event": "live_event", "case": "en-01", "elapsed_seconds": 250.37186440200094, "value": {"type": "transcript.partial", "session_id": "670896f8-2ff4-4da3-9bb2-d0e3c13d2e66", "sequence": 390, "segment_id": 27, "revision": 22, "text": " um right and uh in terms of your your overall health are you normally fitting well or um yeah I mean other than um asthma um I use an inhaler everything uh else is fine"}}
{"event": "live_event", "case": "en-01", "elapsed_seconds": 250.93041288599852, "value": {"type": "transcript.final", "session_id": "670896f8-2ff4-4da3-9bb2-d0e3c13d2e66", "sequence": 391, "segment_id": 27, "revision": 23, "text": " um right and uh in terms of your your overall health are you normally fitting well or um yeah I mean other than um asthma um I use an inhaler everything uh else is fine", "granularity": "word", "items": [{"text": " um", "start_seconds": 236.96, "end_seconds": 237.04, "confidence": null}, {"text": "right", "start_seconds": 237.52, "end_seconds": 237.6, "confidence": null}, {"text": "and", "start_seconds": 238.16, "end_seconds": 238.24, "confidence": null}, {"text": "uh", "start_seconds": 238.56, "end_seconds": 238.72, "confidence": null}, {"text": "in", "start_seconds": 238.72, "end_seconds": 238.88, "confidence": null}, {"text": "terms", "start_seconds": 238.88, "end_seconds": 238.96, "confidence": null}, {"text": "of", "start_seconds": 238.96, "end_seconds": 239.04, "confidence": null}, {"text": "your", "start_seconds": 239.36, "end_seconds": 239.44, "confidence": null}, {"text": "your", "start_seconds": 240.08, "end_seconds": 240.4, "confidence": null}, {"text": "overall", "start_seconds": 240.4, "end_seconds": 240.8, "confidence": null}, {"text": "health", "start_seconds": 240.8, "end_seconds": 240.88, "confidence": null}, {"text": "are", "start_seconds": 241.2, "end_seconds": 241.44, "confidence": null}, {"text": "you", "start_seconds": 241.44, "end_seconds": 241.52, "confidence": null}, {"text": "normally", "start_seconds": 241.52, "end_seconds": 241.6, "confidence": null}, {"text": "fitting", "start_seconds": 241.92, "end_seconds": 242.32, "confidence": null}, {"text": "well", "start_seconds": 242.32, "end_seconds": 242.64, "confidence": null}, {"text": "or", "start_seconds": 242.64, "end_seconds": 242.72, "confidence": null}, {"text": "um", "start_seconds": 243.84, "end_seconds": 243.92, "confidence": null}, {"text": "yeah", "start_seconds": 244.24, "end_seconds": 244.4, "confidence": null}, {"text": "I", "start_seconds": 244.4, "end_seconds": 244.48, "confidence": null}, {"text": "mean", "start_seconds": 244.48, "end_seconds": 244.56, "confidence": null}, {"text": "other", "start_seconds": 244.8, "end_seconds": 244.96, "confidence": null}, {"text": "than", "start_seconds": 244.96, "end_seconds": 245.04, "confidence": null}, {"text": "um", "start_seconds": 245.6, "end_seconds": 245.68, "confidence": null}, {"text": "asthma", "start_seconds": 246.0, "end_seconds": 246.32, "confidence": null}, {"text": "um", "start_seconds": 246.96, "end_seconds": 247.04, "confidence": null}, {"text": "I", "start_seconds": 247.52, "end_seconds": 247.6, "confidence": null}, {"text": "use", "start_seconds": 247.6, "end_seconds": 247.76, "confidence": null}, {"text": "an", "start_seconds": 247.76, "end_seconds": 247.92, "confidence": null}, {"text": "inhaler", "start_seconds": 247.92, "end_seconds": 248.16, "confidence": null}, {"text": "everything", "start_seconds": 248.64, "end_seconds": 249.04, "confidence": null}, {"text": "uh", "start_seconds": 249.04, "end_seconds": 249.36, "confidence": null}, {"text": "else", "start_seconds": 249.36, "end_seconds": 249.6, "confidence": null}, {"text": "is", "start_seconds": 249.6, "end_seconds": 249.76, "confidence": null}, {"text": "fine", "start_seconds": 249.76, "end_seconds": 249.84, "confidence": null}]}}
{"event": "live_event", "case": "en-01", "elapsed_seconds": 251.49202175000028, "value": {"type": "transcript.partial", "session_id": "670896f8-2ff4-4da3-9bb2-d0e3c13d2e66", "sequence": 392, "segment_id": 28, "revision": 1, "text": " okay"}}
{"event": "live_event", "case": "en-01", "elapsed_seconds": 252.0514793459988, "value": {"type": "transcript.partial", "session_id": "670896f8-2ff4-4da3-9bb2-d0e3c13d2e66", "sequence": 393, "segment_id": 28, "revision": 2, "text": " okay and"}}
{"event": "live_event", "case": "en-01", "elapsed_seconds": 252.61608768400038, "value": {"type": "transcript.partial", "session_id": "670896f8-2ff4-4da3-9bb2-d0e3c13d2e66", "sequence": 394, "segment_id": 28, "revision": 3, "text": " okay and did your asthma"}}
{"event": "live_event", "case": "en-01", "elapsed_seconds": 253.17892560399923, "value": {"type": "transcript.partial", "session_id": "670896f8-2ff4-4da3-9bb2-d0e3c13d2e66", "sequence": 395, "segment_id": 28, "revision": 4, "text": " okay and did your asthma well controlled"}}
{"event": "live_event", "case": "en-01", "elapsed_seconds": 254.2920830990006, "value": {"type": "transcript.partial", "session_id": "670896f8-2ff4-4da3-9bb2-d0e3c13d2e66", "sequence": 396, "segment_id": 28, "revision": 5, "text": " okay and did your asthma well controlled uh"}}
{"event": "live_event", "case": "en-01", "elapsed_seconds": 254.85077945599915, "value": {"type": "transcript.partial", "session_id": "670896f8-2ff4-4da3-9bb2-d0e3c13d2e66", "sequence": 397, "segment_id": 28, "revision": 6, "text": " okay and did your asthma well controlled uh yeah"}}
{"event": "live_event", "case": "en-01", "elapsed_seconds": 255.415778822, "value": {"type": "transcript.partial", "session_id": "670896f8-2ff4-4da3-9bb2-d0e3c13d2e66", "sequence": 398, "segment_id": 28, "revision": 7, "text": " okay and did your asthma well controlled uh yeah that's fine"}}
{"event": "live_event", "case": "en-01", "elapsed_seconds": 256.5350031449998, "value": {"type": "transcript.partial", "session_id": "670896f8-2ff4-4da3-9bb2-d0e3c13d2e66", "sequence": 399, "segment_id": 28, "revision": 8, "text": " okay and did your asthma well controlled uh yeah that's fine just yeah"}}
{"event": "live_event", "case": "en-01", "elapsed_seconds": 257.0924431729982, "value": {"type": "transcript.partial", "session_id": "670896f8-2ff4-4da3-9bb2-d0e3c13d2e66", "sequence": 400, "segment_id": 28, "revision": 9, "text": " okay and did your asthma well controlled uh yeah that's fine just yeah you send"}}
{"event": "live_event", "case": "en-01", "elapsed_seconds": 257.6541827379988, "value": {"type": "transcript.partial", "session_id": "670896f8-2ff4-4da3-9bb2-d0e3c13d2e66", "sequence": 401, "segment_id": 28, "revision": 10, "text": " okay and did your asthma well controlled uh yeah that's fine just yeah you send inhaler"}}
{"event": "live_event", "case": "en-01", "elapsed_seconds": 258.213409467, "value": {"type": "transcript.partial", "session_id": "670896f8-2ff4-4da3-9bb2-d0e3c13d2e66", "sequence": 402, "segment_id": 28, "revision": 11, "text": " okay and did your asthma well controlled uh yeah that's fine just yeah you send inhaler and uh that"}}
{"event": "live_event", "case": "en-01", "elapsed_seconds": 258.7761088949992, "value": {"type": "transcript.partial", "session_id": "670896f8-2ff4-4da3-9bb2-d0e3c13d2e66", "sequence": 403, "segment_id": 28, "revision": 12, "text": " okay and did your asthma well controlled uh yeah that's fine just yeah you send inhaler and uh that's under control"}}
{"event": "live_event", "case": "en-01", "elapsed_seconds": 259.89332939499945, "value": {"type": "transcript.partial", "session_id": "670896f8-2ff4-4da3-9bb2-d0e3c13d2e66", "sequence": 404, "segment_id": 28, "revision": 13, "text": " okay and did your asthma well controlled uh yeah that's fine just yeah you send inhaler and uh that's under control fine and you"}}
{"event": "live_event", "case": "en-01", "elapsed_seconds": 260.4576441540012, "value": {"type": "transcript.partial", "session_id": "670896f8-2ff4-4da3-9bb2-d0e3c13d2e66", "sequence": 405, "segment_id": 28, "revision": 14, "text": " okay and did your asthma well controlled uh yeah that's fine just yeah you send inhaler and uh that's under control fine and you don't have any other"}}
{"event": "live_event", "case": "en-01", "elapsed_seconds": 261.0152149630012, "value": {"type": "transcript.partial", "session_id": "670896f8-2ff4-4da3-9bb2-d0e3c13d2e66", "sequence": 406, "segment_id": 28, "revision": 15, "text": " okay and did your asthma well controlled uh yeah that's fine just yeah you send inhaler and uh that's under control fine and you don't have any other tummy"}}
{"event": "live_event", "case": "en-01", "elapsed_seconds": 261.57168853300027, "value": {"type": "transcript.partial", "session_id": "670896f8-2ff4-4da3-9bb2-d0e3c13d2e66", "sequence": 407, "segment_id": 28, "revision": 16, "text": " okay and did your asthma well controlled uh yeah that's fine just yeah you send inhaler and uh that's under control fine and you don't have any other tummy problem"}}
{"event": "live_event", "case": "en-01", "elapsed_seconds": 262.13510939499974, "value": {"type": "transcript.partial", "session_id": "670896f8-2ff4-4da3-9bb2-d0e3c13d2e66", "sequence": 408, "segment_id": 28, "revision": 17, "text": " okay and did your asthma well controlled uh yeah that's fine just yeah you send inhaler and uh that's under control fine and you don't have any other tummy problem bowel problem"}}
{"event": "live_event", "case": "en-01", "elapsed_seconds": 262.69647614899804, "value": {"type": "transcript.partial", "session_id": "670896f8-2ff4-4da3-9bb2-d0e3c13d2e66", "sequence": 409, "segment_id": 28, "revision": 18, "text": " okay and did your asthma well controlled uh yeah that's fine just yeah you send inhaler and uh that's under control fine and you don't have any other tummy problem bowel problems I should be aware"}}
{"event": "live_event", "case": "en-01", "elapsed_seconds": 263.2534164200006, "value": {"type": "transcript.partial", "session_id": "670896f8-2ff4-4da3-9bb2-d0e3c13d2e66", "sequence": 410, "segment_id": 28, "revision": 19, "text": " okay and did your asthma well controlled uh yeah that's fine just yeah you send inhaler and uh that's under control fine and you don't have any other tummy problem bowel problems I should be aware of"}}
{"event": "live_event", "case": "en-01", "elapsed_seconds": 263.81097011399834, "value": {"type": "transcript.partial", "session_id": "670896f8-2ff4-4da3-9bb2-d0e3c13d2e66", "sequence": 411, "segment_id": 28, "revision": 20, "text": " okay and did your asthma well controlled uh yeah that's fine just yeah you send inhaler and uh that's under control fine and you don't have any other tummy problem bowel problems I should be aware of no"}}
{"event": "live_event", "case": "en-01", "elapsed_seconds": 264.3716660809987, "value": {"type": "transcript.partial", "session_id": "670896f8-2ff4-4da3-9bb2-d0e3c13d2e66", "sequence": 412, "segment_id": 28, "revision": 21, "text": " okay and did your asthma well controlled uh yeah that's fine just yeah you send inhaler and uh that's under control fine and you don't have any other tummy problem bowel problems I should be aware of no no"}}
{"event": "live_event", "case": "en-01", "elapsed_seconds": 264.93230164800116, "value": {"type": "transcript.partial", "session_id": "670896f8-2ff4-4da3-9bb2-d0e3c13d2e66", "sequence": 413, "segment_id": 28, "revision": 22, "text": " okay and did your asthma well controlled uh yeah that's fine just yeah you send inhaler and uh that's under control fine and you don't have any other tummy problem bowel problems I should be aware of no no okay"}}
{"event": "live_event", "case": "en-01", "elapsed_seconds": 266.0506414599986, "value": {"type": "transcript.partial", "session_id": "670896f8-2ff4-4da3-9bb2-d0e3c13d2e66", "sequence": 414, "segment_id": 28, "revision": 23, "text": " okay and did your asthma well controlled uh yeah that's fine just yeah you send inhaler and uh that's under control fine and you don't have any other tummy problem bowel problems I should be aware of no no okay um"}}
{"event": "live_event", "case": "en-01", "elapsed_seconds": 266.61425013400003, "value": {"type": "transcript.partial", "session_id": "670896f8-2ff4-4da3-9bb2-d0e3c13d2e66", "sequence": 415, "segment_id": 28, "revision": 24, "text": " okay and did your asthma well controlled uh yeah that's fine just yeah you send inhaler and uh that's under control fine and you don't have any other tummy problem bowel problems I should be aware of no no okay um in t ap apart"}}
{"event": "live_event", "case": "en-01", "elapsed_seconds": 267.1764012599997, "value": {"type": "transcript.partial", "session_id": "670896f8-2ff4-4da3-9bb2-d0e3c13d2e66", "sequence": 416, "segment_id": 28, "revision": 25, "text": " okay and did your asthma well controlled uh yeah that's fine just yeah you send inhaler and uh that's under control fine and you don't have any other tummy problem bowel problems I should be aware of no no okay um in t ap apart from the inhalers"}}
{"event": "live_event", "case": "en-01", "elapsed_seconds": 267.7343450799999, "value": {"type": "transcript.partial", "session_id": "670896f8-2ff4-4da3-9bb2-d0e3c13d2e66", "sequence": 417, "segment_id": 28, "revision": 26, "text": " okay and did your asthma well controlled uh yeah that's fine just yeah you send inhaler and uh that's under control fine and you don't have any other tummy problem bowel problems I should be aware of no no okay um in t ap apart from the inhalers do you take any other"}}
{"event": "live_event", "case": "en-01", "elapsed_seconds": 268.29329193399826, "value": {"type": "transcript.partial", "session_id": "670896f8-2ff4-4da3-9bb2-d0e3c13d2e66", "sequence": 418, "segment_id": 28, "revision": 27, "text": " okay and did your asthma well controlled uh yeah that's fine just yeah you send inhaler and uh that's under control fine and you don't have any other tummy problem bowel problems I should be aware of no no okay um in t ap apart from the inhalers do you take any other medications"}}
{"event": "live_event", "case": "en-01", "elapsed_seconds": 269.4100409189996, "value": {"type": "transcript.final", "session_id": "670896f8-2ff4-4da3-9bb2-d0e3c13d2e66", "sequence": 419, "segment_id": 28, "revision": 28, "text": " okay and did your asthma well controlled uh yeah that's fine just yeah you send inhaler and uh that's under control fine and you don't have any other tummy problem bowel problems I should be aware of no no okay um in t ap apart from the inhalers do you take any other medications", "granularity": "word", "items": [{"text": " okay", "start_seconds": 250.96, "end_seconds": 251.04, "confidence": null}, {"text": "and", "start_seconds": 251.6, "end_seconds": 251.68, "confidence": null}, {"text": "did", "start_seconds": 252.0, "end_seconds": 252.08, "confidence": null}, {"text": "your", "start_seconds": 252.08, "end_seconds": 252.24, "confidence": null}, {"text": "asthma", "start_seconds": 252.24, "end_seconds": 252.72, "confidence": null}, {"text": "well", "start_seconds": 252.72, "end_seconds": 252.88, "confidence": null}, {"text": "controlled", "start_seconds": 252.88, "end_seconds": 252.96, "confidence": null}, {"text": "uh", "start_seconds": 253.92, "end_seconds": 254.0, "confidence": null}, {"text": "yeah", "start_seconds": 254.32, "end_seconds": 254.4, "confidence": null}, {"text": "that's", "start_seconds": 254.8, "end_seconds": 254.96, "confidence": null}, {"text": "fine", "start_seconds": 254.96, "end_seconds": 255.04, "confidence": null}, {"text": "just", "start_seconds": 256.0, "end_seconds": 256.16, "confidence": null}, {"text": "yeah", "start_seconds": 256.16, "end_seconds": 256.24, "confidence": null}, {"text": "you", "start_seconds": 256.64, "end_seconds": 256.72, "confidence": null}, {"text": "send", "start_seconds": 256.72, "end_seconds": 257.04, "confidence": null}, {"text": "inhaler", "start_seconds": 257.04, "end_seconds": 257.6, "confidence": null}, {"text": "and", "start_seconds": 257.6, "end_seconds": 257.68, "confidence": null}, {"text": "uh", "start_seconds": 257.68, "end_seconds": 257.92, "confidence": null}, {"text": "that's", "start_seconds": 257.92, "end_seconds": 258.24, "confidence": null}, {"text": "under", "start_seconds": 258.24, "end_seconds": 258.4, "confidence": null}, {"text": "control", "start_seconds": 258.4, "end_seconds": 258.48, "confidence": null}, {"text": "fine", "start_seconds": 259.28, "end_seconds": 259.6, "confidence": null}, {"text": "and", "start_seconds": 259.6, "end_seconds": 259.76, "confidence": null}, {"text": "you", "start_seconds": 259.76, "end_seconds": 259.84, "confidence": null}, {"text": "don't", "start_seconds": 259.84, "end_seconds": 259.92, "confidence": null}, {"text": "have", "start_seconds": 259.92, "end_seconds": 260.0, "confidence": null}, {"text": "any", "start_seconds": 260.0, "end_seconds": 260.16, "confidence": null}, {"text": "other", "start_seconds": 260.16, "end_seconds": 260.48, "confidence": null}, {"text": "tummy", "start_seconds": 260.48, "end_seconds": 260.96, "confidence": null}, {"text": "problem", "start_seconds": 260.96, "end_seconds": 261.04, "confidence": null}, {"text": "bowel", "start_seconds": 261.6, "end_seconds": 261.92, "confidence": null}, {"text": "problems", "start_seconds": 261.92, "end_seconds": 262.24, "confidence": null}, {"text": "I", "start_seconds": 262.24, "end_seconds": 262.32, "confidence": null}, {"text": "should", "start_seconds": 262.32, "end_seconds": 262.48, "confidence": null}, {"text": "be", "start_seconds": 262.48, "end_seconds": 262.56, "confidence": null}, {"text": "aware", "start_seconds": 262.56, "end_seconds": 262.64, "confidence": null}, {"text": "of", "start_seconds": 262.64, "end_seconds": 262.72, "confidence": null}, {"text": "no", "start_seconds": 263.36, "end_seconds": 263.44, "confidence": null}, {"text": "no", "start_seconds": 264.08, "end_seconds": 264.16, "confidence": null}, {"text": "okay", "start_seconds": 264.64, "end_seconds": 264.72, "confidence": null}, {"text": "um", "start_seconds": 265.52, "end_seconds": 265.6, "confidence": null}, {"text": "in", "start_seconds": 266.08, "end_seconds": 266.24, "confidence": null}, {"text": "t", "start_seconds": 266.24, "end_seconds": 266.32, "confidence": null}, {"text": "ap", "start_seconds": 266.32, "end_seconds": 266.4, "confidence": null}, {"text": "apart", "start_seconds": 266.4, "end_seconds": 266.56, "confidence": null}, {"text": "from", "start_seconds": 266.56, "end_seconds": 266.72, "confidence": null}, {"text": "the", "start_seconds": 266.72, "end_seconds": 266.8, "confidence": null}, {"text": "inhalers", "start_seconds": 266.8, "end_seconds": 267.2, "confidence": null}, {"text": "do", "start_seconds": 267.2, "end_seconds": 267.28, "confidence": null}, {"text": "you", "start_seconds": 267.28, "end_seconds": 267.36, "confidence": null}, {"text": "take", "start_seconds": 267.36, "end_seconds": 267.52, "confidence": null}, {"text": "any", "start_seconds": 267.52, "end_seconds": 267.6, "confidence": null}, {"text": "other", "start_seconds": 267.6, "end_seconds": 267.76, "confidence": null}, {"text": "medications", "start_seconds": 267.76, "end_seconds": 267.92, "confidence": null}]}}
{"event": "live_event", "case": "en-01", "elapsed_seconds": 269.9717203459986, "value": {"type": "transcript.partial", "session_id": "670896f8-2ff4-4da3-9bb2-d0e3c13d2e66", "sequence": 420, "segment_id": 29, "revision": 1, "text": " uh no"}}
{"event": "live_event", "case": "en-01", "elapsed_seconds": 270.53285686099844, "value": {"type": "transcript.partial", "session_id": "670896f8-2ff4-4da3-9bb2-d0e3c13d2e66", "sequence": 421, "segment_id": 29, "revision": 2, "text": " uh no no other"}}
{"event": "live_event", "case": "en-01", "elapsed_seconds": 271.09004141100013, "value": {"type": "transcript.partial", "session_id": "670896f8-2ff4-4da3-9bb2-d0e3c13d2e66", "sequence": 422, "segment_id": 29, "revision": 3, "text": " uh no no other medicat"}}
{"event": "live_event", "case": "en-01", "elapsed_seconds": 271.65140575400073, "value": {"type": "transcript.partial", "session_id": "670896f8-2ff4-4da3-9bb2-d0e3c13d2e66", "sequence": 423, "segment_id": 29, "revision": 4, "text": " uh no no other medications"}}
{"event": "live_event", "case": "en-01", "elapsed_seconds": 272.21064820099855, "value": {"type": "transcript.partial", "session_id": "670896f8-2ff4-4da3-9bb2-d0e3c13d2e66", "sequence": 424, "segment_id": 29, "revision": 5, "text": " uh no no other medications okay"}}
{"event": "live_event", "case": "en-01", "elapsed_seconds": 272.7717460319982, "value": {"type": "transcript.partial", "session_id": "670896f8-2ff4-4da3-9bb2-d0e3c13d2e66", "sequence": 425, "segment_id": 29, "revision": 6, "text": " uh no no other medications okay fine"}}
{"event": "live_event", "case": "en-01", "elapsed_seconds": 273.33927499999845, "value": {"type": "transcript.partial", "session_id": "670896f8-2ff4-4da3-9bb2-d0e3c13d2e66", "sequence": 426, "segment_id": 29, "revision": 7, "text": " uh no no other medications okay fine and in terms of just"}}
{"event": "live_event", "case": "en-01", "elapsed_seconds": 273.89351587000056, "value": {"type": "transcript.partial", "session_id": "670896f8-2ff4-4da3-9bb2-d0e3c13d2e66", "sequence": 427, "segment_id": 29, "revision": 8, "text": " uh no no other medications okay fine and in terms of just your your"}}
{"event": "live_event", "case": "en-01", "elapsed_seconds": 274.4545371860004, "value": {"type": "transcript.partial", "session_id": "670896f8-2ff4-4da3-9bb2-d0e3c13d2e66", "sequence": 428, "segment_id": 29, "revision": 9, "text": " uh no no other medications okay fine and in terms of just your your day to day life"}}
{"event": "live_event", "case": "en-01", "elapsed_seconds": 275.0122737460006, "value": {"type": "transcript.partial", "session_id": "670896f8-2ff4-4da3-9bb2-d0e3c13d2e66", "sequence": 429, "segment_id": 29, "revision": 10, "text": " uh no no other medications okay fine and in terms of just your your day to day life you said"}}
{"event": "live_event", "case": "en-01", "elapsed_seconds": 275.578497358998, "value": {"type": "transcript.partial", "session_id": "670896f8-2ff4-4da3-9bb2-d0e3c13d2e66", "sequence": 430, "segment_id": 29, "revision": 11, "text": " uh no no other medications okay fine and in terms of just your your day to day life you said it's been affecting your"}}
{"event": "live_event", "case": "en-01", "elapsed_seconds": 276.1319128539981, "value": {"type": "transcript.partial", "session_id": "670896f8-2ff4-4da3-9bb2-d0e3c13d2e66", "sequence": 431, "segment_id": 29, "revision": 12, "text": " uh no no other medications okay fine and in terms of just your your day to day life you said it's been affecting your life"}}
{"event": "live_event", "case": "en-01", "elapsed_seconds": 276.69157228100084, "value": {"type": "transcript.partial", "session_id": "670896f8-2ff4-4da3-9bb2-d0e3c13d2e66", "sequence": 432, "segment_id": 29, "revision": 13, "text": " uh no no other medications okay fine and in terms of just your your day to day life you said it's been affecting your life um"}}
{"event": "live_event", "case": "en-01", "elapsed_seconds": 277.8135547819984, "value": {"type": "transcript.partial", "session_id": "670896f8-2ff4-4da3-9bb2-d0e3c13d2e66", "sequence": 433, "segment_id": 29, "revision": 14, "text": " uh no no other medications okay fine and in terms of just your your day to day life you said it's been affecting your life um in what way"}}
{"event": "live_event", "case": "en-01", "elapsed_seconds": 278.3769650869981, "value": {"type": "transcript.partial", "session_id": "670896f8-2ff4-4da3-9bb2-d0e3c13d2e66", "sequence": 434, "segment_id": 29, "revision": 15, "text": " uh no no other medications okay fine and in terms of just your your day to day life you said it's been affecting your life um in what way has it been affecting your"}}
{"event": "live_event", "case": "en-01", "elapsed_seconds": 278.93290509899816, "value": {"type": "transcript.partial", "session_id": "670896f8-2ff4-4da3-9bb2-d0e3c13d2e66", "sequence": 435, "segment_id": 29, "revision": 16, "text": " uh no no other medications okay fine and in terms of just your your day to day life you said it's been affecting your life um in what way has it been affecting your life"}}
{"event": "live_event", "case": "en-01", "elapsed_seconds": 279.49047793299906, "value": {"type": "transcript.final", "session_id": "670896f8-2ff4-4da3-9bb2-d0e3c13d2e66", "sequence": 436, "segment_id": 29, "revision": 17, "text": " uh no no other medications okay fine and in terms of just your your day to day life you said it's been affecting your life um in what way has it been affecting your life", "granularity": "word", "items": [{"text": " uh", "start_seconds": 269.44, "end_seconds": 269.68, "confidence": null}, {"text": "no", "start_seconds": 269.68, "end_seconds": 269.76, "confidence": null}, {"text": "no", "start_seconds": 270.08, "end_seconds": 270.32, "confidence": null}, {"text": "other", "start_seconds": 270.32, "end_seconds": 270.4, "confidence": null}, {"text": "medications", "start_seconds": 270.72, "end_seconds": 271.04, "confidence": null}, {"text": "okay", "start_seconds": 271.92, "end_seconds": 272.24, "confidence": null}, {"text": "fine", "start_seconds": 272.24, "end_seconds": 272.32, "confidence": null}, {"text": "and", "start_seconds": 272.72, "end_seconds": 272.88, "confidence": null}, {"text": "in", "start_seconds": 272.88, "end_seconds": 272.96, "confidence": null}, {"text": "terms", "start_seconds": 272.96, "end_seconds": 273.04, "confidence": null}, {"text": "of", "start_seconds": 273.04, "end_seconds": 273.28, "confidence": null}, {"text": "just", "start_seconds": 273.28, "end_seconds": 273.44, "confidence": null}, {"text": "your", "start_seconds": 273.44, "end_seconds": 273.6, "confidence": null}, {"text": "your", "start_seconds": 273.6, "end_seconds": 273.92, "confidence": null}, {"text": "day", "start_seconds": 273.92, "end_seconds": 274.08, "confidence": null}, {"text": "to", "start_seconds": 274.08, "end_seconds": 274.16, "confidence": null}, {"text": "day", "start_seconds": 274.16, "end_seconds": 274.32, "confidence": null}, {"text": "life", "start_seconds": 274.32, "end_seconds": 274.56, "confidence": null}, {"text": "you", "start_seconds": 274.56, "end_seconds": 274.72, "confidence": null}, {"text": "said", "start_seconds": 274.72, "end_seconds": 275.04, "confidence": null}, {"text": "it's", "start_seconds": 275.04, "end_seconds": 275.12, "confidence": null}, {"text": "been", "start_seconds": 275.12, "end_seconds": 275.28, "confidence": null}, {"text": "affecting", "start_seconds": 275.28, "end_seconds": 275.44, "confidence": null}, {"text": "your", "start_seconds": 275.44, "end_seconds": 275.68, "confidence": null}, {"text": "life", "start_seconds": 275.68, "end_seconds": 275.76, "confidence": null}, {"text": "um", "start_seconds": 276.48, "end_seconds": 276.56, "confidence": null}, {"text": "in", "start_seconds": 277.36, "end_seconds": 277.44, "confidence": null}, {"text": "what", "start_seconds": 277.44, "end_seconds": 277.52, "confidence": null}, {"text": "way", "start_seconds": 277.52, "end_seconds": 277.76, "confidence": null}, {"text": "has", "start_seconds": 277.76, "end_seconds": 277.84, "confidence": null}, {"text": "it", "start_seconds": 277.84, "end_seconds": 278.0, "confidence": null}, {"text": "been", "start_seconds": 278.0, "end_seconds": 278.08, "confidence": null}, {"text": "affecting", "start_seconds": 278.08, "end_seconds": 278.24, "confidence": null}, {"text": "your", "start_seconds": 278.24, "end_seconds": 278.4, "confidence": null}, {"text": "life", "start_seconds": 278.4, "end_seconds": 278.48, "confidence": null}]}}
{"event": "live_event", "case": "en-01", "elapsed_seconds": 280.0540310209981, "value": {"type": "transcript.partial", "session_id": "670896f8-2ff4-4da3-9bb2-d0e3c13d2e66", "sequence": 437, "segment_id": 30, "revision": 1, "text": " uh sorry"}}
{"event": "live_event", "case": "en-01", "elapsed_seconds": 280.61204321699915, "value": {"type": "transcript.partial", "session_id": "670896f8-2ff4-4da3-9bb2-d0e3c13d2e66", "sequence": 438, "segment_id": 30, "revision": 2, "text": " uh sorry I need to"}}
{"event": "live_event", "case": "en-01", "elapsed_seconds": 281.1744484379997, "value": {"type": "transcript.partial", "session_id": "670896f8-2ff4-4da3-9bb2-d0e3c13d2e66", "sequence": 439, "segment_id": 30, "revision": 3, "text": " uh sorry I need to stay close"}}
{"event": "live_event", "case": "en-01", "elapsed_seconds": 281.7329171860001, "value": {"type": "transcript.partial", "session_id": "670896f8-2ff4-4da3-9bb2-d0e3c13d2e66", "sequence": 440, "segment_id": 30, "revision": 4, "text": " uh sorry I need to stay close to the toilet"}}
{"event": "live_event", "case": "en-01", "elapsed_seconds": 282.29267031400013, "value": {"type": "transcript.partial", "session_id": "670896f8-2ff4-4da3-9bb2-d0e3c13d2e66", "sequence": 441, "segment_id": 30, "revision": 5, "text": " uh sorry I need to stay close to the toilet cause I go"}}
{"event": "live_event", "case": "en-01", "elapsed_seconds": 282.85079054299786, "value": {"type": "transcript.partial", "session_id": "670896f8-2ff4-4da3-9bb2-d0e3c13d2e66", "sequence": 442, "segment_id": 30, "revision": 6, "text": " uh sorry I need to stay close to the toilet cause I go quite"}}
{"event": "live_event", "case": "en-01", "elapsed_seconds": 283.414680949998, "value": {"type": "transcript.partial", "session_id": "670896f8-2ff4-4da3-9bb2-d0e3c13d2e66", "sequence": 443, "segment_id": 30, "revision": 7, "text": " uh sorry I need to stay close to the toilet cause I go quite frequently"}}
{"event": "live_event", "case": "en-01", "elapsed_seconds": 283.9724034949977, "value": {"type": "transcript.partial", "session_id": "670896f8-2ff4-4da3-9bb2-d0e3c13d2e66", "sequence": 444, "segment_id": 30, "revision": 8, "text": " uh sorry I need to stay close to the toilet cause I go quite frequently during"}}
{"event": "live_event", "case": "en-01", "elapsed_seconds": 284.5325956359993, "value": {"type": "transcript.partial", "session_id": "670896f8-2ff4-4da3-9bb2-d0e3c13d2e66", "sequence": 445, "segment_id": 30, "revision": 9, "text": " uh sorry I need to stay close to the toilet cause I go quite frequently during the these"}}
{"event": "live_event", "case": "en-01", "elapsed_seconds": 285.0946412080011, "value": {"type": "transcript.partial", "session_id": "670896f8-2ff4-4da3-9bb2-d0e3c13d2e66", "sequence": 446, "segment_id": 30, "revision": 10, "text": " uh sorry I need to stay close to the toilet cause I go quite frequently during the these past three days"}}
{"event": "live_event", "case": "en-01", "elapsed_seconds": 286.2124657439999, "value": {"type": "transcript.partial", "session_id": "670896f8-2ff4-4da3-9bb2-d0e3c13d2e66", "sequence": 447, "segment_id": 30, "revision": 11, "text": " uh sorry I need to stay close to the toilet cause I go quite frequently during the these past three days okay"}}
{"event": "live_event", "case": "en-01", "elapsed_seconds": 286.77093310800046, "value": {"type": "transcript.partial", "session_id": "670896f8-2ff4-4da3-9bb2-d0e3c13d2e66", "sequence": 448, "segment_id": 30, "revision": 12, "text": " uh sorry I need to stay close to the toilet cause I go quite frequently during the these past three days okay um"}}
{"event": "live_event", "case": "en-01", "elapsed_seconds": 287.33547050299967, "value": {"type": "transcript.partial", "session_id": "670896f8-2ff4-4da3-9bb2-d0e3c13d2e66", "sequence": 449, "segment_id": 30, "revision": 13, "text": " uh sorry I need to stay close to the toilet cause I go quite frequently during the these past three days okay um yeah other than"}}
{"event": "live_event", "case": "en-01", "elapsed_seconds": 287.89215167899965, "value": {"type": "transcript.partial", "session_id": "670896f8-2ff4-4da3-9bb2-d0e3c13d2e66", "sequence": 450, "segment_id": 30, "revision": 14, "text": " uh sorry I need to stay close to the toilet cause I go quite frequently during the these past three days okay um yeah other than that"}}
{"event": "live_event", "case": "en-01", "elapsed_seconds": 288.45300968800075, "value": {"type": "transcript.partial", "session_id": "670896f8-2ff4-4da3-9bb2-d0e3c13d2e66", "sequence": 451, "segment_id": 30, "revision": 15, "text": " uh sorry I need to stay close to the toilet cause I go quite frequently during the these past three days okay um yeah other than that it's uh"}}
{"event": "live_event", "case": "en-01", "elapsed_seconds": 289.5716909969997, "value": {"type": "transcript.partial", "session_id": "670896f8-2ff4-4da3-9bb2-d0e3c13d2e66", "sequence": 452, "segment_id": 30, "revision": 16, "text": " uh sorry I need to stay close to the toilet cause I go quite frequently during the these past three days okay um yeah other than that it's uh yeah"}}
{"event": "live_event", "case": "en-01", "elapsed_seconds": 290.1361807889989, "value": {"type": "transcript.partial", "session_id": "670896f8-2ff4-4da3-9bb2-d0e3c13d2e66", "sequence": 453, "segment_id": 30, "revision": 17, "text": " uh sorry I need to stay close to the toilet cause I go quite frequently during the these past three days okay um yeah other than that it's uh yeah the main concern"}}
{"event": "live_event", "case": "en-01", "elapsed_seconds": 291.2551376250012, "value": {"type": "transcript.partial", "session_id": "670896f8-2ff4-4da3-9bb2-d0e3c13d2e66", "sequence": 454, "segment_id": 30, "revision": 18, "text": " uh sorry I need to stay close to the toilet cause I go quite frequently during the these past three days okay um yeah other than that it's uh yeah the main concern and have you"}}
{"event": "live_event", "case": "en-01", "elapsed_seconds": 291.8163687769993, "value": {"type": "transcript.partial", "session_id": "670896f8-2ff4-4da3-9bb2-d0e3c13d2e66", "sequence": 455, "segment_id": 30, "revision": 19, "text": " uh sorry I need to stay close to the toilet cause I go quite frequently during the these past three days okay um yeah other than that it's uh yeah the main concern and have you are you currently"}}
{"event": "live_event", "case": "en-01", "elapsed_seconds": 292.37455665299785, "value": {"type": "transcript.partial", "session_id": "670896f8-2ff4-4da3-9bb2-d0e3c13d2e66", "sequence": 456, "segment_id": 30, "revision": 20, "text": " uh sorry I need to stay close to the toilet cause I go quite frequently during the these past three days okay um yeah other than that it's uh yeah the main concern and have you are you currently working at the moment"}}
{"event": "live_event", "case": "en-01", "elapsed_seconds": 293.49134390499967, "value": {"type": "transcript.partial", "session_id": "670896f8-2ff4-4da3-9bb2-d0e3c13d2e66", "sequence": 457, "segment_id": 30, "revision": 21, "text": " uh sorry I need to stay close to the toilet cause I go quite frequently during the these past three days okay um yeah other than that it's uh yeah the main concern and have you are you currently working at the moment uh"}}
{"event": "live_event", "case": "en-01", "elapsed_seconds": 294.612000658999, "value": {"type": "transcript.partial", "session_id": "670896f8-2ff4-4da3-9bb2-d0e3c13d2e66", "sequence": 458, "segment_id": 30, "revision": 22, "text": " uh sorry I need to stay close to the toilet cause I go quite frequently during the these past three days okay um yeah other than that it's uh yeah the main concern and have you are you currently working at the moment uh yeah I"}}
{"event": "live_event", "case": "en-01", "elapsed_seconds": 295.17297651699846, "value": {"type": "transcript.partial", "session_id": "670896f8-2ff4-4da3-9bb2-d0e3c13d2e66", "sequence": 459, "segment_id": 30, "revision": 23, "text": " uh sorry I need to stay close to the toilet cause I go quite frequently during the these past three days okay um yeah other than that it's uh yeah the main concern and have you are you currently working at the moment uh yeah I I work"}}
{"event": "live_event", "case": "en-01", "elapsed_seconds": 296.29073180200066, "value": {"type": "transcript.final", "session_id": "670896f8-2ff4-4da3-9bb2-d0e3c13d2e66", "sequence": 460, "segment_id": 30, "revision": 24, "text": " uh sorry I need to stay close to the toilet cause I go quite frequently during the these past three days okay um yeah other than that it's uh yeah the main concern and have you are you currently working at the moment uh yeah I I work", "granularity": "word", "items": [{"text": " uh", "start_seconds": 279.44, "end_seconds": 279.76, "confidence": null}, {"text": "sorry", "start_seconds": 279.76, "end_seconds": 280.08, "confidence": null}, {"text": "I", "start_seconds": 280.08, "end_seconds": 280.16, "confidence": null}, {"text": "need", "start_seconds": 280.16, "end_seconds": 280.24, "confidence": null}, {"text": "to", "start_seconds": 280.24, "end_seconds": 280.56, "confidence": null}, {"text": "stay", "start_seconds": 280.56, "end_seconds": 280.8, "confidence": null}, {"text": "close", "start_seconds": 280.8, "end_seconds": 281.12, "confidence": null}, {"text": "to", "start_seconds": 281.12, "end_seconds": 281.36, "confidence": null}, {"text": "the", "start_seconds": 281.36, "end_seconds": 281.44, "confidence": null}, {"text": "toilet", "start_seconds": 281.44, "end_seconds": 281.92, "confidence": null}, {"text": "cause", "start_seconds": 281.92, "end_seconds": 282.0, "confidence": null}, {"text": "I", "start_seconds": 282.0, "end_seconds": 282.16, "confidence": null}, {"text": "go", "start_seconds": 282.16, "end_seconds": 282.4, "confidence": null}, {"text": "quite", "start_seconds": 282.4, "end_seconds": 282.48, "confidence": null}, {"text": "frequently", "start_seconds": 282.88, "end_seconds": 282.96, "confidence": null}, {"text": "during", "start_seconds": 283.36, "end_seconds": 283.44, "confidence": null}, {"text": "the", "start_seconds": 283.92, "end_seconds": 284.08, "confidence": null}, {"text": "these", "start_seconds": 284.08, "end_seconds": 284.48, "confidence": null}, {"text": "past", "start_seconds": 284.48, "end_seconds": 284.64, "confidence": null}, {"text": "three", "start_seconds": 284.64, "end_seconds": 284.72, "confidence": null}, {"text": "days", "start_seconds": 284.72, "end_seconds": 284.8, "confidence": null}, {"text": "okay", "start_seconds": 285.76, "end_seconds": 285.84, "confidence": null}, {"text": "um", "start_seconds": 286.24, "end_seconds": 286.32, "confidence": null}, {"text": "yeah", "start_seconds": 286.8, "end_seconds": 287.04, "confidence": null}, {"text": "other", "start_seconds": 287.04, "end_seconds": 287.12, "confidence": null}, {"text": "than", "start_seconds": 287.12, "end_seconds": 287.28, "confidence": null}, {"text": "that", "start_seconds": 287.28, "end_seconds": 287.36, "confidence": null}, {"text": "it's", "start_seconds": 287.84, "end_seconds": 287.92, "confidence": null}, {"text": "uh", "start_seconds": 288.24, "end_seconds": 288.32, "confidence": null}, {"text": "yeah", "start_seconds": 289.12, "end_seconds": 289.52, "confidence": null}, {"text": "the", "start_seconds": 289.52, "end_seconds": 289.6, "confidence": null}, {"text": "main", "start_seconds": 289.6, "end_seconds": 289.68, "confidence": null}, {"text": "concern", "start_seconds": 289.68, "end_seconds": 289.76, "confidence": null}, {"text": "and", "start_seconds": 290.64, "end_seconds": 290.88, "confidence": null}, {"text": "have", "start_seconds": 290.88, "end_seconds": 290.96, "confidence": null}, {"text": "you", "start_seconds": 290.96, "end_seconds": 291.28, "confidence": null}, {"text": "are", "start_seconds": 291.28, "end_seconds": 291.44, "confidence": null}, {"text": "you", "start_seconds": 291.44, "end_seconds": 291.52, "confidence": null}, {"text": "currently", "start_seconds": 291.52, "end_seconds": 291.76, "confidence": null}, {"text": "working", "start_seconds": 291.76, "end_seconds": 291.84, "confidence": null}, {"text": "at", "start_seconds": 291.84, "end_seconds": 291.92, "confidence": null}, {"text": "the", "start_seconds": 291.92, "end_seconds": 292.0, "confidence": null}, {"text": "moment", "start_seconds": 292.0, "end_seconds": 292.08, "confidence": null}, {"text": "uh", "start_seconds": 293.28, "end_seconds": 293.36, "confidence": null}, {"text": "yeah", "start_seconds": 294.08, "end_seconds": 294.48, "confidence": null}, {"text": "I", "start_seconds": 294.48, "end_seconds": 294.64, "confidence": null}, {"text": "I", "start_seconds": 294.64, "end_seconds": 294.88, "confidence": null}, {"text": "work", "start_seconds": 294.88, "end_seconds": 294.96, "confidence": null}]}}
{"event": "live_event", "case": "en-01", "elapsed_seconds": 296.85163724800077, "value": {"type": "transcript.partial", "session_id": "670896f8-2ff4-4da3-9bb2-d0e3c13d2e66", "sequence": 461, "segment_id": 31, "revision": 1, "text": " work"}}
{"event": "live_event", "case": "en-01", "elapsed_seconds": 297.4104782079994, "value": {"type": "transcript.partial", "session_id": "670896f8-2ff4-4da3-9bb2-d0e3c13d2e66", "sequence": 462, "segment_id": 31, "revision": 2, "text": " work um"}}
{"event": "live_event", "case": "en-01", "elapsed_seconds": 297.9735056850004, "value": {"type": "transcript.partial", "session_id": "670896f8-2ff4-4da3-9bb2-d0e3c13d2e66", "sequence": 463, "segment_id": 31, "revision": 3, "text": " work um I'm an"}}
{"event": "live_event", "case": "en-01", "elapsed_seconds": 298.5325584029997, "value": {"type": "transcript.partial", "session_id": "670896f8-2ff4-4da3-9bb2-d0e3c13d2e66", "sequence": 464, "segment_id": 31, "revision": 4, "text": " work um I'm an accountant"}}
{"event": "live_event", "case": "en-01", "elapsed_seconds": 299.0934669220005, "value": {"type": "transcript.partial", "session_id": "670896f8-2ff4-4da3-9bb2-d0e3c13d2e66", "sequence": 465, "segment_id": 31, "revision": 5, "text": " work um I'm an accountant okay have"}}
{"event": "live_event", "case": "en-01", "elapsed_seconds": 299.65683402099967, "value": {"type": "transcript.partial", "session_id": "670896f8-2ff4-4da3-9bb2-d0e3c13d2e66", "sequence": 466, "segment_id": 31, "revision": 6, "text": " work um I'm an accountant okay have you been going into"}}
{"event": "live_event", "case": "en-01", "elapsed_seconds": 300.21419064499787, "value": {"type": "transcript.partial", "session_id": "670896f8-2ff4-4da3-9bb2-d0e3c13d2e66", "sequence": 467, "segment_id": 31, "revision": 7, "text": " work um I'm an accountant okay have you been going into work the last"}}
{"event": "live_event", "case": "en-01", "elapsed_seconds": 300.77686108000125, "value": {"type": "transcript.partial", "session_id": "670896f8-2ff4-4da3-9bb2-d0e3c13d2e66", "sequence": 468, "segment_id": 31, "revision": 8, "text": " work um I'm an accountant okay have you been going into work the last three days or have you"}}
{"event": "live_event", "case": "en-01", "elapsed_seconds": 301.3334035109983, "value": {"type": "transcript.partial", "session_id": "670896f8-2ff4-4da3-9bb2-d0e3c13d2e66", "sequence": 469, "segment_id": 31, "revision": 9, "text": " work um I'm an accountant okay have you been going into work the last three days or have you been at home"}}
{"event": "live_event", "case": "en-01", "elapsed_seconds": 302.4547938789983, "value": {"type": "transcript.partial", "session_id": "670896f8-2ff4-4da3-9bb2-d0e3c13d2e66", "sequence": 470, "segment_id": 31, "revision": 10, "text": " work um I'm an accountant okay have you been going into work the last three days or have you been at home uh yeah I've"}}
{"event": "live_event", "case": "en-01", "elapsed_seconds": 303.01641784099775, "value": {"type": "transcript.partial", "session_id": "670896f8-2ff4-4da3-9bb2-d0e3c13d2e66", "sequence": 471, "segment_id": 31, "revision": 11, "text": " work um I'm an accountant okay have you been going into work the last three days or have you been at home uh yeah I've been going to work"}}
{"event": "live_event", "case": "en-01", "elapsed_seconds": 304.1303143570003, "value": {"type": "transcript.final", "session_id": "670896f8-2ff4-4da3-9bb2-d0e3c13d2e66", "sequence": 472, "segment_id": 31, "revision": 12, "text": " work um I'm an accountant okay have you been going into work the last three days or have you been at home uh yeah I've been going to work", "granularity": "word", "items": [{"text": " work", "start_seconds": 296.48, "end_seconds": 296.56, "confidence": null}, {"text": "um", "start_seconds": 297.12, "end_seconds": 297.2, "confidence": null}, {"text": "I'm", "start_seconds": 297.52, "end_seconds": 297.76, "confidence": null}, {"text": "an", "start_seconds": 297.76, "end_seconds": 298.0, "confidence": null}, {"text": "accountant", "start_seconds": 298.0, "end_seconds": 298.64, "confidence": null}, {"text": "okay", "start_seconds": 298.64, "end_seconds": 298.88, "confidence": null}, {"text": "have", "start_seconds": 298.88, "end_seconds": 299.04, "confidence": null}, {"text": "you", "start_seconds": 299.04, "end_seconds": 299.12, "confidence": null}, {"text": "been", "start_seconds": 299.12, "end_seconds": 299.28, "confidence": null}, {"text": "going", "start_seconds": 299.28, "end_seconds": 299.36, "confidence": null}, {"text": "into", "start_seconds": 299.36, "end_seconds": 299.68, "confidence": null}, {"text": "work", "start_seconds": 299.68, "end_seconds": 299.92, "confidence": null}, {"text": "the", "start_seconds": 299.92, "end_seconds": 300.0, "confidence": null}, {"text": "last", "start_seconds": 300.0, "end_seconds": 300.16, "confidence": null}, {"text": "three", "start_seconds": 300.16, "end_seconds": 300.24, "confidence": null}, {"text": "days", "start_seconds": 300.24, "end_seconds": 300.4, "confidence": null}, {"text": "or", "start_seconds": 300.4, "end_seconds": 300.56, "confidence": null}, {"text": "have", "start_seconds": 300.56, "end_seconds": 300.64, "confidence": null}, {"text": "you", "start_seconds": 300.64, "end_seconds": 300.72, "confidence": null}, {"text": "been", "start_seconds": 300.72, "end_seconds": 300.88, "confidence": null}, {"text": "at", "start_seconds": 300.88, "end_seconds": 301.04, "confidence": null}, {"text": "home", "start_seconds": 301.04, "end_seconds": 301.12, "confidence": null}, {"text": "uh", "start_seconds": 301.92, "end_seconds": 302.08, "confidence": null}, {"text": "yeah", "start_seconds": 302.08, "end_seconds": 302.24, "confidence": null}, {"text": "I've", "start_seconds": 302.24, "end_seconds": 302.4, "confidence": null}, {"text": "been", "start_seconds": 302.4, "end_seconds": 302.48, "confidence": null}, {"text": "going", "start_seconds": 302.48, "end_seconds": 302.64, "confidence": null}, {"text": "to", "start_seconds": 302.64, "end_seconds": 302.8, "confidence": null}, {"text": "work", "start_seconds": 302.8, "end_seconds": 302.88, "confidence": null}]}}
{"event": "live_event", "case": "en-01", "elapsed_seconds": 304.69431530099973, "value": {"type": "transcript.partial", "session_id": "670896f8-2ff4-4da3-9bb2-d0e3c13d2e66", "sequence": 473, "segment_id": 32, "revision": 1, "text": " okay"}}
{"event": "live_event", "case": "en-01", "elapsed_seconds": 305.2604223249982, "value": {"type": "transcript.partial", "session_id": "670896f8-2ff4-4da3-9bb2-d0e3c13d2e66", "sequence": 474, "segment_id": 32, "revision": 2, "text": " okay that must be difficult for"}}
{"event": "live_event", "case": "en-01", "elapsed_seconds": 305.81433372600077, "value": {"type": "transcript.partial", "session_id": "670896f8-2ff4-4da3-9bb2-d0e3c13d2e66", "sequence": 475, "segment_id": 32, "revision": 3, "text": " okay that must be difficult for you then"}}
{"event": "live_event", "case": "en-01", "elapsed_seconds": 306.9360140360004, "value": {"type": "transcript.partial", "session_id": "670896f8-2ff4-4da3-9bb2-d0e3c13d2e66", "sequence": 476, "segment_id": 32, "revision": 4, "text": " okay that must be difficult for you then yeah it's been"}}
{"event": "live_event", "case": "en-01", "elapsed_seconds": 307.4954164949995, "value": {"type": "transcript.partial", "session_id": "670896f8-2ff4-4da3-9bb2-d0e3c13d2e66", "sequence": 477, "segment_id": 32, "revision": 5, "text": " okay that must be difficult for you then yeah it's been quite difficult"}}
{"event": "live_event", "case": "en-01", "elapsed_seconds": 308.6139104629983, "value": {"type": "transcript.partial", "session_id": "670896f8-2ff4-4da3-9bb2-d0e3c13d2e66", "sequence": 478, "segment_id": 32, "revision": 6, "text": " okay that must be difficult for you then yeah it's been quite difficult and you say you"}}
{"event": "live_event", "case": "en-01", "elapsed_seconds": 309.17758216400034, "value": {"type": "transcript.partial", "session_id": "670896f8-2ff4-4da3-9bb2-d0e3c13d2e66", "sequence": 479, "segment_id": 32, "revision": 7, "text": " okay that must be difficult for you then yeah it's been quite difficult and you say you mentioned you live with"}}
{"event": "live_event", "case": "en-01", "elapsed_seconds": 309.7325344870005, "value": {"type": "transcript.partial", "session_id": "670896f8-2ff4-4da3-9bb2-d0e3c13d2e66", "sequence": 480, "segment_id": 32, "revision": 8, "text": " okay that must be difficult for you then yeah it's been quite difficult and you say you mentioned you live with a wife and"}}
{"event": "live_event", "case": "en-01", "elapsed_seconds": 310.29101295099827, "value": {"type": "transcript.partial", "session_id": "670896f8-2ff4-4da3-9bb2-d0e3c13d2e66", "sequence": 481, "segment_id": 32, "revision": 9, "text": " okay that must be difficult for you then yeah it's been quite difficult and you say you mentioned you live with a wife and two"}}
{"event": "live_event", "case": "en-01", "elapsed_seconds": 310.8564580429993, "value": {"type": "transcript.partial", "session_id": "670896f8-2ff4-4da3-9bb2-d0e3c13d2e66", "sequence": 482, "segment_id": 32, "revision": 10, "text": " okay that must be difficult for you then yeah it's been quite difficult and you say you mentioned you live with a wife and two children is that"}}
{"event": "live_event", "case": "en-01", "elapsed_seconds": 311.41197950199785, "value": {"type": "transcript.partial", "session_id": "670896f8-2ff4-4da3-9bb2-d0e3c13d2e66", "sequence": 483, "segment_id": 32, "revision": 11, "text": " okay that must be difficult for you then yeah it's been quite difficult and you say you mentioned you live with a wife and two children is that right"}}
{"event": "live_event", "case": "en-01", "elapsed_seconds": 311.97153961299773, "value": {"type": "transcript.partial", "session_id": "670896f8-2ff4-4da3-9bb2-d0e3c13d2e66", "sequence": 484, "segment_id": 32, "revision": 12, "text": " okay that must be difficult for you then yeah it's been quite difficult and you say you mentioned you live with a wife and two children is that right Yes"}}
{"event": "live_event", "case": "en-01", "elapsed_seconds": 313.093795271001, "value": {"type": "transcript.partial", "session_id": "670896f8-2ff4-4da3-9bb2-d0e3c13d2e66", "sequence": 485, "segment_id": 32, "revision": 13, "text": " okay that must be difficult for you then yeah it's been quite difficult and you say you mentioned you live with a wife and two children is that right Yes all right"}}
{"event": "live_event", "case": "en-01", "elapsed_seconds": 313.65121882699896, "value": {"type": "transcript.partial", "session_id": "670896f8-2ff4-4da3-9bb2-d0e3c13d2e66", "sequence": 486, "segment_id": 32, "revision": 14, "text": " okay that must be difficult for you then yeah it's been quite difficult and you say you mentioned you live with a wife and two children is that right Yes all right um"}}
{"event": "live_event", "case": "en-01", "elapsed_seconds": 314.2155057429991, "value": {"type": "transcript.partial", "session_id": "670896f8-2ff4-4da3-9bb2-d0e3c13d2e66", "sequence": 487, "segment_id": 32, "revision": 15, "text": " okay that must be difficult for you then yeah it's been quite difficult and you say you mentioned you live with a wife and two children is that right Yes all right um just couple of other"}}
{"event": "live_event", "case": "en-01", "elapsed_seconds": 314.77531475199794, "value": {"type": "transcript.partial", "session_id": "670896f8-2ff4-4da3-9bb2-d0e3c13d2e66", "sequence": 488, "segment_id": 32, "revision": 16, "text": " okay that must be difficult for you then yeah it's been quite difficult and you say you mentioned you live with a wife and two children is that right Yes all right um just couple of other questions we need"}}
{"event": "live_event", "case": "en-01", "elapsed_seconds": 315.33177795200027, "value": {"type": "transcript.partial", "session_id": "670896f8-2ff4-4da3-9bb2-d0e3c13d2e66", "sequence": 489, "segment_id": 32, "revision": 17, "text": " okay that must be difficult for you then yeah it's been quite difficult and you say you mentioned you live with a wife and two children is that right Yes all right um just couple of other questions we need to ask"}}
{"event": "live_event", "case": "en-01", "elapsed_seconds": 315.8938485369981, "value": {"type": "transcript.partial", "session_id": "670896f8-2ff4-4da3-9bb2-d0e3c13d2e66", "sequence": 490, "segment_id": 32, "revision": 18, "text": " okay that must be difficult for you then yeah it's been quite difficult and you say you mentioned you live with a wife and two children is that right Yes all right um just couple of other questions we need to ask so um do"}}
{"event": "live_event", "case": "en-01", "elapsed_seconds": 316.45436981999956, "value": {"type": "transcript.partial", "session_id": "670896f8-2ff4-4da3-9bb2-d0e3c13d2e66", "sequence": 491, "segment_id": 32, "revision": 19, "text": " okay that must be difficult for you then yeah it's been quite difficult and you say you mentioned you live with a wife and two children is that right Yes all right um just couple of other questions we need to ask so um do you smoke at all"}}
{"event": "live_event", "case": "en-01", "elapsed_seconds": 317.5727182789997, "value": {"type": "transcript.partial", "session_id": "670896f8-2ff4-4da3-9bb2-d0e3c13d2e66", "sequence": 492, "segment_id": 32, "revision": 20, "text": " okay that must be difficult for you then yeah it's been quite difficult and you say you mentioned you live with a wife and two children is that right Yes all right um just couple of other questions we need to ask so um do you smoke at all uh no I"}}
{"event": "live_event", "case": "en-01", "elapsed_seconds": 318.1343716949996, "value": {"type": "transcript.partial", "session_id": "670896f8-2ff4-4da3-9bb2-d0e3c13d2e66", "sequence": 493, "segment_id": 32, "revision": 21, "text": " okay that must be difficult for you then yeah it's been quite difficult and you say you mentioned you live with a wife and two children is that right Yes all right um just couple of other questions we need to ask so um do you smoke at all uh no I don't smoke"}}
{"event": "live_event", "case": "en-01", "elapsed_seconds": 318.6902349720003, "value": {"type": "transcript.partial", "session_id": "670896f8-2ff4-4da3-9bb2-d0e3c13d2e66", "sequence": 494, "segment_id": 32, "revision": 22, "text": " okay that must be difficult for you then yeah it's been quite difficult and you say you mentioned you live with a wife and two children is that right Yes all right um just couple of other questions we need to ask so um do you smoke at all uh no I don't smoke and"}}
{"event": "live_event", "case": "en-01", "elapsed_seconds": 319.25635058899934, "value": {"type": "transcript.partial", "session_id": "670896f8-2ff4-4da3-9bb2-d0e3c13d2e66", "sequence": 495, "segment_id": 32, "revision": 23, "text": " okay that must be difficult for you then yeah it's been quite difficult and you say you mentioned you live with a wife and two children is that right Yes all right um just couple of other questions we need to ask so um do you smoke at all uh no I don't smoke and do you drink much"}}
{"event": "live_event", "case": "en-01", "elapsed_seconds": 319.81802264900034, "value": {"type": "transcript.partial", "session_id": "670896f8-2ff4-4da3-9bb2-d0e3c13d2e66", "sequence": 496, "segment_id": 32, "revision": 24, "text": " okay that must be difficult for you then yeah it's been quite difficult and you say you mentioned you live with a wife and two children is that right Yes all right um just couple of other questions we need to ask so um do you smoke at all uh no I don't smoke and do you drink much in the web alcohol"}}
{"event": "live_event", "case": "en-01", "elapsed_seconds": 320.93172446899916, "value": {"type": "transcript.partial", "session_id": "670896f8-2ff4-4da3-9bb2-d0e3c13d2e66", "sequence": 497, "segment_id": 32, "revision": 25, "text": " okay that must be difficult for you then yeah it's been quite difficult and you say you mentioned you live with a wife and two children is that right Yes all right um just couple of other questions we need to ask so um do you smoke at all uh no I don't smoke and do you drink much in the web alcohol "}}
{"event": "live_event", "case": "en-01", "elapsed_seconds": 321.4921729310008, "value": {"type": "transcript.partial", "session_id": "670896f8-2ff4-4da3-9bb2-d0e3c13d2e66", "sequence": 498, "segment_id": 32, "revision": 26, "text": " okay that must be difficult for you then yeah it's been quite difficult and you say you mentioned you live with a wife and two children is that right Yes all right um just couple of other questions we need to ask so um do you smoke at all uh no I don't smoke and do you drink much in the web alcohol  no I"}}
{"event": "live_event", "case": "en-01", "elapsed_seconds": 322.057176839, "value": {"type": "transcript.partial", "session_id": "670896f8-2ff4-4da3-9bb2-d0e3c13d2e66", "sequence": 499, "segment_id": 32, "revision": 27, "text": " okay that must be difficult for you then yeah it's been quite difficult and you say you mentioned you live with a wife and two children is that right Yes all right um just couple of other questions we need to ask so um do you smoke at all uh no I don't smoke and do you drink much in the web alcohol  no I I don't drink"}}
{"event": "live_event", "case": "en-01", "elapsed_seconds": 322.6134652639994, "value": {"type": "transcript.partial", "session_id": "670896f8-2ff4-4da3-9bb2-d0e3c13d2e66", "sequence": 500, "segment_id": 32, "revision": 28, "text": " okay that must be difficult for you then yeah it's been quite difficult and you say you mentioned you live with a wife and two children is that right Yes all right um just couple of other questions we need to ask so um do you smoke at all uh no I don't smoke and do you drink much in the web alcohol  no I I don't drink alcohol"}}
{"event": "live_event", "case": "en-01", "elapsed_seconds": 323.17522206599824, "value": {"type": "transcript.partial", "session_id": "670896f8-2ff4-4da3-9bb2-d0e3c13d2e66", "sequence": 501, "segment_id": 32, "revision": 29, "text": " okay that must be difficult for you then yeah it's been quite difficult and you say you mentioned you live with a wife and two children is that right Yes all right um just couple of other questions we need to ask so um do you smoke at all uh no I don't smoke and do you drink much in the web alcohol  no I I don't drink alcohol no okay"}}
{"event": "live_event", "case": "en-01", "elapsed_seconds": 324.29139865699835, "value": {"type": "transcript.final", "session_id": "670896f8-2ff4-4da3-9bb2-d0e3c13d2e66", "sequence": 502, "segment_id": 32, "revision": 30, "text": " okay that must be difficult for you then yeah it's been quite difficult and you say you mentioned you live with a wife and two children is that right Yes all right um just couple of other questions we need to ask so um do you smoke at all uh no I don't smoke and do you drink much in the web alcohol no I I don't drink alcohol no okay", "granularity": "word", "items": [{"text": " okay", "start_seconds": 304.08, "end_seconds": 304.16, "confidence": null}, {"text": "that", "start_seconds": 304.64, "end_seconds": 304.72, "confidence": null}, {"text": "must", "start_seconds": 304.72, "end_seconds": 304.8, "confidence": null}, {"text": "be", "start_seconds": 304.8, "end_seconds": 304.88, "confidence": null}, {"text": "difficult", "start_seconds": 304.88, "end_seconds": 305.04, "confidence": null}, {"text": "for", "start_seconds": 305.04, "end_seconds": 305.2, "confidence": null}, {"text": "you", "start_seconds": 305.2, "end_seconds": 305.36, "confidence": null}, {"text": "then", "start_seconds": 305.36, "end_seconds": 305.44, "confidence": null}, {"text": "yeah", "start_seconds": 306.32, "end_seconds": 306.4, "confidence": null}, {"text": "it's", "start_seconds": 306.4, "end_seconds": 306.64, "confidence": null}, {"text": "been", "start_seconds": 306.64, "end_seconds": 306.88, "confidence": null}, {"text": "quite", "start_seconds": 306.88, "end_seconds": 307.04, "confidence": null}, {"text": "difficult", "start_seconds": 307.04, "end_seconds": 307.12, "confidence": null}, {"text": "and", "start_seconds": 308.16, "end_seconds": 308.24, "confidence": null}, {"text": "you", "start_seconds": 308.24, "end_seconds": 308.32, "confidence": null}, {"text": "say", "start_seconds": 308.32, "end_seconds": 308.48, "confidence": null}, {"text": "you", "start_seconds": 308.48, "end_seconds": 308.56, "confidence": null}, {"text": "mentioned", "start_seconds": 308.56, "end_seconds": 308.72, "confidence": null}, {"text": "you", "start_seconds": 308.72, "end_seconds": 308.88, "confidence": null}, {"text": "live", "start_seconds": 308.88, "end_seconds": 309.04, "confidence": null}, {"text": "with", "start_seconds": 309.04, "end_seconds": 309.2, "confidence": null}, {"text": "a", "start_seconds": 309.2, "end_seconds": 309.36, "confidence": null}, {"text": "wife", "start_seconds": 309.36, "end_seconds": 309.6, "confidence": null}, {"text": "and", "start_seconds": 309.6, "end_seconds": 309.84, "confidence": null}, {"text": "two", "start_seconds": 309.84, "end_seconds": 309.92, "confidence": null}, {"text": "children", "start_seconds": 310.24, "end_seconds": 310.56, "confidence": null}, {"text": "is", "start_seconds": 310.56, "end_seconds": 310.72, "confidence": null}, {"text": "that", "start_seconds": 310.72, "end_seconds": 310.96, "confidence": null}, {"text": "right", "start_seconds": 310.96, "end_seconds": 311.04, "confidence": null}, {"text": "Yes", "start_seconds": 311.52, "end_seconds": 311.6, "confidence": null}, {"text": "all", "start_seconds": 312.64, "end_seconds": 312.72, "confidence": null}, {"text": "right", "start_seconds": 312.72, "end_seconds": 312.8, "confidence": null}, {"text": "um", "start_seconds": 313.28, "end_seconds": 313.36, "confidence": null}, {"text": "just", "start_seconds": 313.68, "end_seconds": 313.84, "confidence": null}, {"text": "couple", "start_seconds": 313.84, "end_seconds": 313.92, "confidence": null}, {"text": "of", "start_seconds": 313.92, "end_seconds": 314.08, "confidence": null}, {"text": "other", "start_seconds": 314.08, "end_seconds": 314.24, "confidence": null}, {"text": "questions", "start_seconds": 314.24, "end_seconds": 314.48, "confidence": null}, {"text": "we", "start_seconds": 314.48, "end_seconds": 314.64, "confidence": null}, {"text": "need", "start_seconds": 314.64, "end_seconds": 314.72, "confidence": null}, {"text": "to", "start_seconds": 314.72, "end_seconds": 314.8, "confidence": null}, {"text": "ask", "start_seconds": 314.8, "end_seconds": 314.88, "confidence": null}, {"text": "so", "start_seconds": 315.28, "end_seconds": 315.44, "confidence": null}, {"text": "um", "start_seconds": 315.44, "end_seconds": 315.68, "confidence": null}, {"text": "do", "start_seconds": 315.68, "end_seconds": 315.84, "confidence": null}, {"text": "you", "start_seconds": 315.84, "end_seconds": 316.0, "confidence": null}, {"text": "smoke", "start_seconds": 316.0, "end_seconds": 316.08, "confidence": null}, {"text": "at", "start_seconds": 316.08, "end_seconds": 316.24, "confidence": null}, {"text": "all", "start_seconds": 316.24, "end_seconds": 316.32, "confidence": null}, {"text": "uh", "start_seconds": 317.04, "end_seconds": 317.2, "confidence": null}, {"text": "no", "start_seconds": 317.2, "end_seconds": 317.36, "confidence": null}, {"text": "I", "start_seconds": 317.36, "end_seconds": 317.52, "confidence": null}, {"text": "don't", "start_seconds": 317.52, "end_seconds": 317.68, "confidence": null}, {"text": "smoke", "start_seconds": 317.68, "end_seconds": 317.76, "confidence": null}, {"text": "and", "start_seconds": 318.56, "end_seconds": 318.72, "confidence": null}, {"text": "do", "start_seconds": 318.72, "end_seconds": 318.8, "confidence": null}, {"text": "you", "start_seconds": 318.8, "end_seconds": 318.88, "confidence": null}, {"text": "drink", "start_seconds": 318.88, "end_seconds": 319.04, "confidence": null}, {"text": "much", "start_seconds": 319.04, "end_seconds": 319.28, "confidence": null}, {"text": "in", "start_seconds": 319.28, "end_seconds": 319.36, "confidence": null}, {"text": "the", "start_seconds": 319.36, "end_seconds": 319.52, "confidence": null}, {"text": "web", "start_seconds": 319.52, "end_seconds": 319.68, "confidence": null}, {"text": "alcohol", "start_seconds": 319.68, "end_seconds": 319.76, "confidence": null}, {"text": "no", "start_seconds": 320.96, "end_seconds": 321.12, "confidence": null}, {"text": "I", "start_seconds": 321.12, "end_seconds": 321.44, "confidence": null}, {"text": "I", "start_seconds": 321.44, "end_seconds": 321.6, "confidence": null}, {"text": "don't", "start_seconds": 321.6, "end_seconds": 321.68, "confidence": null}, {"text": "drink", "start_seconds": 321.68, "end_seconds": 322.0, "confidence": null}, {"text": "alcohol", "start_seconds": 322.0, "end_seconds": 322.08, "confidence": null}, {"text": "no", "start_seconds": 322.56, "end_seconds": 322.64, "confidence": null}, {"text": "okay", "start_seconds": 322.96, "end_seconds": 323.04, "confidence": null}]}}
{"event": "live_event", "case": "en-01", "elapsed_seconds": 324.8523313170008, "value": {"type": "transcript.partial", "session_id": "670896f8-2ff4-4da3-9bb2-d0e3c13d2e66", "sequence": 503, "segment_id": 33, "revision": 1, "text": " so um"}}
{"event": "live_event", "case": "en-01", "elapsed_seconds": 325.97199836800064, "value": {"type": "transcript.final", "session_id": "670896f8-2ff4-4da3-9bb2-d0e3c13d2e66", "sequence": 504, "segment_id": 33, "revision": 2, "text": " so um", "granularity": "word", "items": [{"text": " so", "start_seconds": 324.32, "end_seconds": 324.56, "confidence": null}, {"text": "um", "start_seconds": 324.56, "end_seconds": 324.64, "confidence": null}]}}
{"event": "live_event", "case": "en-01", "elapsed_seconds": 326.53315583600124, "value": {"type": "transcript.partial", "session_id": "670896f8-2ff4-4da3-9bb2-d0e3c13d2e66", "sequence": 505, "segment_id": 34, "revision": 1, "text": " uh norm"}}
{"event": "live_event", "case": "en-01", "elapsed_seconds": 327.09506816499925, "value": {"type": "transcript.partial", "session_id": "670896f8-2ff4-4da3-9bb2-d0e3c13d2e66", "sequence": 506, "segment_id": 34, "revision": 2, "text": " uh normally at this stage"}}
{"event": "live_event", "case": "en-01", "elapsed_seconds": 327.65441990399995, "value": {"type": "transcript.partial", "session_id": "670896f8-2ff4-4da3-9bb2-d0e3c13d2e66", "sequence": 507, "segment_id": 34, "revision": 3, "text": " uh normally at this stage I like to"}}
{"event": "live_event", "case": "en-01", "elapsed_seconds": 328.21136339299846, "value": {"type": "transcript.partial", "session_id": "670896f8-2ff4-4da3-9bb2-d0e3c13d2e66", "sequence": 508, "segment_id": 34, "revision": 4, "text": " uh normally at this stage I like to um"}}
{"event": "live_event", "case": "en-01", "elapsed_seconds": 328.77170936699986, "value": {"type": "transcript.partial", "session_id": "670896f8-2ff4-4da3-9bb2-d0e3c13d2e66", "sequence": 509, "segment_id": 34, "revision": 5, "text": " uh normally at this stage I like to um exam"}}
{"event": "live_event", "case": "en-01", "elapsed_seconds": 329.33375435500056, "value": {"type": "transcript.partial", "session_id": "670896f8-2ff4-4da3-9bb2-d0e3c13d2e66", "sequence": 510, "segment_id": 34, "revision": 6, "text": " uh normally at this stage I like to um examine you if"}}
{"event": "live_event", "case": "en-01", "elapsed_seconds": 329.89566591100083, "value": {"type": "transcript.partial", "session_id": "670896f8-2ff4-4da3-9bb2-d0e3c13d2e66", "sequence": 511, "segment_id": 34, "revision": 7, "text": " uh normally at this stage I like to um examine you if that's okay but"}}
{"event": "live_event", "case": "en-01", "elapsed_seconds": 330.4505175509985, "value": {"type": "transcript.partial", "session_id": "670896f8-2ff4-4da3-9bb2-d0e3c13d2e66", "sequence": 512, "segment_id": 34, "revision": 8, "text": " uh normally at this stage I like to um examine you if that's okay but um um"}}
{"event": "live_event", "case": "en-01", "elapsed_seconds": 331.0109772549986, "value": {"type": "transcript.partial", "session_id": "670896f8-2ff4-4da3-9bb2-d0e3c13d2e66", "sequence": 513, "segment_id": 34, "revision": 9, "text": " uh normally at this stage I like to um examine you if that's okay but um um but"}}
{"event": "live_event", "case": "en-01", "elapsed_seconds": 331.58841675700023, "value": {"type": "transcript.partial", "session_id": "670896f8-2ff4-4da3-9bb2-d0e3c13d2e66", "sequence": 514, "segment_id": 34, "revision": 10, "text": " uh normally at this stage I like to um examine you if that's okay but um um but but but but but but but but but but but but but but but but but but but but but having"}}
{"event": "live_event", "case": "en-01", "elapsed_seconds": 332.1357762509979, "value": {"type": "transcript.partial", "session_id": "670896f8-2ff4-4da3-9bb2-d0e3c13d2e66", "sequence": 515, "segment_id": 34, "revision": 11, "text": " uh normally at this stage I like to um examine you if that's okay but um um but but but but but but but but but but but but but but but but but but but but but having listened to your"}}
{"event": "live_event", "case": "en-01", "elapsed_seconds": 332.69349137500103, "value": {"type": "transcript.partial", "session_id": "670896f8-2ff4-4da3-9bb2-d0e3c13d2e66", "sequence": 516, "segment_id": 34, "revision": 12, "text": " uh normally at this stage I like to um examine you if that's okay but um um but but but but but but but but but but but but but but but but but but but but but having listened to your stories uh"}}
{"event": "live_event", "case": "en-01", "elapsed_seconds": 333.2551900010003, "value": {"type": "transcript.partial", "session_id": "670896f8-2ff4-4da3-9bb2-d0e3c13d2e66", "sequence": 517, "segment_id": 34, "revision": 13, "text": " uh normally at this stage I like to um examine you if that's okay but um um but but but but but but but but but but but but but but but but but but but but but having listened to your stories uh I think"}}
{"event": "live_event", "case": "en-01", "elapsed_seconds": 334.37157291199765, "value": {"type": "transcript.partial", "session_id": "670896f8-2ff4-4da3-9bb2-d0e3c13d2e66", "sequence": 518, "segment_id": 34, "revision": 14, "text": " uh normally at this stage I like to um examine you if that's okay but um um but but but but but but but but but but but but but but but but but but but but but having listened to your stories uh I think um"}}
{"event": "live_event", "case": "en-01", "elapsed_seconds": 334.93635332199847, "value": {"type": "transcript.partial", "session_id": "670896f8-2ff4-4da3-9bb2-d0e3c13d2e66", "sequence": 519, "segment_id": 34, "revision": 15, "text": " uh normally at this stage I like to um examine you if that's okay but um um but but but but but but but but but but but but but but but but but but but but but having listened to your stories uh I think um just to recap"}}
{"event": "live_event", "case": "en-01", "elapsed_seconds": 336.0578735579984, "value": {"type": "transcript.partial", "session_id": "670896f8-2ff4-4da3-9bb2-d0e3c13d2e66", "sequence": 520, "segment_id": 34, "revision": 16, "text": " uh normally at this stage I like to um examine you if that's okay but um um but but but but but but but but but but but but but but but but but but but but but having listened to your stories uh I think um just to recap the for the last three days"}}
{"event": "live_event", "case": "en-01", "elapsed_seconds": 336.61572648999936, "value": {"type": "transcript.partial", "session_id": "670896f8-2ff4-4da3-9bb2-d0e3c13d2e66", "sequence": 521, "segment_id": 34, "revision": 17, "text": " uh normally at this stage I like to um examine you if that's okay but um um but but but but but but but but but but but but but but but but but but but but but having listened to your stories uh I think um just to recap the for the last three days you've been having"}}
{"event": "live_event", "case": "en-01", "elapsed_seconds": 337.1723873289993, "value": {"type": "transcript.partial", "session_id": "670896f8-2ff4-4da3-9bb2-d0e3c13d2e66", "sequence": 522, "segment_id": 34, "revision": 18, "text": " uh normally at this stage I like to um examine you if that's okay but um um but but but but but but but but but but but but but but but but but but but but but having listened to your stories uh I think um just to recap the for the last three days you've been having loose"}}
{"event": "live_event", "case": "en-01", "elapsed_seconds": 337.73872762599785, "value": {"type": "transcript.partial", "session_id": "670896f8-2ff4-4da3-9bb2-d0e3c13d2e66", "sequence": 523, "segment_id": 34, "revision": 19, "text": " uh normally at this stage I like to um examine you if that's okay but um um but but but but but but but but but but but but but but but but but but but but but having listened to your stories uh I think um just to recap the for the last three days you've been having loose dull diarrhea a bit"}}
{"event": "live_event", "case": "en-01", "elapsed_seconds": 338.2904357890002, "value": {"type": "transcript.partial", "session_id": "670896f8-2ff4-4da3-9bb2-d0e3c13d2e66", "sequence": 524, "segment_id": 34, "revision": 20, "text": " uh normally at this stage I like to um examine you if that's okay but um um but but but but but but but but but but but but but but but but but but but but but having listened to your stories uh I think um just to recap the for the last three days you've been having loose dull diarrhea a bit of"}}
{"event": "live_event", "case": "en-01", "elapsed_seconds": 338.85651190099816, "value": {"type": "transcript.partial", "session_id": "670896f8-2ff4-4da3-9bb2-d0e3c13d2e66", "sequence": 525, "segment_id": 34, "revision": 21, "text": " uh normally at this stage I like to um examine you if that's okay but um um but but but but but but but but but but but but but but but but but but but but but having listened to your stories uh I think um just to recap the for the last three days you've been having loose dull diarrhea a bit of tummy pain"}}
{"event": "live_event", "case": "en-01", "elapsed_seconds": 339.417852898001, "value": {"type": "transcript.partial", "session_id": "670896f8-2ff4-4da3-9bb2-d0e3c13d2e66", "sequence": 526, "segment_id": 34, "revision": 22, "text": " uh normally at this stage I like to um examine you if that's okay but um um but but but but but but but but but but but but but but but but but but but but but having listened to your stories uh I think um just to recap the for the last three days you've been having loose dull diarrhea a bit of tummy pain mainly on the left hand"}}
{"event": "live_event", "case": "en-01", "elapsed_seconds": 339.97155388199826, "value": {"type": "transcript.partial", "session_id": "670896f8-2ff4-4da3-9bb2-d0e3c13d2e66", "sequence": 527, "segment_id": 34, "revision": 23, "text": " uh normally at this stage I like to um examine you if that's okay but um um but but but but but but but but but but but but but but but but but but but but but having listened to your stories uh I think um just to recap the for the last three days you've been having loose dull diarrhea a bit of tummy pain mainly on the left hand side"}}
{"event": "live_event", "case": "en-01", "elapsed_seconds": 340.5322243720002, "value": {"type": "transcript.partial", "session_id": "670896f8-2ff4-4da3-9bb2-d0e3c13d2e66", "sequence": 528, "segment_id": 34, "revision": 24, "text": " uh normally at this stage I like to um examine you if that's okay but um um but but but but but but but but but but but but but but but but but but but but but having listened to your stories uh I think um just to recap the for the last three days you've been having loose dull diarrhea a bit of tummy pain mainly on the left hand side uh um"}}
{"event": "live_event", "case": "en-01", "elapsed_seconds": 341.0928684770006, "value": {"type": "transcript.partial", "session_id": "670896f8-2ff4-4da3-9bb2-d0e3c13d2e66", "sequence": 529, "segment_id": 34, "revision": 25, "text": " uh normally at this stage I like to um examine you if that's okay but um um but but but but but but but but but but but but but but but but but but but but but having listened to your stories uh I think um just to recap the for the last three days you've been having loose dull diarrhea a bit of tummy pain mainly on the left hand side uh um and vomit"}}
{"event": "live_event", "case": "en-01", "elapsed_seconds": 341.65452139400077, "value": {"type": "transcript.partial", "session_id": "670896f8-2ff4-4da3-9bb2-d0e3c13d2e66", "sequence": 530, "segment_id": 34, "revision": 26, "text": " uh normally at this stage I like to um examine you if that's okay but um um but but but but but but but but but but but but but but but but but but but but but having listened to your stories uh I think um just to recap the for the last three days you've been having loose dull diarrhea a bit of tummy pain mainly on the left hand side uh um and vomiting and being"}}
{"event": "live_event", "case": "en-01", "elapsed_seconds": 342.21412740899905, "value": {"type": "transcript.partial", "session_id": "670896f8-2ff4-4da3-9bb2-d0e3c13d2e66", "sequence": 531, "segment_id": 34, "revision": 27, "text": " uh normally at this stage I like to um examine you if that's okay but um um but but but but but but but but but but but but but but but but but but but but but having listened to your stories uh I think um just to recap the for the last three days you've been having loose dull diarrhea a bit of tummy pain mainly on the left hand side uh um and vomiting and being generally quite"}}
{"event": "live_event", "case": "en-01", "elapsed_seconds": 342.7764199980011, "value": {"type": "transcript.partial", "session_id": "670896f8-2ff4-4da3-9bb2-d0e3c13d2e66", "sequence": 532, "segment_id": 34, "revision": 28, "text": " uh normally at this stage I like to um examine you if that's okay but um um but but but but but but but but but but but but but but but but but but but but but having listened to your stories uh I think um just to recap the for the last three days you've been having loose dull diarrhea a bit of tummy pain mainly on the left hand side uh um and vomiting and being generally quite weak and lethargic"}}
{"event": "live_event", "case": "en-01", "elapsed_seconds": 343.8910106980002, "value": {"type": "transcript.final", "session_id": "670896f8-2ff4-4da3-9bb2-d0e3c13d2e66", "sequence": 533, "segment_id": 34, "revision": 29, "text": " uh normally at this stage I like to um examine you if that's okay but um um but but but but but but but but but but but but but but but but but but but but but having listened to your stories uh I think um just to recap the for the last three days you've been having loose dull diarrhea a bit of tummy pain mainly on the left hand side uh um and vomiting and being generally quite weak and lethargic", "granularity": "word", "items": [{"text": " uh", "start_seconds": 326.08, "end_seconds": 326.32, "confidence": null}, {"text": "normally", "start_seconds": 326.32, "end_seconds": 326.56, "confidence": null}, {"text": "at", "start_seconds": 326.56, "end_seconds": 326.8, "confidence": null}, {"text": "this", "start_seconds": 326.8, "end_seconds": 326.96, "confidence": null}, {"text": "stage", "start_seconds": 326.96, "end_seconds": 327.12, "confidence": null}, {"text": "I", "start_seconds": 327.12, "end_seconds": 327.28, "confidence": null}, {"text": "like", "start_seconds": 327.28, "end_seconds": 327.44, "confidence": null}, {"text": "to", "start_seconds": 327.44, "end_seconds": 327.76, "confidence": null}, {"text": "um", "start_seconds": 327.76, "end_seconds": 327.84, "confidence": null}, {"text": "examine", "start_seconds": 328.4, "end_seconds": 328.96, "confidence": null}, {"text": "you", "start_seconds": 328.96, "end_seconds": 329.04, "confidence": null}, {"text": "if", "start_seconds": 329.04, "end_seconds": 329.28, "confidence": null}, {"text": "that's", "start_seconds": 329.28, "end_seconds": 329.44, "confidence": null}, {"text": "okay", "start_seconds": 329.44, "end_seconds": 329.68, "confidence": null}, {"text": "but", "start_seconds": 329.68, "end_seconds": 329.92, "confidence": null}, {"text": "um", "start_seconds": 329.92, "end_seconds": 330.0, "confidence": null}, {"text": "um", "start_seconds": 330.32, "end_seconds": 330.4, "confidence": null}, {"text": "but", "start_seconds": 330.88, "end_seconds": 331.04, "confidence": null}, {"text": "but", "start_seconds": 331.04, "end_seconds": 331.12, "confidence": null}, {"text": "but", "start_seconds": 331.12, "end_seconds": 331.2, "confidence": null}, {"text": "but", "start_seconds": 331.2, "end_seconds": 331.28, "confidence": null}, {"text": "but", "start_seconds": 331.28, "end_seconds": 331.36, "confidence": null}, {"text": "but", "start_seconds": 331.36, "end_seconds": 331.44, "confidence": null}, {"text": "but", "start_seconds": 331.44, "end_seconds": 331.52, "confidence": null}, {"text": "but", "start_seconds": 331.52, "end_seconds": 331.6, "confidence": null}, {"text": "but", "start_seconds": 331.6, "end_seconds": 331.68, "confidence": null}, {"text": "but", "start_seconds": 331.68, "end_seconds": 331.76, "confidence": null}, {"text": "but", "start_seconds": 331.76, "end_seconds": 331.84, "confidence": null}, {"text": "but", "start_seconds": 331.84, "end_seconds": 331.92, "confidence": null}, {"text": "but", "start_seconds": 331.92, "end_seconds": 332.0, "confidence": null}, {"text": "but", "start_seconds": 332.0, "end_seconds": 332.08, "confidence": null}, {"text": "but", "start_seconds": 332.08, "end_seconds": 332.16, "confidence": null}, {"text": "but", "start_seconds": 332.16, "end_seconds": 332.24, "confidence": null}, {"text": "but", "start_seconds": 332.24, "end_seconds": 332.32, "confidence": null}, {"text": "but", "start_seconds": 332.32, "end_seconds": 332.4, "confidence": null}, {"text": "but", "start_seconds": 332.4, "end_seconds": 332.48, "confidence": null}, {"text": "but", "start_seconds": 332.48, "end_seconds": 332.56, "confidence": null}, {"text": "but", "start_seconds": 332.56, "end_seconds": 332.8, "confidence": null}, {"text": "having", "start_seconds": 332.8, "end_seconds": 333.04, "confidence": null}, {"text": "listened", "start_seconds": 333.04, "end_seconds": 333.2, "confidence": null}, {"text": "to", "start_seconds": 333.2, "end_seconds": 333.28, "confidence": null}, {"text": "your", "start_seconds": 333.28, "end_seconds": 333.6, "confidence": null}, {"text": "stories", "start_seconds": 333.6, "end_seconds": 334.0, "confidence": null}, {"text": "uh", "start_seconds": 334.0, "end_seconds": 334.24, "confidence": null}, {"text": "I", "start_seconds": 334.24, "end_seconds": 334.32, "confidence": null}, {"text": "think", "start_seconds": 334.32, "end_seconds": 334.4, "confidence": null}, {"text": "um", "start_seconds": 334.4, "end_seconds": 334.48, "confidence": null}, {"text": "just", "start_seconds": 334.48, "end_seconds": 334.56, "confidence": null}, {"text": "to", "start_seconds": 334.56, "end_seconds": 334.72, "confidence": null}, {"text": "recap", "start_seconds": 334.72, "end_seconds": 334.8, "confidence": null}, {"text": "the", "start_seconds": 335.44, "end_seconds": 335.52, "confidence": null}, {"text": "for", "start_seconds": 335.52, "end_seconds": 335.68, "confidence": null}, {"text": "the", "start_seconds": 335.68, "end_seconds": 335.76, "confidence": null}, {"text": "last", "start_seconds": 335.76, "end_seconds": 335.92, "confidence": null}, {"text": "three", "start_seconds": 335.92, "end_seconds": 336.0, "confidence": null}, {"text": "days", "start_seconds": 336.0, "end_seconds": 336.16, "confidence": null}, {"text": "you've", "start_seconds": 336.16, "end_seconds": 336.32, "confidence": null}, {"text": "been", "start_seconds": 336.32, "end_seconds": 336.4, "confidence": null}, {"text": "having", "start_seconds": 336.4, "end_seconds": 336.64, "confidence": null}, {"text": "loose", "start_seconds": 336.64, "end_seconds": 336.72, "confidence": null}, {"text": "dull", "start_seconds": 337.12, "end_seconds": 337.28, "confidence": null}, {"text": "diarrhea", "start_seconds": 337.28, "end_seconds": 337.52, "confidence": null}, {"text": "a", "start_seconds": 337.52, "end_seconds": 337.6, "confidence": null}, {"text": "bit", "start_seconds": 337.6, "end_seconds": 337.84, "confidence": null}, {"text": "of", "start_seconds": 337.84, "end_seconds": 337.92, "confidence": null}, {"text": "tummy", "start_seconds": 338.24, "end_seconds": 338.48, "confidence": null}, {"text": "pain", "start_seconds": 338.48, "end_seconds": 338.8, "confidence": null}, {"text": "mainly", "start_seconds": 338.8, "end_seconds": 339.04, "confidence": null}, {"text": "on", "start_seconds": 339.04, "end_seconds": 339.12, "confidence": null}, {"text": "the", "start_seconds": 339.12, "end_seconds": 339.2, "confidence": null}, {"text": "left", "start_seconds": 339.2, "end_seconds": 339.28, "confidence": null}, {"text": "hand", "start_seconds": 339.28, "end_seconds": 339.36, "confidence": null}, {"text": "side", "start_seconds": 339.36, "end_seconds": 339.44, "confidence": null}, {"text": "uh", "start_seconds": 340.0, "end_seconds": 340.16, "confidence": null}, {"text": "um", "start_seconds": 340.16, "end_seconds": 340.48, "confidence": null}, {"text": "and", "start_seconds": 340.48, "end_seconds": 340.8, "confidence": null}, {"text": "vomiting", "start_seconds": 340.8, "end_seconds": 341.2, "confidence": null}, {"text": "and", "start_seconds": 341.2, "end_seconds": 341.52, "confidence": null}, {"text": "being", "start_seconds": 341.52, "end_seconds": 341.68, "confidence": null}, {"text": "generally", "start_seconds": 341.68, "end_seconds": 342.0, "confidence": null}, {"text": "quite", "start_seconds": 342.0, "end_seconds": 342.16, "confidence": null}, {"text": "weak", "start_seconds": 342.16, "end_seconds": 342.24, "confidence": null}, {"text": "and", "start_seconds": 342.24, "end_seconds": 342.4, "confidence": null}, {"text": "lethargic", "start_seconds": 342.4, "end_seconds": 342.64, "confidence": null}]}}
{"event": "live_event", "case": "en-01", "elapsed_seconds": 344.4551249649994, "value": {"type": "transcript.partial", "session_id": "670896f8-2ff4-4da3-9bb2-d0e3c13d2e66", "sequence": 534, "segment_id": 35, "revision": 1, "text": " you mentioned you"}}
{"event": "live_event", "case": "en-01", "elapsed_seconds": 345.01669951499935, "value": {"type": "transcript.partial", "session_id": "670896f8-2ff4-4da3-9bb2-d0e3c13d2e66", "sequence": 535, "segment_id": 35, "revision": 2, "text": " you mentioned you having this Chinese"}}
{"event": "live_event", "case": "en-01", "elapsed_seconds": 345.57455270399805, "value": {"type": "transcript.partial", "session_id": "670896f8-2ff4-4da3-9bb2-d0e3c13d2e66", "sequence": 536, "segment_id": 35, "revision": 3, "text": " you mentioned you having this Chinese takeaway"}}
{"event": "live_event", "case": "en-01", "elapsed_seconds": 346.1344768099989, "value": {"type": "transcript.partial", "session_id": "670896f8-2ff4-4da3-9bb2-d0e3c13d2e66", "sequence": 537, "segment_id": 35, "revision": 4, "text": " you mentioned you having this Chinese takeaway as well three"}}
{"event": "live_event", "case": "en-01", "elapsed_seconds": 346.6950672610001, "value": {"type": "transcript.partial", "session_id": "670896f8-2ff4-4da3-9bb2-d0e3c13d2e66", "sequence": 538, "segment_id": 35, "revision": 5, "text": " you mentioned you having this Chinese takeaway as well three days ago and"}}
{"event": "live_event", "case": "en-01", "elapsed_seconds": 347.2558286380008, "value": {"type": "transcript.partial", "session_id": "670896f8-2ff4-4da3-9bb2-d0e3c13d2e66", "sequence": 539, "segment_id": 35, "revision": 6, "text": " you mentioned you having this Chinese takeaway as well three days ago and I wonder whether"}}
{"event": "live_event", "case": "en-01", "elapsed_seconds": 347.8155597429977, "value": {"type": "transcript.partial", "session_id": "670896f8-2ff4-4da3-9bb2-d0e3c13d2e66", "sequence": 540, "segment_id": 35, "revision": 7, "text": " you mentioned you having this Chinese takeaway as well three days ago and I wonder whether that might be the"}}
{"event": "live_event", "case": "en-01", "elapsed_seconds": 348.3761330230009, "value": {"type": "transcript.partial", "session_id": "670896f8-2ff4-4da3-9bb2-d0e3c13d2e66", "sequence": 541, "segment_id": 35, "revision": 8, "text": " you mentioned you having this Chinese takeaway as well three days ago and I wonder whether that might be the cause of your problem"}}
{"event": "live_event", "case": "en-01", "elapsed_seconds": 348.9310644279976, "value": {"type": "transcript.partial", "session_id": "670896f8-2ff4-4da3-9bb2-d0e3c13d2e66", "sequence": 542, "segment_id": 35, "revision": 9, "text": " you mentioned you having this Chinese takeaway as well three days ago and I wonder whether that might be the cause of your problems"}}
{"event": "live_event", "case": "en-01", "elapsed_seconds": 349.4928142280005, "value": {"type": "transcript.partial", "session_id": "670896f8-2ff4-4da3-9bb2-d0e3c13d2e66", "sequence": 543, "segment_id": 35, "revision": 10, "text": " you mentioned you having this Chinese takeaway as well three days ago and I wonder whether that might be the cause of your problems okay"}}
{"event": "live_event", "case": "en-01", "elapsed_seconds": 350.0586940430003, "value": {"type": "transcript.partial", "session_id": "670896f8-2ff4-4da3-9bb2-d0e3c13d2e66", "sequence": 544, "segment_id": 35, "revision": 11, "text": " you mentioned you having this Chinese takeaway as well three days ago and I wonder whether that might be the cause of your problems okay um it seems like"}}
{"event": "live_event", "case": "en-01", "elapsed_seconds": 350.61457847600104, "value": {"type": "transcript.partial", "session_id": "670896f8-2ff4-4da3-9bb2-d0e3c13d2e66", "sequence": 545, "segment_id": 35, "revision": 12, "text": " you mentioned you having this Chinese takeaway as well three days ago and I wonder whether that might be the cause of your problems okay um it seems like you may have"}}
{"event": "live_event", "case": "en-01", "elapsed_seconds": 351.17392642900086, "value": {"type": "transcript.partial", "session_id": "670896f8-2ff4-4da3-9bb2-d0e3c13d2e66", "sequence": 546, "segment_id": 35, "revision": 13, "text": " you mentioned you having this Chinese takeaway as well three days ago and I wonder whether that might be the cause of your problems okay um it seems like you may have something"}}
{"event": "live_event", "case": "en-01", "elapsed_seconds": 351.73212633799994, "value": {"type": "transcript.final", "session_id": "670896f8-2ff4-4da3-9bb2-d0e3c13d2e66", "sequence": 547, "segment_id": 35, "revision": 14, "text": " you mentioned you having this Chinese takeaway as well three days ago and I wonder whether that might be the cause of your problems okay um it seems like you may have something", "granularity": "word", "items": [{"text": " you", "start_seconds": 343.92, "end_seconds": 344.0, "confidence": null}, {"text": "mentioned", "start_seconds": 344.0, "end_seconds": 344.24, "confidence": null}, {"text": "you", "start_seconds": 344.24, "end_seconds": 344.56, "confidence": null}, {"text": "having", "start_seconds": 344.56, "end_seconds": 344.72, "confidence": null}, {"text": "this", "start_seconds": 344.72, "end_seconds": 344.8, "confidence": null}, {"text": "Chinese", "start_seconds": 344.8, "end_seconds": 345.04, "confidence": null}, {"text": "takeaway", "start_seconds": 345.04, "end_seconds": 345.52, "confidence": null}, {"text": "as", "start_seconds": 345.52, "end_seconds": 345.6, "confidence": null}, {"text": "well", "start_seconds": 345.6, "end_seconds": 345.92, "confidence": null}, {"text": "three", "start_seconds": 345.92, "end_seconds": 346.08, "confidence": null}, {"text": "days", "start_seconds": 346.08, "end_seconds": 346.16, "confidence": null}, {"text": "ago", "start_seconds": 346.16, "end_seconds": 346.4, "confidence": null}, {"text": "and", "start_seconds": 346.4, "end_seconds": 346.64, "confidence": null}, {"text": "I", "start_seconds": 346.64, "end_seconds": 346.72, "confidence": null}, {"text": "wonder", "start_seconds": 346.72, "end_seconds": 346.88, "confidence": null}, {"text": "whether", "start_seconds": 346.88, "end_seconds": 347.2, "confidence": null}, {"text": "that", "start_seconds": 347.2, "end_seconds": 347.28, "confidence": null}, {"text": "might", "start_seconds": 347.28, "end_seconds": 347.36, "confidence": null}, {"text": "be", "start_seconds": 347.36, "end_seconds": 347.44, "confidence": null}, {"text": "the", "start_seconds": 347.44, "end_seconds": 347.76, "confidence": null}, {"text": "cause", "start_seconds": 347.76, "end_seconds": 347.84, "confidence": null}, {"text": "of", "start_seconds": 347.84, "end_seconds": 347.92, "confidence": null}, {"text": "your", "start_seconds": 347.92, "end_seconds": 348.08, "confidence": null}, {"text": "problems", "start_seconds": 348.08, "end_seconds": 348.32, "confidence": null}, {"text": "okay", "start_seconds": 349.28, "end_seconds": 349.52, "confidence": null}, {"text": "um", "start_seconds": 349.52, "end_seconds": 349.68, "confidence": null}, {"text": "it", "start_seconds": 349.68, "end_seconds": 349.76, "confidence": null}, {"text": "seems", "start_seconds": 349.76, "end_seconds": 349.92, "confidence": null}, {"text": "like", "start_seconds": 349.92, "end_seconds": 350.08, "confidence": null}, {"text": "you", "start_seconds": 350.08, "end_seconds": 350.16, "confidence": null}, {"text": "may", "start_seconds": 350.16, "end_seconds": 350.24, "confidence": null}, {"text": "have", "start_seconds": 350.24, "end_seconds": 350.56, "confidence": null}, {"text": "something", "start_seconds": 350.56, "end_seconds": 350.64, "confidence": null}]}}
{"event": "live_event", "case": "en-01", "elapsed_seconds": 352.2937920479999, "value": {"type": "transcript.partial", "session_id": "670896f8-2ff4-4da3-9bb2-d0e3c13d2e66", "sequence": 548, "segment_id": 36, "revision": 1, "text": " uh called"}}
{"event": "live_event", "case": "en-01", "elapsed_seconds": 352.8524181569992, "value": {"type": "transcript.partial", "session_id": "670896f8-2ff4-4da3-9bb2-d0e3c13d2e66", "sequence": 549, "segment_id": 36, "revision": 2, "text": " uh called gastroent"}}
{"event": "live_event", "case": "en-01", "elapsed_seconds": 353.4124537460011, "value": {"type": "transcript.partial", "session_id": "670896f8-2ff4-4da3-9bb2-d0e3c13d2e66", "sequence": 550, "segment_id": 36, "revision": 3, "text": " uh called gastroenteritis"}}
{"event": "live_event", "case": "en-01", "elapsed_seconds": 354.5299039870006, "value": {"type": "transcript.final", "session_id": "670896f8-2ff4-4da3-9bb2-d0e3c13d2e66", "sequence": 551, "segment_id": 36, "revision": 4, "text": " uh called gastroenteritis", "granularity": "word", "items": [{"text": " uh", "start_seconds": 351.68, "end_seconds": 352.0, "confidence": null}, {"text": "called", "start_seconds": 352.0, "end_seconds": 352.24, "confidence": null}, {"text": "gastroenteritis", "start_seconds": 352.24, "end_seconds": 353.12, "confidence": null}]}}
{"event": "live_event", "case": "en-01", "elapsed_seconds": 355.09153975799927, "value": {"type": "transcript.partial", "session_id": "670896f8-2ff4-4da3-9bb2-d0e3c13d2e66", "sequence": 552, "segment_id": 37, "revision": 1, "text": " which"}}
{"event": "live_event", "case": "en-01", "elapsed_seconds": 355.6558659129987, "value": {"type": "transcript.partial", "session_id": "670896f8-2ff4-4da3-9bb2-d0e3c13d2e66", "sequence": 553, "segment_id": 37, "revision": 2, "text": " which essentially just"}}
{"event": "live_event", "case": "en-01", "elapsed_seconds": 356.209005206998, "value": {"type": "transcript.partial", "session_id": "670896f8-2ff4-4da3-9bb2-d0e3c13d2e66", "sequence": 554, "segment_id": 37, "revision": 3, "text": " which essentially just uh"}}
{"event": "live_event", "case": "en-01", "elapsed_seconds": 356.77419065999857, "value": {"type": "transcript.partial", "session_id": "670896f8-2ff4-4da3-9bb2-d0e3c13d2e66", "sequence": 555, "segment_id": 37, "revision": 4, "text": " which essentially just uh tummy bug or"}}
{"event": "live_event", "case": "en-01", "elapsed_seconds": 357.33179459099847, "value": {"type": "transcript.partial", "session_id": "670896f8-2ff4-4da3-9bb2-d0e3c13d2e66", "sequence": 556, "segment_id": 37, "revision": 5, "text": " which essentially just uh tummy bug or infection"}}
{"event": "live_event", "case": "en-01", "elapsed_seconds": 357.8896937389982, "value": {"type": "transcript.partial", "session_id": "670896f8-2ff4-4da3-9bb2-d0e3c13d2e66", "sequence": 557, "segment_id": 37, "revision": 6, "text": " which essentially just uh tummy bug or infection of your"}}
{"event": "live_event", "case": "en-01", "elapsed_seconds": 358.451637356, "value": {"type": "transcript.partial", "session_id": "670896f8-2ff4-4da3-9bb2-d0e3c13d2e66", "sequence": 558, "segment_id": 37, "revision": 7, "text": " which essentially just uh tummy bug or infection of your of your tum"}}
{"event": "live_event", "case": "en-01", "elapsed_seconds": 359.01121942199825, "value": {"type": "transcript.partial", "session_id": "670896f8-2ff4-4da3-9bb2-d0e3c13d2e66", "sequence": 559, "segment_id": 37, "revision": 8, "text": " which essentially just uh tummy bug or infection of your of your tummy"}}
{"event": "live_event", "case": "en-01", "elapsed_seconds": 359.5705041199981, "value": {"type": "transcript.final", "session_id": "670896f8-2ff4-4da3-9bb2-d0e3c13d2e66", "sequence": 560, "segment_id": 37, "revision": 9, "text": " which essentially just uh tummy bug or infection of your of your tummy", "granularity": "word", "items": [{"text": " which", "start_seconds": 354.72, "end_seconds": 355.04, "confidence": null}, {"text": "essentially", "start_seconds": 355.04, "end_seconds": 355.28, "confidence": null}, {"text": "just", "start_seconds": 355.28, "end_seconds": 355.36, "confidence": null}, {"text": "uh", "start_seconds": 355.76, "end_seconds": 355.84, "confidence": null}, {"text": "tummy", "start_seconds": 356.16, "end_seconds": 356.4, "confidence": null}, {"text": "bug", "start_seconds": 356.4, "end_seconds": 356.64, "confidence": null}, {"text": "or", "start_seconds": 356.64, "end_seconds": 356.8, "confidence": null}, {"text": "infection", "start_seconds": 356.8, "end_seconds": 357.28, "confidence": null}, {"text": "of", "start_seconds": 357.28, "end_seconds": 357.44, "confidence": null}, {"text": "your", "start_seconds": 357.44, "end_seconds": 357.52, "confidence": null}, {"text": "of", "start_seconds": 357.92, "end_seconds": 358.08, "confidence": null}, {"text": "your", "start_seconds": 358.08, "end_seconds": 358.24, "confidence": null}, {"text": "tummy", "start_seconds": 358.24, "end_seconds": 358.4, "confidence": null}]}}
{"event": "live_event", "case": "en-01", "elapsed_seconds": 361.2565779760007, "value": {"type": "transcript.partial", "session_id": "670896f8-2ff4-4da3-9bb2-d0e3c13d2e66", "sequence": 561, "segment_id": 38, "revision": 1, "text": " mainly caused"}}
{"event": "live_event", "case": "en-01", "elapsed_seconds": 361.81034076599826, "value": {"type": "transcript.partial", "session_id": "670896f8-2ff4-4da3-9bb2-d0e3c13d2e66", "sequence": 562, "segment_id": 38, "revision": 2, "text": " mainly caused by"}}
{"event": "live_event", "case": "en-01", "elapsed_seconds": 362.3733756490001, "value": {"type": "transcript.partial", "session_id": "670896f8-2ff4-4da3-9bb2-d0e3c13d2e66", "sequence": 563, "segment_id": 38, "revision": 3, "text": " mainly caused by viruses but"}}
{"event": "live_event", "case": "en-01", "elapsed_seconds": 362.93285781099985, "value": {"type": "transcript.partial", "session_id": "670896f8-2ff4-4da3-9bb2-d0e3c13d2e66", "sequence": 564, "segment_id": 38, "revision": 4, "text": " mainly caused by viruses but it can be"}}
{"event": "live_event", "case": "en-01", "elapsed_seconds": 363.4908254660004, "value": {"type": "transcript.partial", "session_id": "670896f8-2ff4-4da3-9bb2-d0e3c13d2e66", "sequence": 565, "segment_id": 38, "revision": 5, "text": " mainly caused by viruses but it can be uh"}}
{"event": "live_event", "case": "en-01", "elapsed_seconds": 364.05333618900113, "value": {"type": "transcript.partial", "session_id": "670896f8-2ff4-4da3-9bb2-d0e3c13d2e66", "sequence": 566, "segment_id": 38, "revision": 6, "text": " mainly caused by viruses but it can be uh possibility"}}
{"event": "live_event", "case": "en-01", "elapsed_seconds": 364.6154079589978, "value": {"type": "transcript.partial", "session_id": "670896f8-2ff4-4da3-9bb2-d0e3c13d2e66", "sequence": 567, "segment_id": 38, "revision": 7, "text": " mainly caused by viruses but it can be uh possibility of bacteria"}}
{"event": "live_event", "case": "en-01", "elapsed_seconds": 365.73017304699897, "value": {"type": "transcript.partial", "session_id": "670896f8-2ff4-4da3-9bb2-d0e3c13d2e66", "sequence": 568, "segment_id": 38, "revision": 8, "text": " mainly caused by viruses but it can be uh possibility of bacteria uh"}}
{"event": "live_event", "case": "en-01", "elapsed_seconds": 366.2928450750005, "value": {"type": "transcript.partial", "session_id": "670896f8-2ff4-4da3-9bb2-d0e3c13d2e66", "sequence": 569, "segment_id": 38, "revision": 9, "text": " mainly caused by viruses but it can be uh possibility of bacteria uh causing"}}
{"event": "live_event", "case": "en-01", "elapsed_seconds": 366.8560350480002, "value": {"type": "transcript.partial", "session_id": "670896f8-2ff4-4da3-9bb2-d0e3c13d2e66", "sequence": 570, "segment_id": 38, "revision": 10, "text": " mainly caused by viruses but it can be uh possibility of bacteria uh causing your symptoms"}}
{"event": "live_event", "case": "en-01", "elapsed_seconds": 367.96981361899816, "value": {"type": "transcript.final", "session_id": "670896f8-2ff4-4da3-9bb2-d0e3c13d2e66", "sequence": 571, "segment_id": 38, "revision": 11, "text": " mainly caused by viruses but it can be uh possibility of bacteria uh causing your symptoms", "granularity": "word", "items": [{"text": " mainly", "start_seconds": 360.64, "end_seconds": 360.88, "confidence": null}, {"text": "caused", "start_seconds": 360.88, "end_seconds": 361.2, "confidence": null}, {"text": "by", "start_seconds": 361.2, "end_seconds": 361.28, "confidence": null}, {"text": "viruses", "start_seconds": 361.76, "end_seconds": 361.84, "confidence": null}, {"text": "but", "start_seconds": 362.24, "end_seconds": 362.4, "confidence": null}, {"text": "it", "start_seconds": 362.4, "end_seconds": 362.64, "confidence": null}, {"text": "can", "start_seconds": 362.64, "end_seconds": 362.8, "confidence": null}, {"text": "be", "start_seconds": 362.8, "end_seconds": 362.88, "confidence": null}, {"text": "uh", "start_seconds": 363.2, "end_seconds": 363.28, "confidence": null}, {"text": "possibility", "start_seconds": 363.6, "end_seconds": 364.0, "confidence": null}, {"text": "of", "start_seconds": 364.0, "end_seconds": 364.08, "confidence": null}, {"text": "bacteria", "start_seconds": 364.08, "end_seconds": 364.24, "confidence": null}, {"text": "uh", "start_seconds": 365.28, "end_seconds": 365.36, "confidence": null}, {"text": "causing", "start_seconds": 365.76, "end_seconds": 366.24, "confidence": null}, {"text": "your", "start_seconds": 366.24, "end_seconds": 366.32, "confidence": null}, {"text": "symptoms", "start_seconds": 366.32, "end_seconds": 366.4, "confidence": null}]}}
{"event": "live_event", "case": "en-01", "elapsed_seconds": 369.653718982001, "value": {"type": "transcript.partial", "session_id": "670896f8-2ff4-4da3-9bb2-d0e3c13d2e66", "sequence": 572, "segment_id": 39, "revision": 1, "text": " at this"}}
{"event": "live_event", "case": "en-01", "elapsed_seconds": 370.2112395910008, "value": {"type": "transcript.partial", "session_id": "670896f8-2ff4-4da3-9bb2-d0e3c13d2e66", "sequence": 573, "segment_id": 39, "revision": 2, "text": " at this stage"}}
{"event": "live_event", "case": "en-01", "elapsed_seconds": 370.7738892899979, "value": {"type": "transcript.partial", "session_id": "670896f8-2ff4-4da3-9bb2-d0e3c13d2e66", "sequence": 574, "segment_id": 39, "revision": 3, "text": " at this stage uh what"}}
{"event": "live_event", "case": "en-01", "elapsed_seconds": 371.3372240919998, "value": {"type": "transcript.partial", "session_id": "670896f8-2ff4-4da3-9bb2-d0e3c13d2e66", "sequence": 575, "segment_id": 39, "revision": 4, "text": " at this stage uh what what we'd recommend"}}
{"event": "live_event", "case": "en-01", "elapsed_seconds": 371.89318447999904, "value": {"type": "transcript.partial", "session_id": "670896f8-2ff4-4da3-9bb2-d0e3c13d2e66", "sequence": 576, "segment_id": 39, "revision": 5, "text": " at this stage uh what what we'd recommend is just"}}
{"event": "live_event", "case": "en-01", "elapsed_seconds": 372.4530186789998, "value": {"type": "transcript.partial", "session_id": "670896f8-2ff4-4da3-9bb2-d0e3c13d2e66", "sequence": 577, "segment_id": 39, "revision": 6, "text": " at this stage uh what what we'd recommend is just what we"}}
{"event": "live_event", "case": "en-01", "elapsed_seconds": 373.016038638998, "value": {"type": "transcript.partial", "session_id": "670896f8-2ff4-4da3-9bb2-d0e3c13d2e66", "sequence": 578, "segment_id": 39, "revision": 7, "text": " at this stage uh what what we'd recommend is just what we say conservat"}}
{"event": "live_event", "case": "en-01", "elapsed_seconds": 373.57339666400003, "value": {"type": "transcript.partial", "session_id": "670896f8-2ff4-4da3-9bb2-d0e3c13d2e66", "sequence": 579, "segment_id": 39, "revision": 8, "text": " at this stage uh what what we'd recommend is just what we say conservative management"}}
{"event": "live_event", "case": "en-01", "elapsed_seconds": 374.6927086520009, "value": {"type": "transcript.partial", "session_id": "670896f8-2ff4-4da3-9bb2-d0e3c13d2e66", "sequence": 580, "segment_id": 39, "revision": 9, "text": " at this stage uh what what we'd recommend is just what we say conservative management so I"}}
{"event": "live_event", "case": "en-01", "elapsed_seconds": 375.25921764099985, "value": {"type": "transcript.partial", "session_id": "670896f8-2ff4-4da3-9bb2-d0e3c13d2e66", "sequence": 581, "segment_id": 39, "revision": 10, "text": " at this stage uh what what we'd recommend is just what we say conservative management so I don't think you need"}}
{"event": "live_event", "case": "en-01", "elapsed_seconds": 375.81662851700094, "value": {"type": "transcript.partial", "session_id": "670896f8-2ff4-4da3-9bb2-d0e3c13d2e66", "sequence": 582, "segment_id": 39, "revision": 11, "text": " at this stage uh what what we'd recommend is just what we say conservative management so I don't think you need anything like ant"}}
{"event": "live_event", "case": "en-01", "elapsed_seconds": 376.37458086900006, "value": {"type": "transcript.partial", "session_id": "670896f8-2ff4-4da3-9bb2-d0e3c13d2e66", "sequence": 583, "segment_id": 39, "revision": 12, "text": " at this stage uh what what we'd recommend is just what we say conservative management so I don't think you need anything like antibiotics"}}
{"event": "live_event", "case": "en-01", "elapsed_seconds": 376.934450869001, "value": {"type": "transcript.partial", "session_id": "670896f8-2ff4-4da3-9bb2-d0e3c13d2e66", "sequence": 584, "segment_id": 39, "revision": 13, "text": " at this stage uh what what we'd recommend is just what we say conservative management so I don't think you need anything like antibiotics is really just"}}
{"event": "live_event", "case": "en-01", "elapsed_seconds": 377.49155372399764, "value": {"type": "transcript.partial", "session_id": "670896f8-2ff4-4da3-9bb2-d0e3c13d2e66", "sequence": 585, "segment_id": 39, "revision": 14, "text": " at this stage uh what what we'd recommend is just what we say conservative management so I don't think you need anything like antibiotics is really just um"}}
{"event": "live_event", "case": "en-01", "elapsed_seconds": 378.05423891600003, "value": {"type": "transcript.partial", "session_id": "670896f8-2ff4-4da3-9bb2-d0e3c13d2e66", "sequence": 586, "segment_id": 39, "revision": 15, "text": " at this stage uh what what we'd recommend is just what we say conservative management so I don't think you need anything like antibiotics is really just um making sure"}}
{"event": "live_event", "case": "en-01", "elapsed_seconds": 378.6175053839979, "value": {"type": "transcript.partial", "session_id": "670896f8-2ff4-4da3-9bb2-d0e3c13d2e66", "sequence": 587, "segment_id": 39, "revision": 16, "text": " at this stage uh what what we'd recommend is just what we say conservative management so I don't think you need anything like antibiotics is really just um making sure you're well hyd"}}
{"event": "live_event", "case": "en-01", "elapsed_seconds": 379.17192498299846, "value": {"type": "transcript.partial", "session_id": "670896f8-2ff4-4da3-9bb2-d0e3c13d2e66", "sequence": 588, "segment_id": 39, "revision": 17, "text": " at this stage uh what what we'd recommend is just what we say conservative management so I don't think you need anything like antibiotics is really just um making sure you're well hydrated"}}
{"event": "live_event", "case": "en-01", "elapsed_seconds": 379.7324832589984, "value": {"type": "transcript.final", "session_id": "670896f8-2ff4-4da3-9bb2-d0e3c13d2e66", "sequence": 589, "segment_id": 39, "revision": 18, "text": " at this stage uh what what we'd recommend is just what we say conservative management so I don't think you need anything like antibiotics is really just um making sure you're well hydrated", "granularity": "word", "items": [{"text": " at", "start_seconds": 369.2, "end_seconds": 369.36, "confidence": null}, {"text": "this", "start_seconds": 369.36, "end_seconds": 369.6, "confidence": null}, {"text": "stage", "start_seconds": 369.6, "end_seconds": 369.68, "confidence": null}, {"text": "uh", "start_seconds": 370.16, "end_seconds": 370.48, "confidence": null}, {"text": "what", "start_seconds": 370.48, "end_seconds": 370.72, "confidence": null}, {"text": "what", "start_seconds": 370.72, "end_seconds": 370.88, "confidence": null}, {"text": "we'd", "start_seconds": 370.88, "end_seconds": 371.04, "confidence": null}, {"text": "recommend", "start_seconds": 371.04, "end_seconds": 371.36, "confidence": null}, {"text": "is", "start_seconds": 371.36, "end_seconds": 371.6, "confidence": null}, {"text": "just", "start_seconds": 371.6, "end_seconds": 371.68, "confidence": null}, {"text": "what", "start_seconds": 372.08, "end_seconds": 372.24, "confidence": null}, {"text": "we", "start_seconds": 372.24, "end_seconds": 372.4, "confidence": null}, {"text": "say", "start_seconds": 372.4, "end_seconds": 372.56, "confidence": null}, {"text": "conservative", "start_seconds": 372.56, "end_seconds": 373.04, "confidence": null}, {"text": "management", "start_seconds": 373.04, "end_seconds": 373.12, "confidence": null}, {"text": "so", "start_seconds": 374.08, "end_seconds": 374.16, "confidence": null}, {"text": "I", "start_seconds": 374.48, "end_seconds": 374.64, "confidence": null}, {"text": "don't", "start_seconds": 374.64, "end_seconds": 374.72, "confidence": null}, {"text": "think", "start_seconds": 374.72, "end_seconds": 374.8, "confidence": null}, {"text": "you", "start_seconds": 374.8, "end_seconds": 374.96, "confidence": null}, {"text": "need", "start_seconds": 374.96, "end_seconds": 375.2, "confidence": null}, {"text": "anything", "start_seconds": 375.2, "end_seconds": 375.44, "confidence": null}, {"text": "like", "start_seconds": 375.44, "end_seconds": 375.6, "confidence": null}, {"text": "antibiotics", "start_seconds": 375.6, "end_seconds": 376.48, "confidence": null}, {"text": "is", "start_seconds": 376.48, "end_seconds": 376.64, "confidence": null}, {"text": "really", "start_seconds": 376.64, "end_seconds": 376.72, "confidence": null}, {"text": "just", "start_seconds": 376.72, "end_seconds": 377.04, "confidence": null}, {"text": "um", "start_seconds": 377.04, "end_seconds": 377.12, "confidence": null}, {"text": "making", "start_seconds": 377.6, "end_seconds": 377.84, "confidence": null}, {"text": "sure", "start_seconds": 377.84, "end_seconds": 378.0, "confidence": null}, {"text": "you're", "start_seconds": 378.0, "end_seconds": 378.16, "confidence": null}, {"text": "well", "start_seconds": 378.16, "end_seconds": 378.4, "confidence": null}, {"text": "hydrated", "start_seconds": 378.4, "end_seconds": 378.56, "confidence": null}]}}
{"event": "live_event", "case": "en-01", "elapsed_seconds": 380.29370999800085, "value": {"type": "transcript.partial", "session_id": "670896f8-2ff4-4da3-9bb2-d0e3c13d2e66", "sequence": 590, "segment_id": 40, "revision": 1, "text": " so drinking"}}
{"event": "live_event", "case": "en-01", "elapsed_seconds": 381.4138095749986, "value": {"type": "transcript.partial", "session_id": "670896f8-2ff4-4da3-9bb2-d0e3c13d2e66", "sequence": 591, "segment_id": 40, "revision": 2, "text": " so drinking fluids"}}
{"event": "live_event", "case": "en-01", "elapsed_seconds": 382.5309819649992, "value": {"type": "transcript.final", "session_id": "670896f8-2ff4-4da3-9bb2-d0e3c13d2e66", "sequence": 592, "segment_id": 40, "revision": 3, "text": " so drinking fluids", "granularity": "word", "items": [{"text": " so", "start_seconds": 379.68, "end_seconds": 379.84, "confidence": null}, {"text": "drinking", "start_seconds": 379.84, "end_seconds": 379.92, "confidence": null}, {"text": "fluids", "start_seconds": 380.88, "end_seconds": 380.96, "confidence": null}]}}
{"event": "live_event", "case": "en-01", "elapsed_seconds": 383.65075583, "value": {"type": "transcript.partial", "session_id": "670896f8-2ff4-4da3-9bb2-d0e3c13d2e66", "sequence": 593, "segment_id": 41, "revision": 1, "text": " um"}}
{"event": "live_event", "case": "en-01", "elapsed_seconds": 384.21553150899854, "value": {"type": "transcript.partial", "session_id": "670896f8-2ff4-4da3-9bb2-d0e3c13d2e66", "sequence": 594, "segment_id": 41, "revision": 2, "text": " um there are things"}}
{"event": "live_event", "case": "en-01", "elapsed_seconds": 384.7720638440005, "value": {"type": "transcript.partial", "session_id": "670896f8-2ff4-4da3-9bb2-d0e3c13d2e66", "sequence": 595, "segment_id": 41, "revision": 3, "text": " um there are things like"}}
{"event": "live_event", "case": "en-01", "elapsed_seconds": 385.33087321199855, "value": {"type": "transcript.final", "session_id": "670896f8-2ff4-4da3-9bb2-d0e3c13d2e66", "sequence": 596, "segment_id": 41, "revision": 4, "text": " um there are things like", "granularity": "word", "items": [{"text": " um", "start_seconds": 383.04, "end_seconds": 383.12, "confidence": null}, {"text": "there", "start_seconds": 383.84, "end_seconds": 383.92, "confidence": null}, {"text": "are", "start_seconds": 383.92, "end_seconds": 384.0, "confidence": null}, {"text": "things", "start_seconds": 384.0, "end_seconds": 384.24, "confidence": null}, {"text": "like", "start_seconds": 384.24, "end_seconds": 384.32, "confidence": null}]}}
{"event": "live_event", "case": "en-01", "elapsed_seconds": 385.8929237810007, "value": {"type": "transcript.partial", "session_id": "670896f8-2ff4-4da3-9bb2-d0e3c13d2e66", "sequence": 597, "segment_id": 42, "revision": 1, "text": " dire light"}}
{"event": "live_event", "case": "en-01", "elapsed_seconds": 386.4555058240003, "value": {"type": "transcript.partial", "session_id": "670896f8-2ff4-4da3-9bb2-d0e3c13d2e66", "sequence": 598, "segment_id": 42, "revision": 2, "text": " dire light you can get from the"}}
{"event": "live_event", "case": "en-01", "elapsed_seconds": 387.0155249339987, "value": {"type": "transcript.partial", "session_id": "670896f8-2ff4-4da3-9bb2-d0e3c13d2e66", "sequence": 599, "segment_id": 42, "revision": 3, "text": " dire light you can get from the pharmacy"}}
{"event": "live_event", "case": "en-01", "elapsed_seconds": 388.13318684800106, "value": {"type": "transcript.partial", "session_id": "670896f8-2ff4-4da3-9bb2-d0e3c13d2e66", "sequence": 600, "segment_id": 42, "revision": 4, "text": " dire light you can get from the pharmacy which uh it"}}
{"event": "live_event", "case": "en-01", "elapsed_seconds": 388.6941662979989, "value": {"type": "transcript.partial", "session_id": "670896f8-2ff4-4da3-9bb2-d0e3c13d2e66", "sequence": 601, "segment_id": 42, "revision": 5, "text": " dire light you can get from the pharmacy which uh it's um"}}
{"event": "live_event", "case": "en-01", "elapsed_seconds": 389.25399013100105, "value": {"type": "transcript.partial", "session_id": "670896f8-2ff4-4da3-9bb2-d0e3c13d2e66", "sequence": 602, "segment_id": 42, "revision": 6, "text": " dire light you can get from the pharmacy which uh it's um it helps"}}
{"event": "live_event", "case": "en-01", "elapsed_seconds": 389.81595125400054, "value": {"type": "transcript.partial", "session_id": "670896f8-2ff4-4da3-9bb2-d0e3c13d2e66", "sequence": 603, "segment_id": 42, "revision": 7, "text": " dire light you can get from the pharmacy which uh it's um it helps replenish some"}}
{"event": "live_event", "case": "en-01", "elapsed_seconds": 390.37356077799996, "value": {"type": "transcript.partial", "session_id": "670896f8-2ff4-4da3-9bb2-d0e3c13d2e66", "sequence": 604, "segment_id": 42, "revision": 8, "text": " dire light you can get from the pharmacy which uh it's um it helps replenish some of your"}}
{"event": "live_event", "case": "en-01", "elapsed_seconds": 390.9326550019978, "value": {"type": "transcript.partial", "session_id": "670896f8-2ff4-4da3-9bb2-d0e3c13d2e66", "sequence": 605, "segment_id": 42, "revision": 9, "text": " dire light you can get from the pharmacy which uh it's um it helps replenish some of your min"}}
{"event": "live_event", "case": "en-01", "elapsed_seconds": 391.49675264799953, "value": {"type": "transcript.partial", "session_id": "670896f8-2ff4-4da3-9bb2-d0e3c13d2e66", "sequence": 606, "segment_id": 42, "revision": 10, "text": " dire light you can get from the pharmacy which uh it's um it helps replenish some of your minerals and vitam"}}
{"event": "live_event", "case": "en-01", "elapsed_seconds": 392.05207750499903, "value": {"type": "transcript.partial", "session_id": "670896f8-2ff4-4da3-9bb2-d0e3c13d2e66", "sequence": 607, "segment_id": 42, "revision": 11, "text": " dire light you can get from the pharmacy which uh it's um it helps replenish some of your minerals and vitamins"}}
{"event": "live_event", "case": "en-01", "elapsed_seconds": 392.61193534799895, "value": {"type": "transcript.final", "session_id": "670896f8-2ff4-4da3-9bb2-d0e3c13d2e66", "sequence": 608, "segment_id": 42, "revision": 12, "text": " dire light you can get from the pharmacy which uh it's um it helps replenish some of your minerals and vitamins", "granularity": "word", "items": [{"text": " dire", "start_seconds": 385.52, "end_seconds": 385.76, "confidence": null}, {"text": "light", "start_seconds": 385.76, "end_seconds": 385.92, "confidence": null}, {"text": "you", "start_seconds": 385.92, "end_seconds": 386.0, "confidence": null}, {"text": "can", "start_seconds": 386.0, "end_seconds": 386.08, "confidence": null}, {"text": "get", "start_seconds": 386.08, "end_seconds": 386.16, "confidence": null}, {"text": "from", "start_seconds": 386.16, "end_seconds": 386.24, "confidence": null}, {"text": "the", "start_seconds": 386.24, "end_seconds": 386.4, "confidence": null}, {"text": "pharmacy", "start_seconds": 386.4, "end_seconds": 386.8, "confidence": null}, {"text": "which", "start_seconds": 387.52, "end_seconds": 387.6, "confidence": null}, {"text": "uh", "start_seconds": 387.6, "end_seconds": 387.84, "confidence": null}, {"text": "it's", "start_seconds": 387.84, "end_seconds": 388.32, "confidence": null}, {"text": "um", "start_seconds": 388.32, "end_seconds": 388.4, "confidence": null}, {"text": "it", "start_seconds": 388.8, "end_seconds": 388.88, "confidence": null}, {"text": "helps", "start_seconds": 388.88, "end_seconds": 388.96, "confidence": null}, {"text": "replenish", "start_seconds": 389.28, "end_seconds": 389.68, "confidence": null}, {"text": "some", "start_seconds": 389.68, "end_seconds": 389.84, "confidence": null}, {"text": "of", "start_seconds": 389.84, "end_seconds": 389.92, "confidence": null}, {"text": "your", "start_seconds": 389.92, "end_seconds": 390.0, "confidence": null}, {"text": "minerals", "start_seconds": 390.4, "end_seconds": 390.96, "confidence": null}, {"text": "and", "start_seconds": 390.96, "end_seconds": 391.2, "confidence": null}, {"text": "vitamins", "start_seconds": 391.2, "end_seconds": 391.44, "confidence": null}]}}
{"event": "live_event", "case": "en-01", "elapsed_seconds": 393.173645633, "value": {"type": "transcript.partial", "session_id": "670896f8-2ff4-4da3-9bb2-d0e3c13d2e66", "sequence": 609, "segment_id": 43, "revision": 1, "text": " and if"}}
{"event": "live_event", "case": "en-01", "elapsed_seconds": 393.7340368449986, "value": {"type": "transcript.partial", "session_id": "670896f8-2ff4-4da3-9bb2-d0e3c13d2e66", "sequence": 610, "segment_id": 43, "revision": 2, "text": " and if you are having"}}
{"event": "live_event", "case": "en-01", "elapsed_seconds": 394.29511824499787, "value": {"type": "transcript.partial", "session_id": "670896f8-2ff4-4da3-9bb2-d0e3c13d2e66", "sequence": 611, "segment_id": 43, "revision": 3, "text": " and if you are having vomiting"}}
{"event": "live_event", "case": "en-01", "elapsed_seconds": 394.8588497399978, "value": {"type": "transcript.partial", "session_id": "670896f8-2ff4-4da3-9bb2-d0e3c13d2e66", "sequence": 612, "segment_id": 43, "revision": 4, "text": " and if you are having vomiting and diarrhea I would"}}
{"event": "live_event", "case": "en-01", "elapsed_seconds": 395.4174206530006, "value": {"type": "transcript.partial", "session_id": "670896f8-2ff4-4da3-9bb2-d0e3c13d2e66", "sequence": 613, "segment_id": 43, "revision": 5, "text": " and if you are having vomiting and diarrhea I would certainly recommend"}}
{"event": "live_event", "case": "en-01", "elapsed_seconds": 395.9749789669986, "value": {"type": "transcript.partial", "session_id": "670896f8-2ff4-4da3-9bb2-d0e3c13d2e66", "sequence": 614, "segment_id": 43, "revision": 6, "text": " and if you are having vomiting and diarrhea I would certainly recommend that and first"}}
{"event": "live_event", "case": "en-01", "elapsed_seconds": 396.53495600899987, "value": {"type": "transcript.partial", "session_id": "670896f8-2ff4-4da3-9bb2-d0e3c13d2e66", "sequence": 615, "segment_id": 43, "revision": 7, "text": " and if you are having vomiting and diarrhea I would certainly recommend that and first you know first"}}
{"event": "live_event", "case": "en-01", "elapsed_seconds": 397.09449794800094, "value": {"type": "transcript.partial", "session_id": "670896f8-2ff4-4da3-9bb2-d0e3c13d2e66", "sequence": 616, "segment_id": 43, "revision": 8, "text": " and if you are having vomiting and diarrhea I would certainly recommend that and first you know first couple of days"}}
{"event": "live_event", "case": "en-01", "elapsed_seconds": 398.2096232059994, "value": {"type": "transcript.final", "session_id": "670896f8-2ff4-4da3-9bb2-d0e3c13d2e66", "sequence": 617, "segment_id": 43, "revision": 9, "text": " and if you are having vomiting and diarrhea I would certainly recommend that and first you know first couple of days", "granularity": "word", "items": [{"text": " and", "start_seconds": 392.88, "end_seconds": 393.04, "confidence": null}, {"text": "if", "start_seconds": 393.04, "end_seconds": 393.12, "confidence": null}, {"text": "you", "start_seconds": 393.12, "end_seconds": 393.2, "confidence": null}, {"text": "are", "start_seconds": 393.2, "end_seconds": 393.36, "confidence": null}, {"text": "having", "start_seconds": 393.36, "end_seconds": 393.44, "confidence": null}, {"text": "vomiting", "start_seconds": 393.68, "end_seconds": 394.24, "confidence": null}, {"text": "and", "start_seconds": 394.24, "end_seconds": 394.32, "confidence": null}, {"text": "diarrhea", "start_seconds": 394.32, "end_seconds": 394.64, "confidence": null}, {"text": "I", "start_seconds": 394.64, "end_seconds": 394.72, "confidence": null}, {"text": "would", "start_seconds": 394.72, "end_seconds": 394.96, "confidence": null}, {"text": "certainly", "start_seconds": 394.96, "end_seconds": 395.2, "confidence": null}, {"text": "recommend", "start_seconds": 395.2, "end_seconds": 395.36, "confidence": null}, {"text": "that", "start_seconds": 395.36, "end_seconds": 395.6, "confidence": null}, {"text": "and", "start_seconds": 395.6, "end_seconds": 395.84, "confidence": null}, {"text": "first", "start_seconds": 395.84, "end_seconds": 396.16, "confidence": null}, {"text": "you", "start_seconds": 396.16, "end_seconds": 396.24, "confidence": null}, {"text": "know", "start_seconds": 396.24, "end_seconds": 396.48, "confidence": null}, {"text": "first", "start_seconds": 396.48, "end_seconds": 396.64, "confidence": null}, {"text": "couple", "start_seconds": 396.64, "end_seconds": 396.8, "confidence": null}, {"text": "of", "start_seconds": 396.8, "end_seconds": 396.96, "confidence": null}, {"text": "days", "start_seconds": 396.96, "end_seconds": 397.04, "confidence": null}]}}
{"event": "live_event", "case": "en-01", "elapsed_seconds": 398.7726866539997, "value": {"type": "transcript.partial", "session_id": "670896f8-2ff4-4da3-9bb2-d0e3c13d2e66", "sequence": 618, "segment_id": 44, "revision": 1, "text": " yeah if"}}
{"event": "live_event", "case": "en-01", "elapsed_seconds": 399.33129327200004, "value": {"type": "transcript.partial", "session_id": "670896f8-2ff4-4da3-9bb2-d0e3c13d2e66", "sequence": 619, "segment_id": 44, "revision": 2, "text": " yeah if you are"}}
{"event": "live_event", "case": "en-01", "elapsed_seconds": 399.8961492649978, "value": {"type": "transcript.partial", "session_id": "670896f8-2ff4-4da3-9bb2-d0e3c13d2e66", "sequence": 620, "segment_id": 44, "revision": 3, "text": " yeah if you are feeling feverish"}}
{"event": "live_event", "case": "en-01", "elapsed_seconds": 400.4527478409982, "value": {"type": "transcript.partial", "session_id": "670896f8-2ff4-4da3-9bb2-d0e3c13d2e66", "sequence": 621, "segment_id": 44, "revision": 4, "text": " yeah if you are feeling feverish and weak"}}
{"event": "live_event", "case": "en-01", "elapsed_seconds": 401.5733887130009, "value": {"type": "transcript.partial", "session_id": "670896f8-2ff4-4da3-9bb2-d0e3c13d2e66", "sequence": 622, "segment_id": 44, "revision": 5, "text": " yeah if you are feeling feverish and weak taking some"}}
{"event": "live_event", "case": "en-01", "elapsed_seconds": 402.1334646289979, "value": {"type": "transcript.partial", "session_id": "670896f8-2ff4-4da3-9bb2-d0e3c13d2e66", "sequence": 623, "segment_id": 44, "revision": 6, "text": " yeah if you are feeling feverish and weak taking some paracetam"}}
{"event": "live_event", "case": "en-01", "elapsed_seconds": 402.69124759999977, "value": {"type": "transcript.partial", "session_id": "670896f8-2ff4-4da3-9bb2-d0e3c13d2e66", "sequence": 624, "segment_id": 44, "revision": 7, "text": " yeah if you are feeling feverish and weak taking some paracetamol"}}
{"event": "live_event", "case": "en-01", "elapsed_seconds": 403.2519361199993, "value": {"type": "transcript.final", "session_id": "670896f8-2ff4-4da3-9bb2-d0e3c13d2e66", "sequence": 625, "segment_id": 44, "revision": 8, "text": " yeah if you are feeling feverish and weak taking some paracetamol", "granularity": "word", "items": [{"text": " yeah", "start_seconds": 398.16, "end_seconds": 398.24, "confidence": null}, {"text": "if", "start_seconds": 398.56, "end_seconds": 398.72, "confidence": null}, {"text": "you", "start_seconds": 398.72, "end_seconds": 398.8, "confidence": null}, {"text": "are", "start_seconds": 398.8, "end_seconds": 398.88, "confidence": null}, {"text": "feeling", "start_seconds": 399.28, "end_seconds": 399.44, "confidence": null}, {"text": "feverish", "start_seconds": 399.44, "end_seconds": 400.0, "confidence": null}, {"text": "and", "start_seconds": 400.0, "end_seconds": 400.24, "confidence": null}, {"text": "weak", "start_seconds": 400.24, "end_seconds": 400.32, "confidence": null}, {"text": "taking", "start_seconds": 401.04, "end_seconds": 401.2, "confidence": null}, {"text": "some", "start_seconds": 401.2, "end_seconds": 401.52, "confidence": null}, {"text": "paracetamol", "start_seconds": 401.52, "end_seconds": 402.16, "confidence": null}]}}
{"event": "live_event", "case": "en-01", "elapsed_seconds": 403.8129416919983, "value": {"type": "transcript.partial", "session_id": "670896f8-2ff4-4da3-9bb2-d0e3c13d2e66", "sequence": 626, "segment_id": 45, "revision": 1, "text": " two table"}}
{"event": "live_event", "case": "en-01", "elapsed_seconds": 404.37659994500063, "value": {"type": "transcript.partial", "session_id": "670896f8-2ff4-4da3-9bb2-d0e3c13d2e66", "sequence": 627, "segment_id": 45, "revision": 2, "text": " two tablets up to four times"}}
{"event": "live_event", "case": "en-01", "elapsed_seconds": 404.93129122499886, "value": {"type": "transcript.partial", "session_id": "670896f8-2ff4-4da3-9bb2-d0e3c13d2e66", "sequence": 628, "segment_id": 45, "revision": 3, "text": " two tablets up to four times a day"}}
{"event": "live_event", "case": "en-01", "elapsed_seconds": 405.49795226999777, "value": {"type": "transcript.partial", "session_id": "670896f8-2ff4-4da3-9bb2-d0e3c13d2e66", "sequence": 629, "segment_id": 45, "revision": 4, "text": " two tablets up to four times a day for the first few days"}}
{"event": "live_event", "case": "en-01", "elapsed_seconds": 406.05511650599874, "value": {"type": "transcript.partial", "session_id": "670896f8-2ff4-4da3-9bb2-d0e3c13d2e66", "sequence": 630, "segment_id": 45, "revision": 5, "text": " two tablets up to four times a day for the first few days can also help"}}
{"event": "live_event", "case": "en-01", "elapsed_seconds": 407.1710474129977, "value": {"type": "transcript.final", "session_id": "670896f8-2ff4-4da3-9bb2-d0e3c13d2e66", "sequence": 631, "segment_id": 45, "revision": 6, "text": " two tablets up to four times a day for the first few days can also help", "granularity": "word", "items": [{"text": " two", "start_seconds": 403.36, "end_seconds": 403.6, "confidence": null}, {"text": "tablets", "start_seconds": 403.6, "end_seconds": 403.92, "confidence": null}, {"text": "up", "start_seconds": 403.92, "end_seconds": 404.0, "confidence": null}, {"text": "to", "start_seconds": 404.0, "end_seconds": 404.16, "confidence": null}, {"text": "four", "start_seconds": 404.16, "end_seconds": 404.24, "confidence": null}, {"text": "times", "start_seconds": 404.24, "end_seconds": 404.32, "confidence": null}, {"text": "a", "start_seconds": 404.32, "end_seconds": 404.4, "confidence": null}, {"text": "day", "start_seconds": 404.4, "end_seconds": 404.48, "confidence": null}, {"text": "for", "start_seconds": 404.88, "end_seconds": 404.96, "confidence": null}, {"text": "the", "start_seconds": 404.96, "end_seconds": 405.04, "confidence": null}, {"text": "first", "start_seconds": 405.04, "end_seconds": 405.12, "confidence": null}, {"text": "few", "start_seconds": 405.12, "end_seconds": 405.28, "confidence": null}, {"text": "days", "start_seconds": 405.28, "end_seconds": 405.36, "confidence": null}, {"text": "can", "start_seconds": 405.6, "end_seconds": 405.76, "confidence": null}, {"text": "also", "start_seconds": 405.76, "end_seconds": 405.84, "confidence": null}, {"text": "help", "start_seconds": 405.84, "end_seconds": 405.92, "confidence": null}]}}
{"event": "live_event", "case": "en-01", "elapsed_seconds": 407.73533887699887, "value": {"type": "transcript.partial", "session_id": "670896f8-2ff4-4da3-9bb2-d0e3c13d2e66", "sequence": 632, "segment_id": 46, "revision": 1, "text": " I would certainly advise"}}
{"event": "live_event", "case": "en-01", "elapsed_seconds": 408.29597639200074, "value": {"type": "transcript.partial", "session_id": "670896f8-2ff4-4da3-9bb2-d0e3c13d2e66", "sequence": 633, "segment_id": 46, "revision": 2, "text": " I would certainly advise you to take some"}}
{"event": "live_event", "case": "en-01", "elapsed_seconds": 408.8537957789995, "value": {"type": "transcript.partial", "session_id": "670896f8-2ff4-4da3-9bb2-d0e3c13d2e66", "sequence": 634, "segment_id": 46, "revision": 3, "text": " I would certainly advise you to take some time work"}}
{"event": "live_event", "case": "en-01", "elapsed_seconds": 409.4167493189998, "value": {"type": "transcript.partial", "session_id": "670896f8-2ff4-4da3-9bb2-d0e3c13d2e66", "sequence": 635, "segment_id": 46, "revision": 4, "text": " I would certainly advise you to take some time work actually I know you"}}
{"event": "live_event", "case": "en-01", "elapsed_seconds": 409.979758098998, "value": {"type": "transcript.partial", "session_id": "670896f8-2ff4-4da3-9bb2-d0e3c13d2e66", "sequence": 636, "segment_id": 46, "revision": 5, "text": " I would certainly advise you to take some time work actually I know you're quite keen to work"}}
{"event": "live_event", "case": "en-01", "elapsed_seconds": 411.0924647969987, "value": {"type": "transcript.partial", "session_id": "670896f8-2ff4-4da3-9bb2-d0e3c13d2e66", "sequence": 637, "segment_id": 46, "revision": 6, "text": " I would certainly advise you to take some time work actually I know you're quite keen to work but um I"}}
{"event": "live_event", "case": "en-01", "elapsed_seconds": 411.6535535430012, "value": {"type": "transcript.partial", "session_id": "670896f8-2ff4-4da3-9bb2-d0e3c13d2e66", "sequence": 638, "segment_id": 46, "revision": 7, "text": " I would certainly advise you to take some time work actually I know you're quite keen to work but um I would say next"}}
{"event": "live_event", "case": "en-01", "elapsed_seconds": 412.21158216500044, "value": {"type": "transcript.partial", "session_id": "670896f8-2ff4-4da3-9bb2-d0e3c13d2e66", "sequence": 639, "segment_id": 46, "revision": 8, "text": " I would certainly advise you to take some time work actually I know you're quite keen to work but um I would say next two two"}}
{"event": "live_event", "case": "en-01", "elapsed_seconds": 412.7754136359981, "value": {"type": "transcript.partial", "session_id": "670896f8-2ff4-4da3-9bb2-d0e3c13d2e66", "sequence": 640, "segment_id": 46, "revision": 9, "text": " I would certainly advise you to take some time work actually I know you're quite keen to work but um I would say next two two to three days"}}
{"event": "live_event", "case": "en-01", "elapsed_seconds": 413.89252755599955, "value": {"type": "transcript.partial", "session_id": "670896f8-2ff4-4da3-9bb2-d0e3c13d2e66", "sequence": 641, "segment_id": 46, "revision": 10, "text": " I would certainly advise you to take some time work actually I know you're quite keen to work but um I would say next two two to three days um"}}
{"event": "live_event", "case": "en-01", "elapsed_seconds": 415.0105195739998, "value": {"type": "transcript.final", "session_id": "670896f8-2ff4-4da3-9bb2-d0e3c13d2e66", "sequence": 642, "segment_id": 46, "revision": 11, "text": " I would certainly advise you to take some time work actually I know you're quite keen to work but um I would say next two two to three days um", "granularity": "word", "items": [{"text": " I", "start_seconds": 407.12, "end_seconds": 407.2, "confidence": null}, {"text": "would", "start_seconds": 407.2, "end_seconds": 407.36, "confidence": null}, {"text": "certainly", "start_seconds": 407.36, "end_seconds": 407.6, "confidence": null}, {"text": "advise", "start_seconds": 407.6, "end_seconds": 407.92, "confidence": null}, {"text": "you", "start_seconds": 407.92, "end_seconds": 408.0, "confidence": null}, {"text": "to", "start_seconds": 408.0, "end_seconds": 408.08, "confidence": null}, {"text": "take", "start_seconds": 408.08, "end_seconds": 408.16, "confidence": null}, {"text": "some", "start_seconds": 408.16, "end_seconds": 408.32, "confidence": null}, {"text": "time", "start_seconds": 408.32, "end_seconds": 408.56, "confidence": null}, {"text": "work", "start_seconds": 408.56, "end_seconds": 408.64, "confidence": null}, {"text": "actually", "start_seconds": 408.88, "end_seconds": 409.04, "confidence": null}, {"text": "I", "start_seconds": 409.04, "end_seconds": 409.12, "confidence": null}, {"text": "know", "start_seconds": 409.12, "end_seconds": 409.28, "confidence": null}, {"text": "you're", "start_seconds": 409.28, "end_seconds": 409.44, "confidence": null}, {"text": "quite", "start_seconds": 409.44, "end_seconds": 409.52, "confidence": null}, {"text": "keen", "start_seconds": 409.52, "end_seconds": 409.6, "confidence": null}, {"text": "to", "start_seconds": 409.6, "end_seconds": 409.76, "confidence": null}, {"text": "work", "start_seconds": 409.76, "end_seconds": 409.84, "confidence": null}, {"text": "but", "start_seconds": 410.48, "end_seconds": 410.64, "confidence": null}, {"text": "um", "start_seconds": 410.64, "end_seconds": 410.88, "confidence": null}, {"text": "I", "start_seconds": 410.88, "end_seconds": 411.04, "confidence": null}, {"text": "would", "start_seconds": 411.04, "end_seconds": 411.2, "confidence": null}, {"text": "say", "start_seconds": 411.2, "end_seconds": 411.44, "confidence": null}, {"text": "next", "start_seconds": 411.44, "end_seconds": 411.76, "confidence": null}, {"text": "two", "start_seconds": 411.76, "end_seconds": 411.92, "confidence": null}, {"text": "two", "start_seconds": 411.92, "end_seconds": 412.16, "confidence": null}, {"text": "to", "start_seconds": 412.16, "end_seconds": 412.32, "confidence": null}, {"text": "three", "start_seconds": 412.32, "end_seconds": 412.4, "confidence": null}, {"text": "days", "start_seconds": 412.4, "end_seconds": 412.48, "confidence": null}, {"text": "um", "start_seconds": 413.44, "end_seconds": 413.52, "confidence": null}]}}
{"event": "live_event", "case": "en-01", "elapsed_seconds": 415.57608114100003, "value": {"type": "transcript.partial", "session_id": "670896f8-2ff4-4da3-9bb2-d0e3c13d2e66", "sequence": 643, "segment_id": 47, "revision": 1, "text": " clears from your"}}
{"event": "live_event", "case": "en-01", "elapsed_seconds": 416.1321577759991, "value": {"type": "transcript.partial", "session_id": "670896f8-2ff4-4da3-9bb2-d0e3c13d2e66", "sequence": 644, "segment_id": 47, "revision": 2, "text": " clears from your system"}}
{"event": "live_event", "case": "en-01", "elapsed_seconds": 416.696113891001, "value": {"type": "transcript.partial", "session_id": "670896f8-2ff4-4da3-9bb2-d0e3c13d2e66", "sequence": 645, "segment_id": 47, "revision": 3, "text": " clears from your system take some time"}}
{"event": "live_event", "case": "en-01", "elapsed_seconds": 417.25191137, "value": {"type": "transcript.partial", "session_id": "670896f8-2ff4-4da3-9bb2-d0e3c13d2e66", "sequence": 646, "segment_id": 47, "revision": 4, "text": " clears from your system take some time off"}}
{"event": "live_event", "case": "en-01", "elapsed_seconds": 417.81375674399897, "value": {"type": "transcript.partial", "session_id": "670896f8-2ff4-4da3-9bb2-d0e3c13d2e66", "sequence": 647, "segment_id": 47, "revision": 5, "text": " clears from your system take some time off and rest"}}
{"event": "live_event", "case": "en-01", "elapsed_seconds": 418.93095623499903, "value": {"type": "transcript.final", "session_id": "670896f8-2ff4-4da3-9bb2-d0e3c13d2e66", "sequence": 648, "segment_id": 47, "revision": 6, "text": " clears from your system take some time off and rest", "granularity": "word", "items": [{"text": " clears", "start_seconds": 415.12, "end_seconds": 415.28, "confidence": null}, {"text": "from", "start_seconds": 415.28, "end_seconds": 415.36, "confidence": null}, {"text": "your", "start_seconds": 415.36, "end_seconds": 415.52, "confidence": null}, {"text": "system", "start_seconds": 415.52, "end_seconds": 415.6, "confidence": null}, {"text": "take", "start_seconds": 416.32, "end_seconds": 416.48, "confidence": null}, {"text": "some", "start_seconds": 416.48, "end_seconds": 416.56, "confidence": null}, {"text": "time", "start_seconds": 416.56, "end_seconds": 416.72, "confidence": null}, {"text": "off", "start_seconds": 416.72, "end_seconds": 416.8, "confidence": null}, {"text": "and", "start_seconds": 417.2, "end_seconds": 417.36, "confidence": null}, {"text": "rest", "start_seconds": 417.36, "end_seconds": 417.44, "confidence": null}]}}
{"event": "live_event", "case": "en-01", "elapsed_seconds": 419.4909644899999, "value": {"type": "transcript.partial", "session_id": "670896f8-2ff4-4da3-9bb2-d0e3c13d2e66", "sequence": 649, "segment_id": 48, "revision": 1, "text": " um"}}
{"event": "live_event", "case": "en-01", "elapsed_seconds": 420.0538740810007, "value": {"type": "transcript.partial", "session_id": "670896f8-2ff4-4da3-9bb2-d0e3c13d2e66", "sequence": 650, "segment_id": 48, "revision": 2, "text": " um you know if"}}
{"event": "live_event", "case": "en-01", "elapsed_seconds": 420.61689310099973, "value": {"type": "transcript.partial", "session_id": "670896f8-2ff4-4da3-9bb2-d0e3c13d2e66", "sequence": 651, "segment_id": 48, "revision": 3, "text": " um you know if your symptoms"}}
{"event": "live_event", "case": "en-01", "elapsed_seconds": 421.17670587199973, "value": {"type": "transcript.partial", "session_id": "670896f8-2ff4-4da3-9bb2-d0e3c13d2e66", "sequence": 652, "segment_id": 48, "revision": 4, "text": " um you know if your symptoms haven't got"}}
{"event": "live_event", "case": "en-01", "elapsed_seconds": 421.7338516669988, "value": {"type": "transcript.partial", "session_id": "670896f8-2ff4-4da3-9bb2-d0e3c13d2e66", "sequence": 653, "segment_id": 48, "revision": 5, "text": " um you know if your symptoms haven't got better you know"}}
{"event": "live_event", "case": "en-01", "elapsed_seconds": 422.29219325300073, "value": {"type": "transcript.partial", "session_id": "670896f8-2ff4-4da3-9bb2-d0e3c13d2e66", "sequence": 654, "segment_id": 48, "revision": 6, "text": " um you know if your symptoms haven't got better you know in"}}
{"event": "live_event", "case": "en-01", "elapsed_seconds": 422.8551317099991, "value": {"type": "transcript.partial", "session_id": "670896f8-2ff4-4da3-9bb2-d0e3c13d2e66", "sequence": 655, "segment_id": 48, "revision": 7, "text": " um you know if your symptoms haven't got better you know in in three to four"}}
{"event": "live_event", "case": "en-01", "elapsed_seconds": 423.4123849790012, "value": {"type": "transcript.partial", "session_id": "670896f8-2ff4-4da3-9bb2-d0e3c13d2e66", "sequence": 656, "segment_id": 48, "revision": 8, "text": " um you know if your symptoms haven't got better you know in in three to four days"}}
{"event": "live_event", "case": "en-01", "elapsed_seconds": 423.97880396599794, "value": {"type": "transcript.partial", "session_id": "670896f8-2ff4-4da3-9bb2-d0e3c13d2e66", "sequence": 657, "segment_id": 48, "revision": 9, "text": " um you know if your symptoms haven't got better you know in in three to four days I'd like to come back"}}
{"event": "live_event", "case": "en-01", "elapsed_seconds": 424.5364682190011, "value": {"type": "transcript.partial", "session_id": "670896f8-2ff4-4da3-9bb2-d0e3c13d2e66", "sequence": 658, "segment_id": 48, "revision": 10, "text": " um you know if your symptoms haven't got better you know in in three to four days I'd like to come back and see you again"}}
{"event": "live_event", "case": "en-01", "elapsed_seconds": 425.6504968349982, "value": {"type": "transcript.final", "session_id": "670896f8-2ff4-4da3-9bb2-d0e3c13d2e66", "sequence": 659, "segment_id": 48, "revision": 11, "text": " um you know if your symptoms haven't got better you know in in three to four days I'd like to come back and see you again", "granularity": "word", "items": [{"text": " um", "start_seconds": 418.96, "end_seconds": 419.04, "confidence": null}, {"text": "you", "start_seconds": 419.6, "end_seconds": 419.68, "confidence": null}, {"text": "know", "start_seconds": 419.68, "end_seconds": 419.92, "confidence": null}, {"text": "if", "start_seconds": 419.92, "end_seconds": 420.08, "confidence": null}, {"text": "your", "start_seconds": 420.08, "end_seconds": 420.24, "confidence": null}, {"text": "symptoms", "start_seconds": 420.24, "end_seconds": 420.32, "confidence": null}, {"text": "haven't", "start_seconds": 420.64, "end_seconds": 420.8, "confidence": null}, {"text": "got", "start_seconds": 420.8, "end_seconds": 421.12, "confidence": null}, {"text": "better", "start_seconds": 421.12, "end_seconds": 421.44, "confidence": null}, {"text": "you", "start_seconds": 421.44, "end_seconds": 421.52, "confidence": null}, {"text": "know", "start_seconds": 421.52, "end_seconds": 422.0, "confidence": null}, {"text": "in", "start_seconds": 422.0, "end_seconds": 422.32, "confidence": null}, {"text": "in", "start_seconds": 422.32, "end_seconds": 422.48, "confidence": null}, {"text": "three", "start_seconds": 422.48, "end_seconds": 422.56, "confidence": null}, {"text": "to", "start_seconds": 422.56, "end_seconds": 422.72, "confidence": null}, {"text": "four", "start_seconds": 422.72, "end_seconds": 422.88, "confidence": null}, {"text": "days", "start_seconds": 422.88, "end_seconds": 422.96, "confidence": null}, {"text": "I'd", "start_seconds": 423.36, "end_seconds": 423.44, "confidence": null}, {"text": "like", "start_seconds": 423.44, "end_seconds": 423.6, "confidence": null}, {"text": "to", "start_seconds": 423.6, "end_seconds": 423.68, "confidence": null}, {"text": "come", "start_seconds": 423.68, "end_seconds": 423.76, "confidence": null}, {"text": "back", "start_seconds": 423.76, "end_seconds": 423.92, "confidence": null}, {"text": "and", "start_seconds": 423.92, "end_seconds": 424.0, "confidence": null}, {"text": "see", "start_seconds": 424.0, "end_seconds": 424.24, "confidence": null}, {"text": "you", "start_seconds": 424.24, "end_seconds": 424.4, "confidence": null}, {"text": "again", "start_seconds": 424.4, "end_seconds": 424.48, "confidence": null}]}}
{"event": "live_event", "case": "en-01", "elapsed_seconds": 426.212839748001, "value": {"type": "transcript.partial", "session_id": "670896f8-2ff4-4da3-9bb2-d0e3c13d2e66", "sequence": 660, "segment_id": 49, "revision": 1, "text": " because if"}}
{"event": "live_event", "case": "en-01", "elapsed_seconds": 426.7804816229982, "value": {"type": "transcript.partial", "session_id": "670896f8-2ff4-4da3-9bb2-d0e3c13d2e66", "sequence": 661, "segment_id": 49, "revision": 2, "text": " because if it is ongoing then"}}
{"event": "live_event", "case": "en-01", "elapsed_seconds": 427.33359442800065, "value": {"type": "transcript.partial", "session_id": "670896f8-2ff4-4da3-9bb2-d0e3c13d2e66", "sequence": 662, "segment_id": 49, "revision": 3, "text": " because if it is ongoing then we have to"}}
{"event": "live_event", "case": "en-01", "elapsed_seconds": 427.89546734100077, "value": {"type": "transcript.partial", "session_id": "670896f8-2ff4-4da3-9bb2-d0e3c13d2e66", "sequence": 663, "segment_id": 49, "revision": 4, "text": " because if it is ongoing then we have to wonder whether"}}
{"event": "live_event", "case": "en-01", "elapsed_seconds": 428.45778040299774, "value": {"type": "transcript.partial", "session_id": "670896f8-2ff4-4da3-9bb2-d0e3c13d2e66", "sequence": 664, "segment_id": 49, "revision": 5, "text": " because if it is ongoing then we have to wonder whether there's something else"}}
{"event": "live_event", "case": "en-01", "elapsed_seconds": 429.018186057001, "value": {"type": "transcript.partial", "session_id": "670896f8-2ff4-4da3-9bb2-d0e3c13d2e66", "sequence": 665, "segment_id": 49, "revision": 6, "text": " because if it is ongoing then we have to wonder whether there's something else causing symptoms"}}
{"event": "live_event", "case": "en-01", "elapsed_seconds": 430.12992536099773, "value": {"type": "transcript.final", "session_id": "670896f8-2ff4-4da3-9bb2-d0e3c13d2e66", "sequence": 666, "segment_id": 49, "revision": 7, "text": " because if it is ongoing then we have to wonder whether there's something else causing symptoms", "granularity": "word", "items": [{"text": " because", "start_seconds": 426.0, "end_seconds": 426.08, "confidence": null}, {"text": "if", "start_seconds": 426.08, "end_seconds": 426.16, "confidence": null}, {"text": "it", "start_seconds": 426.16, "end_seconds": 426.24, "confidence": null}, {"text": "is", "start_seconds": 426.24, "end_seconds": 426.4, "confidence": null}, {"text": "ongoing", "start_seconds": 426.4, "end_seconds": 426.64, "confidence": null}, {"text": "then", "start_seconds": 426.64, "end_seconds": 426.88, "confidence": null}, {"text": "we", "start_seconds": 426.88, "end_seconds": 426.96, "confidence": null}, {"text": "have", "start_seconds": 426.96, "end_seconds": 427.04, "confidence": null}, {"text": "to", "start_seconds": 427.04, "end_seconds": 427.36, "confidence": null}, {"text": "wonder", "start_seconds": 427.36, "end_seconds": 427.6, "confidence": null}, {"text": "whether", "start_seconds": 427.6, "end_seconds": 427.92, "confidence": null}, {"text": "there's", "start_seconds": 427.92, "end_seconds": 428.08, "confidence": null}, {"text": "something", "start_seconds": 428.08, "end_seconds": 428.16, "confidence": null}, {"text": "else", "start_seconds": 428.16, "end_seconds": 428.48, "confidence": null}, {"text": "causing", "start_seconds": 428.48, "end_seconds": 428.96, "confidence": null}, {"text": "symptoms", "start_seconds": 428.96, "end_seconds": 429.04, "confidence": null}]}}
{"event": "live_event", "case": "en-01", "elapsed_seconds": 430.69084178499907, "value": {"type": "transcript.partial", "session_id": "670896f8-2ff4-4da3-9bb2-d0e3c13d2e66", "sequence": 667, "segment_id": 50, "revision": 1, "text": " and"}}
{"event": "live_event", "case": "en-01", "elapsed_seconds": 431.2576701580001, "value": {"type": "transcript.partial", "session_id": "670896f8-2ff4-4da3-9bb2-d0e3c13d2e66", "sequence": 668, "segment_id": 50, "revision": 2, "text": " and we may need to do"}}
{"event": "live_event", "case": "en-01", "elapsed_seconds": 431.8137110079988, "value": {"type": "transcript.partial", "session_id": "670896f8-2ff4-4da3-9bb2-d0e3c13d2e66", "sequence": 669, "segment_id": 50, "revision": 3, "text": " and we may need to do further test"}}
{"event": "live_event", "case": "en-01", "elapsed_seconds": 432.37122988600095, "value": {"type": "transcript.partial", "session_id": "670896f8-2ff4-4da3-9bb2-d0e3c13d2e66", "sequence": 670, "segment_id": 50, "revision": 4, "text": " and we may need to do further tests"}}
{"event": "live_event", "case": "en-01", "elapsed_seconds": 432.9323579419979, "value": {"type": "transcript.partial", "session_id": "670896f8-2ff4-4da3-9bb2-d0e3c13d2e66", "sequence": 671, "segment_id": 50, "revision": 5, "text": " and we may need to do further tests like um"}}
{"event": "live_event", "case": "en-01", "elapsed_seconds": 433.49241640200125, "value": {"type": "transcript.partial", "session_id": "670896f8-2ff4-4da3-9bb2-d0e3c13d2e66", "sequence": 672, "segment_id": 50, "revision": 6, "text": " and we may need to do further tests like um taking"}}
{"event": "live_event", "case": "en-01", "elapsed_seconds": 434.0572344030006, "value": {"type": "transcript.partial", "session_id": "670896f8-2ff4-4da3-9bb2-d0e3c13d2e66", "sequence": 673, "segment_id": 50, "revision": 7, "text": " and we may need to do further tests like um taking a sample of your"}}
{"event": "live_event", "case": "en-01", "elapsed_seconds": 434.61292479500116, "value": {"type": "transcript.partial", "session_id": "670896f8-2ff4-4da3-9bb2-d0e3c13d2e66", "sequence": 674, "segment_id": 50, "revision": 8, "text": " and we may need to do further tests like um taking a sample of your store so"}}
{"event": "live_event", "case": "en-01", "elapsed_seconds": 435.1757128120007, "value": {"type": "transcript.partial", "session_id": "670896f8-2ff4-4da3-9bb2-d0e3c13d2e66", "sequence": 675, "segment_id": 50, "revision": 9, "text": " and we may need to do further tests like um taking a sample of your store so we can test that"}}
{"event": "live_event", "case": "en-01", "elapsed_seconds": 436.29083470800106, "value": {"type": "transcript.final", "session_id": "670896f8-2ff4-4da3-9bb2-d0e3c13d2e66", "sequence": 676, "segment_id": 50, "revision": 10, "text": " and we may need to do further tests like um taking a sample of your store so we can test that", "granularity": "word", "items": [{"text": " and", "start_seconds": 430.4, "end_seconds": 430.64, "confidence": null}, {"text": "we", "start_seconds": 430.64, "end_seconds": 430.72, "confidence": null}, {"text": "may", "start_seconds": 430.72, "end_seconds": 430.8, "confidence": null}, {"text": "need", "start_seconds": 430.8, "end_seconds": 430.88, "confidence": null}, {"text": "to", "start_seconds": 430.88, "end_seconds": 430.96, "confidence": null}, {"text": "do", "start_seconds": 430.96, "end_seconds": 431.2, "confidence": null}, {"text": "further", "start_seconds": 431.2, "end_seconds": 431.52, "confidence": null}, {"text": "tests", "start_seconds": 431.52, "end_seconds": 431.92, "confidence": null}, {"text": "like", "start_seconds": 432.32, "end_seconds": 432.56, "confidence": null}, {"text": "um", "start_seconds": 432.56, "end_seconds": 432.64, "confidence": null}, {"text": "taking", "start_seconds": 433.04, "end_seconds": 433.44, "confidence": null}, {"text": "a", "start_seconds": 433.44, "end_seconds": 433.52, "confidence": null}, {"text": "sample", "start_seconds": 433.52, "end_seconds": 433.68, "confidence": null}, {"text": "of", "start_seconds": 433.68, "end_seconds": 433.76, "confidence": null}, {"text": "your", "start_seconds": 433.76, "end_seconds": 434.0, "confidence": null}, {"text": "store", "start_seconds": 434.0, "end_seconds": 434.08, "confidence": null}, {"text": "so", "start_seconds": 434.4, "end_seconds": 434.56, "confidence": null}, {"text": "we", "start_seconds": 434.56, "end_seconds": 434.64, "confidence": null}, {"text": "can", "start_seconds": 434.64, "end_seconds": 434.72, "confidence": null}, {"text": "test", "start_seconds": 434.72, "end_seconds": 434.8, "confidence": null}, {"text": "that", "start_seconds": 434.8, "end_seconds": 434.88, "confidence": null}]}}
{"event": "live_event", "case": "en-01", "elapsed_seconds": 436.85157724500095, "value": {"type": "transcript.partial", "session_id": "670896f8-2ff4-4da3-9bb2-d0e3c13d2e66", "sequence": 677, "segment_id": 51, "revision": 1, "text": " um"}}
{"event": "live_event", "case": "en-01", "elapsed_seconds": 437.4161977949989, "value": {"type": "transcript.partial", "session_id": "670896f8-2ff4-4da3-9bb2-d0e3c13d2e66", "sequence": 678, "segment_id": 51, "revision": 2, "text": " um et cetera et"}}
{"event": "live_event", "case": "en-01", "elapsed_seconds": 437.975012936, "value": {"type": "transcript.partial", "session_id": "670896f8-2ff4-4da3-9bb2-d0e3c13d2e66", "sequence": 679, "segment_id": 51, "revision": 3, "text": " um et cetera et cetera"}}
{"event": "live_event", "case": "en-01", "elapsed_seconds": 438.530251174001, "value": {"type": "transcript.final", "session_id": "670896f8-2ff4-4da3-9bb2-d0e3c13d2e66", "sequence": 680, "segment_id": 51, "revision": 4, "text": " um et cetera et cetera", "granularity": "word", "items": [{"text": " um", "start_seconds": 436.24, "end_seconds": 436.32, "confidence": null}, {"text": "et", "start_seconds": 436.8, "end_seconds": 436.96, "confidence": null}, {"text": "cetera", "start_seconds": 436.96, "end_seconds": 437.2, "confidence": null}, {"text": "et", "start_seconds": 437.2, "end_seconds": 437.44, "confidence": null}, {"text": "cetera", "start_seconds": 437.44, "end_seconds": 437.52, "confidence": null}]}}
{"event": "live_event", "case": "en-01", "elapsed_seconds": 439.09587293599907, "value": {"type": "transcript.partial", "session_id": "670896f8-2ff4-4da3-9bb2-d0e3c13d2e66", "sequence": 681, "segment_id": 52, "revision": 1, "text": " yeah sure yeah"}}
{"event": "live_event", "case": "en-01", "elapsed_seconds": 439.65085693199944, "value": {"type": "transcript.partial", "session_id": "670896f8-2ff4-4da3-9bb2-d0e3c13d2e66", "sequence": 682, "segment_id": 52, "revision": 2, "text": " yeah sure yeah how"}}
{"event": "live_event", "case": "en-01", "elapsed_seconds": 440.21550921299786, "value": {"type": "transcript.partial", "session_id": "670896f8-2ff4-4da3-9bb2-d0e3c13d2e66", "sequence": 683, "segment_id": 52, "revision": 3, "text": " yeah sure yeah how's that sound"}}
{"event": "live_event", "case": "en-01", "elapsed_seconds": 441.33738393800013, "value": {"type": "transcript.partial", "session_id": "670896f8-2ff4-4da3-9bb2-d0e3c13d2e66", "sequence": 684, "segment_id": 52, "revision": 4, "text": " yeah sure yeah how's that sound that sounds great"}}
{"event": "live_event", "case": "en-01", "elapsed_seconds": 441.89193877100115, "value": {"type": "transcript.partial", "session_id": "670896f8-2ff4-4da3-9bb2-d0e3c13d2e66", "sequence": 685, "segment_id": 52, "revision": 5, "text": " yeah sure yeah how's that sound that sounds great Yeah"}}
{"event": "live_event", "case": "en-01", "elapsed_seconds": 442.4527801059994, "value": {"type": "transcript.partial", "session_id": "670896f8-2ff4-4da3-9bb2-d0e3c13d2e66", "sequence": 686, "segment_id": 52, "revision": 6, "text": " yeah sure yeah how's that sound that sounds great Yeah yeah"}}
{"event": "live_event", "case": "en-01", "elapsed_seconds": 443.01707446100045, "value": {"type": "transcript.partial", "session_id": "670896f8-2ff4-4da3-9bb2-d0e3c13d2e66", "sequence": 687, "segment_id": 52, "revision": 7, "text": " yeah sure yeah how's that sound that sounds great Yeah yeah do you have any questions"}}
{"event": "live_event", "case": "en-01", "elapsed_seconds": 443.5753686659991, "value": {"type": "transcript.partial", "session_id": "670896f8-2ff4-4da3-9bb2-d0e3c13d2e66", "sequence": 688, "segment_id": 52, "revision": 8, "text": " yeah sure yeah how's that sound that sounds great Yeah yeah do you have any questions for me"}}
{"event": "live_event", "case": "en-01", "elapsed_seconds": 444.12955097699887, "value": {"type": "transcript.final", "session_id": "670896f8-2ff4-4da3-9bb2-d0e3c13d2e66", "sequence": 689, "segment_id": 52, "revision": 9, "text": " yeah sure yeah how's that sound that sounds great Yeah yeah do you have any questions for me", "granularity": "word", "items": [{"text": " yeah", "start_seconds": 438.48, "end_seconds": 438.64, "confidence": null}, {"text": "sure", "start_seconds": 438.64, "end_seconds": 438.88, "confidence": null}, {"text": "yeah", "start_seconds": 438.88, "end_seconds": 438.96, "confidence": null}, {"text": "how's", "start_seconds": 439.36, "end_seconds": 439.76, "confidence": null}, {"text": "that", "start_seconds": 439.76, "end_seconds": 439.92, "confidence": null}, {"text": "sound", "start_seconds": 439.92, "end_seconds": 440.0, "confidence": null}, {"text": "that", "start_seconds": 440.72, "end_seconds": 440.8, "confidence": null}, {"text": "sounds", "start_seconds": 440.8, "end_seconds": 440.96, "confidence": null}, {"text": "great", "start_seconds": 440.96, "end_seconds": 441.04, "confidence": null}, {"text": "Yeah", "start_seconds": 441.52, "end_seconds": 441.84, "confidence": null}, {"text": "yeah", "start_seconds": 441.84, "end_seconds": 441.92, "confidence": null}, {"text": "do", "start_seconds": 442.48, "end_seconds": 442.56, "confidence": null}, {"text": "you", "start_seconds": 442.56, "end_seconds": 442.64, "confidence": null}, {"text": "have", "start_seconds": 442.64, "end_seconds": 442.72, "confidence": null}, {"text": "any", "start_seconds": 442.72, "end_seconds": 442.8, "confidence": null}, {"text": "questions", "start_seconds": 442.8, "end_seconds": 443.04, "confidence": null}, {"text": "for", "start_seconds": 443.04, "end_seconds": 443.12, "confidence": null}, {"text": "me", "start_seconds": 443.12, "end_seconds": 443.2, "confidence": null}]}}
{"event": "live_event", "case": "en-01", "elapsed_seconds": 445.25239892399986, "value": {"type": "transcript.partial", "session_id": "670896f8-2ff4-4da3-9bb2-d0e3c13d2e66", "sequence": 690, "segment_id": 53, "revision": 1, "text": " um no"}}
{"event": "live_event", "case": "en-01", "elapsed_seconds": 446.37452394499996, "value": {"type": "transcript.partial", "session_id": "670896f8-2ff4-4da3-9bb2-d0e3c13d2e66", "sequence": 691, "segment_id": 53, "revision": 2, "text": " um no further questions"}}
{"event": "live_event", "case": "en-01", "elapsed_seconds": 447.4904341529982, "value": {"type": "transcript.partial", "session_id": "670896f8-2ff4-4da3-9bb2-d0e3c13d2e66", "sequence": 692, "segment_id": 53, "revision": 3, "text": " um no further questions okay"}}
{"event": "live_event", "case": "en-01", "elapsed_seconds": 448.05277035999825, "value": {"type": "transcript.partial", "session_id": "670896f8-2ff4-4da3-9bb2-d0e3c13d2e66", "sequence": 693, "segment_id": 53, "revision": 4, "text": " um no further questions okay is is is"}}
{"event": "live_event", "case": "en-01", "elapsed_seconds": 448.61609169299845, "value": {"type": "transcript.partial", "session_id": "670896f8-2ff4-4da3-9bb2-d0e3c13d2e66", "sequence": 694, "segment_id": 53, "revision": 5, "text": " um no further questions okay is is is the treatment plan"}}
{"event": "live_event", "case": "en-01", "elapsed_seconds": 449.1720578179993, "value": {"type": "transcript.partial", "session_id": "670896f8-2ff4-4da3-9bb2-d0e3c13d2e66", "sequence": 695, "segment_id": 53, "revision": 6, "text": " um no further questions okay is is is the treatment plan clear"}}
{"event": "live_event", "case": "en-01", "elapsed_seconds": 449.7311678299993, "value": {"type": "transcript.final", "session_id": "670896f8-2ff4-4da3-9bb2-d0e3c13d2e66", "sequence": 696, "segment_id": 53, "revision": 7, "text": " um no further questions okay is is is the treatment plan clear", "granularity": "word", "items": [{"text": " um", "start_seconds": 444.64, "end_seconds": 444.88, "confidence": null}, {"text": "no", "start_seconds": 444.88, "end_seconds": 444.96, "confidence": null}, {"text": "further", "start_seconds": 445.76, "end_seconds": 446.0, "confidence": null}, {"text": "questions", "start_seconds": 446.0, "end_seconds": 446.08, "confidence": null}, {"text": "okay", "start_seconds": 447.2, "end_seconds": 447.28, "confidence": null}, {"text": "is", "start_seconds": 447.68, "end_seconds": 447.92, "confidence": null}, {"text": "is", "start_seconds": 447.92, "end_seconds": 448.0, "confidence": null}, {"text": "is", "start_seconds": 448.0, "end_seconds": 448.24, "confidence": null}, {"text": "the", "start_seconds": 448.24, "end_seconds": 448.32, "confidence": null}, {"text": "treatment", "start_seconds": 448.32, "end_seconds": 448.48, "confidence": null}, {"text": "plan", "start_seconds": 448.48, "end_seconds": 448.72, "confidence": null}, {"text": "clear", "start_seconds": 448.72, "end_seconds": 448.8, "confidence": null}]}}
{"event": "live_event", "case": "en-01", "elapsed_seconds": 450.29085626899905, "value": {"type": "transcript.partial", "session_id": "670896f8-2ff4-4da3-9bb2-d0e3c13d2e66", "sequence": 697, "segment_id": 54, "revision": 1, "text": " uh"}}
{"event": "live_event", "case": "en-01", "elapsed_seconds": 450.85387341599926, "value": {"type": "transcript.partial", "session_id": "670896f8-2ff4-4da3-9bb2-d0e3c13d2e66", "sequence": 698, "segment_id": 54, "revision": 2, "text": " uh yeah yeah"}}
{"event": "live_event", "case": "en-01", "elapsed_seconds": 451.4176721039985, "value": {"type": "transcript.partial", "session_id": "670896f8-2ff4-4da3-9bb2-d0e3c13d2e66", "sequence": 699, "segment_id": 54, "revision": 3, "text": " uh yeah yeah that's that's very"}}
{"event": "live_event", "case": "en-01", "elapsed_seconds": 451.97424568099814, "value": {"type": "transcript.partial", "session_id": "670896f8-2ff4-4da3-9bb2-d0e3c13d2e66", "sequence": 700, "segment_id": 54, "revision": 4, "text": " uh yeah yeah that's that's very clear thank you"}}
{"event": "live_event", "case": "en-01", "elapsed_seconds": 453.0954326829997, "value": {"type": "transcript.partial", "session_id": "670896f8-2ff4-4da3-9bb2-d0e3c13d2e66", "sequence": 701, "segment_id": 54, "revision": 5, "text": " uh yeah yeah that's that's very clear thank you great well I wish"}}
{"event": "live_event", "case": "en-01", "elapsed_seconds": 453.6537300819982, "value": {"type": "transcript.partial", "session_id": "670896f8-2ff4-4da3-9bb2-d0e3c13d2e66", "sequence": 702, "segment_id": 54, "revision": 6, "text": " uh yeah yeah that's that's very clear thank you great well I wish you all the best"}}
{"event": "live_event", "case": "en-01", "elapsed_seconds": 454.21231013299985, "value": {"type": "transcript.partial", "session_id": "670896f8-2ff4-4da3-9bb2-d0e3c13d2e66", "sequence": 703, "segment_id": 54, "revision": 7, "text": " uh yeah yeah that's that's very clear thank you great well I wish you all the best okay"}}
{"event": "live_event", "case": "en-01", "elapsed_seconds": 454.7739263199983, "value": {"type": "transcript.partial", "session_id": "670896f8-2ff4-4da3-9bb2-d0e3c13d2e66", "sequence": 704, "segment_id": 54, "revision": 8, "text": " uh yeah yeah that's that's very clear thank you great well I wish you all the best okay thank you"}}
{"event": "live_event", "case": "en-01", "elapsed_seconds": 455.33319926900003, "value": {"type": "transcript.partial", "session_id": "670896f8-2ff4-4da3-9bb2-d0e3c13d2e66", "sequence": 705, "segment_id": 54, "revision": 9, "text": " uh yeah yeah that's that's very clear thank you great well I wish you all the best okay thank you thank you"}}
{"event": "live_event", "case": "en-01", "elapsed_seconds": 456.4525941339998, "value": {"type": "transcript.partial", "session_id": "670896f8-2ff4-4da3-9bb2-d0e3c13d2e66", "sequence": 706, "segment_id": 54, "revision": 10, "text": " uh yeah yeah that's that's very clear thank you great well I wish you all the best okay thank you thank you bye"}}
{"event": "live_event", "case": "en-01", "elapsed_seconds": 457.571034042001, "value": {"type": "transcript.final", "session_id": "670896f8-2ff4-4da3-9bb2-d0e3c13d2e66", "sequence": 707, "segment_id": 54, "revision": 11, "text": " uh yeah yeah that's that's very clear thank you great well I wish you all the best okay thank you thank you bye", "granularity": "word", "items": [{"text": " uh", "start_seconds": 449.84, "end_seconds": 449.92, "confidence": null}, {"text": "yeah", "start_seconds": 450.24, "end_seconds": 450.4, "confidence": null}, {"text": "yeah", "start_seconds": 450.4, "end_seconds": 450.8, "confidence": null}, {"text": "that's", "start_seconds": 450.8, "end_seconds": 450.96, "confidence": null}, {"text": "that's", "start_seconds": 450.96, "end_seconds": 451.28, "confidence": null}, {"text": "very", "start_seconds": 451.28, "end_seconds": 451.44, "confidence": null}, {"text": "clear", "start_seconds": 451.44, "end_seconds": 451.68, "confidence": null}, {"text": "thank", "start_seconds": 451.68, "end_seconds": 451.76, "confidence": null}, {"text": "you", "start_seconds": 451.76, "end_seconds": 451.84, "confidence": null}, {"text": "great", "start_seconds": 452.48, "end_seconds": 452.8, "confidence": null}, {"text": "well", "start_seconds": 452.8, "end_seconds": 452.88, "confidence": null}, {"text": "I", "start_seconds": 452.88, "end_seconds": 452.96, "confidence": null}, {"text": "wish", "start_seconds": 452.96, "end_seconds": 453.12, "confidence": null}, {"text": "you", "start_seconds": 453.12, "end_seconds": 453.2, "confidence": null}, {"text": "all", "start_seconds": 453.2, "end_seconds": 453.28, "confidence": null}, {"text": "the", "start_seconds": 453.28, "end_seconds": 453.36, "confidence": null}, {"text": "best", "start_seconds": 453.36, "end_seconds": 453.44, "confidence": null}, {"text": "okay", "start_seconds": 453.84, "end_seconds": 453.92, "confidence": null}, {"text": "thank", "start_seconds": 454.24, "end_seconds": 454.32, "confidence": null}, {"text": "you", "start_seconds": 454.32, "end_seconds": 454.4, "confidence": null}, {"text": "thank", "start_seconds": 454.8, "end_seconds": 454.96, "confidence": null}, {"text": "you", "start_seconds": 454.96, "end_seconds": 455.04, "confidence": null}, {"text": "bye", "start_seconds": 455.84, "end_seconds": 456.08, "confidence": null}]}}
{"event": "live_event", "case": "en-01", "elapsed_seconds": 457.95028764000017, "value": {"type": "session.completed", "session_id": "670896f8-2ff4-4da3-9bb2-d0e3c13d2e66", "audio_seconds": 457.92, "last_sequence": 707}}
{"event": "medical_measurement", "case": "en-01", "mode": "paced-stream", "sha256": "bed0455e336172d5e8c8eaa56bf54efa69cce5f115fba17cfb7d92d482953af5", "expected_audio_seconds": 457.92, "all_samples_processed": true, "nonempty": true, "peak_gpu_allocated_bytes": 2721856000, "real_time_factor": 1.0000663746964504, "text": "Hello hello yeah, okay hello how can I help you this morning hi um I've just had some um diarrhea for the last three days um and it's been affecting me I need to stay close to the toilet and um yeah it's been affecting my day to day activities sorry to hear that um and when you say diarrhea what do you mean by diarrhea do you mean you're going to the toilet more often or are your stools more loose Yeah so it's like loose and watery stool going to the toilet quite often um and like some pain in my like lower stomach okay and how many times a day are you going let's say over the last couple of days probably like six seven times a day six seven times a day and you may mention is mainly water tree have you noticed any other things like blood in your stools no no blood Yeah just watery and loose stool okay and you mentioned you've had some pain in your tummy as well Yeah whereabouts is a pain exactly so it's like in my lower abdomen so uh like um yeah just to one side one side and what side is that uh on the left side left side okay and can you describe the pain to me Yeah it feels um like uh cramp uh like a muscular cramp and um yeah I feel a bit weak and shaky okay and there's a pain is that is it there all the time or does it come and go uh it comes and goes and goes a pain move anywhere else for example towards your back um no just mainly my stomach okay fine and you mentioned you've been feeling quite weak and shaky as well would you mean by shaky do you mean you've been having uh are you been feeling feverish for example um yeah it doesn't feel like uh yeah I just mainly feel weaker I haven't had a fever um at the moment but I did notice um a temperature when the symptom started so um yeah around about three or four days ago you measure your temperature then yeah I didn't measure my temperature no but I felt um just a bit hot okay okay any other symptoms like sweating or um no and uh any vomiting at all Yeah so um I vomited at the start of the symptoms but now um I've stopped vomiting stop vomiting okay and was your vomit I know it's not nice thing to talk about but was it just normal food colour yeah yeah just normal vomit yeah and there was no blood in your vomit is that right no blood no no okay um and um any other symptoms at all you mentioned tummy pain you mentioned diarrhea you mentioned the vomiting anything else that comes to mind um I had a loss of appetite um so I haven't been eating as much um but I've been able to hold down fluids okay so you're drinking fluids what kind of foods have you managed to eat anything um just soups and uh yeah light foods like smoothies and yeah liquid foods mainly okay fine um and so you start just three days ago the symptoms are you aware of any triggers which may have caused your symptoms to uh to kick on So for example take away food or eating out or being around other people who would similar symptoms Yeah so I had takeaway about four days ago um uh but other than that I've yeah been uh eating normally I think unusual Yeah do you remember where you ate um yeah I ate at a Chinese restaurant with friends okay anyone else on well with similar symptoms um so no one else in the family so I uh wife and two kids and one um child was vomiting but they haven't got diarrhea there's no one with the same symptoms okay okay fine um right and uh in terms of your your overall health are you normally fitting well or um yeah I mean other than um asthma um I use an inhaler everything uh else is fine okay and did your asthma well controlled uh yeah that's fine just yeah you send inhaler and uh that's under control fine and you don't have any other tummy problem bowel problems I should be aware of no no okay um in t ap apart from the inhalers do you take any other medications uh no no other medications okay fine and in terms of just your your day to day life you said it's been affecting your life um in what way has it been affecting your life uh sorry I need to stay close to the toilet cause I go quite frequently during the these past three days okay um yeah other than that it's uh yeah the main concern and have you are you currently working at the moment uh yeah I I work work um I'm an accountant okay have you been going into work the last three days or have you been at home uh yeah I've been going to work okay that must be difficult for you then yeah it's been quite difficult and you say you mentioned you live with a wife and two children is that right Yes all right um just couple of other questions we need to ask so um do you smoke at all uh no I don't smoke and do you drink much in the web alcohol no I I don't drink alcohol no okay so um uh normally at this stage I like to um examine you if that's okay but um um but but but but but but but but but but but but but but but but but but but but but having listened to your stories uh I think um just to recap the for the last three days you've been having loose dull diarrhea a bit of tummy pain mainly on the left hand side uh um and vomiting and being generally quite weak and lethargic you mentioned you having this Chinese takeaway as well three days ago and I wonder whether that might be the cause of your problems okay um it seems like you may have something uh called gastroenteritis which essentially just uh tummy bug or infection of your of your tummy mainly caused by viruses but it can be uh possibility of bacteria uh causing your symptoms at this stage uh what what we'd recommend is just what we say conservative management so I don't think you need anything like antibiotics is really just um making sure you're well hydrated so drinking fluids um there are things like dire light you can get from the pharmacy which uh it's um it helps replenish some of your minerals and vitamins and if you are having vomiting and diarrhea I would certainly recommend that and first you know first couple of days yeah if you are feeling feverish and weak taking some paracetamol two tablets up to four times a day for the first few days can also help I would certainly advise you to take some time work actually I know you're quite keen to work but um I would say next two two to three days um clears from your system take some time off and rest um you know if your symptoms haven't got better you know in in three to four days I'd like to come back and see you again because if it is ongoing then we have to wonder whether there's something else causing symptoms and we may need to do further tests like um taking a sample of your store so we can test that um et cetera et cetera yeah sure yeah how's that sound that sounds great Yeah yeah do you have any questions for me um no further questions okay is is is the treatment plan clear uh yeah yeah that's that's very clear thank you great well I wish you all the best okay thank you thank you bye", "segments": [{"type": "transcript.final", "session_id": "670896f8-2ff4-4da3-9bb2-d0e3c13d2e66", "sequence": 3, "segment_id": 0, "revision": 3, "text": " Hello hello", "granularity": "word", "items": [{"text": " Hello", "start_seconds": 2.88, "end_seconds": 2.96, "confidence": null}, {"text": "hello", "start_seconds": 4.16, "end_seconds": 4.32, "confidence": null}]}, {"type": "transcript.final", "session_id": "670896f8-2ff4-4da3-9bb2-d0e3c13d2e66", "sequence": 7, "segment_id": 1, "revision": 4, "text": " yeah, okay hello", "granularity": "word", "items": [{"text": " yeah,", "start_seconds": 8.24, "end_seconds": 8.4, "confidence": null}, {"text": "okay", "start_seconds": 8.4, "end_seconds": 8.48, "confidence": null}, {"text": "hello", "start_seconds": 9.04, "end_seconds": 9.2, "confidence": null}]}, {"type": "transcript.final", "session_id": "670896f8-2ff4-4da3-9bb2-d0e3c13d2e66", "sequence": 19, "segment_id": 2, "revision": 12, "text": " how can I help you this morning hi um I've just had some um diarrhea for the last three days", "granularity": "word", "items": [{"text": " how", "start_seconds": 11.2, "end_seconds": 11.28, "confidence": null}, {"text": "can", "start_seconds": 11.28, "end_seconds": 11.44, "confidence": null}, {"text": "I", "start_seconds": 11.44, "end_seconds": 11.52, "confidence": null}, {"text": "help", "start_seconds": 11.52, "end_seconds": 11.6, "confidence": null}, {"text": "you", "start_seconds": 11.6, "end_seconds": 11.76, "confidence": null}, {"text": "this", "start_seconds": 11.76, "end_seconds": 11.92, "confidence": null}, {"text": "morning", "start_seconds": 11.92, "end_seconds": 12.0, "confidence": null}, {"text": "hi", "start_seconds": 13.2, "end_seconds": 13.52, "confidence": null}, {"text": "um", "start_seconds": 13.52, "end_seconds": 13.84, "confidence": null}, {"text": "I've", "start_seconds": 13.84, "end_seconds": 14.08, "confidence": null}, {"text": "just", "start_seconds": 14.08, "end_seconds": 14.16, "confidence": null}, {"text": "had", "start_seconds": 14.16, "end_seconds": 14.24, "confidence": null}, {"text": "some", "start_seconds": 14.88, "end_seconds": 14.96, "confidence": null}, {"text": "um", "start_seconds": 15.36, "end_seconds": 15.44, "confidence": null}, {"text": "diarrhea", "start_seconds": 15.76, "end_seconds": 16.48, "confidence": null}, {"text": "for", "start_seconds": 16.48, "end_seconds": 16.56, "confidence": null}, {"text": "the", "start_seconds": 16.56, "end_seconds": 16.64, "confidence": null}, {"text": "last", "start_seconds": 16.64, "end_seconds": 16.96, "confidence": null}, {"text": "three", "start_seconds": 16.96, "end_seconds": 17.12, "confidence": null}, {"text": "days", "start_seconds": 17.12, "end_seconds": 17.44, "confidence": null}]}, {"type": "transcript.final", "session_id": "670896f8-2ff4-4da3-9bb2-d0e3c13d2e66", "sequence": 32, "segment_id": 3, "revision": 13, "text": " um and it's been affecting me I need to stay close to the toilet and um yeah it's been affecting my day to day activities", "granularity": "word", "items": [{"text": " um", "start_seconds": 19.04, "end_seconds": 19.2, "confidence": null}, {"text": "and", "start_seconds": 19.2, "end_seconds": 19.28, "confidence": null}, {"text": "it's", "start_seconds": 19.28, "end_seconds": 19.36, "confidence": null}, {"text": "been", "start_seconds": 19.36, "end_seconds": 19.68, "confidence": null}, {"text": "affecting", "start_seconds": 19.68, "end_seconds": 19.92, "confidence": null}, {"text": "me", "start_seconds": 19.92, "end_seconds": 20.24, "confidence": null}, {"text": "I", "start_seconds": 20.24, "end_seconds": 20.48, "confidence": null}, {"text": "need", "start_seconds": 20.48, "end_seconds": 20.56, "confidence": null}, {"text": "to", "start_seconds": 20.56, "end_seconds": 20.8, "confidence": null}, {"text": "stay", "start_seconds": 20.8, "end_seconds": 20.88, "confidence": null}, {"text": "close", "start_seconds": 21.28, "end_seconds": 21.36, "confidence": null}, {"text": "to", "start_seconds": 21.36, "end_seconds": 21.44, "confidence": null}, {"text": "the", "start_seconds": 21.44, "end_seconds": 21.52, "confidence": null}, {"text": "toilet", "start_seconds": 21.84, "end_seconds": 21.92, "confidence": null}, {"text": "and", "start_seconds": 22.4, "end_seconds": 22.72, "confidence": null}, {"text": "um", "start_seconds": 22.72, "end_seconds": 22.8, "confidence": null}, {"text": "yeah", "start_seconds": 23.2, "end_seconds": 23.52, "confidence": null}, {"text": "it's", "start_seconds": 23.52, "end_seconds": 23.6, "confidence": null}, {"text": "been", "start_seconds": 23.6, "end_seconds": 23.68, "confidence": null}, {"text": "affecting", "start_seconds": 24.08, "end_seconds": 24.24, "confidence": null}, {"text": "my", "start_seconds": 24.24, "end_seconds": 24.32, "confidence": null}, {"text": "day", "start_seconds": 24.64, "end_seconds": 24.72, "confidence": null}, {"text": "to", "start_seconds": 24.72, "end_seconds": 24.88, "confidence": null}, {"text": "day", "start_seconds": 24.88, "end_seconds": 24.96, "confidence": null}, {"text": "activities", "start_seconds": 24.96, "end_seconds": 25.2, "confidence": null}]}, {"type": "transcript.final", "session_id": "670896f8-2ff4-4da3-9bb2-d0e3c13d2e66", "sequence": 33, "segment_id": 4, "revision": 1, "text": " sor", "granularity": "word", "items": [{"text": " sor", "start_seconds": 26.8, "end_seconds": 26.88, "confidence": null}]}, {"type": "transcript.final", "session_id": "670896f8-2ff4-4da3-9bb2-d0e3c13d2e66", "sequence": 94, "segment_id": 5, "revision": 61, "text": "ry to hear that um and when you say diarrhea what do you mean by diarrhea do you mean you're going to the toilet more often or are your stools more loose Yeah so it's like loose and watery stool going to the toilet quite often um and like some pain in my like lower stomach okay and how many times a day are you going let's say over the last couple of days probably like six seven times a day six seven times a day and you may mention is mainly water tree have you noticed any other things like blood in your stools no no blood Yeah just watery and loose stool okay and you mentioned you've had some pain in your tummy as well", "granularity": "word", "items": [{"text": "ry", "start_seconds": 27.04, "end_seconds": 27.12, "confidence": null}, {"text": "to", "start_seconds": 27.12, "end_seconds": 27.2, "confidence": null}, {"text": "hear", "start_seconds": 27.2, "end_seconds": 27.36, "confidence": null}, {"text": "that", "start_seconds": 27.36, "end_seconds": 27.44, "confidence": null}, {"text": "um", "start_seconds": 27.92, "end_seconds": 28.0, "confidence": null}, {"text": "and", "start_seconds": 28.4, "end_seconds": 28.48, "confidence": null}, {"text": "when", "start_seconds": 28.8, "end_seconds": 28.88, "confidence": null}, {"text": "you", "start_seconds": 28.88, "end_seconds": 28.96, "confidence": null}, {"text": "say", "start_seconds": 28.96, "end_seconds": 29.12, "confidence": null}, {"text": "diarrhea", "start_seconds": 29.12, "end_seconds": 29.68, "confidence": null}, {"text": "what", "start_seconds": 29.68, "end_seconds": 29.76, "confidence": null}, {"text": "do", "start_seconds": 29.76, "end_seconds": 29.84, "confidence": null}, {"text": "you", "start_seconds": 29.84, "end_seconds": 29.92, "confidence": null}, {"text": "mean", "start_seconds": 29.92, "end_seconds": 30.08, "confidence": null}, {"text": "by", "start_seconds": 30.08, "end_seconds": 30.32, "confidence": null}, {"text": "diarrhea", "start_seconds": 30.32, "end_seconds": 30.72, "confidence": null}, {"text": "do", "start_seconds": 30.72, "end_seconds": 30.8, "confidence": null}, {"text": "you", "start_seconds": 30.8, "end_seconds": 30.88, "confidence": null}, {"text": "mean", "start_seconds": 30.88, "end_seconds": 30.96, "confidence": null}, {"text": "you're", "start_seconds": 30.96, "end_seconds": 31.12, "confidence": null}, {"text": "going", "start_seconds": 31.12, "end_seconds": 31.28, "confidence": null}, {"text": "to", "start_seconds": 31.28, "end_seconds": 31.44, "confidence": null}, {"text": "the", "start_seconds": 31.44, "end_seconds": 31.6, "confidence": null}, {"text": "toilet", "start_seconds": 31.6, "end_seconds": 31.92, "confidence": null}, {"text": "more", "start_seconds": 31.92, "end_seconds": 32.08, "confidence": null}, {"text": "often", "start_seconds": 32.08, "end_seconds": 32.16, "confidence": null}, {"text": "or", "start_seconds": 32.4, "end_seconds": 32.48, "confidence": null}, {"text": "are", "start_seconds": 32.8, "end_seconds": 33.12, "confidence": null}, {"text": "your", "start_seconds": 33.12, "end_seconds": 33.28, "confidence": null}, {"text": "stools", "start_seconds": 33.28, "end_seconds": 33.6, "confidence": null}, {"text": "more", "start_seconds": 33.6, "end_seconds": 33.76, "confidence": null}, {"text": "loose", "start_seconds": 33.76, "end_seconds": 33.84, "confidence": null}, {"text": "Yeah", "start_seconds": 34.88, "end_seconds": 34.96, "confidence": null}, {"text": "so", "start_seconds": 35.28, "end_seconds": 35.44, "confidence": null}, {"text": "it's", "start_seconds": 35.44, "end_seconds": 35.52, "confidence": null}, {"text": "like", "start_seconds": 35.52, "end_seconds": 35.84, "confidence": null}, {"text": "loose", "start_seconds": 35.84, "end_seconds": 35.92, "confidence": null}, {"text": "and", "start_seconds": 36.4, "end_seconds": 36.48, "confidence": null}, {"text": "watery", "start_seconds": 36.48, "end_seconds": 37.12, "confidence": null}, {"text": "stool", "start_seconds": 37.12, "end_seconds": 37.2, "confidence": null}, {"text": "going", "start_seconds": 37.52, "end_seconds": 37.68, "confidence": null}, {"text": "to", "start_seconds": 37.68, "end_seconds": 37.76, "confidence": null}, {"text": "the", "start_seconds": 37.76, "end_seconds": 37.84, "confidence": null}, {"text": "toilet", "start_seconds": 38.16, "end_seconds": 38.24, "confidence": null}, {"text": "quite", "start_seconds": 38.64, "end_seconds": 38.8, "confidence": null}, {"text": "often", "start_seconds": 38.8, "end_seconds": 38.88, "confidence": null}, {"text": "um", "start_seconds": 39.92, "end_seconds": 40.0, "confidence": null}, {"text": "and", "start_seconds": 40.4, "end_seconds": 40.48, "confidence": null}, {"text": "like", "start_seconds": 40.48, "end_seconds": 40.56, "confidence": null}, {"text": "some", "start_seconds": 40.88, "end_seconds": 40.96, "confidence": null}, {"text": "pain", "start_seconds": 41.44, "end_seconds": 41.76, "confidence": null}, {"text": "in", "start_seconds": 41.76, "end_seconds": 42.08, "confidence": null}, {"text": "my", "start_seconds": 42.08, "end_seconds": 42.16, "confidence": null}, {"text": "like", "start_seconds": 42.64, "end_seconds": 42.72, "confidence": null}, {"text": "lower", "start_seconds": 43.12, "end_seconds": 43.28, "confidence": null}, {"text": "stomach", "start_seconds": 43.28, "end_seconds": 43.36, "confidence": null}, {"text": "okay", "start_seconds": 44.24, "end_seconds": 44.32, "confidence": null}, {"text": "and", "start_seconds": 44.8, "end_seconds": 44.96, "confidence": null}, {"text": "how", "start_seconds": 44.96, "end_seconds": 45.04, "confidence": null}, {"text": "many", "start_seconds": 45.04, "end_seconds": 45.12, "confidence": null}, {"text": "times", "start_seconds": 45.12, "end_seconds": 45.44, "confidence": null}, {"text": "a", "start_seconds": 45.44, "end_seconds": 45.52, "confidence": null}, {"text": "day", "start_seconds": 45.52, "end_seconds": 45.68, "confidence": null}, {"text": "are", "start_seconds": 45.68, "end_seconds": 45.84, "confidence": null}, {"text": "you", "start_seconds": 45.84, "end_seconds": 46.0, "confidence": null}, {"text": "going", "start_seconds": 46.0, "end_seconds": 46.08, "confidence": null}, {"text": "let's", "start_seconds": 46.4, "end_seconds": 46.56, "confidence": null}, {"text": "say", "start_seconds": 46.56, "end_seconds": 46.64, "confidence": null}, {"text": "over", "start_seconds": 47.04, "end_seconds": 47.2, "confidence": null}, {"text": "the", "start_seconds": 47.2, "end_seconds": 47.28, "confidence": null}, {"text": "last", "start_seconds": 47.28, "end_seconds": 47.36, "confidence": null}, {"text": "couple", "start_seconds": 47.36, "end_seconds": 47.44, "confidence": null}, {"text": "of", "start_seconds": 47.44, "end_seconds": 47.6, "confidence": null}, {"text": "days", "start_seconds": 47.6, "end_seconds": 47.68, "confidence": null}, {"text": "probably", "start_seconds": 48.48, "end_seconds": 48.72, "confidence": null}, {"text": "like", "start_seconds": 48.72, "end_seconds": 48.8, "confidence": null}, {"text": "six", "start_seconds": 49.28, "end_seconds": 49.36, "confidence": null}, {"text": "seven", "start_seconds": 49.68, "end_seconds": 49.92, "confidence": null}, {"text": "times", "start_seconds": 49.92, "end_seconds": 50.0, "confidence": null}, {"text": "a", "start_seconds": 50.0, "end_seconds": 50.16, "confidence": null}, {"text": "day", "start_seconds": 50.16, "end_seconds": 50.24, "confidence": null}, {"text": "six", "start_seconds": 50.88, "end_seconds": 51.12, "confidence": null}, {"text": "seven", "start_seconds": 51.12, "end_seconds": 51.28, "confidence": null}, {"text": "times", "start_seconds": 51.28, "end_seconds": 51.36, "confidence": null}, {"text": "a", "start_seconds": 51.36, "end_seconds": 51.44, "confidence": null}, {"text": "day", "start_seconds": 51.44, "end_seconds": 51.52, "confidence": null}, {"text": "and", "start_seconds": 51.92, "end_seconds": 52.16, "confidence": null}, {"text": "you", "start_seconds": 52.16, "end_seconds": 52.4, "confidence": null}, {"text": "may", "start_seconds": 52.4, "end_seconds": 52.48, "confidence": null}, {"text": "mention", "start_seconds": 52.96, "end_seconds": 53.2, "confidence": null}, {"text": "is", "start_seconds": 53.2, "end_seconds": 53.36, "confidence": null}, {"text": "mainly", "start_seconds": 53.36, "end_seconds": 53.76, "confidence": null}, {"text": "water", "start_seconds": 53.76, "end_seconds": 53.92, "confidence": null}, {"text": "tree", "start_seconds": 53.92, "end_seconds": 54.24, "confidence": null}, {"text": "have", "start_seconds": 54.24, "end_seconds": 54.32, "confidence": null}, {"text": "you", "start_seconds": 54.32, "end_seconds": 54.4, "confidence": null}, {"text": "noticed", "start_seconds": 54.4, "end_seconds": 54.64, "confidence": null}, {"text": "any", "start_seconds": 54.64, "end_seconds": 54.72, "confidence": null}, {"text": "other", "start_seconds": 54.72, "end_seconds": 54.96, "confidence": null}, {"text": "things", "start_seconds": 54.96, "end_seconds": 55.12, "confidence": null}, {"text": "like", "start_seconds": 55.12, "end_seconds": 55.36, "confidence": null}, {"text": "blood", "start_seconds": 55.36, "end_seconds": 55.52, "confidence": null}, {"text": "in", "start_seconds": 55.52, "end_seconds": 55.68, "confidence": null}, {"text": "your", "start_seconds": 55.68, "end_seconds": 56.0, "confidence": null}, {"text": "stools", "start_seconds": 56.0, "end_seconds": 56.16, "confidence": null}, {"text": "no", "start_seconds": 56.72, "end_seconds": 56.8, "confidence": null}, {"text": "no", "start_seconds": 57.12, "end_seconds": 57.36, "confidence": null}, {"text": "blood", "start_seconds": 57.36, "end_seconds": 57.44, "confidence": null}, {"text": "Yeah", "start_seconds": 57.76, "end_seconds": 57.92, "confidence": null}, {"text": "just", "start_seconds": 57.92, "end_seconds": 58.0, "confidence": null}, {"text": "watery", "start_seconds": 58.32, "end_seconds": 58.8, "confidence": null}, {"text": "and", "start_seconds": 58.8, "end_seconds": 58.96, "confidence": null}, {"text": "loose", "start_seconds": 58.96, "end_seconds": 59.04, "confidence": null}, {"text": "stool", "start_seconds": 59.44, "end_seconds": 59.52, "confidence": null}, {"text": "okay", "start_seconds": 59.84, "end_seconds": 59.92, "confidence": null}, {"text": "and", "start_seconds": 60.48, "end_seconds": 60.56, "confidence": null}, {"text": "you", "start_seconds": 60.56, "end_seconds": 60.64, "confidence": null}, {"text": "mentioned", "start_seconds": 60.64, "end_seconds": 60.8, "confidence": null}, {"text": "you've", "start_seconds": 60.8, "end_seconds": 60.96, "confidence": null}, {"text": "had", "start_seconds": 60.96, "end_seconds": 61.12, "confidence": null}, {"text": "some", "start_seconds": 61.12, "end_seconds": 61.2, "confidence": null}, {"text": "pain", "start_seconds": 61.2, "end_seconds": 61.52, "confidence": null}, {"text": "in", "start_seconds": 61.52, "end_seconds": 61.6, "confidence": null}, {"text": "your", "start_seconds": 61.6, "end_seconds": 61.76, "confidence": null}, {"text": "tummy", "start_seconds": 61.76, "end_seconds": 62.08, "confidence": null}, {"text": "as", "start_seconds": 62.08, "end_seconds": 62.16, "confidence": null}, {"text": "well", "start_seconds": 62.16, "end_seconds": 62.24, "confidence": null}]}, {"type": "transcript.final", "session_id": "670896f8-2ff4-4da3-9bb2-d0e3c13d2e66", "sequence": 122, "segment_id": 6, "revision": 28, "text": " Yeah whereabouts is a pain exactly so it's like in my lower abdomen so uh like um yeah just to one side one side and what side is that uh on the left side left side okay and can you describe the pain to me Yeah it feels um like uh cramp", "granularity": "word", "items": [{"text": " Yeah", "start_seconds": 63.28, "end_seconds": 63.36, "confidence": null}, {"text": "whereabouts", "start_seconds": 63.84, "end_seconds": 64.24, "confidence": null}, {"text": "is", "start_seconds": 64.24, "end_seconds": 64.4, "confidence": null}, {"text": "a", "start_seconds": 64.4, "end_seconds": 64.56, "confidence": null}, {"text": "pain", "start_seconds": 64.56, "end_seconds": 64.64, "confidence": null}, {"text": "exactly", "start_seconds": 64.96, "end_seconds": 65.52, "confidence": null}, {"text": "so", "start_seconds": 65.52, "end_seconds": 65.6, "confidence": null}, {"text": "it's", "start_seconds": 65.6, "end_seconds": 65.76, "confidence": null}, {"text": "like", "start_seconds": 65.76, "end_seconds": 66.08, "confidence": null}, {"text": "in", "start_seconds": 66.08, "end_seconds": 66.16, "confidence": null}, {"text": "my", "start_seconds": 66.16, "end_seconds": 66.32, "confidence": null}, {"text": "lower", "start_seconds": 66.32, "end_seconds": 66.4, "confidence": null}, {"text": "abdomen", "start_seconds": 66.72, "end_seconds": 67.2, "confidence": null}, {"text": "so", "start_seconds": 67.6, "end_seconds": 67.92, "confidence": null}, {"text": "uh", "start_seconds": 67.92, "end_seconds": 68.16, "confidence": null}, {"text": "like", "start_seconds": 68.16, "end_seconds": 68.24, "confidence": null}, {"text": "um", "start_seconds": 69.04, "end_seconds": 69.12, "confidence": null}, {"text": "yeah", "start_seconds": 69.68, "end_seconds": 69.76, "confidence": null}, {"text": "just", "start_seconds": 70.08, "end_seconds": 70.16, "confidence": null}, {"text": "to", "start_seconds": 70.56, "end_seconds": 70.64, "confidence": null}, {"text": "one", "start_seconds": 70.64, "end_seconds": 70.72, "confidence": null}, {"text": "side", "start_seconds": 70.72, "end_seconds": 70.8, "confidence": null}, {"text": "one", "start_seconds": 71.68, "end_seconds": 71.84, "confidence": null}, {"text": "side", "start_seconds": 71.84, "end_seconds": 71.92, "confidence": null}, {"text": "and", "start_seconds": 72.24, "end_seconds": 72.32, "confidence": null}, {"text": "what", "start_seconds": 72.32, "end_seconds": 72.4, "confidence": null}, {"text": "side", "start_seconds": 72.4, "end_seconds": 72.56, "confidence": null}, {"text": "is", "start_seconds": 72.56, "end_seconds": 72.72, "confidence": null}, {"text": "that", "start_seconds": 72.72, "end_seconds": 72.8, "confidence": null}, {"text": "uh", "start_seconds": 73.44, "end_seconds": 73.76, "confidence": null}, {"text": "on", "start_seconds": 73.76, "end_seconds": 73.92, "confidence": null}, {"text": "the", "start_seconds": 73.92, "end_seconds": 74.0, "confidence": null}, {"text": "left", "start_seconds": 74.0, "end_seconds": 74.08, "confidence": null}, {"text": "side", "start_seconds": 74.08, "end_seconds": 74.16, "confidence": null}, {"text": "left", "start_seconds": 74.88, "end_seconds": 75.04, "confidence": null}, {"text": "side", "start_seconds": 75.04, "end_seconds": 75.28, "confidence": null}, {"text": "okay", "start_seconds": 75.28, "end_seconds": 75.36, "confidence": null}, {"text": "and", "start_seconds": 76.16, "end_seconds": 76.24, "confidence": null}, {"text": "can", "start_seconds": 76.24, "end_seconds": 76.4, "confidence": null}, {"text": "you", "start_seconds": 76.4, "end_seconds": 76.72, "confidence": null}, {"text": "describe", "start_seconds": 76.72, "end_seconds": 76.88, "confidence": null}, {"text": "the", "start_seconds": 76.88, "end_seconds": 76.96, "confidence": null}, {"text": "pain", "start_seconds": 77.28, "end_seconds": 77.6, "confidence": null}, {"text": "to", "start_seconds": 77.6, "end_seconds": 77.76, "confidence": null}, {"text": "me", "start_seconds": 77.76, "end_seconds": 77.84, "confidence": null}, {"text": "Yeah", "start_seconds": 78.48, "end_seconds": 78.56, "confidence": null}, {"text": "it", "start_seconds": 78.96, "end_seconds": 79.28, "confidence": null}, {"text": "feels", "start_seconds": 79.28, "end_seconds": 79.6, "confidence": null}, {"text": "um", "start_seconds": 79.6, "end_seconds": 79.68, "confidence": null}, {"text": "like", "start_seconds": 80.0, "end_seconds": 80.32, "confidence": null}, {"text": "uh", "start_seconds": 80.32, "end_seconds": 80.4, "confidence": null}, {"text": "cramp", "start_seconds": 80.72, "end_seconds": 80.8, "confidence": null}]}, {"type": "transcript.final", "session_id": "670896f8-2ff4-4da3-9bb2-d0e3c13d2e66", "sequence": 163, "segment_id": 7, "revision": 41, "text": " uh like a muscular cramp and um yeah I feel a bit weak and shaky okay and there's a pain is that is it there all the time or does it come and go uh it comes and goes and goes a pain move anywhere else for example towards your back um no just mainly my stomach okay fine and you mentioned you've been feeling quite weak and shaky as well would you mean by shaky do you mean you've been having uh are you been feeling feverish for example", "granularity": "word", "items": [{"text": " uh", "start_seconds": 81.76, "end_seconds": 81.92, "confidence": null}, {"text": "like", "start_seconds": 81.92, "end_seconds": 82.0, "confidence": null}, {"text": "a", "start_seconds": 82.0, "end_seconds": 82.32, "confidence": null}, {"text": "muscular", "start_seconds": 82.32, "end_seconds": 82.72, "confidence": null}, {"text": "cramp", "start_seconds": 82.72, "end_seconds": 82.8, "confidence": null}, {"text": "and", "start_seconds": 83.44, "end_seconds": 83.52, "confidence": null}, {"text": "um", "start_seconds": 84.16, "end_seconds": 84.24, "confidence": null}, {"text": "yeah", "start_seconds": 84.72, "end_seconds": 84.88, "confidence": null}, {"text": "I", "start_seconds": 84.88, "end_seconds": 85.12, "confidence": null}, {"text": "feel", "start_seconds": 85.12, "end_seconds": 85.44, "confidence": null}, {"text": "a", "start_seconds": 85.44, "end_seconds": 85.52, "confidence": null}, {"text": "bit", "start_seconds": 85.52, "end_seconds": 85.76, "confidence": null}, {"text": "weak", "start_seconds": 85.76, "end_seconds": 85.84, "confidence": null}, {"text": "and", "start_seconds": 86.24, "end_seconds": 86.32, "confidence": null}, {"text": "shaky", "start_seconds": 86.32, "end_seconds": 86.48, "confidence": null}, {"text": "okay", "start_seconds": 87.36, "end_seconds": 87.44, "confidence": null}, {"text": "and", "start_seconds": 87.92, "end_seconds": 88.16, "confidence": null}, {"text": "there's", "start_seconds": 88.16, "end_seconds": 88.32, "confidence": null}, {"text": "a", "start_seconds": 88.32, "end_seconds": 88.48, "confidence": null}, {"text": "pain", "start_seconds": 88.48, "end_seconds": 88.72, "confidence": null}, {"text": "is", "start_seconds": 88.72, "end_seconds": 88.8, "confidence": null}, {"text": "that", "start_seconds": 88.8, "end_seconds": 88.96, "confidence": null}, {"text": "is", "start_seconds": 88.96, "end_seconds": 89.2, "confidence": null}, {"text": "it", "start_seconds": 89.2, "end_seconds": 89.28, "confidence": null}, {"text": "there", "start_seconds": 89.28, "end_seconds": 89.44, "confidence": null}, {"text": "all", "start_seconds": 89.44, "end_seconds": 89.52, "confidence": null}, {"text": "the", "start_seconds": 89.52, "end_seconds": 89.6, "confidence": null}, {"text": "time", "start_seconds": 89.6, "end_seconds": 89.76, "confidence": null}, {"text": "or", "start_seconds": 89.76, "end_seconds": 90.0, "confidence": null}, {"text": "does", "start_seconds": 90.0, "end_seconds": 90.16, "confidence": null}, {"text": "it", "start_seconds": 90.16, "end_seconds": 90.24, "confidence": null}, {"text": "come", "start_seconds": 90.24, "end_seconds": 90.4, "confidence": null}, {"text": "and", "start_seconds": 90.4, "end_seconds": 90.48, "confidence": null}, {"text": "go", "start_seconds": 90.48, "end_seconds": 90.56, "confidence": null}, {"text": "uh", "start_seconds": 91.12, "end_seconds": 91.44, "confidence": null}, {"text": "it", "start_seconds": 91.44, "end_seconds": 91.52, "confidence": null}, {"text": "comes", "start_seconds": 91.52, "end_seconds": 91.68, "confidence": null}, {"text": "and", "start_seconds": 91.68, "end_seconds": 91.76, "confidence": null}, {"text": "goes", "start_seconds": 91.76, "end_seconds": 91.84, "confidence": null}, {"text": "and", "start_seconds": 92.8, "end_seconds": 92.88, "confidence": null}, {"text": "goes", "start_seconds": 92.88, "end_seconds": 93.36, "confidence": null}, {"text": "a", "start_seconds": 93.36, "end_seconds": 93.52, "confidence": null}, {"text": "pain", "start_seconds": 93.52, "end_seconds": 93.76, "confidence": null}, {"text": "move", "start_seconds": 93.76, "end_seconds": 93.92, "confidence": null}, {"text": "anywhere", "start_seconds": 93.92, "end_seconds": 94.24, "confidence": null}, {"text": "else", "start_seconds": 94.24, "end_seconds": 94.32, "confidence": null}, {"text": "for", "start_seconds": 94.64, "end_seconds": 94.8, "confidence": null}, {"text": "example", "start_seconds": 94.8, "end_seconds": 95.04, "confidence": null}, {"text": "towards", "start_seconds": 95.04, "end_seconds": 95.44, "confidence": null}, {"text": "your", "start_seconds": 95.44, "end_seconds": 95.6, "confidence": null}, {"text": "back", "start_seconds": 95.6, "end_seconds": 95.68, "confidence": null}, {"text": "um", "start_seconds": 96.48, "end_seconds": 96.56, "confidence": null}, {"text": "no", "start_seconds": 96.88, "end_seconds": 96.96, "confidence": null}, {"text": "just", "start_seconds": 97.44, "end_seconds": 97.6, "confidence": null}, {"text": "mainly", "start_seconds": 97.6, "end_seconds": 98.0, "confidence": null}, {"text": "my", "start_seconds": 98.4, "end_seconds": 98.64, "confidence": null}, {"text": "stomach", "start_seconds": 98.64, "end_seconds": 98.72, "confidence": null}, {"text": "okay", "start_seconds": 99.44, "end_seconds": 99.52, "confidence": null}, {"text": "fine", "start_seconds": 100.24, "end_seconds": 100.32, "confidence": null}, {"text": "and", "start_seconds": 100.72, "end_seconds": 100.88, "confidence": null}, {"text": "you", "start_seconds": 100.88, "end_seconds": 100.96, "confidence": null}, {"text": "mentioned", "start_seconds": 100.96, "end_seconds": 101.12, "confidence": null}, {"text": "you've", "start_seconds": 101.12, "end_seconds": 101.28, "confidence": null}, {"text": "been", "start_seconds": 101.28, "end_seconds": 101.36, "confidence": null}, {"text": "feeling", "start_seconds": 101.36, "end_seconds": 101.6, "confidence": null}, {"text": "quite", "start_seconds": 101.6, "end_seconds": 101.92, "confidence": null}, {"text": "weak", "start_seconds": 101.92, "end_seconds": 102.08, "confidence": null}, {"text": "and", "start_seconds": 102.08, "end_seconds": 102.16, "confidence": null}, {"text": "shaky", "start_seconds": 102.16, "end_seconds": 102.48, "confidence": null}, {"text": "as", "start_seconds": 102.48, "end_seconds": 102.56, "confidence": null}, {"text": "well", "start_seconds": 102.56, "end_seconds": 102.88, "confidence": null}, {"text": "would", "start_seconds": 102.88, "end_seconds": 103.04, "confidence": null}, {"text": "you", "start_seconds": 103.04, "end_seconds": 103.12, "confidence": null}, {"text": "mean", "start_seconds": 103.12, "end_seconds": 103.2, "confidence": null}, {"text": "by", "start_seconds": 103.2, "end_seconds": 103.28, "confidence": null}, {"text": "shaky", "start_seconds": 103.6, "end_seconds": 103.84, "confidence": null}, {"text": "do", "start_seconds": 103.84, "end_seconds": 103.92, "confidence": null}, {"text": "you", "start_seconds": 103.92, "end_seconds": 104.0, "confidence": null}, {"text": "mean", "start_seconds": 104.0, "end_seconds": 104.08, "confidence": null}, {"text": "you've", "start_seconds": 104.08, "end_seconds": 104.24, "confidence": null}, {"text": "been", "start_seconds": 104.24, "end_seconds": 104.4, "confidence": null}, {"text": "having", "start_seconds": 104.4, "end_seconds": 104.48, "confidence": null}, {"text": "uh", "start_seconds": 105.28, "end_seconds": 105.44, "confidence": null}, {"text": "are", "start_seconds": 105.44, "end_seconds": 105.52, "confidence": null}, {"text": "you", "start_seconds": 105.52, "end_seconds": 105.68, "confidence": null}, {"text": "been", "start_seconds": 105.68, "end_seconds": 105.76, "confidence": null}, {"text": "feeling", "start_seconds": 105.76, "end_seconds": 105.92, "confidence": null}, {"text": "feverish", "start_seconds": 105.92, "end_seconds": 106.4, "confidence": null}, {"text": "for", "start_seconds": 106.4, "end_seconds": 106.48, "confidence": null}, {"text": "example", "start_seconds": 106.48, "end_seconds": 106.56, "confidence": null}]}, {"type": "transcript.final", "session_id": "670896f8-2ff4-4da3-9bb2-d0e3c13d2e66", "sequence": 187, "segment_id": 8, "revision": 24, "text": " um yeah it doesn't feel like uh yeah I just mainly feel weaker I haven't had a fever um at the moment but I did notice um a temperature when the symptom started so um yeah around about three or four days ago", "granularity": "word", "items": [{"text": " um", "start_seconds": 107.6, "end_seconds": 107.68, "confidence": null}, {"text": "yeah", "start_seconds": 108.08, "end_seconds": 108.16, "confidence": null}, {"text": "it", "start_seconds": 108.64, "end_seconds": 108.72, "confidence": null}, {"text": "doesn't", "start_seconds": 108.72, "end_seconds": 108.88, "confidence": null}, {"text": "feel", "start_seconds": 108.88, "end_seconds": 108.96, "confidence": null}, {"text": "like", "start_seconds": 108.96, "end_seconds": 109.04, "confidence": null}, {"text": "uh", "start_seconds": 109.52, "end_seconds": 109.76, "confidence": null}, {"text": "yeah", "start_seconds": 109.76, "end_seconds": 110.0, "confidence": null}, {"text": "I", "start_seconds": 110.0, "end_seconds": 110.08, "confidence": null}, {"text": "just", "start_seconds": 110.08, "end_seconds": 110.4, "confidence": null}, {"text": "mainly", "start_seconds": 110.4, "end_seconds": 110.72, "confidence": null}, {"text": "feel", "start_seconds": 110.72, "end_seconds": 110.96, "confidence": null}, {"text": "weaker", "start_seconds": 110.96, "end_seconds": 111.2, "confidence": null}, {"text": "I", "start_seconds": 111.2, "end_seconds": 111.28, "confidence": null}, {"text": "haven't", "start_seconds": 111.28, "end_seconds": 111.36, "confidence": null}, {"text": "had", "start_seconds": 111.36, "end_seconds": 111.44, "confidence": null}, {"text": "a", "start_seconds": 111.44, "end_seconds": 111.6, "confidence": null}, {"text": "fever", "start_seconds": 111.6, "end_seconds": 111.68, "confidence": null}, {"text": "um", "start_seconds": 112.32, "end_seconds": 112.56, "confidence": null}, {"text": "at", "start_seconds": 112.56, "end_seconds": 112.64, "confidence": null}, {"text": "the", "start_seconds": 112.64, "end_seconds": 112.72, "confidence": null}, {"text": "moment", "start_seconds": 112.72, "end_seconds": 112.8, "confidence": null}, {"text": "but", "start_seconds": 113.12, "end_seconds": 113.2, "confidence": null}, {"text": "I", "start_seconds": 113.2, "end_seconds": 113.36, "confidence": null}, {"text": "did", "start_seconds": 113.36, "end_seconds": 113.68, "confidence": null}, {"text": "notice", "start_seconds": 113.68, "end_seconds": 113.76, "confidence": null}, {"text": "um", "start_seconds": 114.24, "end_seconds": 114.32, "confidence": null}, {"text": "a", "start_seconds": 114.8, "end_seconds": 114.88, "confidence": null}, {"text": "temperature", "start_seconds": 114.88, "end_seconds": 114.96, "confidence": null}, {"text": "when", "start_seconds": 115.44, "end_seconds": 115.52, "confidence": null}, {"text": "the", "start_seconds": 116.0, "end_seconds": 116.24, "confidence": null}, {"text": "symptom", "start_seconds": 116.24, "end_seconds": 116.32, "confidence": null}, {"text": "started", "start_seconds": 116.72, "end_seconds": 116.8, "confidence": null}, {"text": "so", "start_seconds": 117.68, "end_seconds": 117.76, "confidence": null}, {"text": "um", "start_seconds": 118.56, "end_seconds": 118.64, "confidence": null}, {"text": "yeah", "start_seconds": 119.04, "end_seconds": 119.28, "confidence": null}, {"text": "around", "start_seconds": 119.28, "end_seconds": 119.52, "confidence": null}, {"text": "about", "start_seconds": 119.52, "end_seconds": 119.84, "confidence": null}, {"text": "three", "start_seconds": 119.84, "end_seconds": 119.92, "confidence": null}, {"text": "or", "start_seconds": 119.92, "end_seconds": 120.08, "confidence": null}, {"text": "four", "start_seconds": 120.08, "end_seconds": 120.24, "confidence": null}, {"text": "days", "start_seconds": 120.24, "end_seconds": 120.4, "confidence": null}, {"text": "ago", "start_seconds": 120.4, "end_seconds": 120.48, "confidence": null}]}, {"type": "transcript.final", "session_id": "670896f8-2ff4-4da3-9bb2-d0e3c13d2e66", "sequence": 190, "segment_id": 9, "revision": 3, "text": " you measure your temperature then", "granularity": "word", "items": [{"text": " you", "start_seconds": 121.52, "end_seconds": 121.6, "confidence": null}, {"text": "measure", "start_seconds": 121.6, "end_seconds": 121.76, "confidence": null}, {"text": "your", "start_seconds": 121.76, "end_seconds": 121.92, "confidence": null}, {"text": "temperature", "start_seconds": 121.92, "end_seconds": 122.08, "confidence": null}, {"text": "then", "start_seconds": 122.08, "end_seconds": 122.16, "confidence": null}]}, {"type": "transcript.final", "session_id": "670896f8-2ff4-4da3-9bb2-d0e3c13d2e66", "sequence": 203, "segment_id": 10, "revision": 13, "text": " yeah I didn't measure my temperature no but I felt um just a bit hot okay okay any other symptoms like sweating or um", "granularity": "word", "items": [{"text": " yeah", "start_seconds": 123.2, "end_seconds": 123.28, "confidence": null}, {"text": "I", "start_seconds": 123.76, "end_seconds": 124.08, "confidence": null}, {"text": "didn't", "start_seconds": 124.08, "end_seconds": 124.32, "confidence": null}, {"text": "measure", "start_seconds": 124.32, "end_seconds": 124.48, "confidence": null}, {"text": "my", "start_seconds": 124.48, "end_seconds": 124.56, "confidence": null}, {"text": "temperature", "start_seconds": 124.56, "end_seconds": 124.96, "confidence": null}, {"text": "no", "start_seconds": 124.96, "end_seconds": 125.2, "confidence": null}, {"text": "but", "start_seconds": 125.2, "end_seconds": 125.36, "confidence": null}, {"text": "I", "start_seconds": 125.36, "end_seconds": 125.44, "confidence": null}, {"text": "felt", "start_seconds": 125.44, "end_seconds": 125.52, "confidence": null}, {"text": "um", "start_seconds": 126.0, "end_seconds": 126.16, "confidence": null}, {"text": "just", "start_seconds": 126.16, "end_seconds": 126.32, "confidence": null}, {"text": "a", "start_seconds": 126.32, "end_seconds": 126.4, "confidence": null}, {"text": "bit", "start_seconds": 126.4, "end_seconds": 126.48, "confidence": null}, {"text": "hot", "start_seconds": 127.12, "end_seconds": 127.2, "confidence": null}, {"text": "okay", "start_seconds": 127.68, "end_seconds": 127.92, "confidence": null}, {"text": "okay", "start_seconds": 127.92, "end_seconds": 128.0, "confidence": null}, {"text": "any", "start_seconds": 129.04, "end_seconds": 129.36, "confidence": null}, {"text": "other", "start_seconds": 129.36, "end_seconds": 129.52, "confidence": null}, {"text": "symptoms", "start_seconds": 129.52, "end_seconds": 129.84, "confidence": null}, {"text": "like", "start_seconds": 129.84, "end_seconds": 130.08, "confidence": null}, {"text": "sweating", "start_seconds": 130.08, "end_seconds": 130.32, "confidence": null}, {"text": "or", "start_seconds": 130.32, "end_seconds": 130.4, "confidence": null}, {"text": "um", "start_seconds": 130.8, "end_seconds": 130.88, "confidence": null}]}, {"type": "transcript.final", "session_id": "670896f8-2ff4-4da3-9bb2-d0e3c13d2e66", "sequence": 205, "segment_id": 11, "revision": 2, "text": " no", "granularity": "word", "items": [{"text": " no", "start_seconds": 132.72, "end_seconds": 132.8, "confidence": null}]}, {"type": "transcript.final", "session_id": "670896f8-2ff4-4da3-9bb2-d0e3c13d2e66", "sequence": 220, "segment_id": 12, "revision": 15, "text": " and uh any vomiting at all Yeah so um I vomited at the start of the symptoms but now um I've stopped vomiting", "granularity": "word", "items": [{"text": " and", "start_seconds": 134.08, "end_seconds": 134.24, "confidence": null}, {"text": "uh", "start_seconds": 134.24, "end_seconds": 134.48, "confidence": null}, {"text": "any", "start_seconds": 134.48, "end_seconds": 134.64, "confidence": null}, {"text": "vomiting", "start_seconds": 134.64, "end_seconds": 135.2, "confidence": null}, {"text": "at", "start_seconds": 135.2, "end_seconds": 135.28, "confidence": null}, {"text": "all", "start_seconds": 135.28, "end_seconds": 135.36, "confidence": null}, {"text": "Yeah", "start_seconds": 136.32, "end_seconds": 136.56, "confidence": null}, {"text": "so", "start_seconds": 136.56, "end_seconds": 136.64, "confidence": null}, {"text": "um", "start_seconds": 137.04, "end_seconds": 137.12, "confidence": null}, {"text": "I", "start_seconds": 137.84, "end_seconds": 138.16, "confidence": null}, {"text": "vomited", "start_seconds": 138.16, "end_seconds": 138.72, "confidence": null}, {"text": "at", "start_seconds": 138.72, "end_seconds": 138.96, "confidence": null}, {"text": "the", "start_seconds": 138.96, "end_seconds": 139.04, "confidence": null}, {"text": "start", "start_seconds": 139.04, "end_seconds": 139.12, "confidence": null}, {"text": "of", "start_seconds": 139.12, "end_seconds": 139.44, "confidence": null}, {"text": "the", "start_seconds": 139.44, "end_seconds": 139.52, "confidence": null}, {"text": "symptoms", "start_seconds": 139.52, "end_seconds": 139.76, "confidence": null}, {"text": "but", "start_seconds": 139.76, "end_seconds": 139.84, "confidence": null}, {"text": "now", "start_seconds": 140.24, "end_seconds": 140.32, "confidence": null}, {"text": "um", "start_seconds": 140.88, "end_seconds": 140.96, "confidence": null}, {"text": "I've", "start_seconds": 141.36, "end_seconds": 141.68, "confidence": null}, {"text": "stopped", "start_seconds": 141.68, "end_seconds": 142.0, "confidence": null}, {"text": "vomiting", "start_seconds": 142.0, "end_seconds": 142.24, "confidence": null}]}, {"type": "transcript.final", "session_id": "670896f8-2ff4-4da3-9bb2-d0e3c13d2e66", "sequence": 230, "segment_id": 13, "revision": 10, "text": " stop vomiting okay and was your vomit I know it's not nice thing to talk about but was it just normal food colour", "granularity": "word", "items": [{"text": " stop", "start_seconds": 143.44, "end_seconds": 143.6, "confidence": null}, {"text": "vomiting", "start_seconds": 143.6, "end_seconds": 144.0, "confidence": null}, {"text": "okay", "start_seconds": 144.0, "end_seconds": 144.24, "confidence": null}, {"text": "and", "start_seconds": 144.24, "end_seconds": 144.48, "confidence": null}, {"text": "was", "start_seconds": 144.48, "end_seconds": 144.72, "confidence": null}, {"text": "your", "start_seconds": 144.72, "end_seconds": 144.88, "confidence": null}, {"text": "vomit", "start_seconds": 144.88, "end_seconds": 145.2, "confidence": null}, {"text": "I", "start_seconds": 145.2, "end_seconds": 145.36, "confidence": null}, {"text": "know", "start_seconds": 145.36, "end_seconds": 145.44, "confidence": null}, {"text": "it's", "start_seconds": 145.44, "end_seconds": 145.52, "confidence": null}, {"text": "not", "start_seconds": 145.52, "end_seconds": 145.76, "confidence": null}, {"text": "nice", "start_seconds": 145.76, "end_seconds": 145.92, "confidence": null}, {"text": "thing", "start_seconds": 145.92, "end_seconds": 146.0, "confidence": null}, {"text": "to", "start_seconds": 146.0, "end_seconds": 146.08, "confidence": null}, {"text": "talk", "start_seconds": 146.08, "end_seconds": 146.16, "confidence": null}, {"text": "about", "start_seconds": 146.16, "end_seconds": 146.32, "confidence": null}, {"text": "but", "start_seconds": 146.32, "end_seconds": 146.48, "confidence": null}, {"text": "was", "start_seconds": 146.48, "end_seconds": 146.72, "confidence": null}, {"text": "it", "start_seconds": 146.72, "end_seconds": 146.96, "confidence": null}, {"text": "just", "start_seconds": 146.96, "end_seconds": 147.04, "confidence": null}, {"text": "normal", "start_seconds": 147.04, "end_seconds": 147.12, "confidence": null}, {"text": "food", "start_seconds": 148.0, "end_seconds": 148.08, "confidence": null}, {"text": "colour", "start_seconds": 148.48, "end_seconds": 148.64, "confidence": null}]}, {"type": "transcript.final", "session_id": "670896f8-2ff4-4da3-9bb2-d0e3c13d2e66", "sequence": 251, "segment_id": 14, "revision": 21, "text": " yeah yeah just normal vomit yeah and there was no blood in your vomit is that right no blood no no okay um and um any other symptoms at all you mentioned tummy pain you mentioned diarrhea you mentioned the vomiting", "granularity": "word", "items": [{"text": " yeah", "start_seconds": 150.08, "end_seconds": 150.24, "confidence": null}, {"text": "yeah", "start_seconds": 150.24, "end_seconds": 150.48, "confidence": null}, {"text": "just", "start_seconds": 150.48, "end_seconds": 150.72, "confidence": null}, {"text": "normal", "start_seconds": 150.72, "end_seconds": 151.04, "confidence": null}, {"text": "vomit", "start_seconds": 151.04, "end_seconds": 151.28, "confidence": null}, {"text": "yeah", "start_seconds": 151.76, "end_seconds": 152.0, "confidence": null}, {"text": "and", "start_seconds": 152.0, "end_seconds": 152.16, "confidence": null}, {"text": "there", "start_seconds": 152.16, "end_seconds": 152.24, "confidence": null}, {"text": "was", "start_seconds": 152.24, "end_seconds": 152.4, "confidence": null}, {"text": "no", "start_seconds": 152.4, "end_seconds": 152.48, "confidence": null}, {"text": "blood", "start_seconds": 152.48, "end_seconds": 152.56, "confidence": null}, {"text": "in", "start_seconds": 152.56, "end_seconds": 152.72, "confidence": null}, {"text": "your", "start_seconds": 152.72, "end_seconds": 153.04, "confidence": null}, {"text": "vomit", "start_seconds": 153.04, "end_seconds": 153.6, "confidence": null}, {"text": "is", "start_seconds": 153.6, "end_seconds": 153.68, "confidence": null}, {"text": "that", "start_seconds": 153.68, "end_seconds": 153.76, "confidence": null}, {"text": "right", "start_seconds": 153.76, "end_seconds": 154.08, "confidence": null}, {"text": "no", "start_seconds": 154.08, "end_seconds": 154.32, "confidence": null}, {"text": "blood", "start_seconds": 154.32, "end_seconds": 154.56, "confidence": null}, {"text": "no", "start_seconds": 154.56, "end_seconds": 154.64, "confidence": null}, {"text": "no", "start_seconds": 154.96, "end_seconds": 155.04, "confidence": null}, {"text": "okay", "start_seconds": 155.36, "end_seconds": 155.44, "confidence": null}, {"text": "um", "start_seconds": 156.24, "end_seconds": 156.32, "confidence": null}, {"text": "and", "start_seconds": 156.88, "end_seconds": 157.2, "confidence": null}, {"text": "um", "start_seconds": 157.2, "end_seconds": 157.28, "confidence": null}, {"text": "any", "start_seconds": 158.16, "end_seconds": 158.32, "confidence": null}, {"text": "other", "start_seconds": 158.32, "end_seconds": 158.48, "confidence": null}, {"text": "symptoms", "start_seconds": 158.48, "end_seconds": 158.72, "confidence": null}, {"text": "at", "start_seconds": 158.72, "end_seconds": 158.88, "confidence": null}, {"text": "all", "start_seconds": 158.88, "end_seconds": 158.96, "confidence": null}, {"text": "you", "start_seconds": 159.28, "end_seconds": 159.44, "confidence": null}, {"text": "mentioned", "start_seconds": 159.44, "end_seconds": 159.76, "confidence": null}, {"text": "tummy", "start_seconds": 159.76, "end_seconds": 160.0, "confidence": null}, {"text": "pain", "start_seconds": 160.0, "end_seconds": 160.32, "confidence": null}, {"text": "you", "start_seconds": 160.32, "end_seconds": 160.4, "confidence": null}, {"text": "mentioned", "start_seconds": 160.4, "end_seconds": 160.56, "confidence": null}, {"text": "diarrhea", "start_seconds": 160.56, "end_seconds": 160.96, "confidence": null}, {"text": "you", "start_seconds": 160.96, "end_seconds": 161.12, "confidence": null}, {"text": "mentioned", "start_seconds": 161.12, "end_seconds": 161.2, "confidence": null}, {"text": "the", "start_seconds": 161.52, "end_seconds": 161.6, "confidence": null}, {"text": "vomiting", "start_seconds": 161.6, "end_seconds": 161.84, "confidence": null}]}, {"type": "transcript.final", "session_id": "670896f8-2ff4-4da3-9bb2-d0e3c13d2e66", "sequence": 254, "segment_id": 15, "revision": 3, "text": " anything else that comes to mind", "granularity": "word", "items": [{"text": " anything", "start_seconds": 163.12, "end_seconds": 163.28, "confidence": null}, {"text": "else", "start_seconds": 163.28, "end_seconds": 163.52, "confidence": null}, {"text": "that", "start_seconds": 163.52, "end_seconds": 163.6, "confidence": null}, {"text": "comes", "start_seconds": 163.6, "end_seconds": 163.68, "confidence": null}, {"text": "to", "start_seconds": 163.68, "end_seconds": 163.84, "confidence": null}, {"text": "mind", "start_seconds": 163.84, "end_seconds": 163.92, "confidence": null}]}, {"type": "transcript.final", "session_id": "670896f8-2ff4-4da3-9bb2-d0e3c13d2e66", "sequence": 267, "segment_id": 16, "revision": 13, "text": " um I had a loss of appetite um so I haven't been eating as much um but I've been able to hold down fluids", "granularity": "word", "items": [{"text": " um", "start_seconds": 165.2, "end_seconds": 165.36, "confidence": null}, {"text": "I", "start_seconds": 165.36, "end_seconds": 165.52, "confidence": null}, {"text": "had", "start_seconds": 165.52, "end_seconds": 165.6, "confidence": null}, {"text": "a", "start_seconds": 165.92, "end_seconds": 166.24, "confidence": null}, {"text": "loss", "start_seconds": 166.24, "end_seconds": 166.4, "confidence": null}, {"text": "of", "start_seconds": 166.4, "end_seconds": 166.48, "confidence": null}, {"text": "appetite", "start_seconds": 166.48, "end_seconds": 166.8, "confidence": null}, {"text": "um", "start_seconds": 167.68, "end_seconds": 168.0, "confidence": null}, {"text": "so", "start_seconds": 168.0, "end_seconds": 168.08, "confidence": null}, {"text": "I", "start_seconds": 168.08, "end_seconds": 168.16, "confidence": null}, {"text": "haven't", "start_seconds": 168.16, "end_seconds": 168.24, "confidence": null}, {"text": "been", "start_seconds": 168.24, "end_seconds": 168.4, "confidence": null}, {"text": "eating", "start_seconds": 168.4, "end_seconds": 168.56, "confidence": null}, {"text": "as", "start_seconds": 168.56, "end_seconds": 168.72, "confidence": null}, {"text": "much", "start_seconds": 168.72, "end_seconds": 168.8, "confidence": null}, {"text": "um", "start_seconds": 169.84, "end_seconds": 170.08, "confidence": null}, {"text": "but", "start_seconds": 170.08, "end_seconds": 170.32, "confidence": null}, {"text": "I've", "start_seconds": 170.32, "end_seconds": 170.4, "confidence": null}, {"text": "been", "start_seconds": 170.4, "end_seconds": 170.56, "confidence": null}, {"text": "able", "start_seconds": 170.56, "end_seconds": 170.88, "confidence": null}, {"text": "to", "start_seconds": 170.88, "end_seconds": 170.96, "confidence": null}, {"text": "hold", "start_seconds": 171.6, "end_seconds": 171.92, "confidence": null}, {"text": "down", "start_seconds": 171.92, "end_seconds": 172.08, "confidence": null}, {"text": "fluids", "start_seconds": 172.08, "end_seconds": 172.48, "confidence": null}]}, {"type": "transcript.final", "session_id": "670896f8-2ff4-4da3-9bb2-d0e3c13d2e66", "sequence": 270, "segment_id": 17, "revision": 3, "text": " okay so you're drinking fluids", "granularity": "word", "items": [{"text": " okay", "start_seconds": 173.68, "end_seconds": 173.92, "confidence": null}, {"text": "so", "start_seconds": 173.92, "end_seconds": 174.08, "confidence": null}, {"text": "you're", "start_seconds": 174.08, "end_seconds": 174.24, "confidence": null}, {"text": "drinking", "start_seconds": 174.24, "end_seconds": 174.4, "confidence": null}, {"text": "fluids", "start_seconds": 174.4, "end_seconds": 174.56, "confidence": null}]}, {"type": "transcript.final", "session_id": "670896f8-2ff4-4da3-9bb2-d0e3c13d2e66", "sequence": 278, "segment_id": 18, "revision": 8, "text": " what kind of foods have you managed to eat anything um just soups", "granularity": "word", "items": [{"text": " what", "start_seconds": 176.08, "end_seconds": 176.16, "confidence": null}, {"text": "kind", "start_seconds": 176.16, "end_seconds": 176.24, "confidence": null}, {"text": "of", "start_seconds": 176.24, "end_seconds": 176.4, "confidence": null}, {"text": "foods", "start_seconds": 176.4, "end_seconds": 176.64, "confidence": null}, {"text": "have", "start_seconds": 176.64, "end_seconds": 176.8, "confidence": null}, {"text": "you", "start_seconds": 176.8, "end_seconds": 177.04, "confidence": null}, {"text": "managed", "start_seconds": 177.04, "end_seconds": 177.2, "confidence": null}, {"text": "to", "start_seconds": 177.2, "end_seconds": 177.28, "confidence": null}, {"text": "eat", "start_seconds": 177.28, "end_seconds": 177.36, "confidence": null}, {"text": "anything", "start_seconds": 178.16, "end_seconds": 178.24, "confidence": null}, {"text": "um", "start_seconds": 179.44, "end_seconds": 179.52, "confidence": null}, {"text": "just", "start_seconds": 179.92, "end_seconds": 180.0, "confidence": null}, {"text": "soups", "start_seconds": 180.32, "end_seconds": 180.4, "confidence": null}]}, {"type": "transcript.final", "session_id": "670896f8-2ff4-4da3-9bb2-d0e3c13d2e66", "sequence": 285, "segment_id": 19, "revision": 7, "text": " and uh yeah light foods like smoothies and", "granularity": "word", "items": [{"text": " and", "start_seconds": 181.44, "end_seconds": 181.68, "confidence": null}, {"text": "uh", "start_seconds": 181.68, "end_seconds": 182.0, "confidence": null}, {"text": "yeah", "start_seconds": 182.0, "end_seconds": 182.08, "confidence": null}, {"text": "light", "start_seconds": 182.56, "end_seconds": 182.8, "confidence": null}, {"text": "foods", "start_seconds": 182.8, "end_seconds": 182.96, "confidence": null}, {"text": "like", "start_seconds": 183.36, "end_seconds": 183.44, "confidence": null}, {"text": "smoothies", "start_seconds": 183.76, "end_seconds": 183.92, "confidence": null}, {"text": "and", "start_seconds": 184.32, "end_seconds": 184.4, "confidence": null}]}, {"type": "transcript.final", "session_id": "670896f8-2ff4-4da3-9bb2-d0e3c13d2e66", "sequence": 292, "segment_id": 20, "revision": 7, "text": " yeah liquid foods mainly okay fine um and so", "granularity": "word", "items": [{"text": " yeah", "start_seconds": 185.36, "end_seconds": 185.68, "confidence": null}, {"text": "liquid", "start_seconds": 185.68, "end_seconds": 186.08, "confidence": null}, {"text": "foods", "start_seconds": 186.08, "end_seconds": 186.56, "confidence": null}, {"text": "mainly", "start_seconds": 186.56, "end_seconds": 186.64, "confidence": null}, {"text": "okay", "start_seconds": 187.6, "end_seconds": 187.84, "confidence": null}, {"text": "fine", "start_seconds": 187.84, "end_seconds": 187.92, "confidence": null}, {"text": "um", "start_seconds": 188.96, "end_seconds": 189.04, "confidence": null}, {"text": "and", "start_seconds": 189.84, "end_seconds": 189.92, "confidence": null}, {"text": "so", "start_seconds": 189.92, "end_seconds": 190.0, "confidence": null}]}, {"type": "transcript.final", "session_id": "670896f8-2ff4-4da3-9bb2-d0e3c13d2e66", "sequence": 303, "segment_id": 21, "revision": 11, "text": " you start just three days ago the symptoms are you aware of any triggers which may have caused your symptoms to uh to kick on So for example", "granularity": "word", "items": [{"text": " you", "start_seconds": 191.12, "end_seconds": 191.2, "confidence": null}, {"text": "start", "start_seconds": 191.52, "end_seconds": 191.68, "confidence": null}, {"text": "just", "start_seconds": 191.68, "end_seconds": 191.76, "confidence": null}, {"text": "three", "start_seconds": 191.76, "end_seconds": 191.92, "confidence": null}, {"text": "days", "start_seconds": 191.92, "end_seconds": 192.0, "confidence": null}, {"text": "ago", "start_seconds": 192.0, "end_seconds": 192.24, "confidence": null}, {"text": "the", "start_seconds": 192.24, "end_seconds": 192.4, "confidence": null}, {"text": "symptoms", "start_seconds": 192.4, "end_seconds": 192.8, "confidence": null}, {"text": "are", "start_seconds": 192.8, "end_seconds": 192.88, "confidence": null}, {"text": "you", "start_seconds": 192.88, "end_seconds": 192.96, "confidence": null}, {"text": "aware", "start_seconds": 192.96, "end_seconds": 193.12, "confidence": null}, {"text": "of", "start_seconds": 193.12, "end_seconds": 193.28, "confidence": null}, {"text": "any", "start_seconds": 193.28, "end_seconds": 193.44, "confidence": null}, {"text": "triggers", "start_seconds": 193.44, "end_seconds": 193.76, "confidence": null}, {"text": "which", "start_seconds": 193.76, "end_seconds": 193.84, "confidence": null}, {"text": "may", "start_seconds": 193.84, "end_seconds": 194.0, "confidence": null}, {"text": "have", "start_seconds": 194.0, "end_seconds": 194.16, "confidence": null}, {"text": "caused", "start_seconds": 194.16, "end_seconds": 194.4, "confidence": null}, {"text": "your", "start_seconds": 194.4, "end_seconds": 194.56, "confidence": null}, {"text": "symptoms", "start_seconds": 194.56, "end_seconds": 194.88, "confidence": null}, {"text": "to", "start_seconds": 194.88, "end_seconds": 195.12, "confidence": null}, {"text": "uh", "start_seconds": 195.12, "end_seconds": 195.28, "confidence": null}, {"text": "to", "start_seconds": 195.28, "end_seconds": 195.44, "confidence": null}, {"text": "kick", "start_seconds": 195.44, "end_seconds": 195.6, "confidence": null}, {"text": "on", "start_seconds": 195.6, "end_seconds": 195.84, "confidence": null}, {"text": "So", "start_seconds": 195.84, "end_seconds": 196.0, "confidence": null}, {"text": "for", "start_seconds": 196.0, "end_seconds": 196.16, "confidence": null}, {"text": "example", "start_seconds": 196.16, "end_seconds": 196.24, "confidence": null}]}, {"type": "transcript.final", "session_id": "670896f8-2ff4-4da3-9bb2-d0e3c13d2e66", "sequence": 317, "segment_id": 22, "revision": 14, "text": " take away food or eating out or being around other people who would similar symptoms Yeah so I had takeaway about four days ago", "granularity": "word", "items": [{"text": " take", "start_seconds": 198.0, "end_seconds": 198.08, "confidence": null}, {"text": "away", "start_seconds": 198.08, "end_seconds": 198.32, "confidence": null}, {"text": "food", "start_seconds": 198.32, "end_seconds": 198.56, "confidence": null}, {"text": "or", "start_seconds": 198.56, "end_seconds": 198.88, "confidence": null}, {"text": "eating", "start_seconds": 198.88, "end_seconds": 198.96, "confidence": null}, {"text": "out", "start_seconds": 199.36, "end_seconds": 199.52, "confidence": null}, {"text": "or", "start_seconds": 199.52, "end_seconds": 199.6, "confidence": null}, {"text": "being", "start_seconds": 200.0, "end_seconds": 200.24, "confidence": null}, {"text": "around", "start_seconds": 200.24, "end_seconds": 200.48, "confidence": null}, {"text": "other", "start_seconds": 200.48, "end_seconds": 200.64, "confidence": null}, {"text": "people", "start_seconds": 200.64, "end_seconds": 200.72, "confidence": null}, {"text": "who", "start_seconds": 201.04, "end_seconds": 201.12, "confidence": null}, {"text": "would", "start_seconds": 201.12, "end_seconds": 201.44, "confidence": null}, {"text": "similar", "start_seconds": 201.44, "end_seconds": 201.68, "confidence": null}, {"text": "symptoms", "start_seconds": 201.68, "end_seconds": 201.76, "confidence": null}, {"text": "Yeah", "start_seconds": 202.72, "end_seconds": 202.88, "confidence": null}, {"text": "so", "start_seconds": 202.88, "end_seconds": 203.04, "confidence": null}, {"text": "I", "start_seconds": 203.04, "end_seconds": 203.12, "confidence": null}, {"text": "had", "start_seconds": 203.12, "end_seconds": 203.36, "confidence": null}, {"text": "takeaway", "start_seconds": 203.36, "end_seconds": 203.92, "confidence": null}, {"text": "about", "start_seconds": 203.92, "end_seconds": 204.0, "confidence": null}, {"text": "four", "start_seconds": 204.4, "end_seconds": 204.48, "confidence": null}, {"text": "days", "start_seconds": 204.48, "end_seconds": 204.56, "confidence": null}, {"text": "ago", "start_seconds": 204.96, "end_seconds": 205.04, "confidence": null}]}, {"type": "transcript.final", "session_id": "670896f8-2ff4-4da3-9bb2-d0e3c13d2e66", "sequence": 327, "segment_id": 23, "revision": 10, "text": " um uh but other than that I've yeah been uh eating normally", "granularity": "word", "items": [{"text": " um", "start_seconds": 206.64, "end_seconds": 206.72, "confidence": null}, {"text": "uh", "start_seconds": 207.28, "end_seconds": 207.52, "confidence": null}, {"text": "but", "start_seconds": 207.52, "end_seconds": 207.76, "confidence": null}, {"text": "other", "start_seconds": 207.76, "end_seconds": 207.84, "confidence": null}, {"text": "than", "start_seconds": 207.84, "end_seconds": 208.0, "confidence": null}, {"text": "that", "start_seconds": 208.0, "end_seconds": 208.32, "confidence": null}, {"text": "I've", "start_seconds": 208.32, "end_seconds": 208.48, "confidence": null}, {"text": "yeah", "start_seconds": 209.12, "end_seconds": 209.52, "confidence": null}, {"text": "been", "start_seconds": 209.52, "end_seconds": 209.6, "confidence": null}, {"text": "uh", "start_seconds": 210.4, "end_seconds": 210.64, "confidence": null}, {"text": "eating", "start_seconds": 210.64, "end_seconds": 210.88, "confidence": null}, {"text": "normally", "start_seconds": 210.88, "end_seconds": 211.12, "confidence": null}]}, {"type": "transcript.final", "session_id": "670896f8-2ff4-4da3-9bb2-d0e3c13d2e66", "sequence": 340, "segment_id": 24, "revision": 13, "text": " I think unusual Yeah do you remember where you ate um yeah I ate at a Chinese restaurant with friends", "granularity": "word", "items": [{"text": " I", "start_seconds": 212.24, "end_seconds": 212.4, "confidence": null}, {"text": "think", "start_seconds": 212.4, "end_seconds": 212.48, "confidence": null}, {"text": "unusual", "start_seconds": 213.2, "end_seconds": 213.44, "confidence": null}, {"text": "Yeah", "start_seconds": 213.92, "end_seconds": 214.08, "confidence": null}, {"text": "do", "start_seconds": 214.08, "end_seconds": 214.16, "confidence": null}, {"text": "you", "start_seconds": 214.16, "end_seconds": 214.32, "confidence": null}, {"text": "remember", "start_seconds": 214.32, "end_seconds": 214.48, "confidence": null}, {"text": "where", "start_seconds": 214.48, "end_seconds": 214.64, "confidence": null}, {"text": "you", "start_seconds": 214.64, "end_seconds": 214.8, "confidence": null}, {"text": "ate", "start_seconds": 214.8, "end_seconds": 214.88, "confidence": null}, {"text": "um", "start_seconds": 216.0, "end_seconds": 216.08, "confidence": null}, {"text": "yeah", "start_seconds": 216.4, "end_seconds": 216.72, "confidence": null}, {"text": "I", "start_seconds": 216.72, "end_seconds": 216.8, "confidence": null}, {"text": "ate", "start_seconds": 217.44, "end_seconds": 217.68, "confidence": null}, {"text": "at", "start_seconds": 217.68, "end_seconds": 217.92, "confidence": null}, {"text": "a", "start_seconds": 217.92, "end_seconds": 218.0, "confidence": null}, {"text": "Chinese", "start_seconds": 218.0, "end_seconds": 218.24, "confidence": null}, {"text": "restaurant", "start_seconds": 218.24, "end_seconds": 218.56, "confidence": null}, {"text": "with", "start_seconds": 218.56, "end_seconds": 218.64, "confidence": null}, {"text": "friends", "start_seconds": 218.96, "end_seconds": 219.04, "confidence": null}]}, {"type": "transcript.final", "session_id": "670896f8-2ff4-4da3-9bb2-d0e3c13d2e66", "sequence": 365, "segment_id": 25, "revision": 25, "text": " okay anyone else on well with similar symptoms um so no one else in the family so I uh wife and two kids and one um child was vomiting but they haven't got diarrhea there's no one with the same symptoms", "granularity": "word", "items": [{"text": " okay", "start_seconds": 220.08, "end_seconds": 220.16, "confidence": null}, {"text": "anyone", "start_seconds": 220.64, "end_seconds": 220.96, "confidence": null}, {"text": "else", "start_seconds": 220.96, "end_seconds": 221.04, "confidence": null}, {"text": "on", "start_seconds": 221.52, "end_seconds": 221.76, "confidence": null}, {"text": "well", "start_seconds": 221.76, "end_seconds": 221.84, "confidence": null}, {"text": "with", "start_seconds": 222.32, "end_seconds": 222.4, "confidence": null}, {"text": "similar", "start_seconds": 222.4, "end_seconds": 222.56, "confidence": null}, {"text": "symptoms", "start_seconds": 222.56, "end_seconds": 222.72, "confidence": null}, {"text": "um", "start_seconds": 223.68, "end_seconds": 223.76, "confidence": null}, {"text": "so", "start_seconds": 224.08, "end_seconds": 224.32, "confidence": null}, {"text": "no", "start_seconds": 224.32, "end_seconds": 224.4, "confidence": null}, {"text": "one", "start_seconds": 224.4, "end_seconds": 224.64, "confidence": null}, {"text": "else", "start_seconds": 224.64, "end_seconds": 224.72, "confidence": null}, {"text": "in", "start_seconds": 224.72, "end_seconds": 224.96, "confidence": null}, {"text": "the", "start_seconds": 224.96, "end_seconds": 225.2, "confidence": null}, {"text": "family", "start_seconds": 225.2, "end_seconds": 225.28, "confidence": null}, {"text": "so", "start_seconds": 225.68, "end_seconds": 225.92, "confidence": null}, {"text": "I", "start_seconds": 225.92, "end_seconds": 226.0, "confidence": null}, {"text": "uh", "start_seconds": 226.32, "end_seconds": 226.48, "confidence": null}, {"text": "wife", "start_seconds": 226.48, "end_seconds": 226.8, "confidence": null}, {"text": "and", "start_seconds": 226.8, "end_seconds": 226.96, "confidence": null}, {"text": "two", "start_seconds": 226.96, "end_seconds": 227.12, "confidence": null}, {"text": "kids", "start_seconds": 227.12, "end_seconds": 227.36, "confidence": null}, {"text": "and", "start_seconds": 227.36, "end_seconds": 227.6, "confidence": null}, {"text": "one", "start_seconds": 227.6, "end_seconds": 227.68, "confidence": null}, {"text": "um", "start_seconds": 228.08, "end_seconds": 228.16, "confidence": null}, {"text": "child", "start_seconds": 228.8, "end_seconds": 229.12, "confidence": null}, {"text": "was", "start_seconds": 229.12, "end_seconds": 229.2, "confidence": null}, {"text": "vomiting", "start_seconds": 229.6, "end_seconds": 230.08, "confidence": null}, {"text": "but", "start_seconds": 230.08, "end_seconds": 230.16, "confidence": null}, {"text": "they", "start_seconds": 230.48, "end_seconds": 230.72, "confidence": null}, {"text": "haven't", "start_seconds": 230.72, "end_seconds": 230.96, "confidence": null}, {"text": "got", "start_seconds": 230.96, "end_seconds": 231.04, "confidence": null}, {"text": "diarrhea", "start_seconds": 231.36, "end_seconds": 231.68, "confidence": null}, {"text": "there's", "start_seconds": 232.08, "end_seconds": 232.16, "confidence": null}, {"text": "no", "start_seconds": 232.16, "end_seconds": 232.32, "confidence": null}, {"text": "one", "start_seconds": 232.32, "end_seconds": 232.4, "confidence": null}, {"text": "with", "start_seconds": 232.4, "end_seconds": 232.56, "confidence": null}, {"text": "the", "start_seconds": 232.56, "end_seconds": 232.64, "confidence": null}, {"text": "same", "start_seconds": 232.96, "end_seconds": 233.12, "confidence": null}, {"text": "symptoms", "start_seconds": 233.12, "end_seconds": 233.52, "confidence": null}]}, {"type": "transcript.final", "session_id": "670896f8-2ff4-4da3-9bb2-d0e3c13d2e66", "sequence": 368, "segment_id": 26, "revision": 3, "text": " okay okay fine", "granularity": "word", "items": [{"text": " okay", "start_seconds": 234.64, "end_seconds": 234.8, "confidence": null}, {"text": "okay", "start_seconds": 234.8, "end_seconds": 234.96, "confidence": null}, {"text": "fine", "start_seconds": 235.36, "end_seconds": 235.44, "confidence": null}]}, {"type": "transcript.final", "session_id": "670896f8-2ff4-4da3-9bb2-d0e3c13d2e66", "sequence": 391, "segment_id": 27, "revision": 23, "text": " um right and uh in terms of your your overall health are you normally fitting well or um yeah I mean other than um asthma um I use an inhaler everything uh else is fine", "granularity": "word", "items": [{"text": " um", "start_seconds": 236.96, "end_seconds": 237.04, "confidence": null}, {"text": "right", "start_seconds": 237.52, "end_seconds": 237.6, "confidence": null}, {"text": "and", "start_seconds": 238.16, "end_seconds": 238.24, "confidence": null}, {"text": "uh", "start_seconds": 238.56, "end_seconds": 238.72, "confidence": null}, {"text": "in", "start_seconds": 238.72, "end_seconds": 238.88, "confidence": null}, {"text": "terms", "start_seconds": 238.88, "end_seconds": 238.96, "confidence": null}, {"text": "of", "start_seconds": 238.96, "end_seconds": 239.04, "confidence": null}, {"text": "your", "start_seconds": 239.36, "end_seconds": 239.44, "confidence": null}, {"text": "your", "start_seconds": 240.08, "end_seconds": 240.4, "confidence": null}, {"text": "overall", "start_seconds": 240.4, "end_seconds": 240.8, "confidence": null}, {"text": "health", "start_seconds": 240.8, "end_seconds": 240.88, "confidence": null}, {"text": "are", "start_seconds": 241.2, "end_seconds": 241.44, "confidence": null}, {"text": "you", "start_seconds": 241.44, "end_seconds": 241.52, "confidence": null}, {"text": "normally", "start_seconds": 241.52, "end_seconds": 241.6, "confidence": null}, {"text": "fitting", "start_seconds": 241.92, "end_seconds": 242.32, "confidence": null}, {"text": "well", "start_seconds": 242.32, "end_seconds": 242.64, "confidence": null}, {"text": "or", "start_seconds": 242.64, "end_seconds": 242.72, "confidence": null}, {"text": "um", "start_seconds": 243.84, "end_seconds": 243.92, "confidence": null}, {"text": "yeah", "start_seconds": 244.24, "end_seconds": 244.4, "confidence": null}, {"text": "I", "start_seconds": 244.4, "end_seconds": 244.48, "confidence": null}, {"text": "mean", "start_seconds": 244.48, "end_seconds": 244.56, "confidence": null}, {"text": "other", "start_seconds": 244.8, "end_seconds": 244.96, "confidence": null}, {"text": "than", "start_seconds": 244.96, "end_seconds": 245.04, "confidence": null}, {"text": "um", "start_seconds": 245.6, "end_seconds": 245.68, "confidence": null}, {"text": "asthma", "start_seconds": 246.0, "end_seconds": 246.32, "confidence": null}, {"text": "um", "start_seconds": 246.96, "end_seconds": 247.04, "confidence": null}, {"text": "I", "start_seconds": 247.52, "end_seconds": 247.6, "confidence": null}, {"text": "use", "start_seconds": 247.6, "end_seconds": 247.76, "confidence": null}, {"text": "an", "start_seconds": 247.76, "end_seconds": 247.92, "confidence": null}, {"text": "inhaler", "start_seconds": 247.92, "end_seconds": 248.16, "confidence": null}, {"text": "everything", "start_seconds": 248.64, "end_seconds": 249.04, "confidence": null}, {"text": "uh", "start_seconds": 249.04, "end_seconds": 249.36, "confidence": null}, {"text": "else", "start_seconds": 249.36, "end_seconds": 249.6, "confidence": null}, {"text": "is", "start_seconds": 249.6, "end_seconds": 249.76, "confidence": null}, {"text": "fine", "start_seconds": 249.76, "end_seconds": 249.84, "confidence": null}]}, {"type": "transcript.final", "session_id": "670896f8-2ff4-4da3-9bb2-d0e3c13d2e66", "sequence": 419, "segment_id": 28, "revision": 28, "text": " okay and did your asthma well controlled uh yeah that's fine just yeah you send inhaler and uh that's under control fine and you don't have any other tummy problem bowel problems I should be aware of no no okay um in t ap apart from the inhalers do you take any other medications", "granularity": "word", "items": [{"text": " okay", "start_seconds": 250.96, "end_seconds": 251.04, "confidence": null}, {"text": "and", "start_seconds": 251.6, "end_seconds": 251.68, "confidence": null}, {"text": "did", "start_seconds": 252.0, "end_seconds": 252.08, "confidence": null}, {"text": "your", "start_seconds": 252.08, "end_seconds": 252.24, "confidence": null}, {"text": "asthma", "start_seconds": 252.24, "end_seconds": 252.72, "confidence": null}, {"text": "well", "start_seconds": 252.72, "end_seconds": 252.88, "confidence": null}, {"text": "controlled", "start_seconds": 252.88, "end_seconds": 252.96, "confidence": null}, {"text": "uh", "start_seconds": 253.92, "end_seconds": 254.0, "confidence": null}, {"text": "yeah", "start_seconds": 254.32, "end_seconds": 254.4, "confidence": null}, {"text": "that's", "start_seconds": 254.8, "end_seconds": 254.96, "confidence": null}, {"text": "fine", "start_seconds": 254.96, "end_seconds": 255.04, "confidence": null}, {"text": "just", "start_seconds": 256.0, "end_seconds": 256.16, "confidence": null}, {"text": "yeah", "start_seconds": 256.16, "end_seconds": 256.24, "confidence": null}, {"text": "you", "start_seconds": 256.64, "end_seconds": 256.72, "confidence": null}, {"text": "send", "start_seconds": 256.72, "end_seconds": 257.04, "confidence": null}, {"text": "inhaler", "start_seconds": 257.04, "end_seconds": 257.6, "confidence": null}, {"text": "and", "start_seconds": 257.6, "end_seconds": 257.68, "confidence": null}, {"text": "uh", "start_seconds": 257.68, "end_seconds": 257.92, "confidence": null}, {"text": "that's", "start_seconds": 257.92, "end_seconds": 258.24, "confidence": null}, {"text": "under", "start_seconds": 258.24, "end_seconds": 258.4, "confidence": null}, {"text": "control", "start_seconds": 258.4, "end_seconds": 258.48, "confidence": null}, {"text": "fine", "start_seconds": 259.28, "end_seconds": 259.6, "confidence": null}, {"text": "and", "start_seconds": 259.6, "end_seconds": 259.76, "confidence": null}, {"text": "you", "start_seconds": 259.76, "end_seconds": 259.84, "confidence": null}, {"text": "don't", "start_seconds": 259.84, "end_seconds": 259.92, "confidence": null}, {"text": "have", "start_seconds": 259.92, "end_seconds": 260.0, "confidence": null}, {"text": "any", "start_seconds": 260.0, "end_seconds": 260.16, "confidence": null}, {"text": "other", "start_seconds": 260.16, "end_seconds": 260.48, "confidence": null}, {"text": "tummy", "start_seconds": 260.48, "end_seconds": 260.96, "confidence": null}, {"text": "problem", "start_seconds": 260.96, "end_seconds": 261.04, "confidence": null}, {"text": "bowel", "start_seconds": 261.6, "end_seconds": 261.92, "confidence": null}, {"text": "problems", "start_seconds": 261.92, "end_seconds": 262.24, "confidence": null}, {"text": "I", "start_seconds": 262.24, "end_seconds": 262.32, "confidence": null}, {"text": "should", "start_seconds": 262.32, "end_seconds": 262.48, "confidence": null}, {"text": "be", "start_seconds": 262.48, "end_seconds": 262.56, "confidence": null}, {"text": "aware", "start_seconds": 262.56, "end_seconds": 262.64, "confidence": null}, {"text": "of", "start_seconds": 262.64, "end_seconds": 262.72, "confidence": null}, {"text": "no", "start_seconds": 263.36, "end_seconds": 263.44, "confidence": null}, {"text": "no", "start_seconds": 264.08, "end_seconds": 264.16, "confidence": null}, {"text": "okay", "start_seconds": 264.64, "end_seconds": 264.72, "confidence": null}, {"text": "um", "start_seconds": 265.52, "end_seconds": 265.6, "confidence": null}, {"text": "in", "start_seconds": 266.08, "end_seconds": 266.24, "confidence": null}, {"text": "t", "start_seconds": 266.24, "end_seconds": 266.32, "confidence": null}, {"text": "ap", "start_seconds": 266.32, "end_seconds": 266.4, "confidence": null}, {"text": "apart", "start_seconds": 266.4, "end_seconds": 266.56, "confidence": null}, {"text": "from", "start_seconds": 266.56, "end_seconds": 266.72, "confidence": null}, {"text": "the", "start_seconds": 266.72, "end_seconds": 266.8, "confidence": null}, {"text": "inhalers", "start_seconds": 266.8, "end_seconds": 267.2, "confidence": null}, {"text": "do", "start_seconds": 267.2, "end_seconds": 267.28, "confidence": null}, {"text": "you", "start_seconds": 267.28, "end_seconds": 267.36, "confidence": null}, {"text": "take", "start_seconds": 267.36, "end_seconds": 267.52, "confidence": null}, {"text": "any", "start_seconds": 267.52, "end_seconds": 267.6, "confidence": null}, {"text": "other", "start_seconds": 267.6, "end_seconds": 267.76, "confidence": null}, {"text": "medications", "start_seconds": 267.76, "end_seconds": 267.92, "confidence": null}]}, {"type": "transcript.final", "session_id": "670896f8-2ff4-4da3-9bb2-d0e3c13d2e66", "sequence": 436, "segment_id": 29, "revision": 17, "text": " uh no no other medications okay fine and in terms of just your your day to day life you said it's been affecting your life um in what way has it been affecting your life", "granularity": "word", "items": [{"text": " uh", "start_seconds": 269.44, "end_seconds": 269.68, "confidence": null}, {"text": "no", "start_seconds": 269.68, "end_seconds": 269.76, "confidence": null}, {"text": "no", "start_seconds": 270.08, "end_seconds": 270.32, "confidence": null}, {"text": "other", "start_seconds": 270.32, "end_seconds": 270.4, "confidence": null}, {"text": "medications", "start_seconds": 270.72, "end_seconds": 271.04, "confidence": null}, {"text": "okay", "start_seconds": 271.92, "end_seconds": 272.24, "confidence": null}, {"text": "fine", "start_seconds": 272.24, "end_seconds": 272.32, "confidence": null}, {"text": "and", "start_seconds": 272.72, "end_seconds": 272.88, "confidence": null}, {"text": "in", "start_seconds": 272.88, "end_seconds": 272.96, "confidence": null}, {"text": "terms", "start_seconds": 272.96, "end_seconds": 273.04, "confidence": null}, {"text": "of", "start_seconds": 273.04, "end_seconds": 273.28, "confidence": null}, {"text": "just", "start_seconds": 273.28, "end_seconds": 273.44, "confidence": null}, {"text": "your", "start_seconds": 273.44, "end_seconds": 273.6, "confidence": null}, {"text": "your", "start_seconds": 273.6, "end_seconds": 273.92, "confidence": null}, {"text": "day", "start_seconds": 273.92, "end_seconds": 274.08, "confidence": null}, {"text": "to", "start_seconds": 274.08, "end_seconds": 274.16, "confidence": null}, {"text": "day", "start_seconds": 274.16, "end_seconds": 274.32, "confidence": null}, {"text": "life", "start_seconds": 274.32, "end_seconds": 274.56, "confidence": null}, {"text": "you", "start_seconds": 274.56, "end_seconds": 274.72, "confidence": null}, {"text": "said", "start_seconds": 274.72, "end_seconds": 275.04, "confidence": null}, {"text": "it's", "start_seconds": 275.04, "end_seconds": 275.12, "confidence": null}, {"text": "been", "start_seconds": 275.12, "end_seconds": 275.28, "confidence": null}, {"text": "affecting", "start_seconds": 275.28, "end_seconds": 275.44, "confidence": null}, {"text": "your", "start_seconds": 275.44, "end_seconds": 275.68, "confidence": null}, {"text": "life", "start_seconds": 275.68, "end_seconds": 275.76, "confidence": null}, {"text": "um", "start_seconds": 276.48, "end_seconds": 276.56, "confidence": null}, {"text": "in", "start_seconds": 277.36, "end_seconds": 277.44, "confidence": null}, {"text": "what", "start_seconds": 277.44, "end_seconds": 277.52, "confidence": null}, {"text": "way", "start_seconds": 277.52, "end_seconds": 277.76, "confidence": null}, {"text": "has", "start_seconds": 277.76, "end_seconds": 277.84, "confidence": null}, {"text": "it", "start_seconds": 277.84, "end_seconds": 278.0, "confidence": null}, {"text": "been", "start_seconds": 278.0, "end_seconds": 278.08, "confidence": null}, {"text": "affecting", "start_seconds": 278.08, "end_seconds": 278.24, "confidence": null}, {"text": "your", "start_seconds": 278.24, "end_seconds": 278.4, "confidence": null}, {"text": "life", "start_seconds": 278.4, "end_seconds": 278.48, "confidence": null}]}, {"type": "transcript.final", "session_id": "670896f8-2ff4-4da3-9bb2-d0e3c13d2e66", "sequence": 460, "segment_id": 30, "revision": 24, "text": " uh sorry I need to stay close to the toilet cause I go quite frequently during the these past three days okay um yeah other than that it's uh yeah the main concern and have you are you currently working at the moment uh yeah I I work", "granularity": "word", "items": [{"text": " uh", "start_seconds": 279.44, "end_seconds": 279.76, "confidence": null}, {"text": "sorry", "start_seconds": 279.76, "end_seconds": 280.08, "confidence": null}, {"text": "I", "start_seconds": 280.08, "end_seconds": 280.16, "confidence": null}, {"text": "need", "start_seconds": 280.16, "end_seconds": 280.24, "confidence": null}, {"text": "to", "start_seconds": 280.24, "end_seconds": 280.56, "confidence": null}, {"text": "stay", "start_seconds": 280.56, "end_seconds": 280.8, "confidence": null}, {"text": "close", "start_seconds": 280.8, "end_seconds": 281.12, "confidence": null}, {"text": "to", "start_seconds": 281.12, "end_seconds": 281.36, "confidence": null}, {"text": "the", "start_seconds": 281.36, "end_seconds": 281.44, "confidence": null}, {"text": "toilet", "start_seconds": 281.44, "end_seconds": 281.92, "confidence": null}, {"text": "cause", "start_seconds": 281.92, "end_seconds": 282.0, "confidence": null}, {"text": "I", "start_seconds": 282.0, "end_seconds": 282.16, "confidence": null}, {"text": "go", "start_seconds": 282.16, "end_seconds": 282.4, "confidence": null}, {"text": "quite", "start_seconds": 282.4, "end_seconds": 282.48, "confidence": null}, {"text": "frequently", "start_seconds": 282.88, "end_seconds": 282.96, "confidence": null}, {"text": "during", "start_seconds": 283.36, "end_seconds": 283.44, "confidence": null}, {"text": "the", "start_seconds": 283.92, "end_seconds": 284.08, "confidence": null}, {"text": "these", "start_seconds": 284.08, "end_seconds": 284.48, "confidence": null}, {"text": "past", "start_seconds": 284.48, "end_seconds": 284.64, "confidence": null}, {"text": "three", "start_seconds": 284.64, "end_seconds": 284.72, "confidence": null}, {"text": "days", "start_seconds": 284.72, "end_seconds": 284.8, "confidence": null}, {"text": "okay", "start_seconds": 285.76, "end_seconds": 285.84, "confidence": null}, {"text": "um", "start_seconds": 286.24, "end_seconds": 286.32, "confidence": null}, {"text": "yeah", "start_seconds": 286.8, "end_seconds": 287.04, "confidence": null}, {"text": "other", "start_seconds": 287.04, "end_seconds": 287.12, "confidence": null}, {"text": "than", "start_seconds": 287.12, "end_seconds": 287.28, "confidence": null}, {"text": "that", "start_seconds": 287.28, "end_seconds": 287.36, "confidence": null}, {"text": "it's", "start_seconds": 287.84, "end_seconds": 287.92, "confidence": null}, {"text": "uh", "start_seconds": 288.24, "end_seconds": 288.32, "confidence": null}, {"text": "yeah", "start_seconds": 289.12, "end_seconds": 289.52, "confidence": null}, {"text": "the", "start_seconds": 289.52, "end_seconds": 289.6, "confidence": null}, {"text": "main", "start_seconds": 289.6, "end_seconds": 289.68, "confidence": null}, {"text": "concern", "start_seconds": 289.68, "end_seconds": 289.76, "confidence": null}, {"text": "and", "start_seconds": 290.64, "end_seconds": 290.88, "confidence": null}, {"text": "have", "start_seconds": 290.88, "end_seconds": 290.96, "confidence": null}, {"text": "you", "start_seconds": 290.96, "end_seconds": 291.28, "confidence": null}, {"text": "are", "start_seconds": 291.28, "end_seconds": 291.44, "confidence": null}, {"text": "you", "start_seconds": 291.44, "end_seconds": 291.52, "confidence": null}, {"text": "currently", "start_seconds": 291.52, "end_seconds": 291.76, "confidence": null}, {"text": "working", "start_seconds": 291.76, "end_seconds": 291.84, "confidence": null}, {"text": "at", "start_seconds": 291.84, "end_seconds": 291.92, "confidence": null}, {"text": "the", "start_seconds": 291.92, "end_seconds": 292.0, "confidence": null}, {"text": "moment", "start_seconds": 292.0, "end_seconds": 292.08, "confidence": null}, {"text": "uh", "start_seconds": 293.28, "end_seconds": 293.36, "confidence": null}, {"text": "yeah", "start_seconds": 294.08, "end_seconds": 294.48, "confidence": null}, {"text": "I", "start_seconds": 294.48, "end_seconds": 294.64, "confidence": null}, {"text": "I", "start_seconds": 294.64, "end_seconds": 294.88, "confidence": null}, {"text": "work", "start_seconds": 294.88, "end_seconds": 294.96, "confidence": null}]}, {"type": "transcript.final", "session_id": "670896f8-2ff4-4da3-9bb2-d0e3c13d2e66", "sequence": 472, "segment_id": 31, "revision": 12, "text": " work um I'm an accountant okay have you been going into work the last three days or have you been at home uh yeah I've been going to work", "granularity": "word", "items": [{"text": " work", "start_seconds": 296.48, "end_seconds": 296.56, "confidence": null}, {"text": "um", "start_seconds": 297.12, "end_seconds": 297.2, "confidence": null}, {"text": "I'm", "start_seconds": 297.52, "end_seconds": 297.76, "confidence": null}, {"text": "an", "start_seconds": 297.76, "end_seconds": 298.0, "confidence": null}, {"text": "accountant", "start_seconds": 298.0, "end_seconds": 298.64, "confidence": null}, {"text": "okay", "start_seconds": 298.64, "end_seconds": 298.88, "confidence": null}, {"text": "have", "start_seconds": 298.88, "end_seconds": 299.04, "confidence": null}, {"text": "you", "start_seconds": 299.04, "end_seconds": 299.12, "confidence": null}, {"text": "been", "start_seconds": 299.12, "end_seconds": 299.28, "confidence": null}, {"text": "going", "start_seconds": 299.28, "end_seconds": 299.36, "confidence": null}, {"text": "into", "start_seconds": 299.36, "end_seconds": 299.68, "confidence": null}, {"text": "work", "start_seconds": 299.68, "end_seconds": 299.92, "confidence": null}, {"text": "the", "start_seconds": 299.92, "end_seconds": 300.0, "confidence": null}, {"text": "last", "start_seconds": 300.0, "end_seconds": 300.16, "confidence": null}, {"text": "three", "start_seconds": 300.16, "end_seconds": 300.24, "confidence": null}, {"text": "days", "start_seconds": 300.24, "end_seconds": 300.4, "confidence": null}, {"text": "or", "start_seconds": 300.4, "end_seconds": 300.56, "confidence": null}, {"text": "have", "start_seconds": 300.56, "end_seconds": 300.64, "confidence": null}, {"text": "you", "start_seconds": 300.64, "end_seconds": 300.72, "confidence": null}, {"text": "been", "start_seconds": 300.72, "end_seconds": 300.88, "confidence": null}, {"text": "at", "start_seconds": 300.88, "end_seconds": 301.04, "confidence": null}, {"text": "home", "start_seconds": 301.04, "end_seconds": 301.12, "confidence": null}, {"text": "uh", "start_seconds": 301.92, "end_seconds": 302.08, "confidence": null}, {"text": "yeah", "start_seconds": 302.08, "end_seconds": 302.24, "confidence": null}, {"text": "I've", "start_seconds": 302.24, "end_seconds": 302.4, "confidence": null}, {"text": "been", "start_seconds": 302.4, "end_seconds": 302.48, "confidence": null}, {"text": "going", "start_seconds": 302.48, "end_seconds": 302.64, "confidence": null}, {"text": "to", "start_seconds": 302.64, "end_seconds": 302.8, "confidence": null}, {"text": "work", "start_seconds": 302.8, "end_seconds": 302.88, "confidence": null}]}, {"type": "transcript.final", "session_id": "670896f8-2ff4-4da3-9bb2-d0e3c13d2e66", "sequence": 502, "segment_id": 32, "revision": 30, "text": " okay that must be difficult for you then yeah it's been quite difficult and you say you mentioned you live with a wife and two children is that right Yes all right um just couple of other questions we need to ask so um do you smoke at all uh no I don't smoke and do you drink much in the web alcohol no I I don't drink alcohol no okay", "granularity": "word", "items": [{"text": " okay", "start_seconds": 304.08, "end_seconds": 304.16, "confidence": null}, {"text": "that", "start_seconds": 304.64, "end_seconds": 304.72, "confidence": null}, {"text": "must", "start_seconds": 304.72, "end_seconds": 304.8, "confidence": null}, {"text": "be", "start_seconds": 304.8, "end_seconds": 304.88, "confidence": null}, {"text": "difficult", "start_seconds": 304.88, "end_seconds": 305.04, "confidence": null}, {"text": "for", "start_seconds": 305.04, "end_seconds": 305.2, "confidence": null}, {"text": "you", "start_seconds": 305.2, "end_seconds": 305.36, "confidence": null}, {"text": "then", "start_seconds": 305.36, "end_seconds": 305.44, "confidence": null}, {"text": "yeah", "start_seconds": 306.32, "end_seconds": 306.4, "confidence": null}, {"text": "it's", "start_seconds": 306.4, "end_seconds": 306.64, "confidence": null}, {"text": "been", "start_seconds": 306.64, "end_seconds": 306.88, "confidence": null}, {"text": "quite", "start_seconds": 306.88, "end_seconds": 307.04, "confidence": null}, {"text": "difficult", "start_seconds": 307.04, "end_seconds": 307.12, "confidence": null}, {"text": "and", "start_seconds": 308.16, "end_seconds": 308.24, "confidence": null}, {"text": "you", "start_seconds": 308.24, "end_seconds": 308.32, "confidence": null}, {"text": "say", "start_seconds": 308.32, "end_seconds": 308.48, "confidence": null}, {"text": "you", "start_seconds": 308.48, "end_seconds": 308.56, "confidence": null}, {"text": "mentioned", "start_seconds": 308.56, "end_seconds": 308.72, "confidence": null}, {"text": "you", "start_seconds": 308.72, "end_seconds": 308.88, "confidence": null}, {"text": "live", "start_seconds": 308.88, "end_seconds": 309.04, "confidence": null}, {"text": "with", "start_seconds": 309.04, "end_seconds": 309.2, "confidence": null}, {"text": "a", "start_seconds": 309.2, "end_seconds": 309.36, "confidence": null}, {"text": "wife", "start_seconds": 309.36, "end_seconds": 309.6, "confidence": null}, {"text": "and", "start_seconds": 309.6, "end_seconds": 309.84, "confidence": null}, {"text": "two", "start_seconds": 309.84, "end_seconds": 309.92, "confidence": null}, {"text": "children", "start_seconds": 310.24, "end_seconds": 310.56, "confidence": null}, {"text": "is", "start_seconds": 310.56, "end_seconds": 310.72, "confidence": null}, {"text": "that", "start_seconds": 310.72, "end_seconds": 310.96, "confidence": null}, {"text": "right", "start_seconds": 310.96, "end_seconds": 311.04, "confidence": null}, {"text": "Yes", "start_seconds": 311.52, "end_seconds": 311.6, "confidence": null}, {"text": "all", "start_seconds": 312.64, "end_seconds": 312.72, "confidence": null}, {"text": "right", "start_seconds": 312.72, "end_seconds": 312.8, "confidence": null}, {"text": "um", "start_seconds": 313.28, "end_seconds": 313.36, "confidence": null}, {"text": "just", "start_seconds": 313.68, "end_seconds": 313.84, "confidence": null}, {"text": "couple", "start_seconds": 313.84, "end_seconds": 313.92, "confidence": null}, {"text": "of", "start_seconds": 313.92, "end_seconds": 314.08, "confidence": null}, {"text": "other", "start_seconds": 314.08, "end_seconds": 314.24, "confidence": null}, {"text": "questions", "start_seconds": 314.24, "end_seconds": 314.48, "confidence": null}, {"text": "we", "start_seconds": 314.48, "end_seconds": 314.64, "confidence": null}, {"text": "need", "start_seconds": 314.64, "end_seconds": 314.72, "confidence": null}, {"text": "to", "start_seconds": 314.72, "end_seconds": 314.8, "confidence": null}, {"text": "ask", "start_seconds": 314.8, "end_seconds": 314.88, "confidence": null}, {"text": "so", "start_seconds": 315.28, "end_seconds": 315.44, "confidence": null}, {"text": "um", "start_seconds": 315.44, "end_seconds": 315.68, "confidence": null}, {"text": "do", "start_seconds": 315.68, "end_seconds": 315.84, "confidence": null}, {"text": "you", "start_seconds": 315.84, "end_seconds": 316.0, "confidence": null}, {"text": "smoke", "start_seconds": 316.0, "end_seconds": 316.08, "confidence": null}, {"text": "at", "start_seconds": 316.08, "end_seconds": 316.24, "confidence": null}, {"text": "all", "start_seconds": 316.24, "end_seconds": 316.32, "confidence": null}, {"text": "uh", "start_seconds": 317.04, "end_seconds": 317.2, "confidence": null}, {"text": "no", "start_seconds": 317.2, "end_seconds": 317.36, "confidence": null}, {"text": "I", "start_seconds": 317.36, "end_seconds": 317.52, "confidence": null}, {"text": "don't", "start_seconds": 317.52, "end_seconds": 317.68, "confidence": null}, {"text": "smoke", "start_seconds": 317.68, "end_seconds": 317.76, "confidence": null}, {"text": "and", "start_seconds": 318.56, "end_seconds": 318.72, "confidence": null}, {"text": "do", "start_seconds": 318.72, "end_seconds": 318.8, "confidence": null}, {"text": "you", "start_seconds": 318.8, "end_seconds": 318.88, "confidence": null}, {"text": "drink", "start_seconds": 318.88, "end_seconds": 319.04, "confidence": null}, {"text": "much", "start_seconds": 319.04, "end_seconds": 319.28, "confidence": null}, {"text": "in", "start_seconds": 319.28, "end_seconds": 319.36, "confidence": null}, {"text": "the", "start_seconds": 319.36, "end_seconds": 319.52, "confidence": null}, {"text": "web", "start_seconds": 319.52, "end_seconds": 319.68, "confidence": null}, {"text": "alcohol", "start_seconds": 319.68, "end_seconds": 319.76, "confidence": null}, {"text": "no", "start_seconds": 320.96, "end_seconds": 321.12, "confidence": null}, {"text": "I", "start_seconds": 321.12, "end_seconds": 321.44, "confidence": null}, {"text": "I", "start_seconds": 321.44, "end_seconds": 321.6, "confidence": null}, {"text": "don't", "start_seconds": 321.6, "end_seconds": 321.68, "confidence": null}, {"text": "drink", "start_seconds": 321.68, "end_seconds": 322.0, "confidence": null}, {"text": "alcohol", "start_seconds": 322.0, "end_seconds": 322.08, "confidence": null}, {"text": "no", "start_seconds": 322.56, "end_seconds": 322.64, "confidence": null}, {"text": "okay", "start_seconds": 322.96, "end_seconds": 323.04, "confidence": null}]}, {"type": "transcript.final", "session_id": "670896f8-2ff4-4da3-9bb2-d0e3c13d2e66", "sequence": 504, "segment_id": 33, "revision": 2, "text": " so um", "granularity": "word", "items": [{"text": " so", "start_seconds": 324.32, "end_seconds": 324.56, "confidence": null}, {"text": "um", "start_seconds": 324.56, "end_seconds": 324.64, "confidence": null}]}, {"type": "transcript.final", "session_id": "670896f8-2ff4-4da3-9bb2-d0e3c13d2e66", "sequence": 533, "segment_id": 34, "revision": 29, "text": " uh normally at this stage I like to um examine you if that's okay but um um but but but but but but but but but but but but but but but but but but but but but having listened to your stories uh I think um just to recap the for the last three days you've been having loose dull diarrhea a bit of tummy pain mainly on the left hand side uh um and vomiting and being generally quite weak and lethargic", "granularity": "word", "items": [{"text": " uh", "start_seconds": 326.08, "end_seconds": 326.32, "confidence": null}, {"text": "normally", "start_seconds": 326.32, "end_seconds": 326.56, "confidence": null}, {"text": "at", "start_seconds": 326.56, "end_seconds": 326.8, "confidence": null}, {"text": "this", "start_seconds": 326.8, "end_seconds": 326.96, "confidence": null}, {"text": "stage", "start_seconds": 326.96, "end_seconds": 327.12, "confidence": null}, {"text": "I", "start_seconds": 327.12, "end_seconds": 327.28, "confidence": null}, {"text": "like", "start_seconds": 327.28, "end_seconds": 327.44, "confidence": null}, {"text": "to", "start_seconds": 327.44, "end_seconds": 327.76, "confidence": null}, {"text": "um", "start_seconds": 327.76, "end_seconds": 327.84, "confidence": null}, {"text": "examine", "start_seconds": 328.4, "end_seconds": 328.96, "confidence": null}, {"text": "you", "start_seconds": 328.96, "end_seconds": 329.04, "confidence": null}, {"text": "if", "start_seconds": 329.04, "end_seconds": 329.28, "confidence": null}, {"text": "that's", "start_seconds": 329.28, "end_seconds": 329.44, "confidence": null}, {"text": "okay", "start_seconds": 329.44, "end_seconds": 329.68, "confidence": null}, {"text": "but", "start_seconds": 329.68, "end_seconds": 329.92, "confidence": null}, {"text": "um", "start_seconds": 329.92, "end_seconds": 330.0, "confidence": null}, {"text": "um", "start_seconds": 330.32, "end_seconds": 330.4, "confidence": null}, {"text": "but", "start_seconds": 330.88, "end_seconds": 331.04, "confidence": null}, {"text": "but", "start_seconds": 331.04, "end_seconds": 331.12, "confidence": null}, {"text": "but", "start_seconds": 331.12, "end_seconds": 331.2, "confidence": null}, {"text": "but", "start_seconds": 331.2, "end_seconds": 331.28, "confidence": null}, {"text": "but", "start_seconds": 331.28, "end_seconds": 331.36, "confidence": null}, {"text": "but", "start_seconds": 331.36, "end_seconds": 331.44, "confidence": null}, {"text": "but", "start_seconds": 331.44, "end_seconds": 331.52, "confidence": null}, {"text": "but", "start_seconds": 331.52, "end_seconds": 331.6, "confidence": null}, {"text": "but", "start_seconds": 331.6, "end_seconds": 331.68, "confidence": null}, {"text": "but", "start_seconds": 331.68, "end_seconds": 331.76, "confidence": null}, {"text": "but", "start_seconds": 331.76, "end_seconds": 331.84, "confidence": null}, {"text": "but", "start_seconds": 331.84, "end_seconds": 331.92, "confidence": null}, {"text": "but", "start_seconds": 331.92, "end_seconds": 332.0, "confidence": null}, {"text": "but", "start_seconds": 332.0, "end_seconds": 332.08, "confidence": null}, {"text": "but", "start_seconds": 332.08, "end_seconds": 332.16, "confidence": null}, {"text": "but", "start_seconds": 332.16, "end_seconds": 332.24, "confidence": null}, {"text": "but", "start_seconds": 332.24, "end_seconds": 332.32, "confidence": null}, {"text": "but", "start_seconds": 332.32, "end_seconds": 332.4, "confidence": null}, {"text": "but", "start_seconds": 332.4, "end_seconds": 332.48, "confidence": null}, {"text": "but", "start_seconds": 332.48, "end_seconds": 332.56, "confidence": null}, {"text": "but", "start_seconds": 332.56, "end_seconds": 332.8, "confidence": null}, {"text": "having", "start_seconds": 332.8, "end_seconds": 333.04, "confidence": null}, {"text": "listened", "start_seconds": 333.04, "end_seconds": 333.2, "confidence": null}, {"text": "to", "start_seconds": 333.2, "end_seconds": 333.28, "confidence": null}, {"text": "your", "start_seconds": 333.28, "end_seconds": 333.6, "confidence": null}, {"text": "stories", "start_seconds": 333.6, "end_seconds": 334.0, "confidence": null}, {"text": "uh", "start_seconds": 334.0, "end_seconds": 334.24, "confidence": null}, {"text": "I", "start_seconds": 334.24, "end_seconds": 334.32, "confidence": null}, {"text": "think", "start_seconds": 334.32, "end_seconds": 334.4, "confidence": null}, {"text": "um", "start_seconds": 334.4, "end_seconds": 334.48, "confidence": null}, {"text": "just", "start_seconds": 334.48, "end_seconds": 334.56, "confidence": null}, {"text": "to", "start_seconds": 334.56, "end_seconds": 334.72, "confidence": null}, {"text": "recap", "start_seconds": 334.72, "end_seconds": 334.8, "confidence": null}, {"text": "the", "start_seconds": 335.44, "end_seconds": 335.52, "confidence": null}, {"text": "for", "start_seconds": 335.52, "end_seconds": 335.68, "confidence": null}, {"text": "the", "start_seconds": 335.68, "end_seconds": 335.76, "confidence": null}, {"text": "last", "start_seconds": 335.76, "end_seconds": 335.92, "confidence": null}, {"text": "three", "start_seconds": 335.92, "end_seconds": 336.0, "confidence": null}, {"text": "days", "start_seconds": 336.0, "end_seconds": 336.16, "confidence": null}, {"text": "you've", "start_seconds": 336.16, "end_seconds": 336.32, "confidence": null}, {"text": "been", "start_seconds": 336.32, "end_seconds": 336.4, "confidence": null}, {"text": "having", "start_seconds": 336.4, "end_seconds": 336.64, "confidence": null}, {"text": "loose", "start_seconds": 336.64, "end_seconds": 336.72, "confidence": null}, {"text": "dull", "start_seconds": 337.12, "end_seconds": 337.28, "confidence": null}, {"text": "diarrhea", "start_seconds": 337.28, "end_seconds": 337.52, "confidence": null}, {"text": "a", "start_seconds": 337.52, "end_seconds": 337.6, "confidence": null}, {"text": "bit", "start_seconds": 337.6, "end_seconds": 337.84, "confidence": null}, {"text": "of", "start_seconds": 337.84, "end_seconds": 337.92, "confidence": null}, {"text": "tummy", "start_seconds": 338.24, "end_seconds": 338.48, "confidence": null}, {"text": "pain", "start_seconds": 338.48, "end_seconds": 338.8, "confidence": null}, {"text": "mainly", "start_seconds": 338.8, "end_seconds": 339.04, "confidence": null}, {"text": "on", "start_seconds": 339.04, "end_seconds": 339.12, "confidence": null}, {"text": "the", "start_seconds": 339.12, "end_seconds": 339.2, "confidence": null}, {"text": "left", "start_seconds": 339.2, "end_seconds": 339.28, "confidence": null}, {"text": "hand", "start_seconds": 339.28, "end_seconds": 339.36, "confidence": null}, {"text": "side", "start_seconds": 339.36, "end_seconds": 339.44, "confidence": null}, {"text": "uh", "start_seconds": 340.0, "end_seconds": 340.16, "confidence": null}, {"text": "um", "start_seconds": 340.16, "end_seconds": 340.48, "confidence": null}, {"text": "and", "start_seconds": 340.48, "end_seconds": 340.8, "confidence": null}, {"text": "vomiting", "start_seconds": 340.8, "end_seconds": 341.2, "confidence": null}, {"text": "and", "start_seconds": 341.2, "end_seconds": 341.52, "confidence": null}, {"text": "being", "start_seconds": 341.52, "end_seconds": 341.68, "confidence": null}, {"text": "generally", "start_seconds": 341.68, "end_seconds": 342.0, "confidence": null}, {"text": "quite", "start_seconds": 342.0, "end_seconds": 342.16, "confidence": null}, {"text": "weak", "start_seconds": 342.16, "end_seconds": 342.24, "confidence": null}, {"text": "and", "start_seconds": 342.24, "end_seconds": 342.4, "confidence": null}, {"text": "lethargic", "start_seconds": 342.4, "end_seconds": 342.64, "confidence": null}]}, {"type": "transcript.final", "session_id": "670896f8-2ff4-4da3-9bb2-d0e3c13d2e66", "sequence": 547, "segment_id": 35, "revision": 14, "text": " you mentioned you having this Chinese takeaway as well three days ago and I wonder whether that might be the cause of your problems okay um it seems like you may have something", "granularity": "word", "items": [{"text": " you", "start_seconds": 343.92, "end_seconds": 344.0, "confidence": null}, {"text": "mentioned", "start_seconds": 344.0, "end_seconds": 344.24, "confidence": null}, {"text": "you", "start_seconds": 344.24, "end_seconds": 344.56, "confidence": null}, {"text": "having", "start_seconds": 344.56, "end_seconds": 344.72, "confidence": null}, {"text": "this", "start_seconds": 344.72, "end_seconds": 344.8, "confidence": null}, {"text": "Chinese", "start_seconds": 344.8, "end_seconds": 345.04, "confidence": null}, {"text": "takeaway", "start_seconds": 345.04, "end_seconds": 345.52, "confidence": null}, {"text": "as", "start_seconds": 345.52, "end_seconds": 345.6, "confidence": null}, {"text": "well", "start_seconds": 345.6, "end_seconds": 345.92, "confidence": null}, {"text": "three", "start_seconds": 345.92, "end_seconds": 346.08, "confidence": null}, {"text": "days", "start_seconds": 346.08, "end_seconds": 346.16, "confidence": null}, {"text": "ago", "start_seconds": 346.16, "end_seconds": 346.4, "confidence": null}, {"text": "and", "start_seconds": 346.4, "end_seconds": 346.64, "confidence": null}, {"text": "I", "start_seconds": 346.64, "end_seconds": 346.72, "confidence": null}, {"text": "wonder", "start_seconds": 346.72, "end_seconds": 346.88, "confidence": null}, {"text": "whether", "start_seconds": 346.88, "end_seconds": 347.2, "confidence": null}, {"text": "that", "start_seconds": 347.2, "end_seconds": 347.28, "confidence": null}, {"text": "might", "start_seconds": 347.28, "end_seconds": 347.36, "confidence": null}, {"text": "be", "start_seconds": 347.36, "end_seconds": 347.44, "confidence": null}, {"text": "the", "start_seconds": 347.44, "end_seconds": 347.76, "confidence": null}, {"text": "cause", "start_seconds": 347.76, "end_seconds": 347.84, "confidence": null}, {"text": "of", "start_seconds": 347.84, "end_seconds": 347.92, "confidence": null}, {"text": "your", "start_seconds": 347.92, "end_seconds": 348.08, "confidence": null}, {"text": "problems", "start_seconds": 348.08, "end_seconds": 348.32, "confidence": null}, {"text": "okay", "start_seconds": 349.28, "end_seconds": 349.52, "confidence": null}, {"text": "um", "start_seconds": 349.52, "end_seconds": 349.68, "confidence": null}, {"text": "it", "start_seconds": 349.68, "end_seconds": 349.76, "confidence": null}, {"text": "seems", "start_seconds": 349.76, "end_seconds": 349.92, "confidence": null}, {"text": "like", "start_seconds": 349.92, "end_seconds": 350.08, "confidence": null}, {"text": "you", "start_seconds": 350.08, "end_seconds": 350.16, "confidence": null}, {"text": "may", "start_seconds": 350.16, "end_seconds": 350.24, "confidence": null}, {"text": "have", "start_seconds": 350.24, "end_seconds": 350.56, "confidence": null}, {"text": "something", "start_seconds": 350.56, "end_seconds": 350.64, "confidence": null}]}, {"type": "transcript.final", "session_id": "670896f8-2ff4-4da3-9bb2-d0e3c13d2e66", "sequence": 551, "segment_id": 36, "revision": 4, "text": " uh called gastroenteritis", "granularity": "word", "items": [{"text": " uh", "start_seconds": 351.68, "end_seconds": 352.0, "confidence": null}, {"text": "called", "start_seconds": 352.0, "end_seconds": 352.24, "confidence": null}, {"text": "gastroenteritis", "start_seconds": 352.24, "end_seconds": 353.12, "confidence": null}]}, {"type": "transcript.final", "session_id": "670896f8-2ff4-4da3-9bb2-d0e3c13d2e66", "sequence": 560, "segment_id": 37, "revision": 9, "text": " which essentially just uh tummy bug or infection of your of your tummy", "granularity": "word", "items": [{"text": " which", "start_seconds": 354.72, "end_seconds": 355.04, "confidence": null}, {"text": "essentially", "start_seconds": 355.04, "end_seconds": 355.28, "confidence": null}, {"text": "just", "start_seconds": 355.28, "end_seconds": 355.36, "confidence": null}, {"text": "uh", "start_seconds": 355.76, "end_seconds": 355.84, "confidence": null}, {"text": "tummy", "start_seconds": 356.16, "end_seconds": 356.4, "confidence": null}, {"text": "bug", "start_seconds": 356.4, "end_seconds": 356.64, "confidence": null}, {"text": "or", "start_seconds": 356.64, "end_seconds": 356.8, "confidence": null}, {"text": "infection", "start_seconds": 356.8, "end_seconds": 357.28, "confidence": null}, {"text": "of", "start_seconds": 357.28, "end_seconds": 357.44, "confidence": null}, {"text": "your", "start_seconds": 357.44, "end_seconds": 357.52, "confidence": null}, {"text": "of", "start_seconds": 357.92, "end_seconds": 358.08, "confidence": null}, {"text": "your", "start_seconds": 358.08, "end_seconds": 358.24, "confidence": null}, {"text": "tummy", "start_seconds": 358.24, "end_seconds": 358.4, "confidence": null}]}, {"type": "transcript.final", "session_id": "670896f8-2ff4-4da3-9bb2-d0e3c13d2e66", "sequence": 571, "segment_id": 38, "revision": 11, "text": " mainly caused by viruses but it can be uh possibility of bacteria uh causing your symptoms", "granularity": "word", "items": [{"text": " mainly", "start_seconds": 360.64, "end_seconds": 360.88, "confidence": null}, {"text": "caused", "start_seconds": 360.88, "end_seconds": 361.2, "confidence": null}, {"text": "by", "start_seconds": 361.2, "end_seconds": 361.28, "confidence": null}, {"text": "viruses", "start_seconds": 361.76, "end_seconds": 361.84, "confidence": null}, {"text": "but", "start_seconds": 362.24, "end_seconds": 362.4, "confidence": null}, {"text": "it", "start_seconds": 362.4, "end_seconds": 362.64, "confidence": null}, {"text": "can", "start_seconds": 362.64, "end_seconds": 362.8, "confidence": null}, {"text": "be", "start_seconds": 362.8, "end_seconds": 362.88, "confidence": null}, {"text": "uh", "start_seconds": 363.2, "end_seconds": 363.28, "confidence": null}, {"text": "possibility", "start_seconds": 363.6, "end_seconds": 364.0, "confidence": null}, {"text": "of", "start_seconds": 364.0, "end_seconds": 364.08, "confidence": null}, {"text": "bacteria", "start_seconds": 364.08, "end_seconds": 364.24, "confidence": null}, {"text": "uh", "start_seconds": 365.28, "end_seconds": 365.36, "confidence": null}, {"text": "causing", "start_seconds": 365.76, "end_seconds": 366.24, "confidence": null}, {"text": "your", "start_seconds": 366.24, "end_seconds": 366.32, "confidence": null}, {"text": "symptoms", "start_seconds": 366.32, "end_seconds": 366.4, "confidence": null}]}, {"type": "transcript.final", "session_id": "670896f8-2ff4-4da3-9bb2-d0e3c13d2e66", "sequence": 589, "segment_id": 39, "revision": 18, "text": " at this stage uh what what we'd recommend is just what we say conservative management so I don't think you need anything like antibiotics is really just um making sure you're well hydrated", "granularity": "word", "items": [{"text": " at", "start_seconds": 369.2, "end_seconds": 369.36, "confidence": null}, {"text": "this", "start_seconds": 369.36, "end_seconds": 369.6, "confidence": null}, {"text": "stage", "start_seconds": 369.6, "end_seconds": 369.68, "confidence": null}, {"text": "uh", "start_seconds": 370.16, "end_seconds": 370.48, "confidence": null}, {"text": "what", "start_seconds": 370.48, "end_seconds": 370.72, "confidence": null}, {"text": "what", "start_seconds": 370.72, "end_seconds": 370.88, "confidence": null}, {"text": "we'd", "start_seconds": 370.88, "end_seconds": 371.04, "confidence": null}, {"text": "recommend", "start_seconds": 371.04, "end_seconds": 371.36, "confidence": null}, {"text": "is", "start_seconds": 371.36, "end_seconds": 371.6, "confidence": null}, {"text": "just", "start_seconds": 371.6, "end_seconds": 371.68, "confidence": null}, {"text": "what", "start_seconds": 372.08, "end_seconds": 372.24, "confidence": null}, {"text": "we", "start_seconds": 372.24, "end_seconds": 372.4, "confidence": null}, {"text": "say", "start_seconds": 372.4, "end_seconds": 372.56, "confidence": null}, {"text": "conservative", "start_seconds": 372.56, "end_seconds": 373.04, "confidence": null}, {"text": "management", "start_seconds": 373.04, "end_seconds": 373.12, "confidence": null}, {"text": "so", "start_seconds": 374.08, "end_seconds": 374.16, "confidence": null}, {"text": "I", "start_seconds": 374.48, "end_seconds": 374.64, "confidence": null}, {"text": "don't", "start_seconds": 374.64, "end_seconds": 374.72, "confidence": null}, {"text": "think", "start_seconds": 374.72, "end_seconds": 374.8, "confidence": null}, {"text": "you", "start_seconds": 374.8, "end_seconds": 374.96, "confidence": null}, {"text": "need", "start_seconds": 374.96, "end_seconds": 375.2, "confidence": null}, {"text": "anything", "start_seconds": 375.2, "end_seconds": 375.44, "confidence": null}, {"text": "like", "start_seconds": 375.44, "end_seconds": 375.6, "confidence": null}, {"text": "antibiotics", "start_seconds": 375.6, "end_seconds": 376.48, "confidence": null}, {"text": "is", "start_seconds": 376.48, "end_seconds": 376.64, "confidence": null}, {"text": "really", "start_seconds": 376.64, "end_seconds": 376.72, "confidence": null}, {"text": "just", "start_seconds": 376.72, "end_seconds": 377.04, "confidence": null}, {"text": "um", "start_seconds": 377.04, "end_seconds": 377.12, "confidence": null}, {"text": "making", "start_seconds": 377.6, "end_seconds": 377.84, "confidence": null}, {"text": "sure", "start_seconds": 377.84, "end_seconds": 378.0, "confidence": null}, {"text": "you're", "start_seconds": 378.0, "end_seconds": 378.16, "confidence": null}, {"text": "well", "start_seconds": 378.16, "end_seconds": 378.4, "confidence": null}, {"text": "hydrated", "start_seconds": 378.4, "end_seconds": 378.56, "confidence": null}]}, {"type": "transcript.final", "session_id": "670896f8-2ff4-4da3-9bb2-d0e3c13d2e66", "sequence": 592, "segment_id": 40, "revision": 3, "text": " so drinking fluids", "granularity": "word", "items": [{"text": " so", "start_seconds": 379.68, "end_seconds": 379.84, "confidence": null}, {"text": "drinking", "start_seconds": 379.84, "end_seconds": 379.92, "confidence": null}, {"text": "fluids", "start_seconds": 380.88, "end_seconds": 380.96, "confidence": null}]}, {"type": "transcript.final", "session_id": "670896f8-2ff4-4da3-9bb2-d0e3c13d2e66", "sequence": 596, "segment_id": 41, "revision": 4, "text": " um there are things like", "granularity": "word", "items": [{"text": " um", "start_seconds": 383.04, "end_seconds": 383.12, "confidence": null}, {"text": "there", "start_seconds": 383.84, "end_seconds": 383.92, "confidence": null}, {"text": "are", "start_seconds": 383.92, "end_seconds": 384.0, "confidence": null}, {"text": "things", "start_seconds": 384.0, "end_seconds": 384.24, "confidence": null}, {"text": "like", "start_seconds": 384.24, "end_seconds": 384.32, "confidence": null}]}, {"type": "transcript.final", "session_id": "670896f8-2ff4-4da3-9bb2-d0e3c13d2e66", "sequence": 608, "segment_id": 42, "revision": 12, "text": " dire light you can get from the pharmacy which uh it's um it helps replenish some of your minerals and vitamins", "granularity": "word", "items": [{"text": " dire", "start_seconds": 385.52, "end_seconds": 385.76, "confidence": null}, {"text": "light", "start_seconds": 385.76, "end_seconds": 385.92, "confidence": null}, {"text": "you", "start_seconds": 385.92, "end_seconds": 386.0, "confidence": null}, {"text": "can", "start_seconds": 386.0, "end_seconds": 386.08, "confidence": null}, {"text": "get", "start_seconds": 386.08, "end_seconds": 386.16, "confidence": null}, {"text": "from", "start_seconds": 386.16, "end_seconds": 386.24, "confidence": null}, {"text": "the", "start_seconds": 386.24, "end_seconds": 386.4, "confidence": null}, {"text": "pharmacy", "start_seconds": 386.4, "end_seconds": 386.8, "confidence": null}, {"text": "which", "start_seconds": 387.52, "end_seconds": 387.6, "confidence": null}, {"text": "uh", "start_seconds": 387.6, "end_seconds": 387.84, "confidence": null}, {"text": "it's", "start_seconds": 387.84, "end_seconds": 388.32, "confidence": null}, {"text": "um", "start_seconds": 388.32, "end_seconds": 388.4, "confidence": null}, {"text": "it", "start_seconds": 388.8, "end_seconds": 388.88, "confidence": null}, {"text": "helps", "start_seconds": 388.88, "end_seconds": 388.96, "confidence": null}, {"text": "replenish", "start_seconds": 389.28, "end_seconds": 389.68, "confidence": null}, {"text": "some", "start_seconds": 389.68, "end_seconds": 389.84, "confidence": null}, {"text": "of", "start_seconds": 389.84, "end_seconds": 389.92, "confidence": null}, {"text": "your", "start_seconds": 389.92, "end_seconds": 390.0, "confidence": null}, {"text": "minerals", "start_seconds": 390.4, "end_seconds": 390.96, "confidence": null}, {"text": "and", "start_seconds": 390.96, "end_seconds": 391.2, "confidence": null}, {"text": "vitamins", "start_seconds": 391.2, "end_seconds": 391.44, "confidence": null}]}, {"type": "transcript.final", "session_id": "670896f8-2ff4-4da3-9bb2-d0e3c13d2e66", "sequence": 617, "segment_id": 43, "revision": 9, "text": " and if you are having vomiting and diarrhea I would certainly recommend that and first you know first couple of days", "granularity": "word", "items": [{"text": " and", "start_seconds": 392.88, "end_seconds": 393.04, "confidence": null}, {"text": "if", "start_seconds": 393.04, "end_seconds": 393.12, "confidence": null}, {"text": "you", "start_seconds": 393.12, "end_seconds": 393.2, "confidence": null}, {"text": "are", "start_seconds": 393.2, "end_seconds": 393.36, "confidence": null}, {"text": "having", "start_seconds": 393.36, "end_seconds": 393.44, "confidence": null}, {"text": "vomiting", "start_seconds": 393.68, "end_seconds": 394.24, "confidence": null}, {"text": "and", "start_seconds": 394.24, "end_seconds": 394.32, "confidence": null}, {"text": "diarrhea", "start_seconds": 394.32, "end_seconds": 394.64, "confidence": null}, {"text": "I", "start_seconds": 394.64, "end_seconds": 394.72, "confidence": null}, {"text": "would", "start_seconds": 394.72, "end_seconds": 394.96, "confidence": null}, {"text": "certainly", "start_seconds": 394.96, "end_seconds": 395.2, "confidence": null}, {"text": "recommend", "start_seconds": 395.2, "end_seconds": 395.36, "confidence": null}, {"text": "that", "start_seconds": 395.36, "end_seconds": 395.6, "confidence": null}, {"text": "and", "start_seconds": 395.6, "end_seconds": 395.84, "confidence": null}, {"text": "first", "start_seconds": 395.84, "end_seconds": 396.16, "confidence": null}, {"text": "you", "start_seconds": 396.16, "end_seconds": 396.24, "confidence": null}, {"text": "know", "start_seconds": 396.24, "end_seconds": 396.48, "confidence": null}, {"text": "first", "start_seconds": 396.48, "end_seconds": 396.64, "confidence": null}, {"text": "couple", "start_seconds": 396.64, "end_seconds": 396.8, "confidence": null}, {"text": "of", "start_seconds": 396.8, "end_seconds": 396.96, "confidence": null}, {"text": "days", "start_seconds": 396.96, "end_seconds": 397.04, "confidence": null}]}, {"type": "transcript.final", "session_id": "670896f8-2ff4-4da3-9bb2-d0e3c13d2e66", "sequence": 625, "segment_id": 44, "revision": 8, "text": " yeah if you are feeling feverish and weak taking some paracetamol", "granularity": "word", "items": [{"text": " yeah", "start_seconds": 398.16, "end_seconds": 398.24, "confidence": null}, {"text": "if", "start_seconds": 398.56, "end_seconds": 398.72, "confidence": null}, {"text": "you", "start_seconds": 398.72, "end_seconds": 398.8, "confidence": null}, {"text": "are", "start_seconds": 398.8, "end_seconds": 398.88, "confidence": null}, {"text": "feeling", "start_seconds": 399.28, "end_seconds": 399.44, "confidence": null}, {"text": "feverish", "start_seconds": 399.44, "end_seconds": 400.0, "confidence": null}, {"text": "and", "start_seconds": 400.0, "end_seconds": 400.24, "confidence": null}, {"text": "weak", "start_seconds": 400.24, "end_seconds": 400.32, "confidence": null}, {"text": "taking", "start_seconds": 401.04, "end_seconds": 401.2, "confidence": null}, {"text": "some", "start_seconds": 401.2, "end_seconds": 401.52, "confidence": null}, {"text": "paracetamol", "start_seconds": 401.52, "end_seconds": 402.16, "confidence": null}]}, {"type": "transcript.final", "session_id": "670896f8-2ff4-4da3-9bb2-d0e3c13d2e66", "sequence": 631, "segment_id": 45, "revision": 6, "text": " two tablets up to four times a day for the first few days can also help", "granularity": "word", "items": [{"text": " two", "start_seconds": 403.36, "end_seconds": 403.6, "confidence": null}, {"text": "tablets", "start_seconds": 403.6, "end_seconds": 403.92, "confidence": null}, {"text": "up", "start_seconds": 403.92, "end_seconds": 404.0, "confidence": null}, {"text": "to", "start_seconds": 404.0, "end_seconds": 404.16, "confidence": null}, {"text": "four", "start_seconds": 404.16, "end_seconds": 404.24, "confidence": null}, {"text": "times", "start_seconds": 404.24, "end_seconds": 404.32, "confidence": null}, {"text": "a", "start_seconds": 404.32, "end_seconds": 404.4, "confidence": null}, {"text": "day", "start_seconds": 404.4, "end_seconds": 404.48, "confidence": null}, {"text": "for", "start_seconds": 404.88, "end_seconds": 404.96, "confidence": null}, {"text": "the", "start_seconds": 404.96, "end_seconds": 405.04, "confidence": null}, {"text": "first", "start_seconds": 405.04, "end_seconds": 405.12, "confidence": null}, {"text": "few", "start_seconds": 405.12, "end_seconds": 405.28, "confidence": null}, {"text": "days", "start_seconds": 405.28, "end_seconds": 405.36, "confidence": null}, {"text": "can", "start_seconds": 405.6, "end_seconds": 405.76, "confidence": null}, {"text": "also", "start_seconds": 405.76, "end_seconds": 405.84, "confidence": null}, {"text": "help", "start_seconds": 405.84, "end_seconds": 405.92, "confidence": null}]}, {"type": "transcript.final", "session_id": "670896f8-2ff4-4da3-9bb2-d0e3c13d2e66", "sequence": 642, "segment_id": 46, "revision": 11, "text": " I would certainly advise you to take some time work actually I know you're quite keen to work but um I would say next two two to three days um", "granularity": "word", "items": [{"text": " I", "start_seconds": 407.12, "end_seconds": 407.2, "confidence": null}, {"text": "would", "start_seconds": 407.2, "end_seconds": 407.36, "confidence": null}, {"text": "certainly", "start_seconds": 407.36, "end_seconds": 407.6, "confidence": null}, {"text": "advise", "start_seconds": 407.6, "end_seconds": 407.92, "confidence": null}, {"text": "you", "start_seconds": 407.92, "end_seconds": 408.0, "confidence": null}, {"text": "to", "start_seconds": 408.0, "end_seconds": 408.08, "confidence": null}, {"text": "take", "start_seconds": 408.08, "end_seconds": 408.16, "confidence": null}, {"text": "some", "start_seconds": 408.16, "end_seconds": 408.32, "confidence": null}, {"text": "time", "start_seconds": 408.32, "end_seconds": 408.56, "confidence": null}, {"text": "work", "start_seconds": 408.56, "end_seconds": 408.64, "confidence": null}, {"text": "actually", "start_seconds": 408.88, "end_seconds": 409.04, "confidence": null}, {"text": "I", "start_seconds": 409.04, "end_seconds": 409.12, "confidence": null}, {"text": "know", "start_seconds": 409.12, "end_seconds": 409.28, "confidence": null}, {"text": "you're", "start_seconds": 409.28, "end_seconds": 409.44, "confidence": null}, {"text": "quite", "start_seconds": 409.44, "end_seconds": 409.52, "confidence": null}, {"text": "keen", "start_seconds": 409.52, "end_seconds": 409.6, "confidence": null}, {"text": "to", "start_seconds": 409.6, "end_seconds": 409.76, "confidence": null}, {"text": "work", "start_seconds": 409.76, "end_seconds": 409.84, "confidence": null}, {"text": "but", "start_seconds": 410.48, "end_seconds": 410.64, "confidence": null}, {"text": "um", "start_seconds": 410.64, "end_seconds": 410.88, "confidence": null}, {"text": "I", "start_seconds": 410.88, "end_seconds": 411.04, "confidence": null}, {"text": "would", "start_seconds": 411.04, "end_seconds": 411.2, "confidence": null}, {"text": "say", "start_seconds": 411.2, "end_seconds": 411.44, "confidence": null}, {"text": "next", "start_seconds": 411.44, "end_seconds": 411.76, "confidence": null}, {"text": "two", "start_seconds": 411.76, "end_seconds": 411.92, "confidence": null}, {"text": "two", "start_seconds": 411.92, "end_seconds": 412.16, "confidence": null}, {"text": "to", "start_seconds": 412.16, "end_seconds": 412.32, "confidence": null}, {"text": "three", "start_seconds": 412.32, "end_seconds": 412.4, "confidence": null}, {"text": "days", "start_seconds": 412.4, "end_seconds": 412.48, "confidence": null}, {"text": "um", "start_seconds": 413.44, "end_seconds": 413.52, "confidence": null}]}, {"type": "transcript.final", "session_id": "670896f8-2ff4-4da3-9bb2-d0e3c13d2e66", "sequence": 648, "segment_id": 47, "revision": 6, "text": " clears from your system take some time off and rest", "granularity": "word", "items": [{"text": " clears", "start_seconds": 415.12, "end_seconds": 415.28, "confidence": null}, {"text": "from", "start_seconds": 415.28, "end_seconds": 415.36, "confidence": null}, {"text": "your", "start_seconds": 415.36, "end_seconds": 415.52, "confidence": null}, {"text": "system", "start_seconds": 415.52, "end_seconds": 415.6, "confidence": null}, {"text": "take", "start_seconds": 416.32, "end_seconds": 416.48, "confidence": null}, {"text": "some", "start_seconds": 416.48, "end_seconds": 416.56, "confidence": null}, {"text": "time", "start_seconds": 416.56, "end_seconds": 416.72, "confidence": null}, {"text": "off", "start_seconds": 416.72, "end_seconds": 416.8, "confidence": null}, {"text": "and", "start_seconds": 417.2, "end_seconds": 417.36, "confidence": null}, {"text": "rest", "start_seconds": 417.36, "end_seconds": 417.44, "confidence": null}]}, {"type": "transcript.final", "session_id": "670896f8-2ff4-4da3-9bb2-d0e3c13d2e66", "sequence": 659, "segment_id": 48, "revision": 11, "text": " um you know if your symptoms haven't got better you know in in three to four days I'd like to come back and see you again", "granularity": "word", "items": [{"text": " um", "start_seconds": 418.96, "end_seconds": 419.04, "confidence": null}, {"text": "you", "start_seconds": 419.6, "end_seconds": 419.68, "confidence": null}, {"text": "know", "start_seconds": 419.68, "end_seconds": 419.92, "confidence": null}, {"text": "if", "start_seconds": 419.92, "end_seconds": 420.08, "confidence": null}, {"text": "your", "start_seconds": 420.08, "end_seconds": 420.24, "confidence": null}, {"text": "symptoms", "start_seconds": 420.24, "end_seconds": 420.32, "confidence": null}, {"text": "haven't", "start_seconds": 420.64, "end_seconds": 420.8, "confidence": null}, {"text": "got", "start_seconds": 420.8, "end_seconds": 421.12, "confidence": null}, {"text": "better", "start_seconds": 421.12, "end_seconds": 421.44, "confidence": null}, {"text": "you", "start_seconds": 421.44, "end_seconds": 421.52, "confidence": null}, {"text": "know", "start_seconds": 421.52, "end_seconds": 422.0, "confidence": null}, {"text": "in", "start_seconds": 422.0, "end_seconds": 422.32, "confidence": null}, {"text": "in", "start_seconds": 422.32, "end_seconds": 422.48, "confidence": null}, {"text": "three", "start_seconds": 422.48, "end_seconds": 422.56, "confidence": null}, {"text": "to", "start_seconds": 422.56, "end_seconds": 422.72, "confidence": null}, {"text": "four", "start_seconds": 422.72, "end_seconds": 422.88, "confidence": null}, {"text": "days", "start_seconds": 422.88, "end_seconds": 422.96, "confidence": null}, {"text": "I'd", "start_seconds": 423.36, "end_seconds": 423.44, "confidence": null}, {"text": "like", "start_seconds": 423.44, "end_seconds": 423.6, "confidence": null}, {"text": "to", "start_seconds": 423.6, "end_seconds": 423.68, "confidence": null}, {"text": "come", "start_seconds": 423.68, "end_seconds": 423.76, "confidence": null}, {"text": "back", "start_seconds": 423.76, "end_seconds": 423.92, "confidence": null}, {"text": "and", "start_seconds": 423.92, "end_seconds": 424.0, "confidence": null}, {"text": "see", "start_seconds": 424.0, "end_seconds": 424.24, "confidence": null}, {"text": "you", "start_seconds": 424.24, "end_seconds": 424.4, "confidence": null}, {"text": "again", "start_seconds": 424.4, "end_seconds": 424.48, "confidence": null}]}, {"type": "transcript.final", "session_id": "670896f8-2ff4-4da3-9bb2-d0e3c13d2e66", "sequence": 666, "segment_id": 49, "revision": 7, "text": " because if it is ongoing then we have to wonder whether there's something else causing symptoms", "granularity": "word", "items": [{"text": " because", "start_seconds": 426.0, "end_seconds": 426.08, "confidence": null}, {"text": "if", "start_seconds": 426.08, "end_seconds": 426.16, "confidence": null}, {"text": "it", "start_seconds": 426.16, "end_seconds": 426.24, "confidence": null}, {"text": "is", "start_seconds": 426.24, "end_seconds": 426.4, "confidence": null}, {"text": "ongoing", "start_seconds": 426.4, "end_seconds": 426.64, "confidence": null}, {"text": "then", "start_seconds": 426.64, "end_seconds": 426.88, "confidence": null}, {"text": "we", "start_seconds": 426.88, "end_seconds": 426.96, "confidence": null}, {"text": "have", "start_seconds": 426.96, "end_seconds": 427.04, "confidence": null}, {"text": "to", "start_seconds": 427.04, "end_seconds": 427.36, "confidence": null}, {"text": "wonder", "start_seconds": 427.36, "end_seconds": 427.6, "confidence": null}, {"text": "whether", "start_seconds": 427.6, "end_seconds": 427.92, "confidence": null}, {"text": "there's", "start_seconds": 427.92, "end_seconds": 428.08, "confidence": null}, {"text": "something", "start_seconds": 428.08, "end_seconds": 428.16, "confidence": null}, {"text": "else", "start_seconds": 428.16, "end_seconds": 428.48, "confidence": null}, {"text": "causing", "start_seconds": 428.48, "end_seconds": 428.96, "confidence": null}, {"text": "symptoms", "start_seconds": 428.96, "end_seconds": 429.04, "confidence": null}]}, {"type": "transcript.final", "session_id": "670896f8-2ff4-4da3-9bb2-d0e3c13d2e66", "sequence": 676, "segment_id": 50, "revision": 10, "text": " and we may need to do further tests like um taking a sample of your store so we can test that", "granularity": "word", "items": [{"text": " and", "start_seconds": 430.4, "end_seconds": 430.64, "confidence": null}, {"text": "we", "start_seconds": 430.64, "end_seconds": 430.72, "confidence": null}, {"text": "may", "start_seconds": 430.72, "end_seconds": 430.8, "confidence": null}, {"text": "need", "start_seconds": 430.8, "end_seconds": 430.88, "confidence": null}, {"text": "to", "start_seconds": 430.88, "end_seconds": 430.96, "confidence": null}, {"text": "do", "start_seconds": 430.96, "end_seconds": 431.2, "confidence": null}, {"text": "further", "start_seconds": 431.2, "end_seconds": 431.52, "confidence": null}, {"text": "tests", "start_seconds": 431.52, "end_seconds": 431.92, "confidence": null}, {"text": "like", "start_seconds": 432.32, "end_seconds": 432.56, "confidence": null}, {"text": "um", "start_seconds": 432.56, "end_seconds": 432.64, "confidence": null}, {"text": "taking", "start_seconds": 433.04, "end_seconds": 433.44, "confidence": null}, {"text": "a", "start_seconds": 433.44, "end_seconds": 433.52, "confidence": null}, {"text": "sample", "start_seconds": 433.52, "end_seconds": 433.68, "confidence": null}, {"text": "of", "start_seconds": 433.68, "end_seconds": 433.76, "confidence": null}, {"text": "your", "start_seconds": 433.76, "end_seconds": 434.0, "confidence": null}, {"text": "store", "start_seconds": 434.0, "end_seconds": 434.08, "confidence": null}, {"text": "so", "start_seconds": 434.4, "end_seconds": 434.56, "confidence": null}, {"text": "we", "start_seconds": 434.56, "end_seconds": 434.64, "confidence": null}, {"text": "can", "start_seconds": 434.64, "end_seconds": 434.72, "confidence": null}, {"text": "test", "start_seconds": 434.72, "end_seconds": 434.8, "confidence": null}, {"text": "that", "start_seconds": 434.8, "end_seconds": 434.88, "confidence": null}]}, {"type": "transcript.final", "session_id": "670896f8-2ff4-4da3-9bb2-d0e3c13d2e66", "sequence": 680, "segment_id": 51, "revision": 4, "text": " um et cetera et cetera", "granularity": "word", "items": [{"text": " um", "start_seconds": 436.24, "end_seconds": 436.32, "confidence": null}, {"text": "et", "start_seconds": 436.8, "end_seconds": 436.96, "confidence": null}, {"text": "cetera", "start_seconds": 436.96, "end_seconds": 437.2, "confidence": null}, {"text": "et", "start_seconds": 437.2, "end_seconds": 437.44, "confidence": null}, {"text": "cetera", "start_seconds": 437.44, "end_seconds": 437.52, "confidence": null}]}, {"type": "transcript.final", "session_id": "670896f8-2ff4-4da3-9bb2-d0e3c13d2e66", "sequence": 689, "segment_id": 52, "revision": 9, "text": " yeah sure yeah how's that sound that sounds great Yeah yeah do you have any questions for me", "granularity": "word", "items": [{"text": " yeah", "start_seconds": 438.48, "end_seconds": 438.64, "confidence": null}, {"text": "sure", "start_seconds": 438.64, "end_seconds": 438.88, "confidence": null}, {"text": "yeah", "start_seconds": 438.88, "end_seconds": 438.96, "confidence": null}, {"text": "how's", "start_seconds": 439.36, "end_seconds": 439.76, "confidence": null}, {"text": "that", "start_seconds": 439.76, "end_seconds": 439.92, "confidence": null}, {"text": "sound", "start_seconds": 439.92, "end_seconds": 440.0, "confidence": null}, {"text": "that", "start_seconds": 440.72, "end_seconds": 440.8, "confidence": null}, {"text": "sounds", "start_seconds": 440.8, "end_seconds": 440.96, "confidence": null}, {"text": "great", "start_seconds": 440.96, "end_seconds": 441.04, "confidence": null}, {"text": "Yeah", "start_seconds": 441.52, "end_seconds": 441.84, "confidence": null}, {"text": "yeah", "start_seconds": 441.84, "end_seconds": 441.92, "confidence": null}, {"text": "do", "start_seconds": 442.48, "end_seconds": 442.56, "confidence": null}, {"text": "you", "start_seconds": 442.56, "end_seconds": 442.64, "confidence": null}, {"text": "have", "start_seconds": 442.64, "end_seconds": 442.72, "confidence": null}, {"text": "any", "start_seconds": 442.72, "end_seconds": 442.8, "confidence": null}, {"text": "questions", "start_seconds": 442.8, "end_seconds": 443.04, "confidence": null}, {"text": "for", "start_seconds": 443.04, "end_seconds": 443.12, "confidence": null}, {"text": "me", "start_seconds": 443.12, "end_seconds": 443.2, "confidence": null}]}, {"type": "transcript.final", "session_id": "670896f8-2ff4-4da3-9bb2-d0e3c13d2e66", "sequence": 696, "segment_id": 53, "revision": 7, "text": " um no further questions okay is is is the treatment plan clear", "granularity": "word", "items": [{"text": " um", "start_seconds": 444.64, "end_seconds": 444.88, "confidence": null}, {"text": "no", "start_seconds": 444.88, "end_seconds": 444.96, "confidence": null}, {"text": "further", "start_seconds": 445.76, "end_seconds": 446.0, "confidence": null}, {"text": "questions", "start_seconds": 446.0, "end_seconds": 446.08, "confidence": null}, {"text": "okay", "start_seconds": 447.2, "end_seconds": 447.28, "confidence": null}, {"text": "is", "start_seconds": 447.68, "end_seconds": 447.92, "confidence": null}, {"text": "is", "start_seconds": 447.92, "end_seconds": 448.0, "confidence": null}, {"text": "is", "start_seconds": 448.0, "end_seconds": 448.24, "confidence": null}, {"text": "the", "start_seconds": 448.24, "end_seconds": 448.32, "confidence": null}, {"text": "treatment", "start_seconds": 448.32, "end_seconds": 448.48, "confidence": null}, {"text": "plan", "start_seconds": 448.48, "end_seconds": 448.72, "confidence": null}, {"text": "clear", "start_seconds": 448.72, "end_seconds": 448.8, "confidence": null}]}, {"type": "transcript.final", "session_id": "670896f8-2ff4-4da3-9bb2-d0e3c13d2e66", "sequence": 707, "segment_id": 54, "revision": 11, "text": " uh yeah yeah that's that's very clear thank you great well I wish you all the best okay thank you thank you bye", "granularity": "word", "items": [{"text": " uh", "start_seconds": 449.84, "end_seconds": 449.92, "confidence": null}, {"text": "yeah", "start_seconds": 450.24, "end_seconds": 450.4, "confidence": null}, {"text": "yeah", "start_seconds": 450.4, "end_seconds": 450.8, "confidence": null}, {"text": "that's", "start_seconds": 450.8, "end_seconds": 450.96, "confidence": null}, {"text": "that's", "start_seconds": 450.96, "end_seconds": 451.28, "confidence": null}, {"text": "very", "start_seconds": 451.28, "end_seconds": 451.44, "confidence": null}, {"text": "clear", "start_seconds": 451.44, "end_seconds": 451.68, "confidence": null}, {"text": "thank", "start_seconds": 451.68, "end_seconds": 451.76, "confidence": null}, {"text": "you", "start_seconds": 451.76, "end_seconds": 451.84, "confidence": null}, {"text": "great", "start_seconds": 452.48, "end_seconds": 452.8, "confidence": null}, {"text": "well", "start_seconds": 452.8, "end_seconds": 452.88, "confidence": null}, {"text": "I", "start_seconds": 452.88, "end_seconds": 452.96, "confidence": null}, {"text": "wish", "start_seconds": 452.96, "end_seconds": 453.12, "confidence": null}, {"text": "you", "start_seconds": 453.12, "end_seconds": 453.2, "confidence": null}, {"text": "all", "start_seconds": 453.2, "end_seconds": 453.28, "confidence": null}, {"text": "the", "start_seconds": 453.28, "end_seconds": 453.36, "confidence": null}, {"text": "best", "start_seconds": 453.36, "end_seconds": 453.44, "confidence": null}, {"text": "okay", "start_seconds": 453.84, "end_seconds": 453.92, "confidence": null}, {"text": "thank", "start_seconds": 454.24, "end_seconds": 454.32, "confidence": null}, {"text": "you", "start_seconds": 454.32, "end_seconds": 454.4, "confidence": null}, {"text": "thank", "start_seconds": 454.8, "end_seconds": 454.96, "confidence": null}, {"text": "you", "start_seconds": 454.96, "end_seconds": 455.04, "confidence": null}, {"text": "bye", "start_seconds": 455.84, "end_seconds": 456.08, "confidence": null}]}], "audio_seconds": 457.92, "processing_seconds": 457.9503943009986, "first_partial_seconds": 3.410086162999505, "first_final_seconds": 5.649788537997665, "finalization_seconds": 0.029157531997043407}
{"event": "medical_case_start", "case": "en-02", "mode": "complete-file", "file": "ready/en/day1_consultation02_conversation.wav", "sha256": "58283edfe790ba2dd2c5d72af217e24c1f1a22f8a7c28b9f2691f0b5250d8602", "expected_audio_seconds": 559.2, "options": {"model": "nemotron-speech-en-0.6b", "language": "en-US", "chunk_size_ms": 560, "strip_language_tags": true, "output_granularity": "word", "stop_history_eou_ms": 800}}
{"event": "medical_measurement", "case": "en-02", "mode": "complete-file", "sha256": "58283edfe790ba2dd2c5d72af217e24c1f1a22f8a7c28b9f2691f0b5250d8602", "expected_audio_seconds": 559.2, "all_samples_processed": true, "nonempty": true, "peak_gpu_allocated_bytes": 2721856000, "real_time_factor": 0.052660079998210346, "text": "Hello hello, can you hear me wellUh yes, I think it's a bit better. So it's a bit it's a bit it's not very clear but let let's continue anyway okay let's start again. So how can I help you sirYes so it's been uh few days now I have like a saw and a red skin it's kind of it's really itchy and it's like super annoying so I like to find something quick to solve it no problems I'm happy to help um whereabouts in your skin is it affected uh mostly like my chest my my hands my arms like I creates it's super annoying like it's itching a lot like all the time and I can't even sleep at night like I really need something quickly to to solve it because even at work I like um when I'm in the meeting and I have to like uh think about my work and focus like actually focus on my work it's really annoying because I can't actually think about uh what I have to say I'm always like uh disturbed by this disease no no okay sadness is obviously affecting you and uh we'll try our very best to get get us sort out for you have you had anything like this before in the past um so yes earlier I was like prescribed for my eczema okay and they gave me like some cream and something to uh when I like was chaot when I was in the shower had to put something okay but um did it help and I mean at that time yes but the symptoms like these symptoms are uh like when these symptoms appeared again I tried those and it didn't work I've tried a few things like I bought like a steroid cream at the pharmacy last night but it apparently didn't help because it's still itching a lot today okay uh yeah do you remember the name of the cream you bought uh stirrid cream okay steroid okay uh okay um do would you say do symptoms are very similar to your eczema symptoms or different um it's much more like itchy and my eczema was more like only in the arm and now it's al also on the chest and in the and the on the hands as well like I like for instance hiking during the weekends and I um I can't really do it anymore because it's like very like like I want it to the that last weekend it was super painful and I have to take like showers every day to be able to kind of ease this itching part which is very very annoying no well okay that's okay so you mentioned the itchiness um you also mentioned it's been quite sore um have you have you noticed any uh bleeding or discharge from your skin no um so my skin is a bit cracked in some parts like kind of cracked if you see what I mean okay but uh yeah I have not any other uh pus or blood coming out of your skin no no and you mentioned it all started three days ago are you four days ago four days ago are you aware of any triggers so anything that you may have done that may have caused your symptoms to start so for example have you changed your uh shower gel any clothing have you been around anyone no it's actually like it's very annoying because I'm thinking about may maybe I should change something because I I haven't and I don't understand and I'm kind of um afraid of asking people around me because it's kind of you know um I don't feel really comfortable asking about these questions it's kind of intimate and so I no okay that's okay fine so just to resummarize for the last four days you've had very itchy skin very sore skin all over your body, mainly your chest and did you also mention your arms and legs as well just the chest hands and like like inside the elbows okay and anything on your face at all in my what on your face oh on my face no no okay and apart from this any other symptoms have you noticed for example have you noticed any temperature or fevers no just itching itching nothing else okay so your your bowels are working okay you're chest is okay no cough no breathing difficulties no you're passing urine okay uh I think so okay all right um it's always good to know so I mean do you have any ideas as to what could be causing your symptoms any what any ideas as to what could be causing your symptoms um I um so I had eczema before so maybe it's this but it seems like more uh like uh my eczema was only on the arm so I'm I'm not sure I I really have no idea okay that's okay so um normally at this stage I like to examine you um to see the rash itself and see exactly what type of rash it is but from what you've told me you mention it's you've got some dry skin and some uh cracked skin as well uh and it's been very itchy and so with your um your your background of eczema um sorry couple of questions I wanted to ask you which I completely forgot my apologies um apart from the eczema do you have any other medical problems I should be aware of uh no I just had asthma in the past but okay not anymore not anymore okay and do you take any regular medications at the moment uh no okay do you have any allergies to anything sorry sorry hello hello yes can you hear me uh sorry I think it cra uh do you have any allergies at all? Oh, allergies uh no no okay um and tell me about your um your situation at home who do you live with um so um I live with a few flatmates I'm uh so you know I'm thirty one uh I yeah I'm I have a full time job and so I'm living with a few people to save money okay and what do you do for workUh, I work uh at a pharmaceutical company so it's been uh it's been a few years now uh it's uh it's kind of interesting we're working I'm a like a kind of project manager I mean do you want to to know more about it no no no that's absolutely fine just couple of questions I want to ask you which can sometimes affect your symptoms is do you smoke at allNo, no, and do you drink much in a way of alcoholUh you know once in a while I can I like hanging out with people once in a while so yeah I'd say a few a few beers per week something like this nothing nothing crazy I used to drink a lot more when I was younger but it's been it's been a while okay okay I gotta say at this stage I've got to say the sound quality is not uh great but I will continue because we've come this far um so um based on everything you mentioned sir I I do wonder whether this is a flare up of your eczema um the reason being that you said it's quite itchy um it's manufacturing your chest and your back and uh the having looked at your skin uh the the rash does appear quite familiar you mentioned using steroid creams yesterday um from the pharmacy I wonder whether giving you stronger prescription of a of a steroid may be beneficial which I'm happy to prescribe to you today as well as I'm gonna give you something some ammoience which helps to moisturise the skin um which you use in the bath and shower and it's definitely worth um using that for the first seven to ten days uh before we make a decision on whether it's working or not it's also worth um using antihistamines which you can sometimes buy over the counter things like latidine or puritan which can help the itchiness of your skin and uh um it's also worth keeping a diary of any triggers which are affecting your symptoms anything you wear or anything you use in terms of shower gels or soap because if that's causing your symptoms then we need to have a discussion about that next time I see you okay just I I have tried antihistamines uh lately but it didn't really help oh could you say again sorry I have tried the antihistamines okay uh but it didn't really help again okay so it's something for you to think about you you can get different type of antistamines I can give you something a little bit stronger today as well something like fetcophenidine which I can give to you today it's definitely worth trying it it's not gonna do you any harm but I certainly think using the steroids and the emollients um on a regular basis um over the next week to ten days should hopefully control your symptoms but do come back and see me next week if things don't get better that sounds good okay um do you have any questions for me no that's it okay well I wish you all the best thank you very much have a good day bye bye", "segments": [{"type": "transcript.final", "session_id": "3f14b64d-d08d-482f-be04-ffe2157cf437", "sequence": 2, "segment_id": 0, "revision": 2, "text": " Hello", "granularity": "word", "items": [{"text": " Hello", "start_seconds": 2.32, "end_seconds": 2.48, "confidence": null}]}, {"type": "transcript.final", "session_id": "3f14b64d-d08d-482f-be04-ffe2157cf437", "sequence": 5, "segment_id": 1, "revision": 3, "text": " hello, can you hear me well", "granularity": "word", "items": [{"text": " hello,", "start_seconds": 3.92, "end_seconds": 4.08, "confidence": null}, {"text": "can", "start_seconds": 5.04, "end_seconds": 5.12, "confidence": null}, {"text": "you", "start_seconds": 5.12, "end_seconds": 5.2, "confidence": null}, {"text": "hear", "start_seconds": 5.2, "end_seconds": 5.28, "confidence": null}, {"text": "me", "start_seconds": 5.28, "end_seconds": 5.52, "confidence": null}, {"text": "well", "start_seconds": 5.52, "end_seconds": 5.6, "confidence": null}]}, {"type": "transcript.final", "session_id": "3f14b64d-d08d-482f-be04-ffe2157cf437", "sequence": 16, "segment_id": 2, "revision": 11, "text": "Uh yes, I think it's a bit better. So it's a bit it's a bit it's not very clear but let let's continue anyway", "granularity": "word", "items": [{"text": "Uh", "start_seconds": 6.8, "end_seconds": 6.88, "confidence": null}, {"text": "yes,", "start_seconds": 7.28, "end_seconds": 7.36, "confidence": null}, {"text": "I", "start_seconds": 7.84, "end_seconds": 7.92, "confidence": null}, {"text": "think", "start_seconds": 7.92, "end_seconds": 8.0, "confidence": null}, {"text": "it's", "start_seconds": 8.4, "end_seconds": 8.48, "confidence": null}, {"text": "a", "start_seconds": 8.48, "end_seconds": 8.56, "confidence": null}, {"text": "bit", "start_seconds": 8.56, "end_seconds": 8.8, "confidence": null}, {"text": "better.", "start_seconds": 8.8, "end_seconds": 9.12, "confidence": null}, {"text": "So", "start_seconds": 9.12, "end_seconds": 9.28, "confidence": null}, {"text": "it's", "start_seconds": 9.28, "end_seconds": 9.36, "confidence": null}, {"text": "a", "start_seconds": 9.36, "end_seconds": 9.44, "confidence": null}, {"text": "bit", "start_seconds": 9.44, "end_seconds": 9.76, "confidence": null}, {"text": "it's", "start_seconds": 9.76, "end_seconds": 10.0, "confidence": null}, {"text": "a", "start_seconds": 10.0, "end_seconds": 10.08, "confidence": null}, {"text": "bit", "start_seconds": 10.08, "end_seconds": 10.16, "confidence": null}, {"text": "it's", "start_seconds": 10.4, "end_seconds": 10.56, "confidence": null}, {"text": "not", "start_seconds": 10.56, "end_seconds": 10.64, "confidence": null}, {"text": "very", "start_seconds": 10.64, "end_seconds": 10.72, "confidence": null}, {"text": "clear", "start_seconds": 10.72, "end_seconds": 10.8, "confidence": null}, {"text": "but", "start_seconds": 11.2, "end_seconds": 11.28, "confidence": null}, {"text": "let", "start_seconds": 11.6, "end_seconds": 11.68, "confidence": null}, {"text": "let's", "start_seconds": 11.68, "end_seconds": 11.84, "confidence": null}, {"text": "continue", "start_seconds": 11.84, "end_seconds": 12.0, "confidence": null}, {"text": "anyway", "start_seconds": 12.0, "end_seconds": 12.24, "confidence": null}]}, {"type": "transcript.final", "session_id": "3f14b64d-d08d-482f-be04-ffe2157cf437", "sequence": 22, "segment_id": 3, "revision": 6, "text": " okay let's start again. So how can I help you sir", "granularity": "word", "items": [{"text": " okay", "start_seconds": 13.84, "end_seconds": 14.32, "confidence": null}, {"text": "let's", "start_seconds": 14.32, "end_seconds": 14.56, "confidence": null}, {"text": "start", "start_seconds": 14.56, "end_seconds": 14.64, "confidence": null}, {"text": "again.", "start_seconds": 14.64, "end_seconds": 14.88, "confidence": null}, {"text": "So", "start_seconds": 14.88, "end_seconds": 15.04, "confidence": null}, {"text": "how", "start_seconds": 15.04, "end_seconds": 15.12, "confidence": null}, {"text": "can", "start_seconds": 15.12, "end_seconds": 15.2, "confidence": null}, {"text": "I", "start_seconds": 15.2, "end_seconds": 15.28, "confidence": null}, {"text": "help", "start_seconds": 15.28, "end_seconds": 15.36, "confidence": null}, {"text": "you", "start_seconds": 15.36, "end_seconds": 15.44, "confidence": null}, {"text": "sir", "start_seconds": 15.76, "end_seconds": 15.84, "confidence": null}]}, {"type": "transcript.final", "session_id": "3f14b64d-d08d-482f-be04-ffe2157cf437", "sequence": 50, "segment_id": 4, "revision": 28, "text": "Yes so it's been uh few days now I have like a saw and a red skin it's kind of it's really itchy and it's like super annoying so I like to find something quick to solve it no problems I'm happy to help um whereabouts in your skin is it affected", "granularity": "word", "items": [{"text": "Yes", "start_seconds": 16.88, "end_seconds": 16.96, "confidence": null}, {"text": "so", "start_seconds": 17.6, "end_seconds": 17.92, "confidence": null}, {"text": "it's", "start_seconds": 17.92, "end_seconds": 18.08, "confidence": null}, {"text": "been", "start_seconds": 18.08, "end_seconds": 18.16, "confidence": null}, {"text": "uh", "start_seconds": 18.56, "end_seconds": 18.72, "confidence": null}, {"text": "few", "start_seconds": 18.72, "end_seconds": 18.8, "confidence": null}, {"text": "days", "start_seconds": 18.8, "end_seconds": 19.04, "confidence": null}, {"text": "now", "start_seconds": 19.04, "end_seconds": 19.12, "confidence": null}, {"text": "I", "start_seconds": 19.6, "end_seconds": 19.76, "confidence": null}, {"text": "have", "start_seconds": 19.76, "end_seconds": 19.84, "confidence": null}, {"text": "like", "start_seconds": 19.84, "end_seconds": 20.16, "confidence": null}, {"text": "a", "start_seconds": 20.16, "end_seconds": 20.24, "confidence": null}, {"text": "saw", "start_seconds": 20.72, "end_seconds": 21.04, "confidence": null}, {"text": "and", "start_seconds": 21.04, "end_seconds": 21.12, "confidence": null}, {"text": "a", "start_seconds": 21.12, "end_seconds": 21.36, "confidence": null}, {"text": "red", "start_seconds": 21.36, "end_seconds": 21.52, "confidence": null}, {"text": "skin", "start_seconds": 21.52, "end_seconds": 21.84, "confidence": null}, {"text": "it's", "start_seconds": 21.84, "end_seconds": 22.0, "confidence": null}, {"text": "kind", "start_seconds": 22.0, "end_seconds": 22.08, "confidence": null}, {"text": "of", "start_seconds": 22.08, "end_seconds": 22.4, "confidence": null}, {"text": "it's", "start_seconds": 22.4, "end_seconds": 22.64, "confidence": null}, {"text": "really", "start_seconds": 22.64, "end_seconds": 22.96, "confidence": null}, {"text": "itchy", "start_seconds": 22.96, "end_seconds": 23.52, "confidence": null}, {"text": "and", "start_seconds": 23.52, "end_seconds": 23.6, "confidence": null}, {"text": "it's", "start_seconds": 23.6, "end_seconds": 23.76, "confidence": null}, {"text": "like", "start_seconds": 23.76, "end_seconds": 23.84, "confidence": null}, {"text": "super", "start_seconds": 24.16, "end_seconds": 24.48, "confidence": null}, {"text": "annoying", "start_seconds": 24.48, "end_seconds": 24.64, "confidence": null}, {"text": "so", "start_seconds": 25.36, "end_seconds": 25.6, "confidence": null}, {"text": "I", "start_seconds": 25.6, "end_seconds": 25.84, "confidence": null}, {"text": "like", "start_seconds": 25.84, "end_seconds": 26.0, "confidence": null}, {"text": "to", "start_seconds": 26.0, "end_seconds": 26.08, "confidence": null}, {"text": "find", "start_seconds": 26.4, "end_seconds": 26.56, "confidence": null}, {"text": "something", "start_seconds": 26.56, "end_seconds": 26.88, "confidence": null}, {"text": "quick", "start_seconds": 26.88, "end_seconds": 27.12, "confidence": null}, {"text": "to", "start_seconds": 27.12, "end_seconds": 27.2, "confidence": null}, {"text": "solve", "start_seconds": 27.52, "end_seconds": 27.76, "confidence": null}, {"text": "it", "start_seconds": 27.76, "end_seconds": 27.84, "confidence": null}, {"text": "no", "start_seconds": 28.24, "end_seconds": 28.32, "confidence": null}, {"text": "problems", "start_seconds": 28.64, "end_seconds": 28.88, "confidence": null}, {"text": "I'm", "start_seconds": 28.88, "end_seconds": 29.04, "confidence": null}, {"text": "happy", "start_seconds": 29.04, "end_seconds": 29.12, "confidence": null}, {"text": "to", "start_seconds": 29.12, "end_seconds": 29.2, "confidence": null}, {"text": "help", "start_seconds": 29.2, "end_seconds": 29.28, "confidence": null}, {"text": "um", "start_seconds": 29.92, "end_seconds": 30.0, "confidence": null}, {"text": "whereabouts", "start_seconds": 30.4, "end_seconds": 30.8, "confidence": null}, {"text": "in", "start_seconds": 30.8, "end_seconds": 30.96, "confidence": null}, {"text": "your", "start_seconds": 30.96, "end_seconds": 31.04, "confidence": null}, {"text": "skin", "start_seconds": 31.04, "end_seconds": 31.36, "confidence": null}, {"text": "is", "start_seconds": 31.36, "end_seconds": 31.44, "confidence": null}, {"text": "it", "start_seconds": 31.44, "end_seconds": 31.6, "confidence": null}, {"text": "affected", "start_seconds": 31.6, "end_seconds": 31.76, "confidence": null}]}, {"type": "transcript.final", "session_id": "3f14b64d-d08d-482f-be04-ffe2157cf437", "sequence": 58, "segment_id": 5, "revision": 8, "text": " uh mostly like my chest my my hands my arms like", "granularity": "word", "items": [{"text": " uh", "start_seconds": 33.04, "end_seconds": 33.36, "confidence": null}, {"text": "mostly", "start_seconds": 33.36, "end_seconds": 33.6, "confidence": null}, {"text": "like", "start_seconds": 33.6, "end_seconds": 33.92, "confidence": null}, {"text": "my", "start_seconds": 33.92, "end_seconds": 34.0, "confidence": null}, {"text": "chest", "start_seconds": 34.72, "end_seconds": 34.8, "confidence": null}, {"text": "my", "start_seconds": 35.12, "end_seconds": 35.44, "confidence": null}, {"text": "my", "start_seconds": 35.44, "end_seconds": 35.52, "confidence": null}, {"text": "hands", "start_seconds": 35.84, "end_seconds": 36.08, "confidence": null}, {"text": "my", "start_seconds": 36.08, "end_seconds": 36.4, "confidence": null}, {"text": "arms", "start_seconds": 36.4, "end_seconds": 36.48, "confidence": null}, {"text": "like", "start_seconds": 37.04, "end_seconds": 37.12, "confidence": null}]}, {"type": "transcript.final", "session_id": "3f14b64d-d08d-482f-be04-ffe2157cf437", "sequence": 111, "segment_id": 6, "revision": 53, "text": " I creates it's super annoying like it's itching a lot like all the time and I can't even sleep at night like I really need something quickly to to solve it because even at work I like um when I'm in the meeting and I have to like uh think about my work and focus like actually focus on my work it's really annoying because I can't actually think about uh what I have to say I'm always like uh disturbed by this disease no no okay sadness is obviously affecting you and uh we'll try our very best to get get us sort out for you have you had anything like this before in the past", "granularity": "word", "items": [{"text": " I", "start_seconds": 38.08, "end_seconds": 38.16, "confidence": null}, {"text": "creates", "start_seconds": 38.16, "end_seconds": 38.48, "confidence": null}, {"text": "it's", "start_seconds": 38.48, "end_seconds": 38.72, "confidence": null}, {"text": "super", "start_seconds": 38.72, "end_seconds": 38.8, "confidence": null}, {"text": "annoying", "start_seconds": 38.8, "end_seconds": 39.2, "confidence": null}, {"text": "like", "start_seconds": 39.2, "end_seconds": 39.36, "confidence": null}, {"text": "it's", "start_seconds": 39.36, "end_seconds": 39.76, "confidence": null}, {"text": "itching", "start_seconds": 39.76, "end_seconds": 40.08, "confidence": null}, {"text": "a", "start_seconds": 40.08, "end_seconds": 40.16, "confidence": null}, {"text": "lot", "start_seconds": 40.16, "end_seconds": 40.48, "confidence": null}, {"text": "like", "start_seconds": 40.48, "end_seconds": 40.72, "confidence": null}, {"text": "all", "start_seconds": 40.72, "end_seconds": 40.96, "confidence": null}, {"text": "the", "start_seconds": 40.96, "end_seconds": 41.04, "confidence": null}, {"text": "time", "start_seconds": 41.04, "end_seconds": 41.12, "confidence": null}, {"text": "and", "start_seconds": 41.44, "end_seconds": 41.68, "confidence": null}, {"text": "I", "start_seconds": 41.68, "end_seconds": 42.0, "confidence": null}, {"text": "can't", "start_seconds": 42.0, "end_seconds": 42.08, "confidence": null}, {"text": "even", "start_seconds": 42.08, "end_seconds": 42.32, "confidence": null}, {"text": "sleep", "start_seconds": 42.32, "end_seconds": 42.64, "confidence": null}, {"text": "at", "start_seconds": 42.64, "end_seconds": 42.8, "confidence": null}, {"text": "night", "start_seconds": 42.8, "end_seconds": 42.88, "confidence": null}, {"text": "like", "start_seconds": 43.6, "end_seconds": 43.76, "confidence": null}, {"text": "I", "start_seconds": 43.76, "end_seconds": 43.92, "confidence": null}, {"text": "really", "start_seconds": 43.92, "end_seconds": 44.08, "confidence": null}, {"text": "need", "start_seconds": 44.08, "end_seconds": 44.32, "confidence": null}, {"text": "something", "start_seconds": 44.32, "end_seconds": 44.48, "confidence": null}, {"text": "quickly", "start_seconds": 44.48, "end_seconds": 44.88, "confidence": null}, {"text": "to", "start_seconds": 44.88, "end_seconds": 45.2, "confidence": null}, {"text": "to", "start_seconds": 45.2, "end_seconds": 45.44, "confidence": null}, {"text": "solve", "start_seconds": 45.44, "end_seconds": 45.6, "confidence": null}, {"text": "it", "start_seconds": 45.6, "end_seconds": 45.76, "confidence": null}, {"text": "because", "start_seconds": 45.76, "end_seconds": 46.0, "confidence": null}, {"text": "even", "start_seconds": 46.0, "end_seconds": 46.24, "confidence": null}, {"text": "at", "start_seconds": 46.24, "end_seconds": 46.4, "confidence": null}, {"text": "work", "start_seconds": 46.4, "end_seconds": 46.48, "confidence": null}, {"text": "I", "start_seconds": 46.8, "end_seconds": 46.88, "confidence": null}, {"text": "like", "start_seconds": 47.28, "end_seconds": 47.68, "confidence": null}, {"text": "um", "start_seconds": 47.68, "end_seconds": 48.0, "confidence": null}, {"text": "when", "start_seconds": 48.0, "end_seconds": 48.16, "confidence": null}, {"text": "I'm", "start_seconds": 48.16, "end_seconds": 48.32, "confidence": null}, {"text": "in", "start_seconds": 48.32, "end_seconds": 48.4, "confidence": null}, {"text": "the", "start_seconds": 48.4, "end_seconds": 48.56, "confidence": null}, {"text": "meeting", "start_seconds": 48.56, "end_seconds": 48.72, "confidence": null}, {"text": "and", "start_seconds": 48.72, "end_seconds": 48.88, "confidence": null}, {"text": "I", "start_seconds": 48.88, "end_seconds": 48.96, "confidence": null}, {"text": "have", "start_seconds": 48.96, "end_seconds": 49.04, "confidence": null}, {"text": "to", "start_seconds": 49.04, "end_seconds": 49.12, "confidence": null}, {"text": "like", "start_seconds": 49.44, "end_seconds": 49.52, "confidence": null}, {"text": "uh", "start_seconds": 49.84, "end_seconds": 50.08, "confidence": null}, {"text": "think", "start_seconds": 50.08, "end_seconds": 50.16, "confidence": null}, {"text": "about", "start_seconds": 50.16, "end_seconds": 50.24, "confidence": null}, {"text": "my", "start_seconds": 50.56, "end_seconds": 50.64, "confidence": null}, {"text": "work", "start_seconds": 50.96, "end_seconds": 51.04, "confidence": null}, {"text": "and", "start_seconds": 51.52, "end_seconds": 51.68, "confidence": null}, {"text": "focus", "start_seconds": 51.68, "end_seconds": 51.76, "confidence": null}, {"text": "like", "start_seconds": 52.08, "end_seconds": 52.32, "confidence": null}, {"text": "actually", "start_seconds": 52.32, "end_seconds": 52.56, "confidence": null}, {"text": "focus", "start_seconds": 52.56, "end_seconds": 52.8, "confidence": null}, {"text": "on", "start_seconds": 52.8, "end_seconds": 52.88, "confidence": null}, {"text": "my", "start_seconds": 52.88, "end_seconds": 52.96, "confidence": null}, {"text": "work", "start_seconds": 52.96, "end_seconds": 53.04, "confidence": null}, {"text": "it's", "start_seconds": 53.36, "end_seconds": 53.52, "confidence": null}, {"text": "really", "start_seconds": 53.92, "end_seconds": 54.0, "confidence": null}, {"text": "annoying", "start_seconds": 54.32, "end_seconds": 54.72, "confidence": null}, {"text": "because", "start_seconds": 54.72, "end_seconds": 54.8, "confidence": null}, {"text": "I", "start_seconds": 54.8, "end_seconds": 54.88, "confidence": null}, {"text": "can't", "start_seconds": 54.88, "end_seconds": 55.28, "confidence": null}, {"text": "actually", "start_seconds": 55.28, "end_seconds": 55.52, "confidence": null}, {"text": "think", "start_seconds": 55.52, "end_seconds": 55.6, "confidence": null}, {"text": "about", "start_seconds": 56.0, "end_seconds": 56.08, "confidence": null}, {"text": "uh", "start_seconds": 56.8, "end_seconds": 57.12, "confidence": null}, {"text": "what", "start_seconds": 57.12, "end_seconds": 57.2, "confidence": null}, {"text": "I", "start_seconds": 57.2, "end_seconds": 57.28, "confidence": null}, {"text": "have", "start_seconds": 57.68, "end_seconds": 57.76, "confidence": null}, {"text": "to", "start_seconds": 57.76, "end_seconds": 57.84, "confidence": null}, {"text": "say", "start_seconds": 57.84, "end_seconds": 58.0, "confidence": null}, {"text": "I'm", "start_seconds": 58.0, "end_seconds": 58.16, "confidence": null}, {"text": "always", "start_seconds": 58.16, "end_seconds": 58.24, "confidence": null}, {"text": "like", "start_seconds": 58.8, "end_seconds": 58.88, "confidence": null}, {"text": "uh", "start_seconds": 59.36, "end_seconds": 59.44, "confidence": null}, {"text": "disturbed", "start_seconds": 59.92, "end_seconds": 60.24, "confidence": null}, {"text": "by", "start_seconds": 60.24, "end_seconds": 60.32, "confidence": null}, {"text": "this", "start_seconds": 60.32, "end_seconds": 60.4, "confidence": null}, {"text": "disease", "start_seconds": 60.88, "end_seconds": 61.44, "confidence": null}, {"text": "no", "start_seconds": 61.44, "end_seconds": 61.68, "confidence": null}, {"text": "no", "start_seconds": 61.68, "end_seconds": 61.92, "confidence": null}, {"text": "okay", "start_seconds": 61.92, "end_seconds": 62.0, "confidence": null}, {"text": "sadness", "start_seconds": 62.96, "end_seconds": 63.28, "confidence": null}, {"text": "is", "start_seconds": 63.28, "end_seconds": 63.36, "confidence": null}, {"text": "obviously", "start_seconds": 63.36, "end_seconds": 63.52, "confidence": null}, {"text": "affecting", "start_seconds": 63.52, "end_seconds": 63.76, "confidence": null}, {"text": "you", "start_seconds": 63.76, "end_seconds": 63.84, "confidence": null}, {"text": "and", "start_seconds": 64.4, "end_seconds": 64.48, "confidence": null}, {"text": "uh", "start_seconds": 64.48, "end_seconds": 64.56, "confidence": null}, {"text": "we'll", "start_seconds": 64.96, "end_seconds": 65.12, "confidence": null}, {"text": "try", "start_seconds": 65.12, "end_seconds": 65.2, "confidence": null}, {"text": "our", "start_seconds": 65.2, "end_seconds": 65.28, "confidence": null}, {"text": "very", "start_seconds": 65.28, "end_seconds": 65.36, "confidence": null}, {"text": "best", "start_seconds": 65.36, "end_seconds": 65.52, "confidence": null}, {"text": "to", "start_seconds": 65.52, "end_seconds": 65.76, "confidence": null}, {"text": "get", "start_seconds": 65.76, "end_seconds": 66.0, "confidence": null}, {"text": "get", "start_seconds": 66.0, "end_seconds": 66.24, "confidence": null}, {"text": "us", "start_seconds": 66.24, "end_seconds": 66.32, "confidence": null}, {"text": "sort", "start_seconds": 66.64, "end_seconds": 66.96, "confidence": null}, {"text": "out", "start_seconds": 66.96, "end_seconds": 67.04, "confidence": null}, {"text": "for", "start_seconds": 67.04, "end_seconds": 67.12, "confidence": null}, {"text": "you", "start_seconds": 67.12, "end_seconds": 67.2, "confidence": null}, {"text": "have", "start_seconds": 67.92, "end_seconds": 68.08, "confidence": null}, {"text": "you", "start_seconds": 68.08, "end_seconds": 68.24, "confidence": null}, {"text": "had", "start_seconds": 68.24, "end_seconds": 68.4, "confidence": null}, {"text": "anything", "start_seconds": 68.4, "end_seconds": 68.56, "confidence": null}, {"text": "like", "start_seconds": 68.56, "end_seconds": 68.72, "confidence": null}, {"text": "this", "start_seconds": 68.72, "end_seconds": 68.88, "confidence": null}, {"text": "before", "start_seconds": 68.88, "end_seconds": 69.12, "confidence": null}, {"text": "in", "start_seconds": 69.12, "end_seconds": 69.2, "confidence": null}, {"text": "the", "start_seconds": 69.2, "end_seconds": 69.36, "confidence": null}, {"text": "past", "start_seconds": 69.36, "end_seconds": 69.44, "confidence": null}]}, {"type": "transcript.final", "session_id": "3f14b64d-d08d-482f-be04-ffe2157cf437", "sequence": 120, "segment_id": 7, "revision": 9, "text": " um so yes earlier I was like prescribed for my eczema okay", "granularity": "word", "items": [{"text": " um", "start_seconds": 71.76, "end_seconds": 71.84, "confidence": null}, {"text": "so", "start_seconds": 72.24, "end_seconds": 72.48, "confidence": null}, {"text": "yes", "start_seconds": 72.48, "end_seconds": 72.56, "confidence": null}, {"text": "earlier", "start_seconds": 73.52, "end_seconds": 73.76, "confidence": null}, {"text": "I", "start_seconds": 73.76, "end_seconds": 73.92, "confidence": null}, {"text": "was", "start_seconds": 73.92, "end_seconds": 74.08, "confidence": null}, {"text": "like", "start_seconds": 74.08, "end_seconds": 74.16, "confidence": null}, {"text": "prescribed", "start_seconds": 74.48, "end_seconds": 74.8, "confidence": null}, {"text": "for", "start_seconds": 74.8, "end_seconds": 74.96, "confidence": null}, {"text": "my", "start_seconds": 74.96, "end_seconds": 75.2, "confidence": null}, {"text": "eczema", "start_seconds": 75.2, "end_seconds": 75.68, "confidence": null}, {"text": "okay", "start_seconds": 76.24, "end_seconds": 76.32, "confidence": null}]}, {"type": "transcript.final", "session_id": "3f14b64d-d08d-482f-be04-ffe2157cf437", "sequence": 137, "segment_id": 8, "revision": 17, "text": " and they gave me like some cream and something to uh when I like was chaot when I was in the shower had to put something okay but um", "granularity": "word", "items": [{"text": " and", "start_seconds": 77.28, "end_seconds": 77.36, "confidence": null}, {"text": "they", "start_seconds": 77.84, "end_seconds": 78.0, "confidence": null}, {"text": "gave", "start_seconds": 78.0, "end_seconds": 78.08, "confidence": null}, {"text": "me", "start_seconds": 78.08, "end_seconds": 78.16, "confidence": null}, {"text": "like", "start_seconds": 78.16, "end_seconds": 78.4, "confidence": null}, {"text": "some", "start_seconds": 78.4, "end_seconds": 78.48, "confidence": null}, {"text": "cream", "start_seconds": 78.96, "end_seconds": 79.04, "confidence": null}, {"text": "and", "start_seconds": 79.52, "end_seconds": 79.68, "confidence": null}, {"text": "something", "start_seconds": 79.68, "end_seconds": 79.76, "confidence": null}, {"text": "to", "start_seconds": 80.08, "end_seconds": 80.16, "confidence": null}, {"text": "uh", "start_seconds": 80.72, "end_seconds": 80.96, "confidence": null}, {"text": "when", "start_seconds": 80.96, "end_seconds": 81.12, "confidence": null}, {"text": "I", "start_seconds": 81.12, "end_seconds": 81.2, "confidence": null}, {"text": "like", "start_seconds": 81.6, "end_seconds": 81.92, "confidence": null}, {"text": "was", "start_seconds": 81.92, "end_seconds": 82.0, "confidence": null}, {"text": "chaot", "start_seconds": 82.56, "end_seconds": 82.64, "confidence": null}, {"text": "when", "start_seconds": 83.12, "end_seconds": 83.2, "confidence": null}, {"text": "I", "start_seconds": 83.2, "end_seconds": 83.28, "confidence": null}, {"text": "was", "start_seconds": 83.28, "end_seconds": 83.36, "confidence": null}, {"text": "in", "start_seconds": 83.36, "end_seconds": 83.52, "confidence": null}, {"text": "the", "start_seconds": 83.52, "end_seconds": 83.6, "confidence": null}, {"text": "shower", "start_seconds": 83.6, "end_seconds": 83.68, "confidence": null}, {"text": "had", "start_seconds": 84.0, "end_seconds": 84.16, "confidence": null}, {"text": "to", "start_seconds": 84.16, "end_seconds": 84.24, "confidence": null}, {"text": "put", "start_seconds": 84.24, "end_seconds": 84.32, "confidence": null}, {"text": "something", "start_seconds": 84.32, "end_seconds": 84.4, "confidence": null}, {"text": "okay", "start_seconds": 84.88, "end_seconds": 84.96, "confidence": null}, {"text": "but", "start_seconds": 85.36, "end_seconds": 85.44, "confidence": null}, {"text": "um", "start_seconds": 85.76, "end_seconds": 85.84, "confidence": null}]}, {"type": "transcript.final", "session_id": "3f14b64d-d08d-482f-be04-ffe2157cf437", "sequence": 139, "segment_id": 9, "revision": 2, "text": " did it help", "granularity": "word", "items": [{"text": " did", "start_seconds": 86.96, "end_seconds": 87.2, "confidence": null}, {"text": "it", "start_seconds": 87.2, "end_seconds": 87.28, "confidence": null}, {"text": "help", "start_seconds": 87.28, "end_seconds": 87.36, "confidence": null}]}, {"type": "transcript.final", "session_id": "3f14b64d-d08d-482f-be04-ffe2157cf437", "sequence": 173, "segment_id": 10, "revision": 34, "text": " and I mean at that time yes but the symptoms like these symptoms are uh like when these symptoms appeared again I tried those and it didn't work I've tried a few things like I bought like a steroid cream at the pharmacy last night but it apparently didn't help because it's still itching a lot today okay uh yeah do you remember the name of the cream you bought", "granularity": "word", "items": [{"text": " and", "start_seconds": 89.6, "end_seconds": 89.92, "confidence": null}, {"text": "I", "start_seconds": 89.92, "end_seconds": 90.08, "confidence": null}, {"text": "mean", "start_seconds": 90.08, "end_seconds": 90.16, "confidence": null}, {"text": "at", "start_seconds": 90.72, "end_seconds": 90.8, "confidence": null}, {"text": "that", "start_seconds": 90.8, "end_seconds": 90.88, "confidence": null}, {"text": "time", "start_seconds": 90.88, "end_seconds": 91.2, "confidence": null}, {"text": "yes", "start_seconds": 91.2, "end_seconds": 91.52, "confidence": null}, {"text": "but", "start_seconds": 91.52, "end_seconds": 91.84, "confidence": null}, {"text": "the", "start_seconds": 91.84, "end_seconds": 92.0, "confidence": null}, {"text": "symptoms", "start_seconds": 92.0, "end_seconds": 92.16, "confidence": null}, {"text": "like", "start_seconds": 92.56, "end_seconds": 92.64, "confidence": null}, {"text": "these", "start_seconds": 92.96, "end_seconds": 93.04, "confidence": null}, {"text": "symptoms", "start_seconds": 93.04, "end_seconds": 93.52, "confidence": null}, {"text": "are", "start_seconds": 93.52, "end_seconds": 93.76, "confidence": null}, {"text": "uh", "start_seconds": 93.76, "end_seconds": 93.92, "confidence": null}, {"text": "like", "start_seconds": 93.92, "end_seconds": 94.0, "confidence": null}, {"text": "when", "start_seconds": 94.64, "end_seconds": 94.72, "confidence": null}, {"text": "these", "start_seconds": 94.72, "end_seconds": 94.88, "confidence": null}, {"text": "symptoms", "start_seconds": 94.88, "end_seconds": 95.2, "confidence": null}, {"text": "appeared", "start_seconds": 95.2, "end_seconds": 95.52, "confidence": null}, {"text": "again", "start_seconds": 95.52, "end_seconds": 95.76, "confidence": null}, {"text": "I", "start_seconds": 95.76, "end_seconds": 95.92, "confidence": null}, {"text": "tried", "start_seconds": 95.92, "end_seconds": 96.24, "confidence": null}, {"text": "those", "start_seconds": 96.24, "end_seconds": 96.4, "confidence": null}, {"text": "and", "start_seconds": 96.4, "end_seconds": 96.56, "confidence": null}, {"text": "it", "start_seconds": 96.56, "end_seconds": 96.72, "confidence": null}, {"text": "didn't", "start_seconds": 96.72, "end_seconds": 96.96, "confidence": null}, {"text": "work", "start_seconds": 96.96, "end_seconds": 97.04, "confidence": null}, {"text": "I've", "start_seconds": 97.52, "end_seconds": 97.76, "confidence": null}, {"text": "tried", "start_seconds": 97.76, "end_seconds": 98.0, "confidence": null}, {"text": "a", "start_seconds": 98.0, "end_seconds": 98.08, "confidence": null}, {"text": "few", "start_seconds": 98.08, "end_seconds": 98.24, "confidence": null}, {"text": "things", "start_seconds": 98.24, "end_seconds": 98.32, "confidence": null}, {"text": "like", "start_seconds": 98.64, "end_seconds": 98.72, "confidence": null}, {"text": "I", "start_seconds": 99.28, "end_seconds": 99.36, "confidence": null}, {"text": "bought", "start_seconds": 99.68, "end_seconds": 99.76, "confidence": null}, {"text": "like", "start_seconds": 99.76, "end_seconds": 99.84, "confidence": null}, {"text": "a", "start_seconds": 100.24, "end_seconds": 100.32, "confidence": null}, {"text": "steroid", "start_seconds": 100.64, "end_seconds": 100.96, "confidence": null}, {"text": "cream", "start_seconds": 100.96, "end_seconds": 101.12, "confidence": null}, {"text": "at", "start_seconds": 101.12, "end_seconds": 101.28, "confidence": null}, {"text": "the", "start_seconds": 101.28, "end_seconds": 101.44, "confidence": null}, {"text": "pharmacy", "start_seconds": 101.44, "end_seconds": 101.52, "confidence": null}, {"text": "last", "start_seconds": 101.92, "end_seconds": 102.08, "confidence": null}, {"text": "night", "start_seconds": 102.08, "end_seconds": 102.32, "confidence": null}, {"text": "but", "start_seconds": 102.32, "end_seconds": 102.4, "confidence": null}, {"text": "it", "start_seconds": 102.96, "end_seconds": 103.2, "confidence": null}, {"text": "apparently", "start_seconds": 103.2, "end_seconds": 103.6, "confidence": null}, {"text": "didn't", "start_seconds": 103.6, "end_seconds": 104.0, "confidence": null}, {"text": "help", "start_seconds": 104.0, "end_seconds": 104.32, "confidence": null}, {"text": "because", "start_seconds": 104.32, "end_seconds": 104.4, "confidence": null}, {"text": "it's", "start_seconds": 104.72, "end_seconds": 104.8, "confidence": null}, {"text": "still", "start_seconds": 104.8, "end_seconds": 104.96, "confidence": null}, {"text": "itching", "start_seconds": 104.96, "end_seconds": 105.28, "confidence": null}, {"text": "a", "start_seconds": 105.28, "end_seconds": 105.36, "confidence": null}, {"text": "lot", "start_seconds": 105.36, "end_seconds": 105.6, "confidence": null}, {"text": "today", "start_seconds": 105.6, "end_seconds": 105.68, "confidence": null}, {"text": "okay", "start_seconds": 106.0, "end_seconds": 106.08, "confidence": null}, {"text": "uh", "start_seconds": 106.56, "end_seconds": 106.64, "confidence": null}, {"text": "yeah", "start_seconds": 107.04, "end_seconds": 107.12, "confidence": null}, {"text": "do", "start_seconds": 107.52, "end_seconds": 107.68, "confidence": null}, {"text": "you", "start_seconds": 107.68, "end_seconds": 107.76, "confidence": null}, {"text": "remember", "start_seconds": 107.76, "end_seconds": 107.92, "confidence": null}, {"text": "the", "start_seconds": 107.92, "end_seconds": 108.0, "confidence": null}, {"text": "name", "start_seconds": 108.0, "end_seconds": 108.16, "confidence": null}, {"text": "of", "start_seconds": 108.16, "end_seconds": 108.24, "confidence": null}, {"text": "the", "start_seconds": 108.24, "end_seconds": 108.32, "confidence": null}, {"text": "cream", "start_seconds": 108.32, "end_seconds": 108.64, "confidence": null}, {"text": "you", "start_seconds": 108.64, "end_seconds": 108.8, "confidence": null}, {"text": "bought", "start_seconds": 108.8, "end_seconds": 108.88, "confidence": null}]}, {"type": "transcript.final", "session_id": "3f14b64d-d08d-482f-be04-ffe2157cf437", "sequence": 189, "segment_id": 11, "revision": 16, "text": " uh stirrid cream okay steroid okay uh okay um do would you say do symptoms are very similar to your eczema symptoms or different", "granularity": "word", "items": [{"text": " uh", "start_seconds": 110.32, "end_seconds": 110.4, "confidence": null}, {"text": "stirrid", "start_seconds": 110.72, "end_seconds": 111.28, "confidence": null}, {"text": "cream", "start_seconds": 111.28, "end_seconds": 111.6, "confidence": null}, {"text": "okay", "start_seconds": 111.6, "end_seconds": 111.68, "confidence": null}, {"text": "steroid", "start_seconds": 112.0, "end_seconds": 112.4, "confidence": null}, {"text": "okay", "start_seconds": 112.4, "end_seconds": 112.72, "confidence": null}, {"text": "uh", "start_seconds": 112.72, "end_seconds": 112.8, "confidence": null}, {"text": "okay", "start_seconds": 113.12, "end_seconds": 113.2, "confidence": null}, {"text": "um", "start_seconds": 113.68, "end_seconds": 113.76, "confidence": null}, {"text": "do", "start_seconds": 114.4, "end_seconds": 114.64, "confidence": null}, {"text": "would", "start_seconds": 114.64, "end_seconds": 114.88, "confidence": null}, {"text": "you", "start_seconds": 114.88, "end_seconds": 115.04, "confidence": null}, {"text": "say", "start_seconds": 115.04, "end_seconds": 115.12, "confidence": null}, {"text": "do", "start_seconds": 115.44, "end_seconds": 115.76, "confidence": null}, {"text": "symptoms", "start_seconds": 115.76, "end_seconds": 116.0, "confidence": null}, {"text": "are", "start_seconds": 116.0, "end_seconds": 116.16, "confidence": null}, {"text": "very", "start_seconds": 116.16, "end_seconds": 116.24, "confidence": null}, {"text": "similar", "start_seconds": 116.56, "end_seconds": 116.64, "confidence": null}, {"text": "to", "start_seconds": 116.64, "end_seconds": 116.72, "confidence": null}, {"text": "your", "start_seconds": 117.04, "end_seconds": 117.28, "confidence": null}, {"text": "eczema", "start_seconds": 117.28, "end_seconds": 117.76, "confidence": null}, {"text": "symptoms", "start_seconds": 117.76, "end_seconds": 118.16, "confidence": null}, {"text": "or", "start_seconds": 118.16, "end_seconds": 118.24, "confidence": null}, {"text": "different", "start_seconds": 118.24, "end_seconds": 118.32, "confidence": null}]}, {"type": "transcript.final", "session_id": "3f14b64d-d08d-482f-be04-ffe2157cf437", "sequence": 191, "segment_id": 12, "revision": 2, "text": " um", "granularity": "word", "items": [{"text": " um", "start_seconds": 120.96, "end_seconds": 121.04, "confidence": null}]}, {"type": "transcript.final", "session_id": "3f14b64d-d08d-482f-be04-ffe2157cf437", "sequence": 205, "segment_id": 13, "revision": 14, "text": " it's much more like itchy and my eczema was more like only in the arm and now it's al also on the chest and in the and the on the hands as well", "granularity": "word", "items": [{"text": " it's", "start_seconds": 122.08, "end_seconds": 122.16, "confidence": null}, {"text": "much", "start_seconds": 122.16, "end_seconds": 122.24, "confidence": null}, {"text": "more", "start_seconds": 122.24, "end_seconds": 122.4, "confidence": null}, {"text": "like", "start_seconds": 122.4, "end_seconds": 122.72, "confidence": null}, {"text": "itchy", "start_seconds": 122.72, "end_seconds": 123.36, "confidence": null}, {"text": "and", "start_seconds": 123.36, "end_seconds": 123.44, "confidence": null}, {"text": "my", "start_seconds": 123.84, "end_seconds": 124.0, "confidence": null}, {"text": "eczema", "start_seconds": 124.0, "end_seconds": 124.4, "confidence": null}, {"text": "was", "start_seconds": 124.4, "end_seconds": 124.48, "confidence": null}, {"text": "more", "start_seconds": 124.48, "end_seconds": 124.56, "confidence": null}, {"text": "like", "start_seconds": 124.56, "end_seconds": 124.72, "confidence": null}, {"text": "only", "start_seconds": 124.72, "end_seconds": 124.96, "confidence": null}, {"text": "in", "start_seconds": 124.96, "end_seconds": 125.04, "confidence": null}, {"text": "the", "start_seconds": 125.04, "end_seconds": 125.12, "confidence": null}, {"text": "arm", "start_seconds": 125.44, "end_seconds": 125.52, "confidence": null}, {"text": "and", "start_seconds": 125.84, "end_seconds": 125.92, "confidence": null}, {"text": "now", "start_seconds": 125.92, "end_seconds": 126.0, "confidence": null}, {"text": "it's", "start_seconds": 126.0, "end_seconds": 126.08, "confidence": null}, {"text": "al", "start_seconds": 126.48, "end_seconds": 126.56, "confidence": null}, {"text": "also", "start_seconds": 126.56, "end_seconds": 126.72, "confidence": null}, {"text": "on", "start_seconds": 126.72, "end_seconds": 126.8, "confidence": null}, {"text": "the", "start_seconds": 126.8, "end_seconds": 127.04, "confidence": null}, {"text": "chest", "start_seconds": 127.04, "end_seconds": 127.12, "confidence": null}, {"text": "and", "start_seconds": 127.68, "end_seconds": 127.92, "confidence": null}, {"text": "in", "start_seconds": 127.92, "end_seconds": 128.24, "confidence": null}, {"text": "the", "start_seconds": 128.24, "end_seconds": 128.48, "confidence": null}, {"text": "and", "start_seconds": 128.48, "end_seconds": 128.72, "confidence": null}, {"text": "the", "start_seconds": 128.72, "end_seconds": 129.04, "confidence": null}, {"text": "on", "start_seconds": 129.04, "end_seconds": 129.2, "confidence": null}, {"text": "the", "start_seconds": 129.2, "end_seconds": 129.36, "confidence": null}, {"text": "hands", "start_seconds": 129.36, "end_seconds": 129.52, "confidence": null}, {"text": "as", "start_seconds": 129.52, "end_seconds": 129.68, "confidence": null}, {"text": "well", "start_seconds": 129.68, "end_seconds": 129.76, "confidence": null}]}, {"type": "transcript.final", "session_id": "3f14b64d-d08d-482f-be04-ffe2157cf437", "sequence": 244, "segment_id": 14, "revision": 39, "text": " like I like for instance hiking during the weekends and I um I can't really do it anymore because it's like very like like I want it to the that last weekend it was super painful and I have to take like showers every day to be able to kind of ease this itching part which is very very annoying no well okay that's okay so you mentioned the itchiness um you also mentioned it's been quite sore", "granularity": "word", "items": [{"text": " like", "start_seconds": 132.16, "end_seconds": 132.24, "confidence": null}, {"text": "I", "start_seconds": 132.24, "end_seconds": 132.4, "confidence": null}, {"text": "like", "start_seconds": 132.4, "end_seconds": 132.72, "confidence": null}, {"text": "for", "start_seconds": 132.72, "end_seconds": 132.88, "confidence": null}, {"text": "instance", "start_seconds": 132.88, "end_seconds": 132.96, "confidence": null}, {"text": "hiking", "start_seconds": 133.28, "end_seconds": 133.36, "confidence": null}, {"text": "during", "start_seconds": 133.84, "end_seconds": 134.0, "confidence": null}, {"text": "the", "start_seconds": 134.0, "end_seconds": 134.16, "confidence": null}, {"text": "weekends", "start_seconds": 134.16, "end_seconds": 134.56, "confidence": null}, {"text": "and", "start_seconds": 135.04, "end_seconds": 135.28, "confidence": null}, {"text": "I", "start_seconds": 135.28, "end_seconds": 135.6, "confidence": null}, {"text": "um", "start_seconds": 135.6, "end_seconds": 135.84, "confidence": null}, {"text": "I", "start_seconds": 135.84, "end_seconds": 135.92, "confidence": null}, {"text": "can't", "start_seconds": 135.92, "end_seconds": 136.08, "confidence": null}, {"text": "really", "start_seconds": 136.08, "end_seconds": 136.24, "confidence": null}, {"text": "do", "start_seconds": 136.24, "end_seconds": 136.32, "confidence": null}, {"text": "it", "start_seconds": 136.32, "end_seconds": 136.4, "confidence": null}, {"text": "anymore", "start_seconds": 136.4, "end_seconds": 136.8, "confidence": null}, {"text": "because", "start_seconds": 136.8, "end_seconds": 136.88, "confidence": null}, {"text": "it's", "start_seconds": 137.2, "end_seconds": 137.44, "confidence": null}, {"text": "like", "start_seconds": 137.44, "end_seconds": 137.52, "confidence": null}, {"text": "very", "start_seconds": 138.32, "end_seconds": 138.4, "confidence": null}, {"text": "like", "start_seconds": 139.28, "end_seconds": 139.36, "confidence": null}, {"text": "like", "start_seconds": 139.84, "end_seconds": 140.08, "confidence": null}, {"text": "I", "start_seconds": 140.08, "end_seconds": 140.16, "confidence": null}, {"text": "want", "start_seconds": 140.16, "end_seconds": 140.32, "confidence": null}, {"text": "it", "start_seconds": 140.32, "end_seconds": 140.48, "confidence": null}, {"text": "to", "start_seconds": 140.48, "end_seconds": 140.64, "confidence": null}, {"text": "the", "start_seconds": 140.64, "end_seconds": 140.72, "confidence": null}, {"text": "that", "start_seconds": 140.72, "end_seconds": 140.96, "confidence": null}, {"text": "last", "start_seconds": 140.96, "end_seconds": 141.04, "confidence": null}, {"text": "weekend", "start_seconds": 141.04, "end_seconds": 141.44, "confidence": null}, {"text": "it", "start_seconds": 141.44, "end_seconds": 141.52, "confidence": null}, {"text": "was", "start_seconds": 141.52, "end_seconds": 141.6, "confidence": null}, {"text": "super", "start_seconds": 142.24, "end_seconds": 142.32, "confidence": null}, {"text": "painful", "start_seconds": 142.8, "end_seconds": 142.96, "confidence": null}, {"text": "and", "start_seconds": 143.36, "end_seconds": 143.44, "confidence": null}, {"text": "I", "start_seconds": 144.0, "end_seconds": 144.32, "confidence": null}, {"text": "have", "start_seconds": 144.32, "end_seconds": 144.4, "confidence": null}, {"text": "to", "start_seconds": 144.4, "end_seconds": 144.48, "confidence": null}, {"text": "take", "start_seconds": 144.48, "end_seconds": 144.64, "confidence": null}, {"text": "like", "start_seconds": 144.64, "end_seconds": 144.72, "confidence": null}, {"text": "showers", "start_seconds": 145.04, "end_seconds": 145.12, "confidence": null}, {"text": "every", "start_seconds": 145.6, "end_seconds": 145.68, "confidence": null}, {"text": "day", "start_seconds": 145.68, "end_seconds": 145.84, "confidence": null}, {"text": "to", "start_seconds": 145.84, "end_seconds": 146.16, "confidence": null}, {"text": "be", "start_seconds": 146.16, "end_seconds": 146.24, "confidence": null}, {"text": "able", "start_seconds": 146.24, "end_seconds": 146.32, "confidence": null}, {"text": "to", "start_seconds": 146.32, "end_seconds": 146.4, "confidence": null}, {"text": "kind", "start_seconds": 146.72, "end_seconds": 146.96, "confidence": null}, {"text": "of", "start_seconds": 146.96, "end_seconds": 147.04, "confidence": null}, {"text": "ease", "start_seconds": 148.0, "end_seconds": 148.08, "confidence": null}, {"text": "this", "start_seconds": 148.96, "end_seconds": 149.12, "confidence": null}, {"text": "itching", "start_seconds": 149.12, "end_seconds": 149.84, "confidence": null}, {"text": "part", "start_seconds": 149.84, "end_seconds": 150.08, "confidence": null}, {"text": "which", "start_seconds": 150.08, "end_seconds": 150.24, "confidence": null}, {"text": "is", "start_seconds": 150.24, "end_seconds": 150.32, "confidence": null}, {"text": "very", "start_seconds": 150.32, "end_seconds": 150.48, "confidence": null}, {"text": "very", "start_seconds": 150.64, "end_seconds": 150.72, "confidence": null}, {"text": "annoying", "start_seconds": 150.72, "end_seconds": 150.8, "confidence": null}, {"text": "no", "start_seconds": 151.44, "end_seconds": 151.52, "confidence": null}, {"text": "well", "start_seconds": 151.92, "end_seconds": 152.32, "confidence": null}, {"text": "okay", "start_seconds": 152.32, "end_seconds": 152.56, "confidence": null}, {"text": "that's", "start_seconds": 152.56, "end_seconds": 152.72, "confidence": null}, {"text": "okay", "start_seconds": 152.72, "end_seconds": 152.96, "confidence": null}, {"text": "so", "start_seconds": 152.96, "end_seconds": 153.04, "confidence": null}, {"text": "you", "start_seconds": 153.04, "end_seconds": 153.12, "confidence": null}, {"text": "mentioned", "start_seconds": 153.12, "end_seconds": 153.44, "confidence": null}, {"text": "the", "start_seconds": 153.44, "end_seconds": 153.52, "confidence": null}, {"text": "itchiness", "start_seconds": 153.52, "end_seconds": 153.92, "confidence": null}, {"text": "um", "start_seconds": 154.64, "end_seconds": 154.8, "confidence": null}, {"text": "you", "start_seconds": 154.8, "end_seconds": 154.96, "confidence": null}, {"text": "also", "start_seconds": 154.96, "end_seconds": 155.2, "confidence": null}, {"text": "mentioned", "start_seconds": 155.2, "end_seconds": 155.36, "confidence": null}, {"text": "it's", "start_seconds": 155.36, "end_seconds": 155.52, "confidence": null}, {"text": "been", "start_seconds": 155.52, "end_seconds": 155.6, "confidence": null}, {"text": "quite", "start_seconds": 155.6, "end_seconds": 155.92, "confidence": null}, {"text": "sore", "start_seconds": 155.92, "end_seconds": 156.16, "confidence": null}]}, {"type": "transcript.final", "session_id": "3f14b64d-d08d-482f-be04-ffe2157cf437", "sequence": 254, "segment_id": 15, "revision": 10, "text": " um have you have you noticed any uh bleeding or discharge from your skin", "granularity": "word", "items": [{"text": " um", "start_seconds": 157.36, "end_seconds": 157.44, "confidence": null}, {"text": "have", "start_seconds": 157.92, "end_seconds": 158.0, "confidence": null}, {"text": "you", "start_seconds": 158.0, "end_seconds": 158.16, "confidence": null}, {"text": "have", "start_seconds": 158.16, "end_seconds": 158.24, "confidence": null}, {"text": "you", "start_seconds": 158.24, "end_seconds": 158.4, "confidence": null}, {"text": "noticed", "start_seconds": 158.4, "end_seconds": 158.64, "confidence": null}, {"text": "any", "start_seconds": 158.64, "end_seconds": 158.72, "confidence": null}, {"text": "uh", "start_seconds": 159.28, "end_seconds": 159.36, "confidence": null}, {"text": "bleeding", "start_seconds": 159.68, "end_seconds": 160.16, "confidence": null}, {"text": "or", "start_seconds": 160.16, "end_seconds": 160.24, "confidence": null}, {"text": "discharge", "start_seconds": 160.8, "end_seconds": 161.44, "confidence": null}, {"text": "from", "start_seconds": 161.44, "end_seconds": 161.6, "confidence": null}, {"text": "your", "start_seconds": 161.6, "end_seconds": 161.92, "confidence": null}, {"text": "skin", "start_seconds": 161.92, "end_seconds": 162.0, "confidence": null}]}, {"type": "transcript.final", "session_id": "3f14b64d-d08d-482f-be04-ffe2157cf437", "sequence": 267, "segment_id": 16, "revision": 13, "text": " no um so my skin is a bit cracked in some parts like kind of cracked if you see what I mean okay but uh yeah", "granularity": "word", "items": [{"text": " no", "start_seconds": 164.08, "end_seconds": 164.16, "confidence": null}, {"text": "um", "start_seconds": 164.64, "end_seconds": 164.72, "confidence": null}, {"text": "so", "start_seconds": 165.2, "end_seconds": 165.52, "confidence": null}, {"text": "my", "start_seconds": 165.52, "end_seconds": 165.76, "confidence": null}, {"text": "skin", "start_seconds": 165.76, "end_seconds": 165.92, "confidence": null}, {"text": "is", "start_seconds": 165.92, "end_seconds": 166.0, "confidence": null}, {"text": "a", "start_seconds": 166.0, "end_seconds": 166.08, "confidence": null}, {"text": "bit", "start_seconds": 166.08, "end_seconds": 166.16, "confidence": null}, {"text": "cracked", "start_seconds": 166.88, "end_seconds": 167.2, "confidence": null}, {"text": "in", "start_seconds": 167.68, "end_seconds": 167.92, "confidence": null}, {"text": "some", "start_seconds": 167.92, "end_seconds": 168.08, "confidence": null}, {"text": "parts", "start_seconds": 168.08, "end_seconds": 168.32, "confidence": null}, {"text": "like", "start_seconds": 168.32, "end_seconds": 168.64, "confidence": null}, {"text": "kind", "start_seconds": 168.64, "end_seconds": 168.72, "confidence": null}, {"text": "of", "start_seconds": 168.72, "end_seconds": 168.88, "confidence": null}, {"text": "cracked", "start_seconds": 168.88, "end_seconds": 169.28, "confidence": null}, {"text": "if", "start_seconds": 169.28, "end_seconds": 169.44, "confidence": null}, {"text": "you", "start_seconds": 169.44, "end_seconds": 169.52, "confidence": null}, {"text": "see", "start_seconds": 169.52, "end_seconds": 169.68, "confidence": null}, {"text": "what", "start_seconds": 169.68, "end_seconds": 169.76, "confidence": null}, {"text": "I", "start_seconds": 169.76, "end_seconds": 169.84, "confidence": null}, {"text": "mean", "start_seconds": 169.84, "end_seconds": 169.92, "confidence": null}, {"text": "okay", "start_seconds": 170.24, "end_seconds": 170.56, "confidence": null}, {"text": "but", "start_seconds": 170.56, "end_seconds": 170.8, "confidence": null}, {"text": "uh", "start_seconds": 170.8, "end_seconds": 170.88, "confidence": null}, {"text": "yeah", "start_seconds": 171.2, "end_seconds": 171.28, "confidence": null}]}, {"type": "transcript.final", "session_id": "3f14b64d-d08d-482f-be04-ffe2157cf437", "sequence": 275, "segment_id": 17, "revision": 8, "text": " I have not any other uh pus or blood coming out of your skin", "granularity": "word", "items": [{"text": " I", "start_seconds": 172.48, "end_seconds": 172.56, "confidence": null}, {"text": "have", "start_seconds": 172.56, "end_seconds": 172.72, "confidence": null}, {"text": "not", "start_seconds": 172.72, "end_seconds": 172.8, "confidence": null}, {"text": "any", "start_seconds": 173.12, "end_seconds": 173.2, "confidence": null}, {"text": "other", "start_seconds": 173.2, "end_seconds": 173.28, "confidence": null}, {"text": "uh", "start_seconds": 173.68, "end_seconds": 173.76, "confidence": null}, {"text": "pus", "start_seconds": 174.4, "end_seconds": 174.48, "confidence": null}, {"text": "or", "start_seconds": 174.8, "end_seconds": 174.88, "confidence": null}, {"text": "blood", "start_seconds": 174.88, "end_seconds": 174.96, "confidence": null}, {"text": "coming", "start_seconds": 175.28, "end_seconds": 175.44, "confidence": null}, {"text": "out", "start_seconds": 175.44, "end_seconds": 175.68, "confidence": null}, {"text": "of", "start_seconds": 175.68, "end_seconds": 175.92, "confidence": null}, {"text": "your", "start_seconds": 175.92, "end_seconds": 176.0, "confidence": null}, {"text": "skin", "start_seconds": 176.0, "end_seconds": 176.08, "confidence": null}]}, {"type": "transcript.final", "session_id": "3f14b64d-d08d-482f-be04-ffe2157cf437", "sequence": 281, "segment_id": 18, "revision": 6, "text": " no no and you mentioned it all started three days ago", "granularity": "word", "items": [{"text": " no", "start_seconds": 177.6, "end_seconds": 177.68, "confidence": null}, {"text": "no", "start_seconds": 178.08, "end_seconds": 178.4, "confidence": null}, {"text": "and", "start_seconds": 178.4, "end_seconds": 178.56, "confidence": null}, {"text": "you", "start_seconds": 178.56, "end_seconds": 178.64, "confidence": null}, {"text": "mentioned", "start_seconds": 178.64, "end_seconds": 178.96, "confidence": null}, {"text": "it", "start_seconds": 178.96, "end_seconds": 179.2, "confidence": null}, {"text": "all", "start_seconds": 179.2, "end_seconds": 179.28, "confidence": null}, {"text": "started", "start_seconds": 179.28, "end_seconds": 179.52, "confidence": null}, {"text": "three", "start_seconds": 179.52, "end_seconds": 179.68, "confidence": null}, {"text": "days", "start_seconds": 179.68, "end_seconds": 179.84, "confidence": null}, {"text": "ago", "start_seconds": 179.84, "end_seconds": 179.92, "confidence": null}]}, {"type": "transcript.final", "session_id": "3f14b64d-d08d-482f-be04-ffe2157cf437", "sequence": 290, "segment_id": 19, "revision": 9, "text": " are you four days ago four days ago are you aware of any triggers so anything that you may have done", "granularity": "word", "items": [{"text": " are", "start_seconds": 181.12, "end_seconds": 181.28, "confidence": null}, {"text": "you", "start_seconds": 181.28, "end_seconds": 181.44, "confidence": null}, {"text": "four", "start_seconds": 181.44, "end_seconds": 181.6, "confidence": null}, {"text": "days", "start_seconds": 181.6, "end_seconds": 181.76, "confidence": null}, {"text": "ago", "start_seconds": 181.76, "end_seconds": 181.92, "confidence": null}, {"text": "four", "start_seconds": 181.92, "end_seconds": 182.08, "confidence": null}, {"text": "days", "start_seconds": 182.08, "end_seconds": 182.24, "confidence": null}, {"text": "ago", "start_seconds": 182.24, "end_seconds": 182.48, "confidence": null}, {"text": "are", "start_seconds": 182.48, "end_seconds": 182.64, "confidence": null}, {"text": "you", "start_seconds": 182.64, "end_seconds": 182.72, "confidence": null}, {"text": "aware", "start_seconds": 182.72, "end_seconds": 182.8, "confidence": null}, {"text": "of", "start_seconds": 182.8, "end_seconds": 182.96, "confidence": null}, {"text": "any", "start_seconds": 182.96, "end_seconds": 183.12, "confidence": null}, {"text": "triggers", "start_seconds": 183.12, "end_seconds": 183.28, "confidence": null}, {"text": "so", "start_seconds": 183.76, "end_seconds": 183.92, "confidence": null}, {"text": "anything", "start_seconds": 183.92, "end_seconds": 184.24, "confidence": null}, {"text": "that", "start_seconds": 184.24, "end_seconds": 184.4, "confidence": null}, {"text": "you", "start_seconds": 184.4, "end_seconds": 184.56, "confidence": null}, {"text": "may", "start_seconds": 184.56, "end_seconds": 184.72, "confidence": null}, {"text": "have", "start_seconds": 184.72, "end_seconds": 184.88, "confidence": null}, {"text": "done", "start_seconds": 184.88, "end_seconds": 184.96, "confidence": null}]}, {"type": "transcript.final", "session_id": "3f14b64d-d08d-482f-be04-ffe2157cf437", "sequence": 296, "segment_id": 20, "revision": 6, "text": " that may have caused your symptoms to start so for example", "granularity": "word", "items": [{"text": " that", "start_seconds": 185.92, "end_seconds": 186.16, "confidence": null}, {"text": "may", "start_seconds": 186.16, "end_seconds": 186.32, "confidence": null}, {"text": "have", "start_seconds": 186.32, "end_seconds": 186.56, "confidence": null}, {"text": "caused", "start_seconds": 186.56, "end_seconds": 186.64, "confidence": null}, {"text": "your", "start_seconds": 187.04, "end_seconds": 187.12, "confidence": null}, {"text": "symptoms", "start_seconds": 187.12, "end_seconds": 187.6, "confidence": null}, {"text": "to", "start_seconds": 187.6, "end_seconds": 187.68, "confidence": null}, {"text": "start", "start_seconds": 187.68, "end_seconds": 187.76, "confidence": null}, {"text": "so", "start_seconds": 188.24, "end_seconds": 188.48, "confidence": null}, {"text": "for", "start_seconds": 188.48, "end_seconds": 188.64, "confidence": null}, {"text": "example", "start_seconds": 188.64, "end_seconds": 188.72, "confidence": null}]}, {"type": "transcript.final", "session_id": "3f14b64d-d08d-482f-be04-ffe2157cf437", "sequence": 301, "segment_id": 21, "revision": 5, "text": " have you changed your uh shower gel any clothing", "granularity": "word", "items": [{"text": " have", "start_seconds": 190.4, "end_seconds": 190.48, "confidence": null}, {"text": "you", "start_seconds": 190.48, "end_seconds": 190.64, "confidence": null}, {"text": "changed", "start_seconds": 190.64, "end_seconds": 190.72, "confidence": null}, {"text": "your", "start_seconds": 190.72, "end_seconds": 190.8, "confidence": null}, {"text": "uh", "start_seconds": 191.76, "end_seconds": 192.08, "confidence": null}, {"text": "shower", "start_seconds": 192.08, "end_seconds": 192.16, "confidence": null}, {"text": "gel", "start_seconds": 192.48, "end_seconds": 192.56, "confidence": null}, {"text": "any", "start_seconds": 193.2, "end_seconds": 193.36, "confidence": null}, {"text": "clothing", "start_seconds": 193.36, "end_seconds": 193.44, "confidence": null}]}, {"type": "transcript.final", "session_id": "3f14b64d-d08d-482f-be04-ffe2157cf437", "sequence": 332, "segment_id": 22, "revision": 31, "text": " have you been around anyone no it's actually like it's very annoying because I'm thinking about may maybe I should change something because I I haven't and I don't understand and I'm kind of um afraid of asking people around me because it's kind of you know um I don't feel really comfortable asking about these questions it's kind of intimate and so I", "granularity": "word", "items": [{"text": " have", "start_seconds": 194.96, "end_seconds": 195.12, "confidence": null}, {"text": "you", "start_seconds": 195.12, "end_seconds": 195.2, "confidence": null}, {"text": "been", "start_seconds": 195.2, "end_seconds": 195.44, "confidence": null}, {"text": "around", "start_seconds": 195.44, "end_seconds": 195.6, "confidence": null}, {"text": "anyone", "start_seconds": 195.6, "end_seconds": 195.76, "confidence": null}, {"text": "no", "start_seconds": 196.24, "end_seconds": 196.32, "confidence": null}, {"text": "it's", "start_seconds": 197.2, "end_seconds": 197.36, "confidence": null}, {"text": "actually", "start_seconds": 197.36, "end_seconds": 197.44, "confidence": null}, {"text": "like", "start_seconds": 198.24, "end_seconds": 198.4, "confidence": null}, {"text": "it's", "start_seconds": 198.4, "end_seconds": 198.56, "confidence": null}, {"text": "very", "start_seconds": 198.56, "end_seconds": 198.88, "confidence": null}, {"text": "annoying", "start_seconds": 198.88, "end_seconds": 199.2, "confidence": null}, {"text": "because", "start_seconds": 199.2, "end_seconds": 199.44, "confidence": null}, {"text": "I'm", "start_seconds": 199.44, "end_seconds": 200.0, "confidence": null}, {"text": "thinking", "start_seconds": 200.0, "end_seconds": 200.16, "confidence": null}, {"text": "about", "start_seconds": 200.16, "end_seconds": 200.24, "confidence": null}, {"text": "may", "start_seconds": 201.28, "end_seconds": 201.36, "confidence": null}, {"text": "maybe", "start_seconds": 201.36, "end_seconds": 201.6, "confidence": null}, {"text": "I", "start_seconds": 201.6, "end_seconds": 201.68, "confidence": null}, {"text": "should", "start_seconds": 201.68, "end_seconds": 201.92, "confidence": null}, {"text": "change", "start_seconds": 201.92, "end_seconds": 202.16, "confidence": null}, {"text": "something", "start_seconds": 202.16, "end_seconds": 202.4, "confidence": null}, {"text": "because", "start_seconds": 202.4, "end_seconds": 202.64, "confidence": null}, {"text": "I", "start_seconds": 202.64, "end_seconds": 202.8, "confidence": null}, {"text": "I", "start_seconds": 202.8, "end_seconds": 202.96, "confidence": null}, {"text": "haven't", "start_seconds": 202.96, "end_seconds": 203.04, "confidence": null}, {"text": "and", "start_seconds": 203.28, "end_seconds": 203.36, "confidence": null}, {"text": "I", "start_seconds": 203.36, "end_seconds": 203.44, "confidence": null}, {"text": "don't", "start_seconds": 203.44, "end_seconds": 203.52, "confidence": null}, {"text": "understand", "start_seconds": 203.52, "end_seconds": 203.6, "confidence": null}, {"text": "and", "start_seconds": 204.4, "end_seconds": 204.56, "confidence": null}, {"text": "I'm", "start_seconds": 204.56, "end_seconds": 204.72, "confidence": null}, {"text": "kind", "start_seconds": 204.72, "end_seconds": 204.8, "confidence": null}, {"text": "of", "start_seconds": 204.8, "end_seconds": 204.88, "confidence": null}, {"text": "um", "start_seconds": 205.92, "end_seconds": 206.24, "confidence": null}, {"text": "afraid", "start_seconds": 206.24, "end_seconds": 206.4, "confidence": null}, {"text": "of", "start_seconds": 206.4, "end_seconds": 206.64, "confidence": null}, {"text": "asking", "start_seconds": 206.64, "end_seconds": 206.8, "confidence": null}, {"text": "people", "start_seconds": 206.8, "end_seconds": 206.88, "confidence": null}, {"text": "around", "start_seconds": 207.44, "end_seconds": 207.6, "confidence": null}, {"text": "me", "start_seconds": 207.6, "end_seconds": 207.84, "confidence": null}, {"text": "because", "start_seconds": 207.84, "end_seconds": 208.08, "confidence": null}, {"text": "it's", "start_seconds": 208.08, "end_seconds": 208.32, "confidence": null}, {"text": "kind", "start_seconds": 208.32, "end_seconds": 208.4, "confidence": null}, {"text": "of", "start_seconds": 208.4, "end_seconds": 208.48, "confidence": null}, {"text": "you", "start_seconds": 208.88, "end_seconds": 208.96, "confidence": null}, {"text": "know", "start_seconds": 208.96, "end_seconds": 209.52, "confidence": null}, {"text": "um", "start_seconds": 209.52, "end_seconds": 209.68, "confidence": null}, {"text": "I", "start_seconds": 209.68, "end_seconds": 209.76, "confidence": null}, {"text": "don't", "start_seconds": 209.76, "end_seconds": 209.92, "confidence": null}, {"text": "feel", "start_seconds": 209.92, "end_seconds": 210.08, "confidence": null}, {"text": "really", "start_seconds": 210.08, "end_seconds": 210.16, "confidence": null}, {"text": "comfortable", "start_seconds": 210.56, "end_seconds": 210.64, "confidence": null}, {"text": "asking", "start_seconds": 211.12, "end_seconds": 211.28, "confidence": null}, {"text": "about", "start_seconds": 211.28, "end_seconds": 211.36, "confidence": null}, {"text": "these", "start_seconds": 211.76, "end_seconds": 212.0, "confidence": null}, {"text": "questions", "start_seconds": 212.0, "end_seconds": 212.08, "confidence": null}, {"text": "it's", "start_seconds": 212.4, "end_seconds": 212.48, "confidence": null}, {"text": "kind", "start_seconds": 212.48, "end_seconds": 212.56, "confidence": null}, {"text": "of", "start_seconds": 212.56, "end_seconds": 212.8, "confidence": null}, {"text": "intimate", "start_seconds": 212.8, "end_seconds": 212.88, "confidence": null}, {"text": "and", "start_seconds": 213.36, "end_seconds": 213.44, "confidence": null}, {"text": "so", "start_seconds": 213.92, "end_seconds": 214.08, "confidence": null}, {"text": "I", "start_seconds": 214.08, "end_seconds": 214.16, "confidence": null}]}, {"type": "transcript.final", "session_id": "3f14b64d-d08d-482f-be04-ffe2157cf437", "sequence": 336, "segment_id": 23, "revision": 4, "text": " no okay that's okay", "granularity": "word", "items": [{"text": " no", "start_seconds": 215.84, "end_seconds": 215.92, "confidence": null}, {"text": "okay", "start_seconds": 216.4, "end_seconds": 216.64, "confidence": null}, {"text": "that's", "start_seconds": 216.64, "end_seconds": 216.8, "confidence": null}, {"text": "okay", "start_seconds": 216.8, "end_seconds": 216.88, "confidence": null}]}, {"type": "transcript.final", "session_id": "3f14b64d-d08d-482f-be04-ffe2157cf437", "sequence": 353, "segment_id": 24, "revision": 17, "text": " fine so just to resummarize for the last four days you've had very itchy skin very sore skin all over your body, mainly your chest and did you also mention your arms and legs as well", "granularity": "word", "items": [{"text": " fine", "start_seconds": 218.96, "end_seconds": 219.12, "confidence": null}, {"text": "so", "start_seconds": 219.12, "end_seconds": 219.28, "confidence": null}, {"text": "just", "start_seconds": 219.28, "end_seconds": 219.52, "confidence": null}, {"text": "to", "start_seconds": 219.52, "end_seconds": 219.6, "confidence": null}, {"text": "resummarize", "start_seconds": 220.08, "end_seconds": 220.72, "confidence": null}, {"text": "for", "start_seconds": 220.72, "end_seconds": 220.88, "confidence": null}, {"text": "the", "start_seconds": 220.88, "end_seconds": 220.96, "confidence": null}, {"text": "last", "start_seconds": 220.96, "end_seconds": 221.2, "confidence": null}, {"text": "four", "start_seconds": 221.2, "end_seconds": 221.28, "confidence": null}, {"text": "days", "start_seconds": 221.28, "end_seconds": 221.52, "confidence": null}, {"text": "you've", "start_seconds": 221.52, "end_seconds": 221.84, "confidence": null}, {"text": "had", "start_seconds": 221.84, "end_seconds": 222.16, "confidence": null}, {"text": "very", "start_seconds": 222.16, "end_seconds": 222.4, "confidence": null}, {"text": "itchy", "start_seconds": 222.4, "end_seconds": 222.96, "confidence": null}, {"text": "skin", "start_seconds": 222.96, "end_seconds": 223.04, "confidence": null}, {"text": "very", "start_seconds": 223.44, "end_seconds": 223.52, "confidence": null}, {"text": "sore", "start_seconds": 223.52, "end_seconds": 223.84, "confidence": null}, {"text": "skin", "start_seconds": 223.84, "end_seconds": 224.08, "confidence": null}, {"text": "all", "start_seconds": 224.08, "end_seconds": 224.16, "confidence": null}, {"text": "over", "start_seconds": 224.16, "end_seconds": 224.32, "confidence": null}, {"text": "your", "start_seconds": 224.32, "end_seconds": 224.56, "confidence": null}, {"text": "body,", "start_seconds": 224.56, "end_seconds": 224.64, "confidence": null}, {"text": "mainly", "start_seconds": 225.12, "end_seconds": 225.44, "confidence": null}, {"text": "your", "start_seconds": 225.44, "end_seconds": 225.6, "confidence": null}, {"text": "chest", "start_seconds": 225.6, "end_seconds": 225.68, "confidence": null}, {"text": "and", "start_seconds": 226.24, "end_seconds": 226.32, "confidence": null}, {"text": "did", "start_seconds": 226.32, "end_seconds": 226.48, "confidence": null}, {"text": "you", "start_seconds": 226.48, "end_seconds": 226.56, "confidence": null}, {"text": "also", "start_seconds": 226.56, "end_seconds": 226.8, "confidence": null}, {"text": "mention", "start_seconds": 226.8, "end_seconds": 227.12, "confidence": null}, {"text": "your", "start_seconds": 227.12, "end_seconds": 227.2, "confidence": null}, {"text": "arms", "start_seconds": 227.2, "end_seconds": 227.36, "confidence": null}, {"text": "and", "start_seconds": 227.36, "end_seconds": 227.52, "confidence": null}, {"text": "legs", "start_seconds": 227.52, "end_seconds": 227.68, "confidence": null}, {"text": "as", "start_seconds": 227.68, "end_seconds": 227.92, "confidence": null}, {"text": "well", "start_seconds": 227.92, "end_seconds": 228.0, "confidence": null}]}, {"type": "transcript.final", "session_id": "3f14b64d-d08d-482f-be04-ffe2157cf437", "sequence": 363, "segment_id": 25, "revision": 10, "text": " just the chest hands and like like inside the elbows okay and anything on your face at all", "granularity": "word", "items": [{"text": " just", "start_seconds": 231.28, "end_seconds": 231.36, "confidence": null}, {"text": "the", "start_seconds": 231.36, "end_seconds": 231.52, "confidence": null}, {"text": "chest", "start_seconds": 231.52, "end_seconds": 231.6, "confidence": null}, {"text": "hands", "start_seconds": 232.48, "end_seconds": 232.64, "confidence": null}, {"text": "and", "start_seconds": 232.64, "end_seconds": 232.96, "confidence": null}, {"text": "like", "start_seconds": 232.96, "end_seconds": 233.04, "confidence": null}, {"text": "like", "start_seconds": 233.36, "end_seconds": 233.6, "confidence": null}, {"text": "inside", "start_seconds": 233.6, "end_seconds": 233.84, "confidence": null}, {"text": "the", "start_seconds": 233.84, "end_seconds": 234.08, "confidence": null}, {"text": "elbows", "start_seconds": 234.08, "end_seconds": 234.32, "confidence": null}, {"text": "okay", "start_seconds": 234.8, "end_seconds": 234.88, "confidence": null}, {"text": "and", "start_seconds": 235.36, "end_seconds": 235.44, "confidence": null}, {"text": "anything", "start_seconds": 235.84, "end_seconds": 236.08, "confidence": null}, {"text": "on", "start_seconds": 236.08, "end_seconds": 236.16, "confidence": null}, {"text": "your", "start_seconds": 236.16, "end_seconds": 236.24, "confidence": null}, {"text": "face", "start_seconds": 236.24, "end_seconds": 236.32, "confidence": null}, {"text": "at", "start_seconds": 236.32, "end_seconds": 236.48, "confidence": null}, {"text": "all", "start_seconds": 236.48, "end_seconds": 236.56, "confidence": null}]}, {"type": "transcript.final", "session_id": "3f14b64d-d08d-482f-be04-ffe2157cf437", "sequence": 366, "segment_id": 26, "revision": 3, "text": " in my what on your face", "granularity": "word", "items": [{"text": " in", "start_seconds": 238.56, "end_seconds": 238.72, "confidence": null}, {"text": "my", "start_seconds": 238.72, "end_seconds": 238.8, "confidence": null}, {"text": "what", "start_seconds": 238.8, "end_seconds": 238.88, "confidence": null}, {"text": "on", "start_seconds": 239.28, "end_seconds": 239.44, "confidence": null}, {"text": "your", "start_seconds": 239.44, "end_seconds": 239.52, "confidence": null}, {"text": "face", "start_seconds": 239.52, "end_seconds": 239.6, "confidence": null}]}, {"type": "transcript.final", "session_id": "3f14b64d-d08d-482f-be04-ffe2157cf437", "sequence": 378, "segment_id": 27, "revision": 12, "text": " oh on my face no no okay and apart from this any other symptoms have you noticed for example have you noticed any temperature or fevers", "granularity": "word", "items": [{"text": " oh", "start_seconds": 241.12, "end_seconds": 241.36, "confidence": null}, {"text": "on", "start_seconds": 241.36, "end_seconds": 241.44, "confidence": null}, {"text": "my", "start_seconds": 241.44, "end_seconds": 241.52, "confidence": null}, {"text": "face", "start_seconds": 241.52, "end_seconds": 241.6, "confidence": null}, {"text": "no", "start_seconds": 241.92, "end_seconds": 242.16, "confidence": null}, {"text": "no", "start_seconds": 242.16, "end_seconds": 242.4, "confidence": null}, {"text": "okay", "start_seconds": 242.4, "end_seconds": 242.48, "confidence": null}, {"text": "and", "start_seconds": 243.04, "end_seconds": 243.2, "confidence": null}, {"text": "apart", "start_seconds": 243.2, "end_seconds": 243.44, "confidence": null}, {"text": "from", "start_seconds": 243.44, "end_seconds": 243.52, "confidence": null}, {"text": "this", "start_seconds": 243.52, "end_seconds": 243.76, "confidence": null}, {"text": "any", "start_seconds": 243.76, "end_seconds": 243.84, "confidence": null}, {"text": "other", "start_seconds": 243.84, "end_seconds": 244.16, "confidence": null}, {"text": "symptoms", "start_seconds": 244.16, "end_seconds": 244.24, "confidence": null}, {"text": "have", "start_seconds": 244.72, "end_seconds": 244.8, "confidence": null}, {"text": "you", "start_seconds": 244.8, "end_seconds": 244.88, "confidence": null}, {"text": "noticed", "start_seconds": 244.88, "end_seconds": 245.28, "confidence": null}, {"text": "for", "start_seconds": 245.28, "end_seconds": 245.36, "confidence": null}, {"text": "example", "start_seconds": 245.36, "end_seconds": 245.68, "confidence": null}, {"text": "have", "start_seconds": 245.68, "end_seconds": 245.92, "confidence": null}, {"text": "you", "start_seconds": 245.92, "end_seconds": 246.0, "confidence": null}, {"text": "noticed", "start_seconds": 246.0, "end_seconds": 246.24, "confidence": null}, {"text": "any", "start_seconds": 246.24, "end_seconds": 246.4, "confidence": null}, {"text": "temperature", "start_seconds": 246.4, "end_seconds": 246.48, "confidence": null}, {"text": "or", "start_seconds": 246.96, "end_seconds": 247.04, "confidence": null}, {"text": "fevers", "start_seconds": 247.04, "end_seconds": 247.12, "confidence": null}]}, {"type": "transcript.final", "session_id": "3f14b64d-d08d-482f-be04-ffe2157cf437", "sequence": 388, "segment_id": 28, "revision": 10, "text": " no just itching itching nothing else okay so your your bowels are working okay", "granularity": "word", "items": [{"text": " no", "start_seconds": 249.2, "end_seconds": 249.28, "confidence": null}, {"text": "just", "start_seconds": 250.16, "end_seconds": 250.48, "confidence": null}, {"text": "itching", "start_seconds": 250.48, "end_seconds": 250.96, "confidence": null}, {"text": "itching", "start_seconds": 250.96, "end_seconds": 251.28, "confidence": null}, {"text": "nothing", "start_seconds": 251.28, "end_seconds": 251.68, "confidence": null}, {"text": "else", "start_seconds": 251.68, "end_seconds": 251.76, "confidence": null}, {"text": "okay", "start_seconds": 252.08, "end_seconds": 252.16, "confidence": null}, {"text": "so", "start_seconds": 252.56, "end_seconds": 252.64, "confidence": null}, {"text": "your", "start_seconds": 252.64, "end_seconds": 252.88, "confidence": null}, {"text": "your", "start_seconds": 252.88, "end_seconds": 253.2, "confidence": null}, {"text": "bowels", "start_seconds": 253.2, "end_seconds": 253.52, "confidence": null}, {"text": "are", "start_seconds": 253.52, "end_seconds": 253.68, "confidence": null}, {"text": "working", "start_seconds": 253.68, "end_seconds": 253.84, "confidence": null}, {"text": "okay", "start_seconds": 253.84, "end_seconds": 253.92, "confidence": null}]}, {"type": "transcript.final", "session_id": "3f14b64d-d08d-482f-be04-ffe2157cf437", "sequence": 395, "segment_id": 29, "revision": 7, "text": " you're chest is okay no cough no breathing difficulties", "granularity": "word", "items": [{"text": " you're", "start_seconds": 255.44, "end_seconds": 255.68, "confidence": null}, {"text": "chest", "start_seconds": 256.48, "end_seconds": 256.64, "confidence": null}, {"text": "is", "start_seconds": 256.64, "end_seconds": 256.8, "confidence": null}, {"text": "okay", "start_seconds": 256.8, "end_seconds": 256.88, "confidence": null}, {"text": "no", "start_seconds": 257.28, "end_seconds": 257.6, "confidence": null}, {"text": "cough", "start_seconds": 257.6, "end_seconds": 257.92, "confidence": null}, {"text": "no", "start_seconds": 257.92, "end_seconds": 258.0, "confidence": null}, {"text": "breathing", "start_seconds": 258.0, "end_seconds": 258.4, "confidence": null}, {"text": "difficulties", "start_seconds": 258.4, "end_seconds": 258.72, "confidence": null}]}, {"type": "transcript.final", "session_id": "3f14b64d-d08d-482f-be04-ffe2157cf437", "sequence": 399, "segment_id": 30, "revision": 4, "text": " no you're passing urine okay", "granularity": "word", "items": [{"text": " no", "start_seconds": 260.96, "end_seconds": 261.04, "confidence": null}, {"text": "you're", "start_seconds": 261.52, "end_seconds": 261.76, "confidence": null}, {"text": "passing", "start_seconds": 261.76, "end_seconds": 262.16, "confidence": null}, {"text": "urine", "start_seconds": 262.16, "end_seconds": 262.56, "confidence": null}, {"text": "okay", "start_seconds": 262.56, "end_seconds": 262.64, "confidence": null}]}, {"type": "transcript.final", "session_id": "3f14b64d-d08d-482f-be04-ffe2157cf437", "sequence": 404, "segment_id": 31, "revision": 5, "text": " uh I think so okay all right um", "granularity": "word", "items": [{"text": " uh", "start_seconds": 264.96, "end_seconds": 265.28, "confidence": null}, {"text": "I", "start_seconds": 265.28, "end_seconds": 265.36, "confidence": null}, {"text": "think", "start_seconds": 265.36, "end_seconds": 265.52, "confidence": null}, {"text": "so", "start_seconds": 265.52, "end_seconds": 265.6, "confidence": null}, {"text": "okay", "start_seconds": 265.92, "end_seconds": 266.0, "confidence": null}, {"text": "all", "start_seconds": 266.56, "end_seconds": 266.72, "confidence": null}, {"text": "right", "start_seconds": 266.72, "end_seconds": 266.8, "confidence": null}, {"text": "um", "start_seconds": 267.76, "end_seconds": 267.84, "confidence": null}]}, {"type": "transcript.final", "session_id": "3f14b64d-d08d-482f-be04-ffe2157cf437", "sequence": 413, "segment_id": 32, "revision": 9, "text": " it's always good to know so I mean do you have any ideas as to what could be causing your symptoms", "granularity": "word", "items": [{"text": " it's", "start_seconds": 269.36, "end_seconds": 269.52, "confidence": null}, {"text": "always", "start_seconds": 269.52, "end_seconds": 269.68, "confidence": null}, {"text": "good", "start_seconds": 269.68, "end_seconds": 269.76, "confidence": null}, {"text": "to", "start_seconds": 269.76, "end_seconds": 269.92, "confidence": null}, {"text": "know", "start_seconds": 269.92, "end_seconds": 270.24, "confidence": null}, {"text": "so", "start_seconds": 270.24, "end_seconds": 270.56, "confidence": null}, {"text": "I", "start_seconds": 270.56, "end_seconds": 270.64, "confidence": null}, {"text": "mean", "start_seconds": 270.64, "end_seconds": 270.88, "confidence": null}, {"text": "do", "start_seconds": 270.88, "end_seconds": 271.04, "confidence": null}, {"text": "you", "start_seconds": 271.04, "end_seconds": 271.12, "confidence": null}, {"text": "have", "start_seconds": 271.12, "end_seconds": 271.2, "confidence": null}, {"text": "any", "start_seconds": 271.2, "end_seconds": 271.28, "confidence": null}, {"text": "ideas", "start_seconds": 271.6, "end_seconds": 271.76, "confidence": null}, {"text": "as", "start_seconds": 271.76, "end_seconds": 272.08, "confidence": null}, {"text": "to", "start_seconds": 272.08, "end_seconds": 272.32, "confidence": null}, {"text": "what", "start_seconds": 272.32, "end_seconds": 272.4, "confidence": null}, {"text": "could", "start_seconds": 272.4, "end_seconds": 272.56, "confidence": null}, {"text": "be", "start_seconds": 272.56, "end_seconds": 272.72, "confidence": null}, {"text": "causing", "start_seconds": 272.72, "end_seconds": 272.88, "confidence": null}, {"text": "your", "start_seconds": 272.88, "end_seconds": 273.04, "confidence": null}, {"text": "symptoms", "start_seconds": 273.04, "end_seconds": 273.28, "confidence": null}]}, {"type": "transcript.final", "session_id": "3f14b64d-d08d-482f-be04-ffe2157cf437", "sequence": 420, "segment_id": 33, "revision": 7, "text": " any what any ideas as to what could be causing your symptoms", "granularity": "word", "items": [{"text": " any", "start_seconds": 275.68, "end_seconds": 275.76, "confidence": null}, {"text": "what", "start_seconds": 276.08, "end_seconds": 276.4, "confidence": null}, {"text": "any", "start_seconds": 276.4, "end_seconds": 276.64, "confidence": null}, {"text": "ideas", "start_seconds": 276.64, "end_seconds": 276.72, "confidence": null}, {"text": "as", "start_seconds": 277.2, "end_seconds": 277.28, "confidence": null}, {"text": "to", "start_seconds": 277.28, "end_seconds": 277.36, "confidence": null}, {"text": "what", "start_seconds": 277.36, "end_seconds": 277.52, "confidence": null}, {"text": "could", "start_seconds": 277.52, "end_seconds": 277.6, "confidence": null}, {"text": "be", "start_seconds": 277.6, "end_seconds": 277.76, "confidence": null}, {"text": "causing", "start_seconds": 277.76, "end_seconds": 277.92, "confidence": null}, {"text": "your", "start_seconds": 277.92, "end_seconds": 278.16, "confidence": null}, {"text": "symptoms", "start_seconds": 278.16, "end_seconds": 278.32, "confidence": null}]}, {"type": "transcript.final", "session_id": "3f14b64d-d08d-482f-be04-ffe2157cf437", "sequence": 444, "segment_id": 34, "revision": 24, "text": " um I um so I had eczema before so maybe it's this but it seems like more uh like uh my eczema was only on the arm so I'm I'm not sure I I really have no idea okay that's okay so um normally at this stage I like to examine you", "granularity": "word", "items": [{"text": " um", "start_seconds": 280.32, "end_seconds": 280.56, "confidence": null}, {"text": "I", "start_seconds": 280.56, "end_seconds": 280.72, "confidence": null}, {"text": "um", "start_seconds": 280.72, "end_seconds": 280.96, "confidence": null}, {"text": "so", "start_seconds": 280.96, "end_seconds": 281.04, "confidence": null}, {"text": "I", "start_seconds": 281.04, "end_seconds": 281.2, "confidence": null}, {"text": "had", "start_seconds": 281.2, "end_seconds": 281.36, "confidence": null}, {"text": "eczema", "start_seconds": 281.36, "end_seconds": 281.92, "confidence": null}, {"text": "before", "start_seconds": 281.92, "end_seconds": 282.08, "confidence": null}, {"text": "so", "start_seconds": 282.08, "end_seconds": 282.24, "confidence": null}, {"text": "maybe", "start_seconds": 282.24, "end_seconds": 282.4, "confidence": null}, {"text": "it's", "start_seconds": 282.4, "end_seconds": 282.48, "confidence": null}, {"text": "this", "start_seconds": 282.8, "end_seconds": 282.96, "confidence": null}, {"text": "but", "start_seconds": 282.96, "end_seconds": 283.12, "confidence": null}, {"text": "it", "start_seconds": 283.12, "end_seconds": 283.2, "confidence": null}, {"text": "seems", "start_seconds": 283.2, "end_seconds": 283.28, "confidence": null}, {"text": "like", "start_seconds": 283.76, "end_seconds": 284.08, "confidence": null}, {"text": "more", "start_seconds": 284.08, "end_seconds": 284.16, "confidence": null}, {"text": "uh", "start_seconds": 285.04, "end_seconds": 285.36, "confidence": null}, {"text": "like", "start_seconds": 285.36, "end_seconds": 285.68, "confidence": null}, {"text": "uh", "start_seconds": 285.68, "end_seconds": 285.92, "confidence": null}, {"text": "my", "start_seconds": 285.92, "end_seconds": 286.0, "confidence": null}, {"text": "eczema", "start_seconds": 286.0, "end_seconds": 286.4, "confidence": null}, {"text": "was", "start_seconds": 286.4, "end_seconds": 286.48, "confidence": null}, {"text": "only", "start_seconds": 286.48, "end_seconds": 286.64, "confidence": null}, {"text": "on", "start_seconds": 286.64, "end_seconds": 286.8, "confidence": null}, {"text": "the", "start_seconds": 286.8, "end_seconds": 287.04, "confidence": null}, {"text": "arm", "start_seconds": 287.04, "end_seconds": 287.36, "confidence": null}, {"text": "so", "start_seconds": 287.36, "end_seconds": 287.52, "confidence": null}, {"text": "I'm", "start_seconds": 287.52, "end_seconds": 287.76, "confidence": null}, {"text": "I'm", "start_seconds": 287.76, "end_seconds": 287.92, "confidence": null}, {"text": "not", "start_seconds": 287.92, "end_seconds": 288.0, "confidence": null}, {"text": "sure", "start_seconds": 288.0, "end_seconds": 288.08, "confidence": null}, {"text": "I", "start_seconds": 288.4, "end_seconds": 288.48, "confidence": null}, {"text": "I", "start_seconds": 288.8, "end_seconds": 289.04, "confidence": null}, {"text": "really", "start_seconds": 289.04, "end_seconds": 289.28, "confidence": null}, {"text": "have", "start_seconds": 289.28, "end_seconds": 289.36, "confidence": null}, {"text": "no", "start_seconds": 289.68, "end_seconds": 289.92, "confidence": null}, {"text": "idea", "start_seconds": 289.92, "end_seconds": 290.0, "confidence": null}, {"text": "okay", "start_seconds": 290.48, "end_seconds": 290.56, "confidence": null}, {"text": "that's", "start_seconds": 291.2, "end_seconds": 291.44, "confidence": null}, {"text": "okay", "start_seconds": 291.44, "end_seconds": 291.6, "confidence": null}, {"text": "so", "start_seconds": 291.6, "end_seconds": 291.84, "confidence": null}, {"text": "um", "start_seconds": 291.84, "end_seconds": 291.92, "confidence": null}, {"text": "normally", "start_seconds": 292.4, "end_seconds": 292.48, "confidence": null}, {"text": "at", "start_seconds": 292.88, "end_seconds": 292.96, "confidence": null}, {"text": "this", "start_seconds": 292.96, "end_seconds": 293.04, "confidence": null}, {"text": "stage", "start_seconds": 293.04, "end_seconds": 293.28, "confidence": null}, {"text": "I", "start_seconds": 293.28, "end_seconds": 293.52, "confidence": null}, {"text": "like", "start_seconds": 293.52, "end_seconds": 293.6, "confidence": null}, {"text": "to", "start_seconds": 293.6, "end_seconds": 293.68, "confidence": null}, {"text": "examine", "start_seconds": 293.68, "end_seconds": 293.92, "confidence": null}, {"text": "you", "start_seconds": 293.92, "end_seconds": 294.0, "confidence": null}]}, {"type": "transcript.final", "session_id": "3f14b64d-d08d-482f-be04-ffe2157cf437", "sequence": 461, "segment_id": 35, "revision": 17, "text": " um to see the rash itself and see exactly what type of rash it is but from what you've told me you mention it's you've got some dry skin and some uh cracked skin as well", "granularity": "word", "items": [{"text": " um", "start_seconds": 295.12, "end_seconds": 295.36, "confidence": null}, {"text": "to", "start_seconds": 295.36, "end_seconds": 295.68, "confidence": null}, {"text": "see", "start_seconds": 295.68, "end_seconds": 295.76, "confidence": null}, {"text": "the", "start_seconds": 295.76, "end_seconds": 295.84, "confidence": null}, {"text": "rash", "start_seconds": 296.32, "end_seconds": 296.56, "confidence": null}, {"text": "itself", "start_seconds": 296.56, "end_seconds": 296.8, "confidence": null}, {"text": "and", "start_seconds": 296.8, "end_seconds": 296.96, "confidence": null}, {"text": "see", "start_seconds": 296.96, "end_seconds": 297.12, "confidence": null}, {"text": "exactly", "start_seconds": 297.12, "end_seconds": 297.36, "confidence": null}, {"text": "what", "start_seconds": 297.36, "end_seconds": 297.44, "confidence": null}, {"text": "type", "start_seconds": 297.44, "end_seconds": 297.6, "confidence": null}, {"text": "of", "start_seconds": 297.6, "end_seconds": 297.76, "confidence": null}, {"text": "rash", "start_seconds": 297.76, "end_seconds": 297.84, "confidence": null}, {"text": "it", "start_seconds": 298.16, "end_seconds": 298.24, "confidence": null}, {"text": "is", "start_seconds": 298.24, "end_seconds": 298.56, "confidence": null}, {"text": "but", "start_seconds": 298.56, "end_seconds": 298.72, "confidence": null}, {"text": "from", "start_seconds": 298.72, "end_seconds": 298.96, "confidence": null}, {"text": "what", "start_seconds": 298.96, "end_seconds": 299.04, "confidence": null}, {"text": "you've", "start_seconds": 299.04, "end_seconds": 299.2, "confidence": null}, {"text": "told", "start_seconds": 299.2, "end_seconds": 299.36, "confidence": null}, {"text": "me", "start_seconds": 299.36, "end_seconds": 299.6, "confidence": null}, {"text": "you", "start_seconds": 299.6, "end_seconds": 299.76, "confidence": null}, {"text": "mention", "start_seconds": 299.76, "end_seconds": 299.84, "confidence": null}, {"text": "it's", "start_seconds": 300.16, "end_seconds": 300.24, "confidence": null}, {"text": "you've", "start_seconds": 300.72, "end_seconds": 300.96, "confidence": null}, {"text": "got", "start_seconds": 300.96, "end_seconds": 301.04, "confidence": null}, {"text": "some", "start_seconds": 301.04, "end_seconds": 301.12, "confidence": null}, {"text": "dry", "start_seconds": 301.44, "end_seconds": 301.52, "confidence": null}, {"text": "skin", "start_seconds": 301.92, "end_seconds": 302.0, "confidence": null}, {"text": "and", "start_seconds": 302.32, "end_seconds": 302.48, "confidence": null}, {"text": "some", "start_seconds": 302.48, "end_seconds": 302.56, "confidence": null}, {"text": "uh", "start_seconds": 302.96, "end_seconds": 303.2, "confidence": null}, {"text": "cracked", "start_seconds": 303.2, "end_seconds": 303.52, "confidence": null}, {"text": "skin", "start_seconds": 303.52, "end_seconds": 303.76, "confidence": null}, {"text": "as", "start_seconds": 303.76, "end_seconds": 303.84, "confidence": null}, {"text": "well", "start_seconds": 303.84, "end_seconds": 303.92, "confidence": null}]}, {"type": "transcript.final", "session_id": "3f14b64d-d08d-482f-be04-ffe2157cf437", "sequence": 467, "segment_id": 36, "revision": 6, "text": " uh and it's been very itchy and so with your um", "granularity": "word", "items": [{"text": " uh", "start_seconds": 305.2, "end_seconds": 305.44, "confidence": null}, {"text": "and", "start_seconds": 305.44, "end_seconds": 305.52, "confidence": null}, {"text": "it's", "start_seconds": 305.52, "end_seconds": 305.68, "confidence": null}, {"text": "been", "start_seconds": 305.68, "end_seconds": 305.76, "confidence": null}, {"text": "very", "start_seconds": 305.76, "end_seconds": 305.84, "confidence": null}, {"text": "itchy", "start_seconds": 305.84, "end_seconds": 306.56, "confidence": null}, {"text": "and", "start_seconds": 306.56, "end_seconds": 306.72, "confidence": null}, {"text": "so", "start_seconds": 306.72, "end_seconds": 306.8, "confidence": null}, {"text": "with", "start_seconds": 307.44, "end_seconds": 307.6, "confidence": null}, {"text": "your", "start_seconds": 307.6, "end_seconds": 307.68, "confidence": null}, {"text": "um", "start_seconds": 308.08, "end_seconds": 308.16, "confidence": null}]}, {"type": "transcript.final", "session_id": "3f14b64d-d08d-482f-be04-ffe2157cf437", "sequence": 500, "segment_id": 37, "revision": 33, "text": " your your background of eczema um sorry couple of questions I wanted to ask you which I completely forgot my apologies um apart from the eczema do you have any other medical problems I should be aware of uh no I just had asthma in the past but okay not anymore not anymore okay and do you take any regular medications at the moment", "granularity": "word", "items": [{"text": " your", "start_seconds": 310.4, "end_seconds": 310.56, "confidence": null}, {"text": "your", "start_seconds": 310.56, "end_seconds": 310.88, "confidence": null}, {"text": "background", "start_seconds": 310.88, "end_seconds": 311.12, "confidence": null}, {"text": "of", "start_seconds": 311.12, "end_seconds": 311.36, "confidence": null}, {"text": "eczema", "start_seconds": 311.36, "end_seconds": 311.68, "confidence": null}, {"text": "um", "start_seconds": 312.16, "end_seconds": 312.24, "confidence": null}, {"text": "sorry", "start_seconds": 312.88, "end_seconds": 313.04, "confidence": null}, {"text": "couple", "start_seconds": 313.92, "end_seconds": 314.0, "confidence": null}, {"text": "of", "start_seconds": 314.0, "end_seconds": 314.08, "confidence": null}, {"text": "questions", "start_seconds": 314.08, "end_seconds": 314.24, "confidence": null}, {"text": "I", "start_seconds": 314.24, "end_seconds": 314.32, "confidence": null}, {"text": "wanted", "start_seconds": 314.32, "end_seconds": 314.56, "confidence": null}, {"text": "to", "start_seconds": 314.56, "end_seconds": 314.64, "confidence": null}, {"text": "ask", "start_seconds": 314.64, "end_seconds": 314.72, "confidence": null}, {"text": "you", "start_seconds": 314.72, "end_seconds": 315.04, "confidence": null}, {"text": "which", "start_seconds": 315.04, "end_seconds": 315.28, "confidence": null}, {"text": "I", "start_seconds": 315.28, "end_seconds": 315.36, "confidence": null}, {"text": "completely", "start_seconds": 315.36, "end_seconds": 315.6, "confidence": null}, {"text": "forgot", "start_seconds": 315.6, "end_seconds": 316.0, "confidence": null}, {"text": "my", "start_seconds": 316.0, "end_seconds": 316.16, "confidence": null}, {"text": "apologies", "start_seconds": 316.16, "end_seconds": 316.24, "confidence": null}, {"text": "um", "start_seconds": 316.8, "end_seconds": 317.04, "confidence": null}, {"text": "apart", "start_seconds": 317.04, "end_seconds": 317.28, "confidence": null}, {"text": "from", "start_seconds": 317.28, "end_seconds": 317.36, "confidence": null}, {"text": "the", "start_seconds": 317.36, "end_seconds": 317.6, "confidence": null}, {"text": "eczema", "start_seconds": 317.6, "end_seconds": 318.16, "confidence": null}, {"text": "do", "start_seconds": 318.16, "end_seconds": 318.24, "confidence": null}, {"text": "you", "start_seconds": 318.24, "end_seconds": 318.32, "confidence": null}, {"text": "have", "start_seconds": 318.32, "end_seconds": 318.48, "confidence": null}, {"text": "any", "start_seconds": 318.48, "end_seconds": 318.64, "confidence": null}, {"text": "other", "start_seconds": 318.64, "end_seconds": 318.72, "confidence": null}, {"text": "medical", "start_seconds": 318.72, "end_seconds": 318.96, "confidence": null}, {"text": "problems", "start_seconds": 318.96, "end_seconds": 319.2, "confidence": null}, {"text": "I", "start_seconds": 319.76, "end_seconds": 319.84, "confidence": null}, {"text": "should", "start_seconds": 319.84, "end_seconds": 319.92, "confidence": null}, {"text": "be", "start_seconds": 319.92, "end_seconds": 320.0, "confidence": null}, {"text": "aware", "start_seconds": 320.0, "end_seconds": 320.08, "confidence": null}, {"text": "of", "start_seconds": 320.08, "end_seconds": 320.16, "confidence": null}, {"text": "uh", "start_seconds": 321.12, "end_seconds": 321.44, "confidence": null}, {"text": "no", "start_seconds": 321.44, "end_seconds": 321.76, "confidence": null}, {"text": "I", "start_seconds": 321.76, "end_seconds": 322.08, "confidence": null}, {"text": "just", "start_seconds": 322.08, "end_seconds": 322.16, "confidence": null}, {"text": "had", "start_seconds": 322.16, "end_seconds": 322.24, "confidence": null}, {"text": "asthma", "start_seconds": 322.72, "end_seconds": 322.88, "confidence": null}, {"text": "in", "start_seconds": 323.36, "end_seconds": 323.44, "confidence": null}, {"text": "the", "start_seconds": 323.44, "end_seconds": 323.68, "confidence": null}, {"text": "past", "start_seconds": 323.68, "end_seconds": 323.76, "confidence": null}, {"text": "but", "start_seconds": 324.24, "end_seconds": 324.48, "confidence": null}, {"text": "okay", "start_seconds": 324.48, "end_seconds": 324.8, "confidence": null}, {"text": "not", "start_seconds": 324.8, "end_seconds": 324.96, "confidence": null}, {"text": "anymore", "start_seconds": 324.96, "end_seconds": 325.04, "confidence": null}, {"text": "not", "start_seconds": 325.44, "end_seconds": 325.6, "confidence": null}, {"text": "anymore", "start_seconds": 325.6, "end_seconds": 326.0, "confidence": null}, {"text": "okay", "start_seconds": 326.0, "end_seconds": 326.08, "confidence": null}, {"text": "and", "start_seconds": 326.56, "end_seconds": 326.64, "confidence": null}, {"text": "do", "start_seconds": 326.64, "end_seconds": 326.72, "confidence": null}, {"text": "you", "start_seconds": 326.72, "end_seconds": 326.8, "confidence": null}, {"text": "take", "start_seconds": 326.8, "end_seconds": 327.04, "confidence": null}, {"text": "any", "start_seconds": 327.04, "end_seconds": 327.12, "confidence": null}, {"text": "regular", "start_seconds": 327.12, "end_seconds": 327.2, "confidence": null}, {"text": "medications", "start_seconds": 327.6, "end_seconds": 328.24, "confidence": null}, {"text": "at", "start_seconds": 328.24, "end_seconds": 328.32, "confidence": null}, {"text": "the", "start_seconds": 328.32, "end_seconds": 328.4, "confidence": null}, {"text": "moment", "start_seconds": 328.4, "end_seconds": 328.48, "confidence": null}]}, {"type": "transcript.final", "session_id": "3f14b64d-d08d-482f-be04-ffe2157cf437", "sequence": 506, "segment_id": 38, "revision": 6, "text": " uh no okay do you have any allergies to anything", "granularity": "word", "items": [{"text": " uh", "start_seconds": 330.48, "end_seconds": 330.8, "confidence": null}, {"text": "no", "start_seconds": 330.8, "end_seconds": 330.88, "confidence": null}, {"text": "okay", "start_seconds": 331.76, "end_seconds": 331.84, "confidence": null}, {"text": "do", "start_seconds": 332.16, "end_seconds": 332.24, "confidence": null}, {"text": "you", "start_seconds": 332.24, "end_seconds": 332.4, "confidence": null}, {"text": "have", "start_seconds": 332.4, "end_seconds": 332.48, "confidence": null}, {"text": "any", "start_seconds": 332.48, "end_seconds": 332.72, "confidence": null}, {"text": "allergies", "start_seconds": 332.72, "end_seconds": 332.96, "confidence": null}, {"text": "to", "start_seconds": 332.96, "end_seconds": 333.12, "confidence": null}, {"text": "anything", "start_seconds": 333.12, "end_seconds": 333.28, "confidence": null}]}, {"type": "transcript.final", "session_id": "3f14b64d-d08d-482f-be04-ffe2157cf437", "sequence": 508, "segment_id": 39, "revision": 2, "text": " sorry", "granularity": "word", "items": [{"text": " sorry", "start_seconds": 335.12, "end_seconds": 335.28, "confidence": null}]}, {"type": "transcript.final", "session_id": "3f14b64d-d08d-482f-be04-ffe2157cf437", "sequence": 510, "segment_id": 40, "revision": 2, "text": " sorry", "granularity": "word", "items": [{"text": " sorry", "start_seconds": 337.44, "end_seconds": 337.6, "confidence": null}]}, {"type": "transcript.final", "session_id": "3f14b64d-d08d-482f-be04-ffe2157cf437", "sequence": 530, "segment_id": 41, "revision": 20, "text": " hello hello yes can you hear me uh sorry I think it cra uh do you have any allergies at all? Oh, allergies uh no no okay um and tell me about your um your", "granularity": "word", "items": [{"text": " hello", "start_seconds": 347.28, "end_seconds": 347.36, "confidence": null}, {"text": "hello", "start_seconds": 347.92, "end_seconds": 348.48, "confidence": null}, {"text": "yes", "start_seconds": 348.48, "end_seconds": 348.56, "confidence": null}, {"text": "can", "start_seconds": 349.12, "end_seconds": 349.2, "confidence": null}, {"text": "you", "start_seconds": 349.2, "end_seconds": 349.28, "confidence": null}, {"text": "hear", "start_seconds": 349.28, "end_seconds": 349.36, "confidence": null}, {"text": "me", "start_seconds": 349.36, "end_seconds": 349.68, "confidence": null}, {"text": "uh", "start_seconds": 349.68, "end_seconds": 349.84, "confidence": null}, {"text": "sorry", "start_seconds": 349.84, "end_seconds": 350.08, "confidence": null}, {"text": "I", "start_seconds": 350.08, "end_seconds": 350.16, "confidence": null}, {"text": "think", "start_seconds": 350.16, "end_seconds": 350.24, "confidence": null}, {"text": "it", "start_seconds": 350.24, "end_seconds": 350.32, "confidence": null}, {"text": "cra", "start_seconds": 350.64, "end_seconds": 350.88, "confidence": null}, {"text": "uh", "start_seconds": 350.88, "end_seconds": 350.96, "confidence": null}, {"text": "do", "start_seconds": 351.36, "end_seconds": 351.44, "confidence": null}, {"text": "you", "start_seconds": 351.44, "end_seconds": 351.68, "confidence": null}, {"text": "have", "start_seconds": 351.68, "end_seconds": 351.76, "confidence": null}, {"text": "any", "start_seconds": 351.76, "end_seconds": 351.92, "confidence": null}, {"text": "allergies", "start_seconds": 351.92, "end_seconds": 352.48, "confidence": null}, {"text": "at", "start_seconds": 352.48, "end_seconds": 352.56, "confidence": null}, {"text": "all?", "start_seconds": 352.56, "end_seconds": 352.64, "confidence": null}, {"text": "Oh,", "start_seconds": 353.36, "end_seconds": 353.44, "confidence": null}, {"text": "allergies", "start_seconds": 353.92, "end_seconds": 354.16, "confidence": null}, {"text": "uh", "start_seconds": 354.72, "end_seconds": 355.04, "confidence": null}, {"text": "no", "start_seconds": 355.04, "end_seconds": 355.12, "confidence": null}, {"text": "no", "start_seconds": 355.44, "end_seconds": 355.52, "confidence": null}, {"text": "okay", "start_seconds": 355.84, "end_seconds": 355.92, "confidence": null}, {"text": "um", "start_seconds": 356.56, "end_seconds": 356.64, "confidence": null}, {"text": "and", "start_seconds": 357.52, "end_seconds": 357.6, "confidence": null}, {"text": "tell", "start_seconds": 357.6, "end_seconds": 357.76, "confidence": null}, {"text": "me", "start_seconds": 357.76, "end_seconds": 357.92, "confidence": null}, {"text": "about", "start_seconds": 357.92, "end_seconds": 358.08, "confidence": null}, {"text": "your", "start_seconds": 358.08, "end_seconds": 358.16, "confidence": null}, {"text": "um", "start_seconds": 358.8, "end_seconds": 358.88, "confidence": null}, {"text": "your", "start_seconds": 360.0, "end_seconds": 360.08, "confidence": null}]}, {"type": "transcript.final", "session_id": "3f14b64d-d08d-482f-be04-ffe2157cf437", "sequence": 534, "segment_id": 42, "revision": 4, "text": " situation at home who do you live with", "granularity": "word", "items": [{"text": " situation", "start_seconds": 360.16, "end_seconds": 360.32, "confidence": null}, {"text": "at", "start_seconds": 360.32, "end_seconds": 360.64, "confidence": null}, {"text": "home", "start_seconds": 360.64, "end_seconds": 360.88, "confidence": null}, {"text": "who", "start_seconds": 360.88, "end_seconds": 361.04, "confidence": null}, {"text": "do", "start_seconds": 361.04, "end_seconds": 361.12, "confidence": null}, {"text": "you", "start_seconds": 361.12, "end_seconds": 361.28, "confidence": null}, {"text": "live", "start_seconds": 361.28, "end_seconds": 361.36, "confidence": null}, {"text": "with", "start_seconds": 361.36, "end_seconds": 361.44, "confidence": null}]}, {"type": "transcript.final", "session_id": "3f14b64d-d08d-482f-be04-ffe2157cf437", "sequence": 552, "segment_id": 43, "revision": 18, "text": " um so um I live with a few flatmates I'm uh so you know I'm thirty one uh I yeah I'm I have a full time job and so I'm living with a few people to save money", "granularity": "word", "items": [{"text": " um", "start_seconds": 363.6, "end_seconds": 363.68, "confidence": null}, {"text": "so", "start_seconds": 364.16, "end_seconds": 364.24, "confidence": null}, {"text": "um", "start_seconds": 364.56, "end_seconds": 364.72, "confidence": null}, {"text": "I", "start_seconds": 364.72, "end_seconds": 364.88, "confidence": null}, {"text": "live", "start_seconds": 364.88, "end_seconds": 365.12, "confidence": null}, {"text": "with", "start_seconds": 365.12, "end_seconds": 365.36, "confidence": null}, {"text": "a", "start_seconds": 365.36, "end_seconds": 365.52, "confidence": null}, {"text": "few", "start_seconds": 365.52, "end_seconds": 365.84, "confidence": null}, {"text": "flatmates", "start_seconds": 365.84, "end_seconds": 366.08, "confidence": null}, {"text": "I'm", "start_seconds": 367.04, "end_seconds": 367.36, "confidence": null}, {"text": "uh", "start_seconds": 367.36, "end_seconds": 367.6, "confidence": null}, {"text": "so", "start_seconds": 367.6, "end_seconds": 367.68, "confidence": null}, {"text": "you", "start_seconds": 367.68, "end_seconds": 367.76, "confidence": null}, {"text": "know", "start_seconds": 367.76, "end_seconds": 367.92, "confidence": null}, {"text": "I'm", "start_seconds": 367.92, "end_seconds": 368.16, "confidence": null}, {"text": "thirty", "start_seconds": 368.16, "end_seconds": 368.32, "confidence": null}, {"text": "one", "start_seconds": 368.32, "end_seconds": 368.4, "confidence": null}, {"text": "uh", "start_seconds": 369.2, "end_seconds": 369.28, "confidence": null}, {"text": "I", "start_seconds": 369.6, "end_seconds": 369.68, "confidence": null}, {"text": "yeah", "start_seconds": 370.16, "end_seconds": 370.48, "confidence": null}, {"text": "I'm", "start_seconds": 370.48, "end_seconds": 370.72, "confidence": null}, {"text": "I", "start_seconds": 370.72, "end_seconds": 370.88, "confidence": null}, {"text": "have", "start_seconds": 370.88, "end_seconds": 370.96, "confidence": null}, {"text": "a", "start_seconds": 370.96, "end_seconds": 371.04, "confidence": null}, {"text": "full", "start_seconds": 371.04, "end_seconds": 371.12, "confidence": null}, {"text": "time", "start_seconds": 371.12, "end_seconds": 371.36, "confidence": null}, {"text": "job", "start_seconds": 371.36, "end_seconds": 371.44, "confidence": null}, {"text": "and", "start_seconds": 371.84, "end_seconds": 371.92, "confidence": null}, {"text": "so", "start_seconds": 372.24, "end_seconds": 372.4, "confidence": null}, {"text": "I'm", "start_seconds": 372.4, "end_seconds": 372.48, "confidence": null}, {"text": "living", "start_seconds": 372.96, "end_seconds": 373.04, "confidence": null}, {"text": "with", "start_seconds": 373.04, "end_seconds": 373.12, "confidence": null}, {"text": "a", "start_seconds": 373.12, "end_seconds": 373.28, "confidence": null}, {"text": "few", "start_seconds": 373.28, "end_seconds": 373.6, "confidence": null}, {"text": "people", "start_seconds": 373.6, "end_seconds": 373.68, "confidence": null}, {"text": "to", "start_seconds": 373.68, "end_seconds": 373.76, "confidence": null}, {"text": "save", "start_seconds": 373.76, "end_seconds": 374.0, "confidence": null}, {"text": "money", "start_seconds": 374.0, "end_seconds": 374.08, "confidence": null}]}, {"type": "transcript.final", "session_id": "3f14b64d-d08d-482f-be04-ffe2157cf437", "sequence": 556, "segment_id": 44, "revision": 4, "text": " okay and what do you do for work", "granularity": "word", "items": [{"text": " okay", "start_seconds": 375.36, "end_seconds": 375.44, "confidence": null}, {"text": "and", "start_seconds": 375.76, "end_seconds": 375.92, "confidence": null}, {"text": "what", "start_seconds": 375.92, "end_seconds": 376.0, "confidence": null}, {"text": "do", "start_seconds": 376.0, "end_seconds": 376.08, "confidence": null}, {"text": "you", "start_seconds": 376.08, "end_seconds": 376.16, "confidence": null}, {"text": "do", "start_seconds": 376.16, "end_seconds": 376.24, "confidence": null}, {"text": "for", "start_seconds": 376.24, "end_seconds": 376.4, "confidence": null}, {"text": "work", "start_seconds": 376.4, "end_seconds": 376.48, "confidence": null}]}, {"type": "transcript.final", "session_id": "3f14b64d-d08d-482f-be04-ffe2157cf437", "sequence": 573, "segment_id": 45, "revision": 17, "text": "Uh, I work uh at a pharmaceutical company so it's been uh it's been a few years now uh it's uh it's kind of interesting we're working I'm a like a kind of project manager", "granularity": "word", "items": [{"text": "Uh,", "start_seconds": 379.2, "end_seconds": 379.36, "confidence": null}, {"text": "I", "start_seconds": 379.36, "end_seconds": 379.6, "confidence": null}, {"text": "work", "start_seconds": 379.6, "end_seconds": 379.68, "confidence": null}, {"text": "uh", "start_seconds": 379.92, "end_seconds": 380.24, "confidence": null}, {"text": "at", "start_seconds": 380.24, "end_seconds": 380.32, "confidence": null}, {"text": "a", "start_seconds": 380.32, "end_seconds": 380.48, "confidence": null}, {"text": "pharmaceutical", "start_seconds": 380.48, "end_seconds": 381.12, "confidence": null}, {"text": "company", "start_seconds": 381.12, "end_seconds": 381.2, "confidence": null}, {"text": "so", "start_seconds": 381.92, "end_seconds": 382.16, "confidence": null}, {"text": "it's", "start_seconds": 382.16, "end_seconds": 382.48, "confidence": null}, {"text": "been", "start_seconds": 382.48, "end_seconds": 382.64, "confidence": null}, {"text": "uh", "start_seconds": 382.64, "end_seconds": 382.72, "confidence": null}, {"text": "it's", "start_seconds": 383.04, "end_seconds": 383.2, "confidence": null}, {"text": "been", "start_seconds": 383.2, "end_seconds": 383.36, "confidence": null}, {"text": "a", "start_seconds": 383.36, "end_seconds": 383.44, "confidence": null}, {"text": "few", "start_seconds": 383.44, "end_seconds": 383.6, "confidence": null}, {"text": "years", "start_seconds": 383.6, "end_seconds": 383.84, "confidence": null}, {"text": "now", "start_seconds": 383.84, "end_seconds": 383.92, "confidence": null}, {"text": "uh", "start_seconds": 384.8, "end_seconds": 384.96, "confidence": null}, {"text": "it's", "start_seconds": 384.96, "end_seconds": 385.2, "confidence": null}, {"text": "uh", "start_seconds": 385.2, "end_seconds": 385.28, "confidence": null}, {"text": "it's", "start_seconds": 385.6, "end_seconds": 385.76, "confidence": null}, {"text": "kind", "start_seconds": 385.76, "end_seconds": 385.84, "confidence": null}, {"text": "of", "start_seconds": 385.84, "end_seconds": 386.0, "confidence": null}, {"text": "interesting", "start_seconds": 386.0, "end_seconds": 386.08, "confidence": null}, {"text": "we're", "start_seconds": 386.48, "end_seconds": 386.72, "confidence": null}, {"text": "working", "start_seconds": 386.72, "end_seconds": 386.8, "confidence": null}, {"text": "I'm", "start_seconds": 387.2, "end_seconds": 387.44, "confidence": null}, {"text": "a", "start_seconds": 387.44, "end_seconds": 387.68, "confidence": null}, {"text": "like", "start_seconds": 387.68, "end_seconds": 387.92, "confidence": null}, {"text": "a", "start_seconds": 387.92, "end_seconds": 388.16, "confidence": null}, {"text": "kind", "start_seconds": 388.16, "end_seconds": 388.4, "confidence": null}, {"text": "of", "start_seconds": 388.4, "end_seconds": 388.64, "confidence": null}, {"text": "project", "start_seconds": 388.64, "end_seconds": 388.8, "confidence": null}, {"text": "manager", "start_seconds": 388.8, "end_seconds": 388.88, "confidence": null}]}, {"type": "transcript.final", "session_id": "3f14b64d-d08d-482f-be04-ffe2157cf437", "sequence": 579, "segment_id": 46, "revision": 6, "text": " I mean do you want to to know more about it", "granularity": "word", "items": [{"text": " I", "start_seconds": 390.4, "end_seconds": 390.48, "confidence": null}, {"text": "mean", "start_seconds": 390.88, "end_seconds": 391.2, "confidence": null}, {"text": "do", "start_seconds": 391.2, "end_seconds": 391.28, "confidence": null}, {"text": "you", "start_seconds": 391.28, "end_seconds": 391.44, "confidence": null}, {"text": "want", "start_seconds": 391.44, "end_seconds": 391.52, "confidence": null}, {"text": "to", "start_seconds": 391.52, "end_seconds": 391.6, "confidence": null}, {"text": "to", "start_seconds": 392.08, "end_seconds": 392.16, "confidence": null}, {"text": "know", "start_seconds": 392.16, "end_seconds": 392.32, "confidence": null}, {"text": "more", "start_seconds": 392.32, "end_seconds": 392.4, "confidence": null}, {"text": "about", "start_seconds": 392.4, "end_seconds": 392.56, "confidence": null}, {"text": "it", "start_seconds": 392.56, "end_seconds": 392.64, "confidence": null}]}, {"type": "transcript.final", "session_id": "3f14b64d-d08d-482f-be04-ffe2157cf437", "sequence": 584, "segment_id": 47, "revision": 5, "text": " no no no that's absolutely fine", "granularity": "word", "items": [{"text": " no", "start_seconds": 394.24, "end_seconds": 394.4, "confidence": null}, {"text": "no", "start_seconds": 394.4, "end_seconds": 394.56, "confidence": null}, {"text": "no", "start_seconds": 394.56, "end_seconds": 394.72, "confidence": null}, {"text": "that's", "start_seconds": 394.72, "end_seconds": 394.96, "confidence": null}, {"text": "absolutely", "start_seconds": 394.96, "end_seconds": 395.92, "confidence": null}, {"text": "fine", "start_seconds": 395.92, "end_seconds": 396.0, "confidence": null}]}, {"type": "transcript.final", "session_id": "3f14b64d-d08d-482f-be04-ffe2157cf437", "sequence": 593, "segment_id": 48, "revision": 9, "text": " just couple of questions I want to ask you which can sometimes affect your symptoms is do you smoke at all", "granularity": "word", "items": [{"text": " just", "start_seconds": 397.6, "end_seconds": 397.68, "confidence": null}, {"text": "couple", "start_seconds": 397.68, "end_seconds": 397.76, "confidence": null}, {"text": "of", "start_seconds": 397.76, "end_seconds": 397.92, "confidence": null}, {"text": "questions", "start_seconds": 397.92, "end_seconds": 398.16, "confidence": null}, {"text": "I", "start_seconds": 398.16, "end_seconds": 398.24, "confidence": null}, {"text": "want", "start_seconds": 398.24, "end_seconds": 398.4, "confidence": null}, {"text": "to", "start_seconds": 398.4, "end_seconds": 398.48, "confidence": null}, {"text": "ask", "start_seconds": 398.48, "end_seconds": 398.56, "confidence": null}, {"text": "you", "start_seconds": 398.56, "end_seconds": 398.8, "confidence": null}, {"text": "which", "start_seconds": 398.8, "end_seconds": 398.96, "confidence": null}, {"text": "can", "start_seconds": 398.96, "end_seconds": 399.2, "confidence": null}, {"text": "sometimes", "start_seconds": 399.2, "end_seconds": 399.44, "confidence": null}, {"text": "affect", "start_seconds": 399.44, "end_seconds": 399.68, "confidence": null}, {"text": "your", "start_seconds": 399.68, "end_seconds": 399.84, "confidence": null}, {"text": "symptoms", "start_seconds": 399.84, "end_seconds": 399.92, "confidence": null}, {"text": "is", "start_seconds": 400.48, "end_seconds": 400.56, "confidence": null}, {"text": "do", "start_seconds": 400.96, "end_seconds": 401.04, "confidence": null}, {"text": "you", "start_seconds": 401.04, "end_seconds": 401.2, "confidence": null}, {"text": "smoke", "start_seconds": 401.2, "end_seconds": 401.52, "confidence": null}, {"text": "at", "start_seconds": 401.52, "end_seconds": 401.68, "confidence": null}, {"text": "all", "start_seconds": 401.68, "end_seconds": 401.76, "confidence": null}]}, {"type": "transcript.final", "session_id": "3f14b64d-d08d-482f-be04-ffe2157cf437", "sequence": 599, "segment_id": 49, "revision": 6, "text": "No, no, and do you drink much in a way of alcohol", "granularity": "word", "items": [{"text": "No,", "start_seconds": 403.28, "end_seconds": 403.36, "confidence": null}, {"text": "no,", "start_seconds": 403.92, "end_seconds": 404.0, "confidence": null}, {"text": "and", "start_seconds": 404.4, "end_seconds": 404.48, "confidence": null}, {"text": "do", "start_seconds": 404.48, "end_seconds": 404.56, "confidence": null}, {"text": "you", "start_seconds": 404.56, "end_seconds": 404.72, "confidence": null}, {"text": "drink", "start_seconds": 404.72, "end_seconds": 404.96, "confidence": null}, {"text": "much", "start_seconds": 404.96, "end_seconds": 405.2, "confidence": null}, {"text": "in", "start_seconds": 405.2, "end_seconds": 405.44, "confidence": null}, {"text": "a", "start_seconds": 405.44, "end_seconds": 405.52, "confidence": null}, {"text": "way", "start_seconds": 405.52, "end_seconds": 405.6, "confidence": null}, {"text": "of", "start_seconds": 405.6, "end_seconds": 405.68, "confidence": null}, {"text": "alcohol", "start_seconds": 405.68, "end_seconds": 405.76, "confidence": null}]}, {"type": "transcript.final", "session_id": "3f14b64d-d08d-482f-be04-ffe2157cf437", "sequence": 621, "segment_id": 50, "revision": 22, "text": "Uh you know once in a while I can I like hanging out with people once in a while so yeah I'd say a few a few beers per week something like this nothing nothing crazy I used to drink a lot more when I was younger but it's been it's been a while", "granularity": "word", "items": [{"text": "Uh", "start_seconds": 407.76, "end_seconds": 407.92, "confidence": null}, {"text": "you", "start_seconds": 407.92, "end_seconds": 408.0, "confidence": null}, {"text": "know", "start_seconds": 408.0, "end_seconds": 408.08, "confidence": null}, {"text": "once", "start_seconds": 408.64, "end_seconds": 408.72, "confidence": null}, {"text": "in", "start_seconds": 408.72, "end_seconds": 408.8, "confidence": null}, {"text": "a", "start_seconds": 408.8, "end_seconds": 408.88, "confidence": null}, {"text": "while", "start_seconds": 408.88, "end_seconds": 409.2, "confidence": null}, {"text": "I", "start_seconds": 409.2, "end_seconds": 409.28, "confidence": null}, {"text": "can", "start_seconds": 409.28, "end_seconds": 409.6, "confidence": null}, {"text": "I", "start_seconds": 409.6, "end_seconds": 409.68, "confidence": null}, {"text": "like", "start_seconds": 410.0, "end_seconds": 410.16, "confidence": null}, {"text": "hanging", "start_seconds": 410.16, "end_seconds": 410.32, "confidence": null}, {"text": "out", "start_seconds": 410.32, "end_seconds": 410.4, "confidence": null}, {"text": "with", "start_seconds": 410.4, "end_seconds": 410.56, "confidence": null}, {"text": "people", "start_seconds": 410.56, "end_seconds": 410.64, "confidence": null}, {"text": "once", "start_seconds": 410.96, "end_seconds": 411.12, "confidence": null}, {"text": "in", "start_seconds": 411.12, "end_seconds": 411.2, "confidence": null}, {"text": "a", "start_seconds": 411.2, "end_seconds": 411.28, "confidence": null}, {"text": "while", "start_seconds": 411.28, "end_seconds": 411.52, "confidence": null}, {"text": "so", "start_seconds": 411.52, "end_seconds": 411.6, "confidence": null}, {"text": "yeah", "start_seconds": 411.84, "end_seconds": 411.92, "confidence": null}, {"text": "I'd", "start_seconds": 412.24, "end_seconds": 412.32, "confidence": null}, {"text": "say", "start_seconds": 412.32, "end_seconds": 412.56, "confidence": null}, {"text": "a", "start_seconds": 412.56, "end_seconds": 412.64, "confidence": null}, {"text": "few", "start_seconds": 412.64, "end_seconds": 412.8, "confidence": null}, {"text": "a", "start_seconds": 412.8, "end_seconds": 412.96, "confidence": null}, {"text": "few", "start_seconds": 412.96, "end_seconds": 413.28, "confidence": null}, {"text": "beers", "start_seconds": 413.28, "end_seconds": 413.44, "confidence": null}, {"text": "per", "start_seconds": 413.44, "end_seconds": 413.6, "confidence": null}, {"text": "week", "start_seconds": 413.6, "end_seconds": 413.92, "confidence": null}, {"text": "something", "start_seconds": 413.92, "end_seconds": 414.08, "confidence": null}, {"text": "like", "start_seconds": 414.08, "end_seconds": 414.16, "confidence": null}, {"text": "this", "start_seconds": 414.16, "end_seconds": 414.48, "confidence": null}, {"text": "nothing", "start_seconds": 414.48, "end_seconds": 414.56, "confidence": null}, {"text": "nothing", "start_seconds": 415.04, "end_seconds": 415.28, "confidence": null}, {"text": "crazy", "start_seconds": 415.28, "end_seconds": 415.6, "confidence": null}, {"text": "I", "start_seconds": 415.6, "end_seconds": 415.76, "confidence": null}, {"text": "used", "start_seconds": 415.76, "end_seconds": 415.84, "confidence": null}, {"text": "to", "start_seconds": 415.84, "end_seconds": 415.92, "confidence": null}, {"text": "drink", "start_seconds": 415.92, "end_seconds": 416.0, "confidence": null}, {"text": "a", "start_seconds": 416.64, "end_seconds": 416.72, "confidence": null}, {"text": "lot", "start_seconds": 416.72, "end_seconds": 416.88, "confidence": null}, {"text": "more", "start_seconds": 416.88, "end_seconds": 417.04, "confidence": null}, {"text": "when", "start_seconds": 417.04, "end_seconds": 417.28, "confidence": null}, {"text": "I", "start_seconds": 417.28, "end_seconds": 417.36, "confidence": null}, {"text": "was", "start_seconds": 417.36, "end_seconds": 417.52, "confidence": null}, {"text": "younger", "start_seconds": 417.52, "end_seconds": 417.6, "confidence": null}, {"text": "but", "start_seconds": 417.84, "end_seconds": 418.16, "confidence": null}, {"text": "it's", "start_seconds": 418.16, "end_seconds": 418.4, "confidence": null}, {"text": "been", "start_seconds": 418.4, "end_seconds": 418.48, "confidence": null}, {"text": "it's", "start_seconds": 419.04, "end_seconds": 419.2, "confidence": null}, {"text": "been", "start_seconds": 419.2, "end_seconds": 419.44, "confidence": null}, {"text": "a", "start_seconds": 419.44, "end_seconds": 419.52, "confidence": null}, {"text": "while", "start_seconds": 419.52, "end_seconds": 419.6, "confidence": null}]}, {"type": "transcript.final", "session_id": "3f14b64d-d08d-482f-be04-ffe2157cf437", "sequence": 653, "segment_id": 51, "revision": 32, "text": " okay okay I gotta say at this stage I've got to say the sound quality is not uh great but I will continue because we've come this far um so um based on everything you mentioned sir I I do wonder whether this is a flare up of your eczema um the reason being that you said it's quite itchy um it's manufacturing your chest and your back", "granularity": "word", "items": [{"text": " okay", "start_seconds": 420.56, "end_seconds": 420.8, "confidence": null}, {"text": "okay", "start_seconds": 420.8, "end_seconds": 421.12, "confidence": null}, {"text": "I", "start_seconds": 421.12, "end_seconds": 421.28, "confidence": null}, {"text": "gotta", "start_seconds": 421.28, "end_seconds": 421.52, "confidence": null}, {"text": "say", "start_seconds": 421.52, "end_seconds": 421.68, "confidence": null}, {"text": "at", "start_seconds": 421.68, "end_seconds": 421.76, "confidence": null}, {"text": "this", "start_seconds": 421.76, "end_seconds": 421.84, "confidence": null}, {"text": "stage", "start_seconds": 421.84, "end_seconds": 422.0, "confidence": null}, {"text": "I've", "start_seconds": 422.0, "end_seconds": 422.16, "confidence": null}, {"text": "got", "start_seconds": 422.16, "end_seconds": 422.24, "confidence": null}, {"text": "to", "start_seconds": 422.24, "end_seconds": 422.4, "confidence": null}, {"text": "say", "start_seconds": 422.4, "end_seconds": 422.48, "confidence": null}, {"text": "the", "start_seconds": 422.8, "end_seconds": 423.04, "confidence": null}, {"text": "sound", "start_seconds": 423.04, "end_seconds": 423.28, "confidence": null}, {"text": "quality", "start_seconds": 423.28, "end_seconds": 423.6, "confidence": null}, {"text": "is", "start_seconds": 423.6, "end_seconds": 423.76, "confidence": null}, {"text": "not", "start_seconds": 423.76, "end_seconds": 423.84, "confidence": null}, {"text": "uh", "start_seconds": 424.48, "end_seconds": 424.64, "confidence": null}, {"text": "great", "start_seconds": 424.64, "end_seconds": 424.88, "confidence": null}, {"text": "but", "start_seconds": 424.88, "end_seconds": 424.96, "confidence": null}, {"text": "I", "start_seconds": 425.36, "end_seconds": 425.44, "confidence": null}, {"text": "will", "start_seconds": 425.44, "end_seconds": 425.6, "confidence": null}, {"text": "continue", "start_seconds": 425.6, "end_seconds": 425.76, "confidence": null}, {"text": "because", "start_seconds": 425.76, "end_seconds": 426.0, "confidence": null}, {"text": "we've", "start_seconds": 426.0, "end_seconds": 426.24, "confidence": null}, {"text": "come", "start_seconds": 426.24, "end_seconds": 426.4, "confidence": null}, {"text": "this", "start_seconds": 426.4, "end_seconds": 426.56, "confidence": null}, {"text": "far", "start_seconds": 426.56, "end_seconds": 426.64, "confidence": null}, {"text": "um", "start_seconds": 427.36, "end_seconds": 427.44, "confidence": null}, {"text": "so", "start_seconds": 428.0, "end_seconds": 428.08, "confidence": null}, {"text": "um", "start_seconds": 428.56, "end_seconds": 428.64, "confidence": null}, {"text": "based", "start_seconds": 428.96, "end_seconds": 429.12, "confidence": null}, {"text": "on", "start_seconds": 429.12, "end_seconds": 429.2, "confidence": null}, {"text": "everything", "start_seconds": 429.2, "end_seconds": 429.52, "confidence": null}, {"text": "you", "start_seconds": 429.52, "end_seconds": 429.6, "confidence": null}, {"text": "mentioned", "start_seconds": 429.6, "end_seconds": 430.16, "confidence": null}, {"text": "sir", "start_seconds": 430.16, "end_seconds": 430.24, "confidence": null}, {"text": "I", "start_seconds": 430.72, "end_seconds": 430.88, "confidence": null}, {"text": "I", "start_seconds": 430.88, "end_seconds": 431.04, "confidence": null}, {"text": "do", "start_seconds": 431.04, "end_seconds": 431.2, "confidence": null}, {"text": "wonder", "start_seconds": 431.2, "end_seconds": 431.36, "confidence": null}, {"text": "whether", "start_seconds": 431.36, "end_seconds": 431.44, "confidence": null}, {"text": "this", "start_seconds": 431.76, "end_seconds": 431.84, "confidence": null}, {"text": "is", "start_seconds": 431.84, "end_seconds": 431.92, "confidence": null}, {"text": "a", "start_seconds": 431.92, "end_seconds": 432.0, "confidence": null}, {"text": "flare", "start_seconds": 432.0, "end_seconds": 432.32, "confidence": null}, {"text": "up", "start_seconds": 432.32, "end_seconds": 432.56, "confidence": null}, {"text": "of", "start_seconds": 432.56, "end_seconds": 432.64, "confidence": null}, {"text": "your", "start_seconds": 432.64, "end_seconds": 432.72, "confidence": null}, {"text": "eczema", "start_seconds": 433.04, "end_seconds": 433.28, "confidence": null}, {"text": "um", "start_seconds": 434.0, "end_seconds": 434.08, "confidence": null}, {"text": "the", "start_seconds": 434.56, "end_seconds": 434.64, "confidence": null}, {"text": "reason", "start_seconds": 434.64, "end_seconds": 434.72, "confidence": null}, {"text": "being", "start_seconds": 434.72, "end_seconds": 435.04, "confidence": null}, {"text": "that", "start_seconds": 435.04, "end_seconds": 435.28, "confidence": null}, {"text": "you", "start_seconds": 435.28, "end_seconds": 435.36, "confidence": null}, {"text": "said", "start_seconds": 435.36, "end_seconds": 435.6, "confidence": null}, {"text": "it's", "start_seconds": 435.6, "end_seconds": 435.76, "confidence": null}, {"text": "quite", "start_seconds": 435.76, "end_seconds": 435.84, "confidence": null}, {"text": "itchy", "start_seconds": 435.84, "end_seconds": 436.32, "confidence": null}, {"text": "um", "start_seconds": 437.12, "end_seconds": 437.2, "confidence": null}, {"text": "it's", "start_seconds": 437.52, "end_seconds": 437.6, "confidence": null}, {"text": "manufacturing", "start_seconds": 438.0, "end_seconds": 438.48, "confidence": null}, {"text": "your", "start_seconds": 438.48, "end_seconds": 438.56, "confidence": null}, {"text": "chest", "start_seconds": 438.56, "end_seconds": 438.72, "confidence": null}, {"text": "and", "start_seconds": 438.72, "end_seconds": 438.96, "confidence": null}, {"text": "your", "start_seconds": 438.96, "end_seconds": 439.12, "confidence": null}, {"text": "back", "start_seconds": 439.12, "end_seconds": 439.2, "confidence": null}]}, {"type": "transcript.final", "session_id": "3f14b64d-d08d-482f-be04-ffe2157cf437", "sequence": 663, "segment_id": 52, "revision": 10, "text": " and uh the having looked at your skin uh the the rash does appear quite familiar", "granularity": "word", "items": [{"text": " and", "start_seconds": 441.36, "end_seconds": 441.68, "confidence": null}, {"text": "uh", "start_seconds": 441.68, "end_seconds": 441.76, "confidence": null}, {"text": "the", "start_seconds": 442.08, "end_seconds": 442.16, "confidence": null}, {"text": "having", "start_seconds": 442.48, "end_seconds": 442.72, "confidence": null}, {"text": "looked", "start_seconds": 442.72, "end_seconds": 442.8, "confidence": null}, {"text": "at", "start_seconds": 442.8, "end_seconds": 442.88, "confidence": null}, {"text": "your", "start_seconds": 442.88, "end_seconds": 443.04, "confidence": null}, {"text": "skin", "start_seconds": 443.04, "end_seconds": 443.12, "confidence": null}, {"text": "uh", "start_seconds": 443.84, "end_seconds": 443.92, "confidence": null}, {"text": "the", "start_seconds": 444.56, "end_seconds": 444.64, "confidence": null}, {"text": "the", "start_seconds": 444.64, "end_seconds": 444.8, "confidence": null}, {"text": "rash", "start_seconds": 444.8, "end_seconds": 445.12, "confidence": null}, {"text": "does", "start_seconds": 445.12, "end_seconds": 445.2, "confidence": null}, {"text": "appear", "start_seconds": 445.76, "end_seconds": 445.84, "confidence": null}, {"text": "quite", "start_seconds": 446.16, "end_seconds": 446.4, "confidence": null}, {"text": "familiar", "start_seconds": 446.4, "end_seconds": 446.48, "confidence": null}]}, {"type": "transcript.final", "session_id": "3f14b64d-d08d-482f-be04-ffe2157cf437", "sequence": 668, "segment_id": 53, "revision": 5, "text": " you mentioned using steroid creams yesterday", "granularity": "word", "items": [{"text": " you", "start_seconds": 448.0, "end_seconds": 448.08, "confidence": null}, {"text": "mentioned", "start_seconds": 448.08, "end_seconds": 448.16, "confidence": null}, {"text": "using", "start_seconds": 448.64, "end_seconds": 449.12, "confidence": null}, {"text": "steroid", "start_seconds": 449.12, "end_seconds": 449.44, "confidence": null}, {"text": "creams", "start_seconds": 449.44, "end_seconds": 449.76, "confidence": null}, {"text": "yesterday", "start_seconds": 449.76, "end_seconds": 449.84, "confidence": null}]}, {"type": "transcript.final", "session_id": "3f14b64d-d08d-482f-be04-ffe2157cf437", "sequence": 678, "segment_id": 54, "revision": 10, "text": " um from the pharmacy I wonder whether giving you stronger prescription of a of a steroid", "granularity": "word", "items": [{"text": " um", "start_seconds": 451.36, "end_seconds": 451.68, "confidence": null}, {"text": "from", "start_seconds": 451.68, "end_seconds": 451.92, "confidence": null}, {"text": "the", "start_seconds": 451.92, "end_seconds": 452.0, "confidence": null}, {"text": "pharmacy", "start_seconds": 452.0, "end_seconds": 452.32, "confidence": null}, {"text": "I", "start_seconds": 453.12, "end_seconds": 453.28, "confidence": null}, {"text": "wonder", "start_seconds": 453.28, "end_seconds": 453.36, "confidence": null}, {"text": "whether", "start_seconds": 453.68, "end_seconds": 453.92, "confidence": null}, {"text": "giving", "start_seconds": 453.92, "end_seconds": 454.16, "confidence": null}, {"text": "you", "start_seconds": 454.16, "end_seconds": 454.4, "confidence": null}, {"text": "stronger", "start_seconds": 454.4, "end_seconds": 454.8, "confidence": null}, {"text": "prescription", "start_seconds": 454.8, "end_seconds": 455.28, "confidence": null}, {"text": "of", "start_seconds": 455.84, "end_seconds": 456.08, "confidence": null}, {"text": "a", "start_seconds": 456.08, "end_seconds": 456.4, "confidence": null}, {"text": "of", "start_seconds": 456.4, "end_seconds": 456.64, "confidence": null}, {"text": "a", "start_seconds": 456.64, "end_seconds": 456.72, "confidence": null}, {"text": "steroid", "start_seconds": 456.72, "end_seconds": 456.88, "confidence": null}]}, {"type": "transcript.final", "session_id": "3f14b64d-d08d-482f-be04-ffe2157cf437", "sequence": 680, "segment_id": 55, "revision": 2, "text": " may be beneficial", "granularity": "word", "items": [{"text": " may", "start_seconds": 458.08, "end_seconds": 458.16, "confidence": null}, {"text": "be", "start_seconds": 458.16, "end_seconds": 458.32, "confidence": null}, {"text": "beneficial", "start_seconds": 458.32, "end_seconds": 458.4, "confidence": null}]}, {"type": "transcript.final", "session_id": "3f14b64d-d08d-482f-be04-ffe2157cf437", "sequence": 696, "segment_id": 56, "revision": 16, "text": " which I'm happy to prescribe to you today as well as I'm gonna give you something some ammoience which helps to moisturise the skin um which you use in the bath and shower", "granularity": "word", "items": [{"text": " which", "start_seconds": 460.0, "end_seconds": 460.08, "confidence": null}, {"text": "I'm", "start_seconds": 460.08, "end_seconds": 460.24, "confidence": null}, {"text": "happy", "start_seconds": 460.24, "end_seconds": 460.32, "confidence": null}, {"text": "to", "start_seconds": 460.32, "end_seconds": 460.48, "confidence": null}, {"text": "prescribe", "start_seconds": 460.48, "end_seconds": 460.56, "confidence": null}, {"text": "to", "start_seconds": 460.96, "end_seconds": 461.04, "confidence": null}, {"text": "you", "start_seconds": 461.04, "end_seconds": 461.12, "confidence": null}, {"text": "today", "start_seconds": 461.44, "end_seconds": 461.52, "confidence": null}, {"text": "as", "start_seconds": 462.16, "end_seconds": 462.32, "confidence": null}, {"text": "well", "start_seconds": 462.32, "end_seconds": 462.56, "confidence": null}, {"text": "as", "start_seconds": 462.56, "end_seconds": 462.64, "confidence": null}, {"text": "I'm", "start_seconds": 462.96, "end_seconds": 463.2, "confidence": null}, {"text": "gonna", "start_seconds": 463.2, "end_seconds": 463.36, "confidence": null}, {"text": "give", "start_seconds": 463.36, "end_seconds": 463.44, "confidence": null}, {"text": "you", "start_seconds": 463.44, "end_seconds": 463.52, "confidence": null}, {"text": "something", "start_seconds": 463.52, "end_seconds": 463.76, "confidence": null}, {"text": "some", "start_seconds": 463.76, "end_seconds": 464.0, "confidence": null}, {"text": "ammoience", "start_seconds": 464.0, "end_seconds": 464.56, "confidence": null}, {"text": "which", "start_seconds": 464.56, "end_seconds": 464.64, "confidence": null}, {"text": "helps", "start_seconds": 464.64, "end_seconds": 464.88, "confidence": null}, {"text": "to", "start_seconds": 464.88, "end_seconds": 465.04, "confidence": null}, {"text": "moisturise", "start_seconds": 465.04, "end_seconds": 465.52, "confidence": null}, {"text": "the", "start_seconds": 465.52, "end_seconds": 465.68, "confidence": null}, {"text": "skin", "start_seconds": 465.68, "end_seconds": 465.76, "confidence": null}, {"text": "um", "start_seconds": 466.56, "end_seconds": 466.64, "confidence": null}, {"text": "which", "start_seconds": 467.04, "end_seconds": 467.12, "confidence": null}, {"text": "you", "start_seconds": 467.52, "end_seconds": 467.6, "confidence": null}, {"text": "use", "start_seconds": 467.6, "end_seconds": 467.68, "confidence": null}, {"text": "in", "start_seconds": 467.68, "end_seconds": 467.76, "confidence": null}, {"text": "the", "start_seconds": 467.76, "end_seconds": 467.84, "confidence": null}, {"text": "bath", "start_seconds": 467.84, "end_seconds": 468.16, "confidence": null}, {"text": "and", "start_seconds": 468.16, "end_seconds": 468.24, "confidence": null}, {"text": "shower", "start_seconds": 468.24, "end_seconds": 468.32, "confidence": null}]}, {"type": "transcript.final", "session_id": "3f14b64d-d08d-482f-be04-ffe2157cf437", "sequence": 703, "segment_id": 57, "revision": 7, "text": " and it's definitely worth um using that for the first seven to ten days", "granularity": "word", "items": [{"text": " and", "start_seconds": 469.28, "end_seconds": 469.36, "confidence": null}, {"text": "it's", "start_seconds": 469.36, "end_seconds": 469.44, "confidence": null}, {"text": "definitely", "start_seconds": 469.44, "end_seconds": 469.52, "confidence": null}, {"text": "worth", "start_seconds": 469.84, "end_seconds": 469.92, "confidence": null}, {"text": "um", "start_seconds": 470.48, "end_seconds": 470.8, "confidence": null}, {"text": "using", "start_seconds": 470.8, "end_seconds": 471.04, "confidence": null}, {"text": "that", "start_seconds": 471.04, "end_seconds": 471.2, "confidence": null}, {"text": "for", "start_seconds": 471.2, "end_seconds": 471.28, "confidence": null}, {"text": "the", "start_seconds": 471.28, "end_seconds": 471.36, "confidence": null}, {"text": "first", "start_seconds": 471.36, "end_seconds": 471.44, "confidence": null}, {"text": "seven", "start_seconds": 472.08, "end_seconds": 472.24, "confidence": null}, {"text": "to", "start_seconds": 472.24, "end_seconds": 472.4, "confidence": null}, {"text": "ten", "start_seconds": 472.4, "end_seconds": 472.56, "confidence": null}, {"text": "days", "start_seconds": 472.56, "end_seconds": 472.64, "confidence": null}]}, {"type": "transcript.final", "session_id": "3f14b64d-d08d-482f-be04-ffe2157cf437", "sequence": 709, "segment_id": 58, "revision": 6, "text": " uh before we make a decision on whether it's working or not", "granularity": "word", "items": [{"text": " uh", "start_seconds": 473.76, "end_seconds": 473.84, "confidence": null}, {"text": "before", "start_seconds": 474.4, "end_seconds": 474.56, "confidence": null}, {"text": "we", "start_seconds": 474.56, "end_seconds": 474.64, "confidence": null}, {"text": "make", "start_seconds": 474.64, "end_seconds": 474.88, "confidence": null}, {"text": "a", "start_seconds": 474.88, "end_seconds": 474.96, "confidence": null}, {"text": "decision", "start_seconds": 474.96, "end_seconds": 475.04, "confidence": null}, {"text": "on", "start_seconds": 475.04, "end_seconds": 475.28, "confidence": null}, {"text": "whether", "start_seconds": 475.28, "end_seconds": 475.6, "confidence": null}, {"text": "it's", "start_seconds": 475.6, "end_seconds": 475.76, "confidence": null}, {"text": "working", "start_seconds": 475.76, "end_seconds": 476.0, "confidence": null}, {"text": "or", "start_seconds": 476.0, "end_seconds": 476.08, "confidence": null}, {"text": "not", "start_seconds": 476.08, "end_seconds": 476.16, "confidence": null}]}, {"type": "transcript.final", "session_id": "3f14b64d-d08d-482f-be04-ffe2157cf437", "sequence": 712, "segment_id": 59, "revision": 3, "text": " it's also worth", "granularity": "word", "items": [{"text": " it's", "start_seconds": 477.84, "end_seconds": 477.92, "confidence": null}, {"text": "also", "start_seconds": 477.92, "end_seconds": 478.24, "confidence": null}, {"text": "worth", "start_seconds": 478.24, "end_seconds": 478.32, "confidence": null}]}, {"type": "transcript.final", "session_id": "3f14b64d-d08d-482f-be04-ffe2157cf437", "sequence": 729, "segment_id": 60, "revision": 17, "text": " um using antihistamines which you can sometimes buy over the counter things like latidine or puritan which can help the itchiness of your skin", "granularity": "word", "items": [{"text": " um", "start_seconds": 479.36, "end_seconds": 479.68, "confidence": null}, {"text": "using", "start_seconds": 479.68, "end_seconds": 479.92, "confidence": null}, {"text": "antihistamines", "start_seconds": 480.48, "end_seconds": 481.2, "confidence": null}, {"text": "which", "start_seconds": 481.6, "end_seconds": 481.68, "confidence": null}, {"text": "you", "start_seconds": 481.68, "end_seconds": 481.76, "confidence": null}, {"text": "can", "start_seconds": 481.76, "end_seconds": 481.92, "confidence": null}, {"text": "sometimes", "start_seconds": 481.92, "end_seconds": 482.24, "confidence": null}, {"text": "buy", "start_seconds": 482.24, "end_seconds": 482.32, "confidence": null}, {"text": "over", "start_seconds": 482.72, "end_seconds": 482.8, "confidence": null}, {"text": "the", "start_seconds": 482.8, "end_seconds": 482.88, "confidence": null}, {"text": "counter", "start_seconds": 482.88, "end_seconds": 483.04, "confidence": null}, {"text": "things", "start_seconds": 483.92, "end_seconds": 484.0, "confidence": null}, {"text": "like", "start_seconds": 484.0, "end_seconds": 484.08, "confidence": null}, {"text": "latidine", "start_seconds": 484.64, "end_seconds": 485.36, "confidence": null}, {"text": "or", "start_seconds": 485.36, "end_seconds": 485.44, "confidence": null}, {"text": "puritan", "start_seconds": 485.92, "end_seconds": 486.32, "confidence": null}, {"text": "which", "start_seconds": 486.32, "end_seconds": 486.4, "confidence": null}, {"text": "can", "start_seconds": 486.4, "end_seconds": 486.56, "confidence": null}, {"text": "help", "start_seconds": 486.56, "end_seconds": 486.64, "confidence": null}, {"text": "the", "start_seconds": 486.96, "end_seconds": 487.28, "confidence": null}, {"text": "itchiness", "start_seconds": 487.28, "end_seconds": 487.76, "confidence": null}, {"text": "of", "start_seconds": 487.76, "end_seconds": 488.0, "confidence": null}, {"text": "your", "start_seconds": 488.0, "end_seconds": 488.08, "confidence": null}, {"text": "skin", "start_seconds": 488.88, "end_seconds": 488.96, "confidence": null}]}, {"type": "transcript.final", "session_id": "3f14b64d-d08d-482f-be04-ffe2157cf437", "sequence": 751, "segment_id": 61, "revision": 22, "text": " and uh um it's also worth keeping a diary of any triggers which are affecting your symptoms anything you wear or anything you use in terms of shower gels or soap because if that's causing your symptoms then we need to have a discussion about that next time I see you", "granularity": "word", "items": [{"text": " and", "start_seconds": 491.12, "end_seconds": 491.2, "confidence": null}, {"text": "uh", "start_seconds": 491.2, "end_seconds": 491.28, "confidence": null}, {"text": "um", "start_seconds": 491.28, "end_seconds": 491.44, "confidence": null}, {"text": "it's", "start_seconds": 491.44, "end_seconds": 491.6, "confidence": null}, {"text": "also", "start_seconds": 491.6, "end_seconds": 491.84, "confidence": null}, {"text": "worth", "start_seconds": 491.84, "end_seconds": 491.92, "confidence": null}, {"text": "keeping", "start_seconds": 492.24, "end_seconds": 492.48, "confidence": null}, {"text": "a", "start_seconds": 492.48, "end_seconds": 492.56, "confidence": null}, {"text": "diary", "start_seconds": 492.56, "end_seconds": 492.8, "confidence": null}, {"text": "of", "start_seconds": 492.8, "end_seconds": 492.96, "confidence": null}, {"text": "any", "start_seconds": 492.96, "end_seconds": 493.04, "confidence": null}, {"text": "triggers", "start_seconds": 493.52, "end_seconds": 493.68, "confidence": null}, {"text": "which", "start_seconds": 494.32, "end_seconds": 494.48, "confidence": null}, {"text": "are", "start_seconds": 494.48, "end_seconds": 494.64, "confidence": null}, {"text": "affecting", "start_seconds": 494.64, "end_seconds": 495.04, "confidence": null}, {"text": "your", "start_seconds": 495.04, "end_seconds": 495.12, "confidence": null}, {"text": "symptoms", "start_seconds": 495.12, "end_seconds": 495.6, "confidence": null}, {"text": "anything", "start_seconds": 495.6, "end_seconds": 495.84, "confidence": null}, {"text": "you", "start_seconds": 495.84, "end_seconds": 496.16, "confidence": null}, {"text": "wear", "start_seconds": 496.16, "end_seconds": 496.32, "confidence": null}, {"text": "or", "start_seconds": 496.32, "end_seconds": 496.48, "confidence": null}, {"text": "anything", "start_seconds": 496.48, "end_seconds": 496.8, "confidence": null}, {"text": "you", "start_seconds": 496.8, "end_seconds": 496.88, "confidence": null}, {"text": "use", "start_seconds": 497.28, "end_seconds": 497.36, "confidence": null}, {"text": "in", "start_seconds": 497.36, "end_seconds": 497.44, "confidence": null}, {"text": "terms", "start_seconds": 497.44, "end_seconds": 497.52, "confidence": null}, {"text": "of", "start_seconds": 497.52, "end_seconds": 497.6, "confidence": null}, {"text": "shower", "start_seconds": 498.4, "end_seconds": 498.56, "confidence": null}, {"text": "gels", "start_seconds": 498.56, "end_seconds": 498.8, "confidence": null}, {"text": "or", "start_seconds": 498.8, "end_seconds": 499.04, "confidence": null}, {"text": "soap", "start_seconds": 499.04, "end_seconds": 499.12, "confidence": null}, {"text": "because", "start_seconds": 499.84, "end_seconds": 500.16, "confidence": null}, {"text": "if", "start_seconds": 500.16, "end_seconds": 500.24, "confidence": null}, {"text": "that's", "start_seconds": 500.24, "end_seconds": 500.72, "confidence": null}, {"text": "causing", "start_seconds": 500.72, "end_seconds": 501.04, "confidence": null}, {"text": "your", "start_seconds": 501.04, "end_seconds": 501.28, "confidence": null}, {"text": "symptoms", "start_seconds": 501.28, "end_seconds": 501.44, "confidence": null}, {"text": "then", "start_seconds": 501.44, "end_seconds": 501.6, "confidence": null}, {"text": "we", "start_seconds": 501.6, "end_seconds": 501.68, "confidence": null}, {"text": "need", "start_seconds": 501.68, "end_seconds": 501.76, "confidence": null}, {"text": "to", "start_seconds": 501.76, "end_seconds": 501.84, "confidence": null}, {"text": "have", "start_seconds": 501.84, "end_seconds": 501.92, "confidence": null}, {"text": "a", "start_seconds": 501.92, "end_seconds": 502.0, "confidence": null}, {"text": "discussion", "start_seconds": 502.0, "end_seconds": 502.08, "confidence": null}, {"text": "about", "start_seconds": 502.32, "end_seconds": 502.56, "confidence": null}, {"text": "that", "start_seconds": 502.56, "end_seconds": 502.8, "confidence": null}, {"text": "next", "start_seconds": 502.8, "end_seconds": 502.96, "confidence": null}, {"text": "time", "start_seconds": 502.96, "end_seconds": 503.12, "confidence": null}, {"text": "I", "start_seconds": 503.12, "end_seconds": 503.2, "confidence": null}, {"text": "see", "start_seconds": 503.2, "end_seconds": 503.28, "confidence": null}, {"text": "you", "start_seconds": 503.28, "end_seconds": 503.36, "confidence": null}]}, {"type": "transcript.final", "session_id": "3f14b64d-d08d-482f-be04-ffe2157cf437", "sequence": 761, "segment_id": 62, "revision": 10, "text": " okay just I I have tried antihistamines uh lately but it didn't really help", "granularity": "word", "items": [{"text": " okay", "start_seconds": 504.56, "end_seconds": 504.64, "confidence": null}, {"text": "just", "start_seconds": 505.12, "end_seconds": 505.2, "confidence": null}, {"text": "I", "start_seconds": 505.68, "end_seconds": 505.76, "confidence": null}, {"text": "I", "start_seconds": 505.76, "end_seconds": 505.92, "confidence": null}, {"text": "have", "start_seconds": 505.92, "end_seconds": 506.24, "confidence": null}, {"text": "tried", "start_seconds": 506.24, "end_seconds": 506.32, "confidence": null}, {"text": "antihistamines", "start_seconds": 506.8, "end_seconds": 507.44, "confidence": null}, {"text": "uh", "start_seconds": 507.92, "end_seconds": 508.0, "confidence": null}, {"text": "lately", "start_seconds": 508.0, "end_seconds": 508.32, "confidence": null}, {"text": "but", "start_seconds": 508.32, "end_seconds": 508.56, "confidence": null}, {"text": "it", "start_seconds": 508.56, "end_seconds": 508.64, "confidence": null}, {"text": "didn't", "start_seconds": 508.64, "end_seconds": 508.8, "confidence": null}, {"text": "really", "start_seconds": 508.8, "end_seconds": 508.88, "confidence": null}, {"text": "help", "start_seconds": 509.2, "end_seconds": 509.28, "confidence": null}]}, {"type": "transcript.final", "session_id": "3f14b64d-d08d-482f-be04-ffe2157cf437", "sequence": 784, "segment_id": 63, "revision": 23, "text": " oh could you say again sorry I have tried the antihistamines okay uh but it didn't really help again okay so it's something for you to think about you you can get different type of antistamines I can give you something a little bit stronger today as well", "granularity": "word", "items": [{"text": " oh", "start_seconds": 510.88, "end_seconds": 511.04, "confidence": null}, {"text": "could", "start_seconds": 511.04, "end_seconds": 511.12, "confidence": null}, {"text": "you", "start_seconds": 511.12, "end_seconds": 511.36, "confidence": null}, {"text": "say", "start_seconds": 511.36, "end_seconds": 511.52, "confidence": null}, {"text": "again", "start_seconds": 511.52, "end_seconds": 511.76, "confidence": null}, {"text": "sorry", "start_seconds": 511.76, "end_seconds": 511.92, "confidence": null}, {"text": "I", "start_seconds": 512.56, "end_seconds": 512.64, "confidence": null}, {"text": "have", "start_seconds": 512.96, "end_seconds": 513.04, "confidence": null}, {"text": "tried", "start_seconds": 513.04, "end_seconds": 513.36, "confidence": null}, {"text": "the", "start_seconds": 513.36, "end_seconds": 513.44, "confidence": null}, {"text": "antihistamines", "start_seconds": 513.76, "end_seconds": 514.88, "confidence": null}, {"text": "okay", "start_seconds": 514.88, "end_seconds": 514.96, "confidence": null}, {"text": "uh", "start_seconds": 515.52, "end_seconds": 515.84, "confidence": null}, {"text": "but", "start_seconds": 515.84, "end_seconds": 516.0, "confidence": null}, {"text": "it", "start_seconds": 516.0, "end_seconds": 516.08, "confidence": null}, {"text": "didn't", "start_seconds": 516.4, "end_seconds": 516.72, "confidence": null}, {"text": "really", "start_seconds": 516.72, "end_seconds": 516.96, "confidence": null}, {"text": "help", "start_seconds": 516.96, "end_seconds": 517.2, "confidence": null}, {"text": "again", "start_seconds": 517.2, "end_seconds": 517.68, "confidence": null}, {"text": "okay", "start_seconds": 517.68, "end_seconds": 518.0, "confidence": null}, {"text": "so", "start_seconds": 518.0, "end_seconds": 518.08, "confidence": null}, {"text": "it's", "start_seconds": 518.08, "end_seconds": 518.24, "confidence": null}, {"text": "something", "start_seconds": 518.24, "end_seconds": 518.4, "confidence": null}, {"text": "for", "start_seconds": 518.4, "end_seconds": 518.48, "confidence": null}, {"text": "you", "start_seconds": 518.48, "end_seconds": 518.56, "confidence": null}, {"text": "to", "start_seconds": 518.56, "end_seconds": 518.64, "confidence": null}, {"text": "think", "start_seconds": 518.64, "end_seconds": 518.8, "confidence": null}, {"text": "about", "start_seconds": 518.8, "end_seconds": 518.88, "confidence": null}, {"text": "you", "start_seconds": 519.44, "end_seconds": 519.52, "confidence": null}, {"text": "you", "start_seconds": 519.52, "end_seconds": 519.68, "confidence": null}, {"text": "can", "start_seconds": 519.68, "end_seconds": 519.76, "confidence": null}, {"text": "get", "start_seconds": 519.76, "end_seconds": 519.84, "confidence": null}, {"text": "different", "start_seconds": 519.84, "end_seconds": 519.92, "confidence": null}, {"text": "type", "start_seconds": 520.24, "end_seconds": 520.32, "confidence": null}, {"text": "of", "start_seconds": 520.32, "end_seconds": 520.56, "confidence": null}, {"text": "antistamines", "start_seconds": 520.56, "end_seconds": 521.12, "confidence": null}, {"text": "I", "start_seconds": 521.12, "end_seconds": 521.2, "confidence": null}, {"text": "can", "start_seconds": 521.2, "end_seconds": 521.28, "confidence": null}, {"text": "give", "start_seconds": 521.28, "end_seconds": 521.36, "confidence": null}, {"text": "you", "start_seconds": 521.36, "end_seconds": 521.44, "confidence": null}, {"text": "something", "start_seconds": 521.44, "end_seconds": 521.52, "confidence": null}, {"text": "a", "start_seconds": 521.92, "end_seconds": 522.0, "confidence": null}, {"text": "little", "start_seconds": 522.0, "end_seconds": 522.16, "confidence": null}, {"text": "bit", "start_seconds": 522.16, "end_seconds": 522.32, "confidence": null}, {"text": "stronger", "start_seconds": 522.32, "end_seconds": 522.56, "confidence": null}, {"text": "today", "start_seconds": 522.56, "end_seconds": 522.8, "confidence": null}, {"text": "as", "start_seconds": 522.8, "end_seconds": 522.96, "confidence": null}, {"text": "well", "start_seconds": 522.96, "end_seconds": 523.04, "confidence": null}]}, {"type": "transcript.final", "session_id": "3f14b64d-d08d-482f-be04-ffe2157cf437", "sequence": 801, "segment_id": 64, "revision": 17, "text": " something like fetcophenidine which I can give to you today it's definitely worth trying it it's not gonna do you any harm but I certainly think using the steroids and the emollients um on a regular basis", "granularity": "word", "items": [{"text": " something", "start_seconds": 524.8, "end_seconds": 524.96, "confidence": null}, {"text": "like", "start_seconds": 524.96, "end_seconds": 525.04, "confidence": null}, {"text": "fetcophenidine", "start_seconds": 525.36, "end_seconds": 526.08, "confidence": null}, {"text": "which", "start_seconds": 526.08, "end_seconds": 526.16, "confidence": null}, {"text": "I", "start_seconds": 526.16, "end_seconds": 526.24, "confidence": null}, {"text": "can", "start_seconds": 526.24, "end_seconds": 526.4, "confidence": null}, {"text": "give", "start_seconds": 526.4, "end_seconds": 526.56, "confidence": null}, {"text": "to", "start_seconds": 526.56, "end_seconds": 526.64, "confidence": null}, {"text": "you", "start_seconds": 526.64, "end_seconds": 526.72, "confidence": null}, {"text": "today", "start_seconds": 526.72, "end_seconds": 526.8, "confidence": null}, {"text": "it's", "start_seconds": 527.52, "end_seconds": 527.6, "confidence": null}, {"text": "definitely", "start_seconds": 527.6, "end_seconds": 527.84, "confidence": null}, {"text": "worth", "start_seconds": 527.84, "end_seconds": 528.08, "confidence": null}, {"text": "trying", "start_seconds": 528.08, "end_seconds": 528.32, "confidence": null}, {"text": "it", "start_seconds": 528.32, "end_seconds": 528.64, "confidence": null}, {"text": "it's", "start_seconds": 528.64, "end_seconds": 528.72, "confidence": null}, {"text": "not", "start_seconds": 528.72, "end_seconds": 528.8, "confidence": null}, {"text": "gonna", "start_seconds": 528.8, "end_seconds": 528.96, "confidence": null}, {"text": "do", "start_seconds": 528.96, "end_seconds": 529.04, "confidence": null}, {"text": "you", "start_seconds": 529.04, "end_seconds": 529.28, "confidence": null}, {"text": "any", "start_seconds": 529.28, "end_seconds": 529.44, "confidence": null}, {"text": "harm", "start_seconds": 529.44, "end_seconds": 529.52, "confidence": null}, {"text": "but", "start_seconds": 530.32, "end_seconds": 530.4, "confidence": null}, {"text": "I", "start_seconds": 530.88, "end_seconds": 530.96, "confidence": null}, {"text": "certainly", "start_seconds": 530.96, "end_seconds": 531.28, "confidence": null}, {"text": "think", "start_seconds": 531.28, "end_seconds": 531.44, "confidence": null}, {"text": "using", "start_seconds": 531.44, "end_seconds": 531.6, "confidence": null}, {"text": "the", "start_seconds": 531.6, "end_seconds": 531.84, "confidence": null}, {"text": "steroids", "start_seconds": 531.84, "end_seconds": 532.32, "confidence": null}, {"text": "and", "start_seconds": 532.32, "end_seconds": 532.48, "confidence": null}, {"text": "the", "start_seconds": 532.48, "end_seconds": 532.72, "confidence": null}, {"text": "emollients", "start_seconds": 532.72, "end_seconds": 533.28, "confidence": null}, {"text": "um", "start_seconds": 533.68, "end_seconds": 533.84, "confidence": null}, {"text": "on", "start_seconds": 533.84, "end_seconds": 534.0, "confidence": null}, {"text": "a", "start_seconds": 534.0, "end_seconds": 534.16, "confidence": null}, {"text": "regular", "start_seconds": 534.16, "end_seconds": 534.4, "confidence": null}, {"text": "basis", "start_seconds": 534.4, "end_seconds": 534.48, "confidence": null}]}, {"type": "transcript.final", "session_id": "3f14b64d-d08d-482f-be04-ffe2157cf437", "sequence": 814, "segment_id": 65, "revision": 13, "text": " um over the next week to ten days should hopefully control your symptoms but do come back and see me next week if things don't get better", "granularity": "word", "items": [{"text": " um", "start_seconds": 535.92, "end_seconds": 536.16, "confidence": null}, {"text": "over", "start_seconds": 536.16, "end_seconds": 536.4, "confidence": null}, {"text": "the", "start_seconds": 536.4, "end_seconds": 536.56, "confidence": null}, {"text": "next", "start_seconds": 536.56, "end_seconds": 536.64, "confidence": null}, {"text": "week", "start_seconds": 536.64, "end_seconds": 536.8, "confidence": null}, {"text": "to", "start_seconds": 536.8, "end_seconds": 537.04, "confidence": null}, {"text": "ten", "start_seconds": 537.04, "end_seconds": 537.12, "confidence": null}, {"text": "days", "start_seconds": 537.12, "end_seconds": 537.2, "confidence": null}, {"text": "should", "start_seconds": 537.76, "end_seconds": 537.84, "confidence": null}, {"text": "hopefully", "start_seconds": 538.16, "end_seconds": 538.24, "confidence": null}, {"text": "control", "start_seconds": 539.12, "end_seconds": 539.36, "confidence": null}, {"text": "your", "start_seconds": 539.36, "end_seconds": 539.44, "confidence": null}, {"text": "symptoms", "start_seconds": 539.44, "end_seconds": 539.52, "confidence": null}, {"text": "but", "start_seconds": 540.4, "end_seconds": 540.64, "confidence": null}, {"text": "do", "start_seconds": 540.64, "end_seconds": 540.96, "confidence": null}, {"text": "come", "start_seconds": 540.96, "end_seconds": 541.04, "confidence": null}, {"text": "back", "start_seconds": 541.04, "end_seconds": 541.2, "confidence": null}, {"text": "and", "start_seconds": 541.2, "end_seconds": 541.36, "confidence": null}, {"text": "see", "start_seconds": 541.36, "end_seconds": 541.52, "confidence": null}, {"text": "me", "start_seconds": 541.52, "end_seconds": 541.68, "confidence": null}, {"text": "next", "start_seconds": 541.68, "end_seconds": 541.84, "confidence": null}, {"text": "week", "start_seconds": 541.84, "end_seconds": 542.08, "confidence": null}, {"text": "if", "start_seconds": 542.08, "end_seconds": 542.16, "confidence": null}, {"text": "things", "start_seconds": 542.16, "end_seconds": 542.4, "confidence": null}, {"text": "don't", "start_seconds": 542.4, "end_seconds": 542.56, "confidence": null}, {"text": "get", "start_seconds": 542.56, "end_seconds": 542.64, "confidence": null}, {"text": "better", "start_seconds": 542.64, "end_seconds": 542.72, "confidence": null}]}, {"type": "transcript.final", "session_id": "3f14b64d-d08d-482f-be04-ffe2157cf437", "sequence": 820, "segment_id": 66, "revision": 6, "text": " that sounds good okay um do you have any questions for me", "granularity": "word", "items": [{"text": " that", "start_seconds": 544.16, "end_seconds": 544.4, "confidence": null}, {"text": "sounds", "start_seconds": 544.4, "end_seconds": 544.56, "confidence": null}, {"text": "good", "start_seconds": 544.56, "end_seconds": 544.64, "confidence": null}, {"text": "okay", "start_seconds": 545.2, "end_seconds": 545.28, "confidence": null}, {"text": "um", "start_seconds": 546.0, "end_seconds": 546.24, "confidence": null}, {"text": "do", "start_seconds": 546.24, "end_seconds": 546.4, "confidence": null}, {"text": "you", "start_seconds": 546.4, "end_seconds": 546.48, "confidence": null}, {"text": "have", "start_seconds": 546.48, "end_seconds": 546.64, "confidence": null}, {"text": "any", "start_seconds": 546.64, "end_seconds": 546.72, "confidence": null}, {"text": "questions", "start_seconds": 546.72, "end_seconds": 546.88, "confidence": null}, {"text": "for", "start_seconds": 546.88, "end_seconds": 546.96, "confidence": null}, {"text": "me", "start_seconds": 546.96, "end_seconds": 547.04, "confidence": null}]}, {"type": "transcript.final", "session_id": "3f14b64d-d08d-482f-be04-ffe2157cf437", "sequence": 826, "segment_id": 67, "revision": 6, "text": " no that's it okay well I wish you all the best", "granularity": "word", "items": [{"text": " no", "start_seconds": 549.04, "end_seconds": 549.2, "confidence": null}, {"text": "that's", "start_seconds": 549.2, "end_seconds": 549.44, "confidence": null}, {"text": "it", "start_seconds": 549.44, "end_seconds": 549.52, "confidence": null}, {"text": "okay", "start_seconds": 549.92, "end_seconds": 550.24, "confidence": null}, {"text": "well", "start_seconds": 550.24, "end_seconds": 550.48, "confidence": null}, {"text": "I", "start_seconds": 550.48, "end_seconds": 550.56, "confidence": null}, {"text": "wish", "start_seconds": 550.56, "end_seconds": 550.72, "confidence": null}, {"text": "you", "start_seconds": 550.72, "end_seconds": 550.88, "confidence": null}, {"text": "all", "start_seconds": 550.88, "end_seconds": 550.96, "confidence": null}, {"text": "the", "start_seconds": 550.96, "end_seconds": 551.04, "confidence": null}, {"text": "best", "start_seconds": 551.04, "end_seconds": 551.12, "confidence": null}]}, {"type": "transcript.final", "session_id": "3f14b64d-d08d-482f-be04-ffe2157cf437", "sequence": 829, "segment_id": 68, "revision": 3, "text": " thank you very much have a good day", "granularity": "word", "items": [{"text": " thank", "start_seconds": 552.16, "end_seconds": 552.24, "confidence": null}, {"text": "you", "start_seconds": 552.24, "end_seconds": 552.32, "confidence": null}, {"text": "very", "start_seconds": 552.32, "end_seconds": 552.4, "confidence": null}, {"text": "much", "start_seconds": 552.4, "end_seconds": 552.48, "confidence": null}, {"text": "have", "start_seconds": 553.44, "end_seconds": 553.52, "confidence": null}, {"text": "a", "start_seconds": 553.52, "end_seconds": 553.6, "confidence": null}, {"text": "good", "start_seconds": 553.6, "end_seconds": 553.68, "confidence": null}, {"text": "day", "start_seconds": 553.68, "end_seconds": 553.76, "confidence": null}]}, {"type": "transcript.final", "session_id": "3f14b64d-d08d-482f-be04-ffe2157cf437", "sequence": 832, "segment_id": 69, "revision": 3, "text": " bye bye", "granularity": "word", "items": [{"text": " bye", "start_seconds": 554.96, "end_seconds": 555.04, "confidence": null}, {"text": "bye", "start_seconds": 555.92, "end_seconds": 556.0, "confidence": null}]}], "audio_seconds": 559.2, "processing_seconds": 29.447516734999226, "model": "nemotron-speech-en-0.6b", "language": "en-US"}
{"event": "medical_probe_complete", "measurements": 3, "customer_acceptance": false, "quality_requires_reference_scoring": true}
