{"event": "medical_probe_start", "model": "nemotron-speech-multilingual-0.6b", "profile": {"model": "nemotron-speech-multilingual-0.6b", "chunk_size_ms": 560, "strip_language_tags": true, "decoding": "greedy_batch", "beam_size": 4, "precision": "float32", "confidence": false, "cuda_graphs": false}, "nemo_revision": "3b08b2acacc13ec1268e53653346266202b2335f", "model_revision": "ea30d66debe3740a08b573244286791d423d6b3e", "scope": "direct runtime; not public customer acceptance"}
OneLogger: Setting error_handling_strategy to DISABLE_QUIETLY_AND_REPORT_METRIC_ERROR for rank (rank=0) with OneLogger disabled. To override: explicitly set error_handling_strategy parameter.
No exporters were provided. This means that no telemetry data will be collected.
[NeMo I 2026-09-16 10:02:03 pipeline_builder:42] Using matmul precision: high
[NeMo I 2026-09-16 10:02:56 mixins:195] Tokenizer SentencePieceTokenizer initialized with 13087 tokens
[NeMo W 2026-09-16 10:03:00 modelPT:288] You tried to register an artifact under config key=tokenizer.model_path but an artifact for it has already been registered.
[NeMo W 2026-09-16 10:03:00 modelPT:288] You tried to register an artifact under config key=tokenizer.vocab_path but an artifact for it has already been registered.
[NeMo I 2026-09-16 10:03:00 mixins:195] Tokenizer SentencePieceTokenizer initialized with 13087 tokens
[NeMo W 2026-09-16 10:03:05 modelPT:176] If you intend to do training or fine-tuning, please call the ModelPT.setup_training_data() method and provide a valid configuration file to setup the train data loader.
    Train config : 
    manifest_filepath: null
    sample_rate: 16000
    use_lhotse: true
    shard_manifests: true
    batch_duration: 200
    quadratic_duration: 15
    num_buckets: 30
    shuffle: true
    num_workers: 8
    pin_memory: true
    max_duration: 20
    min_duration: 0.1
    is_tarred: true
    tarred_audio_filepaths: null
    shuffle_n: 2048
    slice_length: 100
    bucketing_strategy: fully_randomized
    bucketing_batch_size: null
    bucket_buffer_size: 10000
    shuffle_buffer_size: 10000
    prompt_field: target_lang
    prompt_dictionary:
      en-US: 0
      en: 0
      en-GB: 1
      enGB: 1
      es-ES: 2
      esES: 2
      es-US: 3
      es: 3
      zh-CN: 4
      zh-ZH: 4
      zh-TW: 5
      hi-IN: 6
      hi: 6
      hi-HI: 6
      ar-AR: 7
      ar: 7
      fr-FR: 8
      fr: 8
      de-DE: 9
      de: 9
      ja-JP: 10
      ja-JA: 10
      ru-RU: 11
      ru: 11
      pt-BR: 12
      pt-PT: 13
      pt: 13
      ko-KR: 14
      ko: 14
      ko-KO: 14
      it-IT: 15
      it: 15
      nl-NL: 16
      nl: 16
      pl-PL: 17
      pl: 17
      tr-TR: 18
      tr: 18
      uk-UA: 19
      uk: 19
      ro-RO: 20
      ro: 20
      el-GR: 21
      el: 21
      cs-CZ: 22
      cs: 22
      hu-HU: 23
      hu: 23
      sv-SE: 24
      sv: 24
      da-DK: 25
      da: 25
      fi-FI: 26
      fi: 26
      no-NO: 27
      'no': 27
      nb-NO: 103
      nb: 103
      nn-NO: 104
      nn: 104
      sk-SK: 28
      sk: 28
      hr-HR: 29
      hr: 29
      bg-BG: 30
      bg: 30
      lt-LT: 31
      lt: 31
      et-EE: 60
      et: 60
      lv-LV: 61
      lv: 61
      sl-SI: 62
      sl: 62
      th-TH: 32
      vi-VN: 33
      id-ID: 34
      ms-MY: 35
      bn-IN: 36
      ur-PK: 37
      fa-IR: 38
      ta-IN: 39
      te-IN: 40
      mr-IN: 41
      gu-IN: 42
      kn-IN: 43
      ml-IN: 44
      si-LK: 45
      ne-NP: 46
      km-KH: 47
      sw-KE: 48
      am-ET: 49
      ha-NG: 50
      zu-ZA: 51
      yo-NG: 52
      ig-NG: 53
      af-ZA: 54
      rw-RW: 55
      so-SO: 56
      ny-MW: 57
      ln-CD: 58
      or-KE: 59
      he-IL: 64
      ku-TR: 65
      az-AZ: 66
      ka-GE: 67
      hy-AM: 68
      uz-UZ: 69
      tg-TJ: 70
      ky-KG: 71
      qu-PE: 80
      ay-BO: 81
      gn-PY: 82
      nah-MX: 83
      mi-NZ: 96
      haw-US: 97
      sm-WS: 98
      to-TO: 99
      fr-CA: 100
      mt-MT: 102
      auto: 101
    num_prompts: 128
    subsampling_factor: 8
    lang_field: target_lang
    training_mode: true
    input_cfg: null
    use_bucketing: true
    defer_setup: true
    
[NeMo W 2026-09-16 10:03:05 modelPT:183] If you intend to do validation, please call the ModelPT.setup_validation_data() or ModelPT.setup_multiple_validation_data() method and provide a valid configuration file to setup the validation data loader(s). 
    Validation config : 
    manifest_filepath: null
    sample_rate: 16000
    batch_size: 2
    shuffle: false
    use_start_end_token: false
    num_workers: 2
    pin_memory: true
    batch_duration: null
    use_lhotse: true
    use_bucketing: false
    max_cuts: 8
    prompt_field: target_lang
    prompt_dictionary:
      en-US: 0
      en: 0
      en-GB: 1
      enGB: 1
      es-ES: 2
      esES: 2
      es-US: 3
      es: 3
      zh-CN: 4
      zh-ZH: 4
      zh-TW: 5
      hi-IN: 6
      hi: 6
      hi-HI: 6
      ar-AR: 7
      ar: 7
      fr-FR: 8
      fr: 8
      de-DE: 9
      de: 9
      ja-JP: 10
      ja-JA: 10
      ru-RU: 11
      ru: 11
      pt-BR: 12
      pt-PT: 13
      pt: 13
      ko-KR: 14
      ko: 14
      ko-KO: 14
      it-IT: 15
      it: 15
      nl-NL: 16
      nl: 16
      pl-PL: 17
      pl: 17
      tr-TR: 18
      tr: 18
      uk-UA: 19
      uk: 19
      ro-RO: 20
      ro: 20
      el-GR: 21
      el: 21
      cs-CZ: 22
      cs: 22
      hu-HU: 23
      hu: 23
      sv-SE: 24
      sv: 24
      da-DK: 25
      da: 25
      fi-FI: 26
      fi: 26
      no-NO: 27
      'no': 27
      nb-NO: 103
      nb: 103
      nn-NO: 104
      nn: 104
      sk-SK: 28
      sk: 28
      hr-HR: 29
      hr: 29
      bg-BG: 30
      bg: 30
      lt-LT: 31
      lt: 31
      et-EE: 60
      et: 60
      lv-LV: 61
      lv: 61
      sl-SI: 62
      sl: 62
      th-TH: 32
      vi-VN: 33
      id-ID: 34
      ms-MY: 35
      bn-IN: 36
      ur-PK: 37
      fa-IR: 38
      ta-IN: 39
      te-IN: 40
      mr-IN: 41
      gu-IN: 42
      kn-IN: 43
      ml-IN: 44
      si-LK: 45
      ne-NP: 46
      km-KH: 47
      sw-KE: 48
      am-ET: 49
      ha-NG: 50
      zu-ZA: 51
      yo-NG: 52
      ig-NG: 53
      af-ZA: 54
      rw-RW: 55
      so-SO: 56
      ny-MW: 57
      ln-CD: 58
      or-KE: 59
      he-IL: 64
      ku-TR: 65
      az-AZ: 66
      ka-GE: 67
      hy-AM: 68
      uz-UZ: 69
      tg-TJ: 70
      ky-KG: 71
      qu-PE: 80
      ay-BO: 81
      gn-PY: 82
      nah-MX: 83
      mi-NZ: 96
      haw-US: 97
      sm-WS: 98
      to-TO: 99
      fr-CA: 100
      mt-MT: 102
      auto: 101
    num_prompts: 128
    subsampling_factor: 8
    training_mode: true
    name: null
    
[NeMo W 2026-09-16 10:03:05 modelPT:190] Please call the ModelPT.setup_test_data() or ModelPT.setup_multiple_test_data() method and provide a valid configuration file to setup the test data loader(s).
    Test config : 
    manifest_filepath: null
    sample_rate: 16000
    batch_size: 16
    shuffle: false
    use_start_end_token: false
    num_workers: 8
    pin_memory: true
    use_lhotse: true
    use_bucketing: false
    prompt_field: target_lang
    prompt_dictionary:
      en-US: 0
      en: 0
      en-GB: 1
      enGB: 1
      es-ES: 2
      esES: 2
      es-US: 3
      es: 3
      zh-CN: 4
      zh-ZH: 4
      zh-TW: 5
      hi-IN: 6
      hi: 6
      hi-HI: 6
      ar-AR: 7
      ar: 7
      fr-FR: 8
      fr: 8
      de-DE: 9
      de: 9
      ja-JP: 10
      ja-JA: 10
      ru-RU: 11
      ru: 11
      pt-BR: 12
      pt-PT: 13
      pt: 13
      ko-KR: 14
      ko: 14
      ko-KO: 14
      it-IT: 15
      it: 15
      nl-NL: 16
      nl: 16
      pl-PL: 17
      pl: 17
      tr-TR: 18
      tr: 18
      uk-UA: 19
      uk: 19
      ro-RO: 20
      ro: 20
      el-GR: 21
      el: 21
      cs-CZ: 22
      cs: 22
      hu-HU: 23
      hu: 23
      sv-SE: 24
      sv: 24
      da-DK: 25
      da: 25
      fi-FI: 26
      fi: 26
      no-NO: 27
      'no': 27
      nb-NO: 103
      nb: 103
      nn-NO: 104
      nn: 104
      sk-SK: 28
      sk: 28
      hr-HR: 29
      hr: 29
      bg-BG: 30
      bg: 30
      lt-LT: 31
      lt: 31
      et-EE: 60
      et: 60
      lv-LV: 61
      lv: 61
      sl-SI: 62
      sl: 62
      th-TH: 32
      vi-VN: 33
      id-ID: 34
      ms-MY: 35
      bn-IN: 36
      ur-PK: 37
      fa-IR: 38
      ta-IN: 39
      te-IN: 40
      mr-IN: 41
      gu-IN: 42
      kn-IN: 43
      ml-IN: 44
      si-LK: 45
      ne-NP: 46
      km-KH: 47
      sw-KE: 48
      am-ET: 49
      ha-NG: 50
      zu-ZA: 51
      yo-NG: 52
      ig-NG: 53
      af-ZA: 54
      rw-RW: 55
      so-SO: 56
      ny-MW: 57
      ln-CD: 58
      or-KE: 59
      he-IL: 64
      ku-TR: 65
      az-AZ: 66
      ka-GE: 67
      hy-AM: 68
      uz-UZ: 69
      tg-TJ: 70
      ky-KG: 71
      qu-PE: 80
      ay-BO: 81
      gn-PY: 82
      nah-MX: 83
      mi-NZ: 96
      haw-US: 97
      sm-WS: 98
      to-TO: 99
      fr-CA: 100
      mt-MT: 102
      auto: 101
    num_prompts: 128
    subsampling_factor: 8
    training_mode: false
    
[NeMo I 2026-09-16 10:03:10 rnnt_models:227] Using RNNT Loss : warprnnt_numba
    Loss warprnnt_numba_kwargs: {'fastemit_lambda': 0.005, 'clamp': -1.0}
[NeMo I 2026-09-16 10:03:10 rnnt_models:227] Using RNNT Loss : warprnnt_numba
    Loss warprnnt_numba_kwargs: {'fastemit_lambda': 0.005, 'clamp': -1.0}
[NeMo I 2026-09-16 10:03:10 rnnt_models:227] Using RNNT Loss : warprnnt_numba
    Loss warprnnt_numba_kwargs: {'fastemit_lambda': 0.005, 'clamp': -1.0}
[NeMo I 2026-09-16 10:03:10 rnnt_bpe_models_prompt:147] Model with prompt feature has been initialized (RNNT-only)
[NeMo I 2026-09-16 10:03:13 save_restore_connector:288] Model EncDecRNNTBPEModelWithPrompt was successfully restored from /cache/huggingface/hub/models--nvidia--nemotron-3.5-asr-streaming-0.6b/snapshots/ea30d66debe3740a08b573244286791d423d6b3e/nemotron-3.5-asr-streaming-0.6b.nemo.
[NeMo I 2026-09-16 10:03:13 rnnt_bpe_models:399] No `decoding_cfg` passed when changing decoding strategy, using internal config
[NeMo I 2026-09-16 10:03:13 rnnt_models:227] Using RNNT Loss : warprnnt_numba
    Loss warprnnt_numba_kwargs: {'fastemit_lambda': 0.005, 'clamp': -1.0}
[NeMo I 2026-09-16 10:03:13 rnnt_bpe_models:437] Changed decoding strategy to 
    model_type: rnnt
    strategy: greedy_batch
    compute_hypothesis_token_set: false
    preserve_alignments: null
    tdt_include_token_duration: null
    confidence_cfg:
      preserve_frame_confidence: false
      preserve_token_confidence: false
      preserve_word_confidence: false
      exclude_blank: true
      aggregation: min
      tdt_include_duration: false
      method_cfg:
        name: entropy
        entropy_type: tsallis
        alpha: 0.33
        entropy_norm: exp
        temperature: DEPRECATED
    fused_batch_size: null
    compute_timestamps: null
    compute_langs: false
    word_seperator: ' '
    segment_seperators:
    - .
    - '!'
    - '?'
    segment_gap_threshold: null
    rnnt_timestamp_type: all
    greedy:
      max_symbols_per_step: 10
      preserve_alignments: false
      preserve_frame_confidence: false
      tdt_include_token_duration: false
      tdt_include_duration_confidence: false
      confidence_method_cfg:
        name: entropy
        entropy_type: tsallis
        alpha: 0.33
        entropy_norm: exp
        temperature: DEPRECATED
      loop_labels: true
      use_cuda_graph_decoder: true
      ngram_lm_model: null
      ngram_lm_alpha: 0.0
      boosting_tree:
        model_path: null
        key_phrases_file: null
        key_phrases_list: null
        key_phrase_items_list: null
        context_score: 1.0
        depth_scaling: 2.0
        unk_score: 0.0
        final_eos_score: 1.0
        score_per_phrase: 0.0
        source_lang: en
        use_triton: null
        uniform_weights: false
        bpe_mode: default
        use_bpe_dropout: null
        num_of_transcriptions: 5
        bpe_alpha: 0.3
        var_bpe_scoring_temp: 10.0
        var_bpe_penalize_subsplits: true
      boosting_tree_alpha: 0.0
      enable_per_stream_biasing: false
      max_symbols: 10
    beam:
      beam_size: 2
      search_type: default
      score_norm: true
      return_best_hypothesis: false
      tsd_max_sym_exp_per_step: 50
      alsd_max_target_len: 2.0
      nsc_max_timesteps_expansion: 1
      nsc_prefix_alpha: 1
      maes_num_steps: 2
      maes_prefix_alpha: 1
      maes_expansion_gamma: 2.3
      maes_expansion_beta: 2
      language_model: null
      softmax_temperature: 1.0
      preserve_alignments: false
      ngram_lm_model: null
      ngram_lm_alpha: 0.0
      boosting_tree:
        model_path: null
        key_phrases_file: null
        key_phrases_list: null
        key_phrase_items_list: null
        context_score: 1.0
        depth_scaling: 2.0
        unk_score: 0.0
        final_eos_score: 1.0
        score_per_phrase: 0.0
        source_lang: en
        use_triton: null
        uniform_weights: false
        bpe_mode: default
        use_bpe_dropout: null
        num_of_transcriptions: 5
        bpe_alpha: 0.3
        var_bpe_scoring_temp: 10.0
        var_bpe_penalize_subsplits: true
      boosting_tree_alpha: 0.0
      hat_subtract_ilm: false
      hat_ilm_weight: 0.0
      max_symbols_per_step: 10
      blank_lm_score_mode: LM_WEIGHTED_FULL
      pruning_mode: LATE
      allow_cuda_graphs: true
      enable_per_stream_biasing: false
      preserve_frame_confidence: false
      tdt_include_duration_confidence: false
      confidence_method_cfg:
        name: entropy
        entropy_type: tsallis
        alpha: 0.33
        entropy_norm: exp
        temperature: DEPRECATED
      tsd_max_sym_exp: 50
    temperature: 1.0
    durations: []
    big_blank_durations: []
    strip_lang_tags: false
    lang_tag_pattern: null
    
[NeMo I 2026-09-16 10:03:13 rnnt_models:227] Using RNNT Loss : warprnnt_numba
    Loss warprnnt_numba_kwargs: {'fastemit_lambda': 0.005, 'clamp': -1.0}
[NeMo I 2026-09-16 10:03:13 rnnt_decoding:1041] Joint fused batch size <= 0; Will temporarily disable fused batch step in the Joint.
[NeMo I 2026-09-16 10:03:13 rnnt_bpe_models:437] Changed decoding strategy to 
    model_type: rnnt
    strategy: greedy_batch
    compute_hypothesis_token_set: false
    preserve_alignments: false
    tdt_include_token_duration: null
    confidence_cfg:
      preserve_frame_confidence: false
      preserve_token_confidence: false
      preserve_word_confidence: false
      exclude_blank: true
      aggregation: min
      tdt_include_duration: false
      method_cfg:
        name: entropy
        entropy_type: tsallis
        alpha: 0.33
        entropy_norm: exp
        temperature: DEPRECATED
    fused_batch_size: -1
    compute_timestamps: null
    compute_langs: false
    word_seperator: ' '
    segment_seperators:
    - .
    - '!'
    - '?'
    segment_gap_threshold: null
    rnnt_timestamp_type: all
    greedy:
      max_symbols_per_step: 10
      preserve_alignments: false
      preserve_frame_confidence: false
      tdt_include_token_duration: false
      tdt_include_duration_confidence: false
      confidence_method_cfg:
        name: entropy
        entropy_type: tsallis
        alpha: 0.33
        entropy_norm: exp
        temperature: DEPRECATED
      loop_labels: true
      use_cuda_graph_decoder: false
      ngram_lm_model: null
      ngram_lm_alpha: 0.0
      boosting_tree:
        model_path: null
        key_phrases_file: null
        key_phrases_list: null
        key_phrase_items_list: null
        context_score: 1.0
        depth_scaling: 2.0
        unk_score: 0.0
        final_eos_score: 1.0
        score_per_phrase: 0.0
        source_lang: en
        use_triton: null
        uniform_weights: false
        bpe_mode: default
        use_bpe_dropout: null
        num_of_transcriptions: 5
        bpe_alpha: 0.3
        var_bpe_scoring_temp: 10.0
        var_bpe_penalize_subsplits: true
      boosting_tree_alpha: 0.0
      enable_per_stream_biasing: true
      max_symbols: 10
    beam:
      beam_size: 4
      search_type: default
      score_norm: true
      return_best_hypothesis: true
      tsd_max_sym_exp_per_step: 50
      alsd_max_target_len: 1.0
      nsc_max_timesteps_expansion: 1
      nsc_prefix_alpha: 1
      maes_num_steps: 2
      maes_prefix_alpha: 1
      maes_expansion_gamma: 2.3
      maes_expansion_beta: 2
      language_model: null
      softmax_temperature: 1.0
      preserve_alignments: false
      ngram_lm_model: null
      ngram_lm_alpha: 0.0
      boosting_tree:
        model_path: null
        key_phrases_file: null
        key_phrases_list: null
        key_phrase_items_list: null
        context_score: 1.0
        depth_scaling: 2.0
        unk_score: 0.0
        final_eos_score: 1.0
        score_per_phrase: 0.0
        source_lang: en
        use_triton: null
        uniform_weights: false
        bpe_mode: default
        use_bpe_dropout: null
        num_of_transcriptions: 5
        bpe_alpha: 0.3
        var_bpe_scoring_temp: 10.0
        var_bpe_penalize_subsplits: true
      boosting_tree_alpha: 0.0
      hat_subtract_ilm: false
      hat_ilm_weight: 0.0
      max_symbols_per_step: 10
      blank_lm_score_mode: LM_WEIGHTED_FULL
      pruning_mode: LATE
      allow_cuda_graphs: true
      enable_per_stream_biasing: false
      preserve_frame_confidence: false
      tdt_include_duration_confidence: false
      confidence_method_cfg:
        name: entropy
        entropy_type: tsallis
        alpha: 0.33
        entropy_norm: exp
        temperature: DEPRECATED
    temperature: 1.0
    durations: []
    big_blank_durations: []
    strip_lang_tags: false
    lang_tag_pattern: null
    
[NeMo I 2026-09-16 10:03:13 base_builder:147] ASR model `/cache/huggingface/hub/models--nvidia--nemotron-3.5-asr-streaming-0.6b/snapshots/ea30d66debe3740a08b573244286791d423d6b3e/nemotron-3.5-asr-streaming-0.6b.nemo` loaded
[NeMo I 2026-09-16 10:03:14 cache_aware_rnnt_pipeline:125] Multilingual ASR model: conditioning on language 'auto'.
[NeMo I 2026-09-16 10:03:14 cache_aware_pipeline_builder:107] `CacheAwareRNNTPipeline` pipeline loaded
{"event": "medical_runtime_loaded", "timings": {"runtime_import_seconds": 6.166221947999929, "checkpoint_acquisition_seconds": 0.006312392999916483, "model_load_seconds": 71.1780682189999}, "gpu": "NVIDIA H100 80GB HBM3", "torch": "2.8.0+cu128", "cuda": "12.8"}
{"event": "medical_case_start", "case": "en-01", "mode": "complete-file", "file": "ready/en/day1_consultation01_conversation.wav", "sha256": "bed0455e336172d5e8c8eaa56bf54efa69cce5f115fba17cfb7d92d482953af5", "expected_audio_seconds": 457.92, "options": {"model": "nemotron-speech-multilingual-0.6b", "language": "en-US", "chunk_size_ms": 560, "strip_language_tags": true, "output_granularity": "word", "stop_history_eou_ms": 800}}
{"event": "medical_measurement", "case": "en-01", "mode": "complete-file", "sha256": "bed0455e336172d5e8c8eaa56bf54efa69cce5f115fba17cfb7d92d482953af5", "expected_audio_seconds": 457.92, "all_samples_processed": true, "nonempty": true, "peak_gpu_allocated_bytes": 5484273664, "real_time_factor": 0.09042298125000006, "text": "Hello hello stop yep okay hello how can I help you this morning I've just had some um diarrhea for the last three days and it's been affecting me I need to stay close to the toilet and um yeah it's been affecting my day to day activities sorry to hear that um and when you say diarrhea what do you mean by diarrhea do you mean you're going to the toilet more often or are your stools more loose yeah so it's like loose and watery stool going to the toilet quite often like some pain in my like lower stomach and how many times a day are you going let's say over the last couple of days probably like six seven times a day six seven times a day and you may mention it's mainly water tree have you noticed any other things like blood in your stalls no no blood yeah just watery and loose stall okay and you mentioned you've had some pain in your tummy as well whereabouts is the pain exactly in my lower abdomen so uh like uh yeah just to one side one side and what side is that uh on the left side left side okay and can you describe the pain to me yeah it feels um like a cramp uh like a muscular cramp and um yeah i feel a bit weak and shaky okay and there's a pain is that is it there all the time or does it come and go uh it comes and goes and go does a pain move anywhere else for example towards your back um no just mainly my stomach okay and you mentioned you've been feeling quite weak and shaky as well would you mean by shaky do you mean you've been having uh you've been feeling feverish for example um yeah it doesn't feel like uh yeah I just make me feel weak I haven't had a fever at the moment but I did notice um a temperature when the symptoms started so um yeah around about three or four days ago you measure your temperature then yeah I didn't imagine my temperature node but I felt um just a bit hot okay any other symptoms like sweating or um no and uh any vomiting at all yeah so um a vomited at the start of the symptoms but now um I've stopped vomiting you stopped vomiting okay and was your vomits I know it's not nice to talk about but was it just normal food colour yeah yeah just normal vomit yeah and there was no blood in your vomits is that right no okay and um any other symptoms at all so you mentioned Tommy Payne you mentioned diarrhea you mentioned the vomiting anything else that comes to mind um I had a loss of appetite so I haven't been eating as much but I've been able to halt down fluids okay so you're drinking fluids what kind of foods have you managed to eat anything just soups and uh yeah like foods like smoothies and yeah liquid foods mainly okay fine um and so you start just three days ago at Simpsons are you aware of any triggers which may have caused your Simpsons to uh to kick on so for example things like take away foods or eating out or beating around other people who would sing the symptoms yeah so I had takeaway about four days ago but other than that I've yeah been uh eating normally unusual yeah do you remember where you eat um yeah i ate uh Chinese restaurant with friends okay anyone else on well with similar symptoms um so no one else in the family side wife and two kids and one um child was vomiting but they haven't got diarrhea there's no one with the same symptoms right and uh in terms of your overall health are you normally fishing well or um yeah i mean other than um asthma uh using inhaler everything uh else is fine okay and did you ask a well controlled uh yeah that's fine uh just yeah you send inhaler and uh that's under control fine and you don't have any other tummy problem bowel problems I should be aware of no no okay um in apart from the inhalers do you take any other medications uh no other medications okay fine and in terms of just your your day to day life you said he's been affecting your life um yeah in what way has it been affecting your life uh so i need to stay close to the toilet because I go quite frequently during these past three days other than that it's uh yeah the main concern and have you are you currently working at the moment yeah i i work uh work um I'm in accountants okay have you been going into work the last three days or have you been at home uh yeah I've been going to work that must be difficult for you then yeah it's been quite difficult and you say you mentioned you live with a wife and two children is that right yes yeah alright um just a couple of other questions we need to ask so um do you smoke at all uh no i don't smoke and do you drink much of the web alcohol uh no i don't drink alcohol though okay so um uh normally at this stage I like to uh examine you if that's okay but um but but but but but but but but but but but but but but but but but but but but but haven't listened to your stories uh i think um just to recap for last three days you've been having loose or diarrhea bit of tummy pain mainly on the left hand side uh and vomiting and things generally quite weak and lethargic um you mentioned you're having this Chinese takeaway as well three days ago and I wonder whether that might be the cause of your problems okay it seems like you may have something uh called gastroenteritis which essentially just uh tummy bug or infection of your of your tummy uh mainly caused by viruses but they can be uh possibility of bacteria uh. causing symptoms at this stage uh what what we'd recommend is just what we say conservative management so uh I don't think you need anything like antibiotics is really just um making sure you're wealth hydrated so drinking fluids um uh there are things like dirolite you can get from the pharmacy which uh it's um it helps replenish some of your minerals and vitamins okay um and if you are having vomiting and diary i would certainly recommend that on a first you know first couple of days yeah if you are feeling feverish and weak taking some paracetamol uh two tables up to four times a day for the first few days can also help I would certainly advise you to take some time of work actually I know you're quite keen to work um I would say next two to three days um clears from your system just take some time off and rest um you know if your simples haven't got better you know in in three to four days I'll right to come back and see me again because if it is ongoing then we have to wonder whether there's something else causing symptoms and we may need to do further tests like um taking a sample of your store so we can test that um et cetera et cetera yep sure yeah how's that sound that sounds great yeah yeah do you have any questions for me um no further questions is a treatment plan clear uh yeah that's that's very cool thank you great well i wish you all the best okay thank you thank you", "segments": [{"type": "transcript.final", "session_id": "589e5e25-9203-4fb8-88c6-d567b1723ff7", "sequence": 3, "segment_id": 0, "revision": 3, "text": " Hello hello", "granularity": "word", "items": [{"text": " Hello", "start_seconds": 3.92, "end_seconds": 4.4, "confidence": null}, {"text": "hello", "start_seconds": 4.4, "end_seconds": 4.64, "confidence": null}]}, {"type": "transcript.final", "session_id": "589e5e25-9203-4fb8-88c6-d567b1723ff7", "sequence": 7, "segment_id": 1, "revision": 4, "text": " stop yep okay hello", "granularity": "word", "items": [{"text": " stop", "start_seconds": 7.84, "end_seconds": 8.16, "confidence": null}, {"text": "yep", "start_seconds": 8.16, "end_seconds": 8.48, "confidence": null}, {"text": "okay", "start_seconds": 8.48, "end_seconds": 8.56, "confidence": null}, {"text": "hello", "start_seconds": 9.04, "end_seconds": 9.2, "confidence": null}]}, {"type": "transcript.final", "session_id": "589e5e25-9203-4fb8-88c6-d567b1723ff7", "sequence": 8, "segment_id": 2, "revision": 1, "text": " how", "granularity": "word", "items": [{"text": " how", "start_seconds": 11.12, "end_seconds": 11.2, "confidence": null}]}, {"type": "transcript.final", "session_id": "589e5e25-9203-4fb8-88c6-d567b1723ff7", "sequence": 11, "segment_id": 3, "revision": 3, "text": " can I help you this morning", "granularity": "word", "items": [{"text": " can", "start_seconds": 11.2, "end_seconds": 11.28, "confidence": null}, {"text": "I", "start_seconds": 11.28, "end_seconds": 11.36, "confidence": null}, {"text": "help", "start_seconds": 11.36, "end_seconds": 11.44, "confidence": null}, {"text": "you", "start_seconds": 11.44, "end_seconds": 11.52, "confidence": null}, {"text": "this", "start_seconds": 11.84, "end_seconds": 12.0, "confidence": null}, {"text": "morning", "start_seconds": 12.0, "end_seconds": 12.08, "confidence": null}]}, {"type": "transcript.final", "session_id": "589e5e25-9203-4fb8-88c6-d567b1723ff7", "sequence": 20, "segment_id": 4, "revision": 9, "text": " I've just had some um diarrhea for the last three days", "granularity": "word", "items": [{"text": " I've", "start_seconds": 13.76, "end_seconds": 14.08, "confidence": null}, {"text": "just", "start_seconds": 14.08, "end_seconds": 14.24, "confidence": null}, {"text": "had", "start_seconds": 14.24, "end_seconds": 14.32, "confidence": null}, {"text": "some", "start_seconds": 14.64, "end_seconds": 14.72, "confidence": null}, {"text": "um", "start_seconds": 15.36, "end_seconds": 15.44, "confidence": null}, {"text": "diarrhea", "start_seconds": 15.76, "end_seconds": 16.48, "confidence": null}, {"text": "for", "start_seconds": 16.48, "end_seconds": 16.56, "confidence": null}, {"text": "the", "start_seconds": 16.56, "end_seconds": 16.72, "confidence": null}, {"text": "last", "start_seconds": 16.72, "end_seconds": 16.96, "confidence": null}, {"text": "three", "start_seconds": 16.96, "end_seconds": 17.2, "confidence": null}, {"text": "days", "start_seconds": 17.2, "end_seconds": 17.36, "confidence": null}]}, {"type": "transcript.final", "session_id": "589e5e25-9203-4fb8-88c6-d567b1723ff7", "sequence": 33, "segment_id": 5, "revision": 13, "text": " and it's been affecting me I need to stay close to the toilet and um yeah it's been affecting my day to day activities", "granularity": "word", "items": [{"text": " and", "start_seconds": 19.12, "end_seconds": 19.28, "confidence": null}, {"text": "it's", "start_seconds": 19.28, "end_seconds": 19.44, "confidence": null}, {"text": "been", "start_seconds": 19.44, "end_seconds": 19.68, "confidence": null}, {"text": "affecting", "start_seconds": 19.68, "end_seconds": 20.08, "confidence": null}, {"text": "me", "start_seconds": 20.08, "end_seconds": 20.32, "confidence": null}, {"text": "I", "start_seconds": 20.32, "end_seconds": 20.48, "confidence": null}, {"text": "need", "start_seconds": 20.48, "end_seconds": 20.56, "confidence": null}, {"text": "to", "start_seconds": 20.56, "end_seconds": 20.88, "confidence": null}, {"text": "stay", "start_seconds": 20.88, "end_seconds": 20.96, "confidence": null}, {"text": "close", "start_seconds": 21.28, "end_seconds": 21.44, "confidence": null}, {"text": "to", "start_seconds": 21.44, "end_seconds": 21.6, "confidence": null}, {"text": "the", "start_seconds": 21.6, "end_seconds": 21.92, "confidence": null}, {"text": "toilet", "start_seconds": 21.92, "end_seconds": 22.16, "confidence": null}, {"text": "and", "start_seconds": 22.8, "end_seconds": 23.04, "confidence": null}, {"text": "um", "start_seconds": 23.04, "end_seconds": 23.28, "confidence": null}, {"text": "yeah", "start_seconds": 23.28, "end_seconds": 23.52, "confidence": null}, {"text": "it's", "start_seconds": 23.52, "end_seconds": 23.68, "confidence": null}, {"text": "been", "start_seconds": 23.68, "end_seconds": 23.76, "confidence": null}, {"text": "affecting", "start_seconds": 24.08, "end_seconds": 24.32, "confidence": null}, {"text": "my", "start_seconds": 24.32, "end_seconds": 24.64, "confidence": null}, {"text": "day", "start_seconds": 24.64, "end_seconds": 24.8, "confidence": null}, {"text": "to", "start_seconds": 24.8, "end_seconds": 24.96, "confidence": null}, {"text": "day", "start_seconds": 24.96, "end_seconds": 25.12, "confidence": null}, {"text": "activities", "start_seconds": 25.12, "end_seconds": 25.28, "confidence": null}]}, {"type": "transcript.final", "session_id": "589e5e25-9203-4fb8-88c6-d567b1723ff7", "sequence": 54, "segment_id": 6, "revision": 21, "text": " sorry to hear that um and when you say diarrhea what do you mean by diarrhea do you mean you're going to the toilet more often or are your stools more loose yeah so it's like loose and watery stool going to the toilet quite often like", "granularity": "word", "items": [{"text": " sorry", "start_seconds": 26.88, "end_seconds": 27.04, "confidence": null}, {"text": "to", "start_seconds": 27.04, "end_seconds": 27.12, "confidence": null}, {"text": "hear", "start_seconds": 27.12, "end_seconds": 27.2, "confidence": null}, {"text": "that", "start_seconds": 27.2, "end_seconds": 27.28, "confidence": null}, {"text": "um", "start_seconds": 28.0, "end_seconds": 28.08, "confidence": null}, {"text": "and", "start_seconds": 28.56, "end_seconds": 28.8, "confidence": null}, {"text": "when", "start_seconds": 28.8, "end_seconds": 28.88, "confidence": null}, {"text": "you", "start_seconds": 28.88, "end_seconds": 28.96, "confidence": null}, {"text": "say", "start_seconds": 28.96, "end_seconds": 29.2, "confidence": null}, {"text": "diarrhea", "start_seconds": 29.2, "end_seconds": 29.76, "confidence": null}, {"text": "what", "start_seconds": 29.76, "end_seconds": 29.84, "confidence": null}, {"text": "do", "start_seconds": 29.84, "end_seconds": 29.92, "confidence": null}, {"text": "you", "start_seconds": 29.92, "end_seconds": 30.0, "confidence": null}, {"text": "mean", "start_seconds": 30.0, "end_seconds": 30.08, "confidence": null}, {"text": "by", "start_seconds": 30.08, "end_seconds": 30.24, "confidence": null}, {"text": "diarrhea", "start_seconds": 30.24, "end_seconds": 30.64, "confidence": null}, {"text": "do", "start_seconds": 30.64, "end_seconds": 30.72, "confidence": null}, {"text": "you", "start_seconds": 30.72, "end_seconds": 30.8, "confidence": null}, {"text": "mean", "start_seconds": 30.8, "end_seconds": 30.96, "confidence": null}, {"text": "you're", "start_seconds": 30.96, "end_seconds": 31.12, "confidence": null}, {"text": "going", "start_seconds": 31.12, "end_seconds": 31.28, "confidence": null}, {"text": "to", "start_seconds": 31.28, "end_seconds": 31.36, "confidence": null}, {"text": "the", "start_seconds": 31.36, "end_seconds": 31.44, "confidence": null}, {"text": "toilet", "start_seconds": 31.44, "end_seconds": 31.84, "confidence": null}, {"text": "more", "start_seconds": 31.84, "end_seconds": 32.08, "confidence": null}, {"text": "often", "start_seconds": 32.08, "end_seconds": 32.16, "confidence": null}, {"text": "or", "start_seconds": 32.56, "end_seconds": 32.64, "confidence": null}, {"text": "are", "start_seconds": 33.04, "end_seconds": 33.12, "confidence": null}, {"text": "your", "start_seconds": 33.12, "end_seconds": 33.28, "confidence": null}, {"text": "stools", "start_seconds": 33.28, "end_seconds": 33.68, "confidence": null}, {"text": "more", "start_seconds": 33.68, "end_seconds": 33.76, "confidence": null}, {"text": "loose", "start_seconds": 33.76, "end_seconds": 33.92, "confidence": null}, {"text": "yeah", "start_seconds": 34.88, "end_seconds": 34.96, "confidence": null}, {"text": "so", "start_seconds": 35.28, "end_seconds": 35.36, "confidence": null}, {"text": "it's", "start_seconds": 35.36, "end_seconds": 35.52, "confidence": null}, {"text": "like", "start_seconds": 35.52, "end_seconds": 35.84, "confidence": null}, {"text": "loose", "start_seconds": 35.84, "end_seconds": 36.4, "confidence": null}, {"text": "and", "start_seconds": 36.4, "end_seconds": 36.48, "confidence": null}, {"text": "watery", "start_seconds": 36.48, "end_seconds": 37.12, "confidence": null}, {"text": "stool", "start_seconds": 37.12, "end_seconds": 37.44, "confidence": null}, {"text": "going", "start_seconds": 37.44, "end_seconds": 37.68, "confidence": null}, {"text": "to", "start_seconds": 37.68, "end_seconds": 37.76, "confidence": null}, {"text": "the", "start_seconds": 37.76, "end_seconds": 38.08, "confidence": null}, {"text": "toilet", "start_seconds": 38.08, "end_seconds": 38.48, "confidence": null}, {"text": "quite", "start_seconds": 38.48, "end_seconds": 38.72, "confidence": null}, {"text": "often", "start_seconds": 38.72, "end_seconds": 38.88, "confidence": null}, {"text": "like", "start_seconds": 40.24, "end_seconds": 40.32, "confidence": null}]}, {"type": "transcript.final", "session_id": "589e5e25-9203-4fb8-88c6-d567b1723ff7", "sequence": 60, "segment_id": 7, "revision": 6, "text": " some pain in my like lower stomach", "granularity": "word", "items": [{"text": " some", "start_seconds": 40.64, "end_seconds": 40.72, "confidence": null}, {"text": "pain", "start_seconds": 41.44, "end_seconds": 41.84, "confidence": null}, {"text": "in", "start_seconds": 41.84, "end_seconds": 42.08, "confidence": null}, {"text": "my", "start_seconds": 42.08, "end_seconds": 42.16, "confidence": null}, {"text": "like", "start_seconds": 42.72, "end_seconds": 42.8, "confidence": null}, {"text": "lower", "start_seconds": 43.12, "end_seconds": 43.36, "confidence": null}, {"text": "stomach", "start_seconds": 43.36, "end_seconds": 43.6, "confidence": null}]}, {"type": "transcript.final", "session_id": "589e5e25-9203-4fb8-88c6-d567b1723ff7", "sequence": 93, "segment_id": 8, "revision": 33, "text": " and how many times a day are you going let's say over the last couple of days probably like six seven times a day six seven times a day and you may mention it's mainly water tree have you noticed any other things like blood in your stalls no no blood yeah just watery and loose stall okay and you mentioned you've had some pain in your tummy as well", "granularity": "word", "items": [{"text": " and", "start_seconds": 44.88, "end_seconds": 44.96, "confidence": null}, {"text": "how", "start_seconds": 44.96, "end_seconds": 45.12, "confidence": null}, {"text": "many", "start_seconds": 45.12, "end_seconds": 45.28, "confidence": null}, {"text": "times", "start_seconds": 45.28, "end_seconds": 45.52, "confidence": null}, {"text": "a", "start_seconds": 45.52, "end_seconds": 45.68, "confidence": null}, {"text": "day", "start_seconds": 45.68, "end_seconds": 45.84, "confidence": null}, {"text": "are", "start_seconds": 45.84, "end_seconds": 46.0, "confidence": null}, {"text": "you", "start_seconds": 46.0, "end_seconds": 46.08, "confidence": null}, {"text": "going", "start_seconds": 46.08, "end_seconds": 46.48, "confidence": null}, {"text": "let's", "start_seconds": 46.48, "end_seconds": 46.64, "confidence": null}, {"text": "say", "start_seconds": 46.64, "end_seconds": 46.72, "confidence": null}, {"text": "over", "start_seconds": 47.04, "end_seconds": 47.2, "confidence": null}, {"text": "the", "start_seconds": 47.2, "end_seconds": 47.28, "confidence": null}, {"text": "last", "start_seconds": 47.28, "end_seconds": 47.44, "confidence": null}, {"text": "couple", "start_seconds": 47.44, "end_seconds": 47.52, "confidence": null}, {"text": "of", "start_seconds": 47.52, "end_seconds": 47.68, "confidence": null}, {"text": "days", "start_seconds": 47.68, "end_seconds": 47.76, "confidence": null}, {"text": "probably", "start_seconds": 48.64, "end_seconds": 48.96, "confidence": null}, {"text": "like", "start_seconds": 48.96, "end_seconds": 49.28, "confidence": null}, {"text": "six", "start_seconds": 49.28, "end_seconds": 49.36, "confidence": null}, {"text": "seven", "start_seconds": 49.76, "end_seconds": 50.0, "confidence": null}, {"text": "times", "start_seconds": 50.0, "end_seconds": 50.24, "confidence": null}, {"text": "a", "start_seconds": 50.24, "end_seconds": 50.4, "confidence": null}, {"text": "day", "start_seconds": 50.4, "end_seconds": 50.48, "confidence": null}, {"text": "six", "start_seconds": 50.88, "end_seconds": 51.12, "confidence": null}, {"text": "seven", "start_seconds": 51.12, "end_seconds": 51.28, "confidence": null}, {"text": "times", "start_seconds": 51.28, "end_seconds": 51.44, "confidence": null}, {"text": "a", "start_seconds": 51.44, "end_seconds": 51.52, "confidence": null}, {"text": "day", "start_seconds": 51.52, "end_seconds": 51.6, "confidence": null}, {"text": "and", "start_seconds": 52.08, "end_seconds": 52.16, "confidence": null}, {"text": "you", "start_seconds": 52.16, "end_seconds": 52.24, "confidence": null}, {"text": "may", "start_seconds": 52.24, "end_seconds": 52.4, "confidence": null}, {"text": "mention", "start_seconds": 52.88, "end_seconds": 53.2, "confidence": null}, {"text": "it's", "start_seconds": 53.2, "end_seconds": 53.28, "confidence": null}, {"text": "mainly", "start_seconds": 53.28, "end_seconds": 53.76, "confidence": null}, {"text": "water", "start_seconds": 53.76, "end_seconds": 53.92, "confidence": null}, {"text": "tree", "start_seconds": 53.92, "end_seconds": 54.16, "confidence": null}, {"text": "have", "start_seconds": 54.16, "end_seconds": 54.24, "confidence": null}, {"text": "you", "start_seconds": 54.24, "end_seconds": 54.32, "confidence": null}, {"text": "noticed", "start_seconds": 54.32, "end_seconds": 54.64, "confidence": null}, {"text": "any", "start_seconds": 54.64, "end_seconds": 54.88, "confidence": null}, {"text": "other", "start_seconds": 54.88, "end_seconds": 55.04, "confidence": null}, {"text": "things", "start_seconds": 55.04, "end_seconds": 55.2, "confidence": null}, {"text": "like", "start_seconds": 55.2, "end_seconds": 55.44, "confidence": null}, {"text": "blood", "start_seconds": 55.44, "end_seconds": 55.68, "confidence": null}, {"text": "in", "start_seconds": 55.68, "end_seconds": 55.84, "confidence": null}, {"text": "your", "start_seconds": 55.84, "end_seconds": 56.0, "confidence": null}, {"text": "stalls", "start_seconds": 56.0, "end_seconds": 56.24, "confidence": null}, {"text": "no", "start_seconds": 56.8, "end_seconds": 57.12, "confidence": null}, {"text": "no", "start_seconds": 57.2, "end_seconds": 57.36, "confidence": null}, {"text": "blood", "start_seconds": 57.36, "end_seconds": 57.84, "confidence": null}, {"text": "yeah", "start_seconds": 57.84, "end_seconds": 58.08, "confidence": null}, {"text": "just", "start_seconds": 58.08, "end_seconds": 58.32, "confidence": null}, {"text": "watery", "start_seconds": 58.32, "end_seconds": 58.88, "confidence": null}, {"text": "and", "start_seconds": 58.88, "end_seconds": 59.04, "confidence": null}, {"text": "loose", "start_seconds": 59.04, "end_seconds": 59.44, "confidence": null}, {"text": "stall", "start_seconds": 59.44, "end_seconds": 59.52, "confidence": null}, {"text": "okay", "start_seconds": 59.92, "end_seconds": 60.0, "confidence": null}, {"text": "and", "start_seconds": 60.48, "end_seconds": 60.56, "confidence": null}, {"text": "you", "start_seconds": 60.56, "end_seconds": 60.64, "confidence": null}, {"text": "mentioned", "start_seconds": 60.64, "end_seconds": 60.88, "confidence": null}, {"text": "you've", "start_seconds": 60.88, "end_seconds": 61.04, "confidence": null}, {"text": "had", "start_seconds": 61.04, "end_seconds": 61.2, "confidence": null}, {"text": "some", "start_seconds": 61.2, "end_seconds": 61.28, "confidence": null}, {"text": "pain", "start_seconds": 61.28, "end_seconds": 61.6, "confidence": null}, {"text": "in", "start_seconds": 61.6, "end_seconds": 61.76, "confidence": null}, {"text": "your", "start_seconds": 61.76, "end_seconds": 61.84, "confidence": null}, {"text": "tummy", "start_seconds": 61.84, "end_seconds": 62.24, "confidence": null}, {"text": "as", "start_seconds": 62.24, "end_seconds": 62.32, "confidence": null}, {"text": "well", "start_seconds": 62.32, "end_seconds": 62.4, "confidence": null}]}, {"type": "transcript.final", "session_id": "589e5e25-9203-4fb8-88c6-d567b1723ff7", "sequence": 148, "segment_id": 9, "revision": 55, "text": " whereabouts is the pain exactly in my lower abdomen so uh like uh yeah just to one side one side and what side is that uh on the left side left side okay and can you describe the pain to me yeah it feels um like a cramp uh like a muscular cramp and um yeah i feel a bit weak and shaky okay and there's a pain is that is it there all the time or does it come and go uh it comes and goes and go does a pain move anywhere else for example towards your back um no just mainly my stomach okay", "granularity": "word", "items": [{"text": " whereabouts", "start_seconds": 63.84, "end_seconds": 64.16, "confidence": null}, {"text": "is", "start_seconds": 64.16, "end_seconds": 64.24, "confidence": null}, {"text": "the", "start_seconds": 64.24, "end_seconds": 64.32, "confidence": null}, {"text": "pain", "start_seconds": 64.32, "end_seconds": 64.4, "confidence": null}, {"text": "exactly", "start_seconds": 64.96, "end_seconds": 65.12, "confidence": null}, {"text": "in", "start_seconds": 66.16, "end_seconds": 66.24, "confidence": null}, {"text": "my", "start_seconds": 66.24, "end_seconds": 66.32, "confidence": null}, {"text": "lower", "start_seconds": 66.32, "end_seconds": 66.72, "confidence": null}, {"text": "abdomen", "start_seconds": 66.72, "end_seconds": 67.2, "confidence": null}, {"text": "so", "start_seconds": 67.76, "end_seconds": 67.84, "confidence": null}, {"text": "uh", "start_seconds": 67.84, "end_seconds": 68.16, "confidence": null}, {"text": "like", "start_seconds": 68.16, "end_seconds": 68.24, "confidence": null}, {"text": "uh", "start_seconds": 68.8, "end_seconds": 68.88, "confidence": null}, {"text": "yeah", "start_seconds": 69.76, "end_seconds": 70.08, "confidence": null}, {"text": "just", "start_seconds": 70.08, "end_seconds": 70.32, "confidence": null}, {"text": "to", "start_seconds": 70.32, "end_seconds": 70.64, "confidence": null}, {"text": "one", "start_seconds": 70.64, "end_seconds": 70.72, "confidence": null}, {"text": "side", "start_seconds": 70.72, "end_seconds": 70.8, "confidence": null}, {"text": "one", "start_seconds": 71.76, "end_seconds": 71.92, "confidence": null}, {"text": "side", "start_seconds": 71.92, "end_seconds": 72.24, "confidence": null}, {"text": "and", "start_seconds": 72.24, "end_seconds": 72.32, "confidence": null}, {"text": "what", "start_seconds": 72.32, "end_seconds": 72.4, "confidence": null}, {"text": "side", "start_seconds": 72.4, "end_seconds": 72.56, "confidence": null}, {"text": "is", "start_seconds": 72.56, "end_seconds": 72.64, "confidence": null}, {"text": "that", "start_seconds": 72.64, "end_seconds": 72.72, "confidence": null}, {"text": "uh", "start_seconds": 73.44, "end_seconds": 73.76, "confidence": null}, {"text": "on", "start_seconds": 73.76, "end_seconds": 74.0, "confidence": null}, {"text": "the", "start_seconds": 74.0, "end_seconds": 74.08, "confidence": null}, {"text": "left", "start_seconds": 74.08, "end_seconds": 74.24, "confidence": null}, {"text": "side", "start_seconds": 74.24, "end_seconds": 74.32, "confidence": null}, {"text": "left", "start_seconds": 74.8, "end_seconds": 74.96, "confidence": null}, {"text": "side", "start_seconds": 74.96, "end_seconds": 75.04, "confidence": null}, {"text": "okay", "start_seconds": 75.36, "end_seconds": 75.44, "confidence": null}, {"text": "and", "start_seconds": 76.16, "end_seconds": 76.32, "confidence": null}, {"text": "can", "start_seconds": 76.32, "end_seconds": 76.4, "confidence": null}, {"text": "you", "start_seconds": 76.4, "end_seconds": 76.72, "confidence": null}, {"text": "describe", "start_seconds": 76.72, "end_seconds": 76.96, "confidence": null}, {"text": "the", "start_seconds": 76.96, "end_seconds": 77.28, "confidence": null}, {"text": "pain", "start_seconds": 77.28, "end_seconds": 77.68, "confidence": null}, {"text": "to", "start_seconds": 77.68, "end_seconds": 77.76, "confidence": null}, {"text": "me", "start_seconds": 77.76, "end_seconds": 77.84, "confidence": null}, {"text": "yeah", "start_seconds": 78.56, "end_seconds": 78.64, "confidence": null}, {"text": "it", "start_seconds": 78.96, "end_seconds": 79.04, "confidence": null}, {"text": "feels", "start_seconds": 79.04, "end_seconds": 79.2, "confidence": null}, {"text": "um", "start_seconds": 79.6, "end_seconds": 79.68, "confidence": null}, {"text": "like", "start_seconds": 80.08, "end_seconds": 80.4, "confidence": null}, {"text": "a", "start_seconds": 80.4, "end_seconds": 80.64, "confidence": null}, {"text": "cramp", "start_seconds": 80.64, "end_seconds": 80.96, "confidence": null}, {"text": "uh", "start_seconds": 81.52, "end_seconds": 81.6, "confidence": null}, {"text": "like", "start_seconds": 81.92, "end_seconds": 82.08, "confidence": null}, {"text": "a", "start_seconds": 82.08, "end_seconds": 82.32, "confidence": null}, {"text": "muscular", "start_seconds": 82.32, "end_seconds": 82.72, "confidence": null}, {"text": "cramp", "start_seconds": 82.72, "end_seconds": 82.96, "confidence": null}, {"text": "and", "start_seconds": 83.44, "end_seconds": 83.52, "confidence": null}, {"text": "um", "start_seconds": 83.92, "end_seconds": 84.0, "confidence": null}, {"text": "yeah", "start_seconds": 84.64, "end_seconds": 84.8, "confidence": null}, {"text": "i", "start_seconds": 84.88, "end_seconds": 84.96, "confidence": null}, {"text": "feel", "start_seconds": 84.96, "end_seconds": 85.36, "confidence": null}, {"text": "a", "start_seconds": 85.36, "end_seconds": 85.52, "confidence": null}, {"text": "bit", "start_seconds": 85.52, "end_seconds": 85.76, "confidence": null}, {"text": "weak", "start_seconds": 85.76, "end_seconds": 86.24, "confidence": null}, {"text": "and", "start_seconds": 86.24, "end_seconds": 86.4, "confidence": null}, {"text": "shaky", "start_seconds": 86.4, "end_seconds": 86.56, "confidence": null}, {"text": "okay", "start_seconds": 87.2, "end_seconds": 87.28, "confidence": null}, {"text": "and", "start_seconds": 87.92, "end_seconds": 88.0, "confidence": null}, {"text": "there's", "start_seconds": 88.0, "end_seconds": 88.24, "confidence": null}, {"text": "a", "start_seconds": 88.24, "end_seconds": 88.32, "confidence": null}, {"text": "pain", "start_seconds": 88.32, "end_seconds": 88.72, "confidence": null}, {"text": "is", "start_seconds": 88.72, "end_seconds": 88.88, "confidence": null}, {"text": "that", "start_seconds": 88.88, "end_seconds": 89.04, "confidence": null}, {"text": "is", "start_seconds": 89.04, "end_seconds": 89.2, "confidence": null}, {"text": "it", "start_seconds": 89.2, "end_seconds": 89.28, "confidence": null}, {"text": "there", "start_seconds": 89.28, "end_seconds": 89.52, "confidence": null}, {"text": "all", "start_seconds": 89.52, "end_seconds": 89.68, "confidence": null}, {"text": "the", "start_seconds": 89.68, "end_seconds": 89.76, "confidence": null}, {"text": "time", "start_seconds": 89.76, "end_seconds": 89.92, "confidence": null}, {"text": "or", "start_seconds": 89.92, "end_seconds": 90.08, "confidence": null}, {"text": "does", "start_seconds": 90.08, "end_seconds": 90.24, "confidence": null}, {"text": "it", "start_seconds": 90.24, "end_seconds": 90.32, "confidence": null}, {"text": "come", "start_seconds": 90.32, "end_seconds": 90.48, "confidence": null}, {"text": "and", "start_seconds": 90.48, "end_seconds": 90.56, "confidence": null}, {"text": "go", "start_seconds": 90.56, "end_seconds": 90.64, "confidence": null}, {"text": "uh", "start_seconds": 91.12, "end_seconds": 91.44, "confidence": null}, {"text": "it", "start_seconds": 91.44, "end_seconds": 91.52, "confidence": null}, {"text": "comes", "start_seconds": 91.52, "end_seconds": 91.68, "confidence": null}, {"text": "and", "start_seconds": 91.68, "end_seconds": 91.76, "confidence": null}, {"text": "goes", "start_seconds": 91.76, "end_seconds": 92.0, "confidence": null}, {"text": "and", "start_seconds": 92.88, "end_seconds": 92.96, "confidence": null}, {"text": "go", "start_seconds": 92.96, "end_seconds": 93.2, "confidence": null}, {"text": "does", "start_seconds": 93.2, "end_seconds": 93.52, "confidence": null}, {"text": "a", "start_seconds": 93.52, "end_seconds": 93.6, "confidence": null}, {"text": "pain", "start_seconds": 93.6, "end_seconds": 93.92, "confidence": null}, {"text": "move", "start_seconds": 93.92, "end_seconds": 94.08, "confidence": null}, {"text": "anywhere", "start_seconds": 94.08, "end_seconds": 94.4, "confidence": null}, {"text": "else", "start_seconds": 94.4, "end_seconds": 94.72, "confidence": null}, {"text": "for", "start_seconds": 94.72, "end_seconds": 94.8, "confidence": null}, {"text": "example", "start_seconds": 94.8, "end_seconds": 95.2, "confidence": null}, {"text": "towards", "start_seconds": 95.2, "end_seconds": 95.52, "confidence": null}, {"text": "your", "start_seconds": 95.52, "end_seconds": 95.68, "confidence": null}, {"text": "back", "start_seconds": 95.68, "end_seconds": 95.76, "confidence": null}, {"text": "um", "start_seconds": 96.56, "end_seconds": 96.64, "confidence": null}, {"text": "no", "start_seconds": 96.96, "end_seconds": 97.04, "confidence": null}, {"text": "just", "start_seconds": 97.36, "end_seconds": 97.44, "confidence": null}, {"text": "mainly", "start_seconds": 97.76, "end_seconds": 98.0, "confidence": null}, {"text": "my", "start_seconds": 98.64, "end_seconds": 98.72, "confidence": null}, {"text": "stomach", "start_seconds": 98.72, "end_seconds": 98.8, "confidence": null}, {"text": "okay", "start_seconds": 99.68, "end_seconds": 99.76, "confidence": null}]}, {"type": "transcript.final", "session_id": "589e5e25-9203-4fb8-88c6-d567b1723ff7", "sequence": 190, "segment_id": 10, "revision": 42, "text": " and you mentioned you've been feeling quite weak and shaky as well would you mean by shaky do you mean you've been having uh you've been feeling feverish for example um yeah it doesn't feel like uh yeah I just make me feel weak I haven't had a fever at the moment but I did notice um a temperature when the symptoms started so um yeah around about three or four days ago you measure your temperature then yeah I didn't imagine my temperature node but I felt um just a bit hot okay", "granularity": "word", "items": [{"text": " and", "start_seconds": 100.8, "end_seconds": 100.88, "confidence": null}, {"text": "you", "start_seconds": 100.88, "end_seconds": 100.96, "confidence": null}, {"text": "mentioned", "start_seconds": 100.96, "end_seconds": 101.12, "confidence": null}, {"text": "you've", "start_seconds": 101.12, "end_seconds": 101.28, "confidence": null}, {"text": "been", "start_seconds": 101.28, "end_seconds": 101.44, "confidence": null}, {"text": "feeling", "start_seconds": 101.44, "end_seconds": 101.6, "confidence": null}, {"text": "quite", "start_seconds": 101.6, "end_seconds": 101.92, "confidence": null}, {"text": "weak", "start_seconds": 101.92, "end_seconds": 102.08, "confidence": null}, {"text": "and", "start_seconds": 102.08, "end_seconds": 102.24, "confidence": null}, {"text": "shaky", "start_seconds": 102.24, "end_seconds": 102.56, "confidence": null}, {"text": "as", "start_seconds": 102.56, "end_seconds": 102.64, "confidence": null}, {"text": "well", "start_seconds": 102.64, "end_seconds": 102.96, "confidence": null}, {"text": "would", "start_seconds": 102.96, "end_seconds": 103.04, "confidence": null}, {"text": "you", "start_seconds": 103.04, "end_seconds": 103.12, "confidence": null}, {"text": "mean", "start_seconds": 103.12, "end_seconds": 103.28, "confidence": null}, {"text": "by", "start_seconds": 103.28, "end_seconds": 103.44, "confidence": null}, {"text": "shaky", "start_seconds": 103.44, "end_seconds": 103.84, "confidence": null}, {"text": "do", "start_seconds": 103.84, "end_seconds": 103.92, "confidence": null}, {"text": "you", "start_seconds": 103.92, "end_seconds": 104.0, "confidence": null}, {"text": "mean", "start_seconds": 104.0, "end_seconds": 104.16, "confidence": null}, {"text": "you've", "start_seconds": 104.16, "end_seconds": 104.24, "confidence": null}, {"text": "been", "start_seconds": 104.24, "end_seconds": 104.4, "confidence": null}, {"text": "having", "start_seconds": 104.4, "end_seconds": 104.48, "confidence": null}, {"text": "uh", "start_seconds": 105.28, "end_seconds": 105.6, "confidence": null}, {"text": "you've", "start_seconds": 105.6, "end_seconds": 105.68, "confidence": null}, {"text": "been", "start_seconds": 105.68, "end_seconds": 105.76, "confidence": null}, {"text": "feeling", "start_seconds": 105.76, "end_seconds": 106.0, "confidence": null}, {"text": "feverish", "start_seconds": 106.0, "end_seconds": 106.48, "confidence": null}, {"text": "for", "start_seconds": 106.48, "end_seconds": 106.56, "confidence": null}, {"text": "example", "start_seconds": 106.56, "end_seconds": 106.64, "confidence": null}, {"text": "um", "start_seconds": 107.76, "end_seconds": 108.08, "confidence": null}, {"text": "yeah", "start_seconds": 108.08, "end_seconds": 108.32, "confidence": null}, {"text": "it", "start_seconds": 108.32, "end_seconds": 108.48, "confidence": null}, {"text": "doesn't", "start_seconds": 108.48, "end_seconds": 108.8, "confidence": null}, {"text": "feel", "start_seconds": 108.8, "end_seconds": 108.96, "confidence": null}, {"text": "like", "start_seconds": 108.96, "end_seconds": 109.04, "confidence": null}, {"text": "uh", "start_seconds": 109.44, "end_seconds": 109.52, "confidence": null}, {"text": "yeah", "start_seconds": 109.84, "end_seconds": 110.0, "confidence": null}, {"text": "I", "start_seconds": 110.0, "end_seconds": 110.08, "confidence": null}, {"text": "just", "start_seconds": 110.08, "end_seconds": 110.32, "confidence": null}, {"text": "make", "start_seconds": 110.32, "end_seconds": 110.56, "confidence": null}, {"text": "me", "start_seconds": 110.56, "end_seconds": 110.8, "confidence": null}, {"text": "feel", "start_seconds": 110.8, "end_seconds": 111.04, "confidence": null}, {"text": "weak", "start_seconds": 111.04, "end_seconds": 111.2, "confidence": null}, {"text": "I", "start_seconds": 111.2, "end_seconds": 111.28, "confidence": null}, {"text": "haven't", "start_seconds": 111.28, "end_seconds": 111.44, "confidence": null}, {"text": "had", "start_seconds": 111.44, "end_seconds": 111.52, "confidence": null}, {"text": "a", "start_seconds": 111.52, "end_seconds": 111.68, "confidence": null}, {"text": "fever", "start_seconds": 111.68, "end_seconds": 111.76, "confidence": null}, {"text": "at", "start_seconds": 112.64, "end_seconds": 112.72, "confidence": null}, {"text": "the", "start_seconds": 112.72, "end_seconds": 112.8, "confidence": null}, {"text": "moment", "start_seconds": 112.8, "end_seconds": 112.88, "confidence": null}, {"text": "but", "start_seconds": 113.2, "end_seconds": 113.28, "confidence": null}, {"text": "I", "start_seconds": 113.28, "end_seconds": 113.44, "confidence": null}, {"text": "did", "start_seconds": 113.44, "end_seconds": 113.68, "confidence": null}, {"text": "notice", "start_seconds": 113.68, "end_seconds": 114.16, "confidence": null}, {"text": "um", "start_seconds": 114.16, "end_seconds": 114.24, "confidence": null}, {"text": "a", "start_seconds": 114.8, "end_seconds": 114.88, "confidence": null}, {"text": "temperature", "start_seconds": 114.88, "end_seconds": 115.04, "confidence": null}, {"text": "when", "start_seconds": 115.76, "end_seconds": 116.08, "confidence": null}, {"text": "the", "start_seconds": 116.08, "end_seconds": 116.32, "confidence": null}, {"text": "symptoms", "start_seconds": 116.32, "end_seconds": 116.72, "confidence": null}, {"text": "started", "start_seconds": 116.72, "end_seconds": 116.8, "confidence": null}, {"text": "so", "start_seconds": 117.28, "end_seconds": 117.36, "confidence": null}, {"text": "um", "start_seconds": 118.4, "end_seconds": 118.48, "confidence": null}, {"text": "yeah", "start_seconds": 119.04, "end_seconds": 119.36, "confidence": null}, {"text": "around", "start_seconds": 119.36, "end_seconds": 119.68, "confidence": null}, {"text": "about", "start_seconds": 119.68, "end_seconds": 119.84, "confidence": null}, {"text": "three", "start_seconds": 119.84, "end_seconds": 120.08, "confidence": null}, {"text": "or", "start_seconds": 120.08, "end_seconds": 120.24, "confidence": null}, {"text": "four", "start_seconds": 120.24, "end_seconds": 120.4, "confidence": null}, {"text": "days", "start_seconds": 120.4, "end_seconds": 120.56, "confidence": null}, {"text": "ago", "start_seconds": 120.56, "end_seconds": 120.64, "confidence": null}, {"text": "you", "start_seconds": 121.52, "end_seconds": 121.6, "confidence": null}, {"text": "measure", "start_seconds": 121.6, "end_seconds": 121.76, "confidence": null}, {"text": "your", "start_seconds": 121.76, "end_seconds": 121.84, "confidence": null}, {"text": "temperature", "start_seconds": 121.84, "end_seconds": 122.24, "confidence": null}, {"text": "then", "start_seconds": 122.24, "end_seconds": 122.32, "confidence": null}, {"text": "yeah", "start_seconds": 123.28, "end_seconds": 123.36, "confidence": null}, {"text": "I", "start_seconds": 124.0, "end_seconds": 124.08, "confidence": null}, {"text": "didn't", "start_seconds": 124.08, "end_seconds": 124.24, "confidence": null}, {"text": "imagine", "start_seconds": 124.24, "end_seconds": 124.56, "confidence": null}, {"text": "my", "start_seconds": 124.56, "end_seconds": 124.64, "confidence": null}, {"text": "temperature", "start_seconds": 124.64, "end_seconds": 125.12, "confidence": null}, {"text": "node", "start_seconds": 125.12, "end_seconds": 125.36, "confidence": null}, {"text": "but", "start_seconds": 125.36, "end_seconds": 125.44, "confidence": null}, {"text": "I", "start_seconds": 125.44, "end_seconds": 125.52, "confidence": null}, {"text": "felt", "start_seconds": 125.52, "end_seconds": 125.68, "confidence": null}, {"text": "um", "start_seconds": 126.08, "end_seconds": 126.32, "confidence": null}, {"text": "just", "start_seconds": 126.32, "end_seconds": 126.56, "confidence": null}, {"text": "a", "start_seconds": 126.56, "end_seconds": 126.64, "confidence": null}, {"text": "bit", "start_seconds": 126.64, "end_seconds": 126.8, "confidence": null}, {"text": "hot", "start_seconds": 126.8, "end_seconds": 126.96, "confidence": null}, {"text": "okay", "start_seconds": 127.68, "end_seconds": 127.76, "confidence": null}]}, {"type": "transcript.final", "session_id": "589e5e25-9203-4fb8-88c6-d567b1723ff7", "sequence": 196, "segment_id": 11, "revision": 6, "text": " any other symptoms like sweating or um", "granularity": "word", "items": [{"text": " any", "start_seconds": 129.04, "end_seconds": 129.36, "confidence": null}, {"text": "other", "start_seconds": 129.36, "end_seconds": 129.52, "confidence": null}, {"text": "symptoms", "start_seconds": 129.52, "end_seconds": 129.92, "confidence": null}, {"text": "like", "start_seconds": 129.92, "end_seconds": 130.08, "confidence": null}, {"text": "sweating", "start_seconds": 130.08, "end_seconds": 130.48, "confidence": null}, {"text": "or", "start_seconds": 130.48, "end_seconds": 130.56, "confidence": null}, {"text": "um", "start_seconds": 131.12, "end_seconds": 131.2, "confidence": null}]}, {"type": "transcript.final", "session_id": "589e5e25-9203-4fb8-88c6-d567b1723ff7", "sequence": 197, "segment_id": 12, "revision": 1, "text": " no", "granularity": "word", "items": [{"text": " no", "start_seconds": 132.64, "end_seconds": 132.72, "confidence": null}]}, {"type": "transcript.final", "session_id": "589e5e25-9203-4fb8-88c6-d567b1723ff7", "sequence": 222, "segment_id": 13, "revision": 25, "text": " and uh any vomiting at all yeah so um a vomited at the start of the symptoms but now um I've stopped vomiting you stopped vomiting okay and was your vomits I know it's not nice to talk about but was it just normal food colour", "granularity": "word", "items": [{"text": " and", "start_seconds": 134.0, "end_seconds": 134.24, "confidence": null}, {"text": "uh", "start_seconds": 134.24, "end_seconds": 134.56, "confidence": null}, {"text": "any", "start_seconds": 134.56, "end_seconds": 134.72, "confidence": null}, {"text": "vomiting", "start_seconds": 134.72, "end_seconds": 135.28, "confidence": null}, {"text": "at", "start_seconds": 135.28, "end_seconds": 135.36, "confidence": null}, {"text": "all", "start_seconds": 135.36, "end_seconds": 135.44, "confidence": null}, {"text": "yeah", "start_seconds": 136.24, "end_seconds": 136.56, "confidence": null}, {"text": "so", "start_seconds": 136.56, "end_seconds": 136.64, "confidence": null}, {"text": "um", "start_seconds": 137.04, "end_seconds": 137.12, "confidence": null}, {"text": "a", "start_seconds": 138.0, "end_seconds": 138.32, "confidence": null}, {"text": "vomited", "start_seconds": 138.32, "end_seconds": 138.88, "confidence": null}, {"text": "at", "start_seconds": 138.88, "end_seconds": 138.96, "confidence": null}, {"text": "the", "start_seconds": 138.96, "end_seconds": 139.04, "confidence": null}, {"text": "start", "start_seconds": 139.04, "end_seconds": 139.2, "confidence": null}, {"text": "of", "start_seconds": 139.2, "end_seconds": 139.44, "confidence": null}, {"text": "the", "start_seconds": 139.44, "end_seconds": 139.52, "confidence": null}, {"text": "symptoms", "start_seconds": 139.52, "end_seconds": 140.08, "confidence": null}, {"text": "but", "start_seconds": 140.08, "end_seconds": 140.32, "confidence": null}, {"text": "now", "start_seconds": 140.32, "end_seconds": 140.4, "confidence": null}, {"text": "um", "start_seconds": 140.88, "end_seconds": 140.96, "confidence": null}, {"text": "I've", "start_seconds": 141.44, "end_seconds": 141.76, "confidence": null}, {"text": "stopped", "start_seconds": 141.76, "end_seconds": 142.0, "confidence": null}, {"text": "vomiting", "start_seconds": 142.0, "end_seconds": 142.48, "confidence": null}, {"text": "you", "start_seconds": 143.36, "end_seconds": 143.44, "confidence": null}, {"text": "stopped", "start_seconds": 143.44, "end_seconds": 143.6, "confidence": null}, {"text": "vomiting", "start_seconds": 143.6, "end_seconds": 144.0, "confidence": null}, {"text": "okay", "start_seconds": 144.0, "end_seconds": 144.24, "confidence": null}, {"text": "and", "start_seconds": 144.24, "end_seconds": 144.32, "confidence": null}, {"text": "was", "start_seconds": 144.32, "end_seconds": 144.56, "confidence": null}, {"text": "your", "start_seconds": 144.56, "end_seconds": 144.8, "confidence": null}, {"text": "vomits", "start_seconds": 144.8, "end_seconds": 145.2, "confidence": null}, {"text": "I", "start_seconds": 145.2, "end_seconds": 145.28, "confidence": null}, {"text": "know", "start_seconds": 145.28, "end_seconds": 145.36, "confidence": null}, {"text": "it's", "start_seconds": 145.36, "end_seconds": 145.52, "confidence": null}, {"text": "not", "start_seconds": 145.52, "end_seconds": 145.68, "confidence": null}, {"text": "nice", "start_seconds": 145.68, "end_seconds": 146.0, "confidence": null}, {"text": "to", "start_seconds": 146.0, "end_seconds": 146.08, "confidence": null}, {"text": "talk", "start_seconds": 146.08, "end_seconds": 146.24, "confidence": null}, {"text": "about", "start_seconds": 146.24, "end_seconds": 146.4, "confidence": null}, {"text": "but", "start_seconds": 146.4, "end_seconds": 146.48, "confidence": null}, {"text": "was", "start_seconds": 146.48, "end_seconds": 146.8, "confidence": null}, {"text": "it", "start_seconds": 146.8, "end_seconds": 147.04, "confidence": null}, {"text": "just", "start_seconds": 147.04, "end_seconds": 147.28, "confidence": null}, {"text": "normal", "start_seconds": 147.28, "end_seconds": 147.36, "confidence": null}, {"text": "food", "start_seconds": 147.92, "end_seconds": 148.08, "confidence": null}, {"text": "colour", "start_seconds": 148.48, "end_seconds": 148.64, "confidence": null}]}, {"type": "transcript.final", "session_id": "589e5e25-9203-4fb8-88c6-d567b1723ff7", "sequence": 232, "segment_id": 14, "revision": 10, "text": " yeah yeah just normal vomit yeah and there was no blood in your vomits is that right no okay", "granularity": "word", "items": [{"text": " yeah", "start_seconds": 150.08, "end_seconds": 150.32, "confidence": null}, {"text": "yeah", "start_seconds": 150.32, "end_seconds": 150.48, "confidence": null}, {"text": "just", "start_seconds": 150.48, "end_seconds": 150.8, "confidence": null}, {"text": "normal", "start_seconds": 150.8, "end_seconds": 151.12, "confidence": null}, {"text": "vomit", "start_seconds": 151.12, "end_seconds": 151.76, "confidence": null}, {"text": "yeah", "start_seconds": 151.76, "end_seconds": 152.0, "confidence": null}, {"text": "and", "start_seconds": 152.0, "end_seconds": 152.08, "confidence": null}, {"text": "there", "start_seconds": 152.08, "end_seconds": 152.24, "confidence": null}, {"text": "was", "start_seconds": 152.24, "end_seconds": 152.32, "confidence": null}, {"text": "no", "start_seconds": 152.32, "end_seconds": 152.48, "confidence": null}, {"text": "blood", "start_seconds": 152.48, "end_seconds": 152.64, "confidence": null}, {"text": "in", "start_seconds": 152.64, "end_seconds": 152.88, "confidence": null}, {"text": "your", "start_seconds": 152.88, "end_seconds": 153.04, "confidence": null}, {"text": "vomits", "start_seconds": 153.04, "end_seconds": 153.52, "confidence": null}, {"text": "is", "start_seconds": 153.52, "end_seconds": 153.6, "confidence": null}, {"text": "that", "start_seconds": 153.6, "end_seconds": 153.68, "confidence": null}, {"text": "right", "start_seconds": 153.68, "end_seconds": 153.76, "confidence": null}, {"text": "no", "start_seconds": 154.64, "end_seconds": 154.72, "confidence": null}, {"text": "okay", "start_seconds": 155.36, "end_seconds": 155.44, "confidence": null}]}, {"type": "transcript.final", "session_id": "589e5e25-9203-4fb8-88c6-d567b1723ff7", "sequence": 242, "segment_id": 15, "revision": 10, "text": " and um any other symptoms at all so you mentioned Tommy Payne you mentioned diarrhea you mentioned the vomiting", "granularity": "word", "items": [{"text": " and", "start_seconds": 157.04, "end_seconds": 157.2, "confidence": null}, {"text": "um", "start_seconds": 157.2, "end_seconds": 157.28, "confidence": null}, {"text": "any", "start_seconds": 157.92, "end_seconds": 158.0, "confidence": null}, {"text": "other", "start_seconds": 158.32, "end_seconds": 158.48, "confidence": null}, {"text": "symptoms", "start_seconds": 158.48, "end_seconds": 158.8, "confidence": null}, {"text": "at", "start_seconds": 158.8, "end_seconds": 158.88, "confidence": null}, {"text": "all", "start_seconds": 158.88, "end_seconds": 159.12, "confidence": null}, {"text": "so", "start_seconds": 159.12, "end_seconds": 159.28, "confidence": null}, {"text": "you", "start_seconds": 159.28, "end_seconds": 159.44, "confidence": null}, {"text": "mentioned", "start_seconds": 159.44, "end_seconds": 159.76, "confidence": null}, {"text": "Tommy", "start_seconds": 159.76, "end_seconds": 160.0, "confidence": null}, {"text": "Payne", "start_seconds": 160.0, "end_seconds": 160.32, "confidence": null}, {"text": "you", "start_seconds": 160.32, "end_seconds": 160.4, "confidence": null}, {"text": "mentioned", "start_seconds": 160.4, "end_seconds": 160.64, "confidence": null}, {"text": "diarrhea", "start_seconds": 160.64, "end_seconds": 161.04, "confidence": null}, {"text": "you", "start_seconds": 161.04, "end_seconds": 161.2, "confidence": null}, {"text": "mentioned", "start_seconds": 161.2, "end_seconds": 161.44, "confidence": null}, {"text": "the", "start_seconds": 161.44, "end_seconds": 161.6, "confidence": null}, {"text": "vomiting", "start_seconds": 161.6, "end_seconds": 161.92, "confidence": null}]}, {"type": "transcript.final", "session_id": "589e5e25-9203-4fb8-88c6-d567b1723ff7", "sequence": 245, "segment_id": 16, "revision": 3, "text": " anything else that comes to mind", "granularity": "word", "items": [{"text": " anything", "start_seconds": 163.12, "end_seconds": 163.28, "confidence": null}, {"text": "else", "start_seconds": 163.28, "end_seconds": 163.52, "confidence": null}, {"text": "that", "start_seconds": 163.52, "end_seconds": 163.6, "confidence": null}, {"text": "comes", "start_seconds": 163.6, "end_seconds": 163.76, "confidence": null}, {"text": "to", "start_seconds": 163.76, "end_seconds": 163.92, "confidence": null}, {"text": "mind", "start_seconds": 163.92, "end_seconds": 164.0, "confidence": null}]}, {"type": "transcript.final", "session_id": "589e5e25-9203-4fb8-88c6-d567b1723ff7", "sequence": 259, "segment_id": 17, "revision": 14, "text": " um I had a loss of appetite so I haven't been eating as much but I've been able to halt down fluids", "granularity": "word", "items": [{"text": " um", "start_seconds": 165.2, "end_seconds": 165.44, "confidence": null}, {"text": "I", "start_seconds": 165.44, "end_seconds": 165.52, "confidence": null}, {"text": "had", "start_seconds": 165.52, "end_seconds": 165.6, "confidence": null}, {"text": "a", "start_seconds": 165.92, "end_seconds": 166.08, "confidence": null}, {"text": "loss", "start_seconds": 166.08, "end_seconds": 166.4, "confidence": null}, {"text": "of", "start_seconds": 166.4, "end_seconds": 166.48, "confidence": null}, {"text": "appetite", "start_seconds": 166.48, "end_seconds": 166.96, "confidence": null}, {"text": "so", "start_seconds": 167.84, "end_seconds": 168.0, "confidence": null}, {"text": "I", "start_seconds": 168.0, "end_seconds": 168.08, "confidence": null}, {"text": "haven't", "start_seconds": 168.08, "end_seconds": 168.24, "confidence": null}, {"text": "been", "start_seconds": 168.24, "end_seconds": 168.32, "confidence": null}, {"text": "eating", "start_seconds": 168.32, "end_seconds": 168.64, "confidence": null}, {"text": "as", "start_seconds": 168.64, "end_seconds": 168.72, "confidence": null}, {"text": "much", "start_seconds": 168.72, "end_seconds": 168.8, "confidence": null}, {"text": "but", "start_seconds": 170.08, "end_seconds": 170.32, "confidence": null}, {"text": "I've", "start_seconds": 170.32, "end_seconds": 170.48, "confidence": null}, {"text": "been", "start_seconds": 170.48, "end_seconds": 170.8, "confidence": null}, {"text": "able", "start_seconds": 170.8, "end_seconds": 170.88, "confidence": null}, {"text": "to", "start_seconds": 170.88, "end_seconds": 170.96, "confidence": null}, {"text": "halt", "start_seconds": 171.52, "end_seconds": 171.84, "confidence": null}, {"text": "down", "start_seconds": 171.84, "end_seconds": 172.16, "confidence": null}, {"text": "fluids", "start_seconds": 172.16, "end_seconds": 172.56, "confidence": null}]}, {"type": "transcript.final", "session_id": "589e5e25-9203-4fb8-88c6-d567b1723ff7", "sequence": 262, "segment_id": 18, "revision": 3, "text": " okay so you're drinking fluids", "granularity": "word", "items": [{"text": " okay", "start_seconds": 173.76, "end_seconds": 173.92, "confidence": null}, {"text": "so", "start_seconds": 173.92, "end_seconds": 174.08, "confidence": null}, {"text": "you're", "start_seconds": 174.08, "end_seconds": 174.24, "confidence": null}, {"text": "drinking", "start_seconds": 174.24, "end_seconds": 174.48, "confidence": null}, {"text": "fluids", "start_seconds": 174.48, "end_seconds": 174.64, "confidence": null}]}, {"type": "transcript.final", "session_id": "589e5e25-9203-4fb8-88c6-d567b1723ff7", "sequence": 267, "segment_id": 19, "revision": 5, "text": " what kind of foods have you managed to eat anything", "granularity": "word", "items": [{"text": " what", "start_seconds": 176.08, "end_seconds": 176.16, "confidence": null}, {"text": "kind", "start_seconds": 176.16, "end_seconds": 176.24, "confidence": null}, {"text": "of", "start_seconds": 176.24, "end_seconds": 176.4, "confidence": null}, {"text": "foods", "start_seconds": 176.4, "end_seconds": 176.72, "confidence": null}, {"text": "have", "start_seconds": 176.72, "end_seconds": 176.88, "confidence": null}, {"text": "you", "start_seconds": 176.88, "end_seconds": 177.04, "confidence": null}, {"text": "managed", "start_seconds": 177.04, "end_seconds": 177.28, "confidence": null}, {"text": "to", "start_seconds": 177.28, "end_seconds": 177.36, "confidence": null}, {"text": "eat", "start_seconds": 177.36, "end_seconds": 177.44, "confidence": null}, {"text": "anything", "start_seconds": 178.0, "end_seconds": 178.08, "confidence": null}]}, {"type": "transcript.final", "session_id": "589e5e25-9203-4fb8-88c6-d567b1723ff7", "sequence": 285, "segment_id": 20, "revision": 18, "text": " just soups and uh yeah like foods like smoothies and yeah liquid foods mainly okay fine um and so", "granularity": "word", "items": [{"text": " just", "start_seconds": 179.92, "end_seconds": 180.16, "confidence": null}, {"text": "soups", "start_seconds": 180.16, "end_seconds": 180.64, "confidence": null}, {"text": "and", "start_seconds": 181.44, "end_seconds": 181.6, "confidence": null}, {"text": "uh", "start_seconds": 181.6, "end_seconds": 181.68, "confidence": null}, {"text": "yeah", "start_seconds": 182.08, "end_seconds": 182.16, "confidence": null}, {"text": "like", "start_seconds": 182.64, "end_seconds": 182.8, "confidence": null}, {"text": "foods", "start_seconds": 182.8, "end_seconds": 183.12, "confidence": null}, {"text": "like", "start_seconds": 183.52, "end_seconds": 183.84, "confidence": null}, {"text": "smoothies", "start_seconds": 183.84, "end_seconds": 184.24, "confidence": null}, {"text": "and", "start_seconds": 184.88, "end_seconds": 184.96, "confidence": null}, {"text": "yeah", "start_seconds": 185.44, "end_seconds": 185.52, "confidence": null}, {"text": "liquid", "start_seconds": 185.92, "end_seconds": 186.16, "confidence": null}, {"text": "foods", "start_seconds": 186.16, "end_seconds": 186.56, "confidence": null}, {"text": "mainly", "start_seconds": 186.56, "end_seconds": 186.64, "confidence": null}, {"text": "okay", "start_seconds": 187.28, "end_seconds": 187.36, "confidence": null}, {"text": "fine", "start_seconds": 187.84, "end_seconds": 187.92, "confidence": null}, {"text": "um", "start_seconds": 188.88, "end_seconds": 188.96, "confidence": null}, {"text": "and", "start_seconds": 189.52, "end_seconds": 189.84, "confidence": null}, {"text": "so", "start_seconds": 189.84, "end_seconds": 189.92, "confidence": null}]}, {"type": "transcript.final", "session_id": "589e5e25-9203-4fb8-88c6-d567b1723ff7", "sequence": 311, "segment_id": 21, "revision": 26, "text": " you start just three days ago at Simpsons are you aware of any triggers which may have caused your Simpsons to uh to kick on so for example things like take away foods or eating out or beating around other people who would sing the symptoms yeah so I had takeaway about four days ago", "granularity": "word", "items": [{"text": " you", "start_seconds": 191.12, "end_seconds": 191.36, "confidence": null}, {"text": "start", "start_seconds": 191.36, "end_seconds": 191.6, "confidence": null}, {"text": "just", "start_seconds": 191.6, "end_seconds": 191.76, "confidence": null}, {"text": "three", "start_seconds": 191.76, "end_seconds": 191.84, "confidence": null}, {"text": "days", "start_seconds": 191.84, "end_seconds": 192.0, "confidence": null}, {"text": "ago", "start_seconds": 192.0, "end_seconds": 192.32, "confidence": null}, {"text": "at", "start_seconds": 192.32, "end_seconds": 192.4, "confidence": null}, {"text": "Simpsons", "start_seconds": 192.4, "end_seconds": 192.88, "confidence": null}, {"text": "are", "start_seconds": 192.88, "end_seconds": 192.96, "confidence": null}, {"text": "you", "start_seconds": 192.96, "end_seconds": 193.04, "confidence": null}, {"text": "aware", "start_seconds": 193.04, "end_seconds": 193.2, "confidence": null}, {"text": "of", "start_seconds": 193.2, "end_seconds": 193.28, "confidence": null}, {"text": "any", "start_seconds": 193.28, "end_seconds": 193.44, "confidence": null}, {"text": "triggers", "start_seconds": 193.44, "end_seconds": 193.76, "confidence": null}, {"text": "which", "start_seconds": 193.76, "end_seconds": 193.84, "confidence": null}, {"text": "may", "start_seconds": 193.84, "end_seconds": 194.0, "confidence": null}, {"text": "have", "start_seconds": 194.0, "end_seconds": 194.16, "confidence": null}, {"text": "caused", "start_seconds": 194.16, "end_seconds": 194.48, "confidence": null}, {"text": "your", "start_seconds": 194.48, "end_seconds": 194.56, "confidence": null}, {"text": "Simpsons", "start_seconds": 194.56, "end_seconds": 194.96, "confidence": null}, {"text": "to", "start_seconds": 194.96, "end_seconds": 195.12, "confidence": null}, {"text": "uh", "start_seconds": 195.12, "end_seconds": 195.36, "confidence": null}, {"text": "to", "start_seconds": 195.36, "end_seconds": 195.44, "confidence": null}, {"text": "kick", "start_seconds": 195.44, "end_seconds": 195.6, "confidence": null}, {"text": "on", "start_seconds": 195.6, "end_seconds": 195.84, "confidence": null}, {"text": "so", "start_seconds": 195.84, "end_seconds": 196.08, "confidence": null}, {"text": "for", "start_seconds": 196.08, "end_seconds": 196.16, "confidence": null}, {"text": "example", "start_seconds": 196.16, "end_seconds": 196.24, "confidence": null}, {"text": "things", "start_seconds": 197.2, "end_seconds": 197.36, "confidence": null}, {"text": "like", "start_seconds": 197.76, "end_seconds": 197.92, "confidence": null}, {"text": "take", "start_seconds": 197.92, "end_seconds": 198.08, "confidence": null}, {"text": "away", "start_seconds": 198.08, "end_seconds": 198.32, "confidence": null}, {"text": "foods", "start_seconds": 198.32, "end_seconds": 198.8, "confidence": null}, {"text": "or", "start_seconds": 198.8, "end_seconds": 198.88, "confidence": null}, {"text": "eating", "start_seconds": 198.88, "end_seconds": 199.36, "confidence": null}, {"text": "out", "start_seconds": 199.36, "end_seconds": 199.68, "confidence": null}, {"text": "or", "start_seconds": 199.68, "end_seconds": 199.92, "confidence": null}, {"text": "beating", "start_seconds": 199.92, "end_seconds": 200.24, "confidence": null}, {"text": "around", "start_seconds": 200.24, "end_seconds": 200.48, "confidence": null}, {"text": "other", "start_seconds": 200.48, "end_seconds": 200.64, "confidence": null}, {"text": "people", "start_seconds": 200.64, "end_seconds": 200.88, "confidence": null}, {"text": "who", "start_seconds": 200.88, "end_seconds": 201.12, "confidence": null}, {"text": "would", "start_seconds": 201.12, "end_seconds": 201.2, "confidence": null}, {"text": "sing", "start_seconds": 201.2, "end_seconds": 201.52, "confidence": null}, {"text": "the", "start_seconds": 201.52, "end_seconds": 201.68, "confidence": null}, {"text": "symptoms", "start_seconds": 201.68, "end_seconds": 201.84, "confidence": null}, {"text": "yeah", "start_seconds": 202.48, "end_seconds": 202.56, "confidence": null}, {"text": "so", "start_seconds": 202.88, "end_seconds": 202.96, "confidence": null}, {"text": "I", "start_seconds": 202.96, "end_seconds": 203.12, "confidence": null}, {"text": "had", "start_seconds": 203.12, "end_seconds": 203.36, "confidence": null}, {"text": "takeaway", "start_seconds": 203.36, "end_seconds": 203.92, "confidence": null}, {"text": "about", "start_seconds": 203.92, "end_seconds": 204.0, "confidence": null}, {"text": "four", "start_seconds": 204.4, "end_seconds": 204.64, "confidence": null}, {"text": "days", "start_seconds": 204.64, "end_seconds": 204.96, "confidence": null}, {"text": "ago", "start_seconds": 204.96, "end_seconds": 205.04, "confidence": null}]}, {"type": "transcript.final", "session_id": "589e5e25-9203-4fb8-88c6-d567b1723ff7", "sequence": 319, "segment_id": 22, "revision": 8, "text": " but other than that I've yeah been uh eating normally", "granularity": "word", "items": [{"text": " but", "start_seconds": 207.76, "end_seconds": 207.84, "confidence": null}, {"text": "other", "start_seconds": 207.84, "end_seconds": 208.0, "confidence": null}, {"text": "than", "start_seconds": 208.0, "end_seconds": 208.08, "confidence": null}, {"text": "that", "start_seconds": 208.08, "end_seconds": 208.4, "confidence": null}, {"text": "I've", "start_seconds": 208.4, "end_seconds": 208.56, "confidence": null}, {"text": "yeah", "start_seconds": 209.2, "end_seconds": 209.28, "confidence": null}, {"text": "been", "start_seconds": 209.6, "end_seconds": 209.68, "confidence": null}, {"text": "uh", "start_seconds": 210.32, "end_seconds": 210.4, "confidence": null}, {"text": "eating", "start_seconds": 210.72, "end_seconds": 210.96, "confidence": null}, {"text": "normally", "start_seconds": 210.96, "end_seconds": 211.12, "confidence": null}]}, {"type": "transcript.final", "session_id": "589e5e25-9203-4fb8-88c6-d567b1723ff7", "sequence": 324, "segment_id": 23, "revision": 5, "text": " unusual yeah do you remember where you eat", "granularity": "word", "items": [{"text": " unusual", "start_seconds": 213.2, "end_seconds": 213.84, "confidence": null}, {"text": "yeah", "start_seconds": 213.84, "end_seconds": 214.16, "confidence": null}, {"text": "do", "start_seconds": 214.16, "end_seconds": 214.24, "confidence": null}, {"text": "you", "start_seconds": 214.24, "end_seconds": 214.32, "confidence": null}, {"text": "remember", "start_seconds": 214.32, "end_seconds": 214.48, "confidence": null}, {"text": "where", "start_seconds": 214.48, "end_seconds": 214.64, "confidence": null}, {"text": "you", "start_seconds": 214.64, "end_seconds": 214.8, "confidence": null}, {"text": "eat", "start_seconds": 214.8, "end_seconds": 214.88, "confidence": null}]}, {"type": "transcript.final", "session_id": "589e5e25-9203-4fb8-88c6-d567b1723ff7", "sequence": 355, "segment_id": 24, "revision": 31, "text": " um yeah i ate uh Chinese restaurant with friends okay anyone else on well with similar symptoms um so no one else in the family side wife and two kids and one um child was vomiting but they haven't got diarrhea there's no one with the same symptoms", "granularity": "word", "items": [{"text": " um", "start_seconds": 216.16, "end_seconds": 216.32, "confidence": null}, {"text": "yeah", "start_seconds": 216.32, "end_seconds": 216.4, "confidence": null}, {"text": "i", "start_seconds": 216.72, "end_seconds": 216.8, "confidence": null}, {"text": "ate", "start_seconds": 217.44, "end_seconds": 217.52, "confidence": null}, {"text": "uh", "start_seconds": 217.92, "end_seconds": 218.08, "confidence": null}, {"text": "Chinese", "start_seconds": 218.08, "end_seconds": 218.4, "confidence": null}, {"text": "restaurant", "start_seconds": 218.4, "end_seconds": 218.88, "confidence": null}, {"text": "with", "start_seconds": 218.88, "end_seconds": 219.04, "confidence": null}, {"text": "friends", "start_seconds": 219.04, "end_seconds": 219.12, "confidence": null}, {"text": "okay", "start_seconds": 220.16, "end_seconds": 220.24, "confidence": null}, {"text": "anyone", "start_seconds": 220.72, "end_seconds": 221.2, "confidence": null}, {"text": "else", "start_seconds": 221.2, "end_seconds": 221.52, "confidence": null}, {"text": "on", "start_seconds": 221.52, "end_seconds": 221.76, "confidence": null}, {"text": "well", "start_seconds": 221.76, "end_seconds": 221.84, "confidence": null}, {"text": "with", "start_seconds": 222.32, "end_seconds": 222.4, "confidence": null}, {"text": "similar", "start_seconds": 222.4, "end_seconds": 222.64, "confidence": null}, {"text": "symptoms", "start_seconds": 222.64, "end_seconds": 223.12, "confidence": null}, {"text": "um", "start_seconds": 224.0, "end_seconds": 224.16, "confidence": null}, {"text": "so", "start_seconds": 224.16, "end_seconds": 224.4, "confidence": null}, {"text": "no", "start_seconds": 224.4, "end_seconds": 224.64, "confidence": null}, {"text": "one", "start_seconds": 224.64, "end_seconds": 224.72, "confidence": null}, {"text": "else", "start_seconds": 224.72, "end_seconds": 225.04, "confidence": null}, {"text": "in", "start_seconds": 225.04, "end_seconds": 225.2, "confidence": null}, {"text": "the", "start_seconds": 225.2, "end_seconds": 225.28, "confidence": null}, {"text": "family", "start_seconds": 225.28, "end_seconds": 225.36, "confidence": null}, {"text": "side", "start_seconds": 225.76, "end_seconds": 225.84, "confidence": null}, {"text": "wife", "start_seconds": 226.4, "end_seconds": 226.8, "confidence": null}, {"text": "and", "start_seconds": 226.8, "end_seconds": 226.96, "confidence": null}, {"text": "two", "start_seconds": 226.96, "end_seconds": 227.12, "confidence": null}, {"text": "kids", "start_seconds": 227.12, "end_seconds": 227.44, "confidence": null}, {"text": "and", "start_seconds": 227.44, "end_seconds": 227.6, "confidence": null}, {"text": "one", "start_seconds": 227.6, "end_seconds": 227.68, "confidence": null}, {"text": "um", "start_seconds": 228.24, "end_seconds": 228.32, "confidence": null}, {"text": "child", "start_seconds": 228.64, "end_seconds": 228.8, "confidence": null}, {"text": "was", "start_seconds": 229.2, "end_seconds": 229.28, "confidence": null}, {"text": "vomiting", "start_seconds": 229.6, "end_seconds": 230.16, "confidence": null}, {"text": "but", "start_seconds": 230.16, "end_seconds": 230.24, "confidence": null}, {"text": "they", "start_seconds": 230.56, "end_seconds": 230.8, "confidence": null}, {"text": "haven't", "start_seconds": 230.8, "end_seconds": 231.04, "confidence": null}, {"text": "got", "start_seconds": 231.04, "end_seconds": 231.12, "confidence": null}, {"text": "diarrhea", "start_seconds": 231.44, "end_seconds": 232.08, "confidence": null}, {"text": "there's", "start_seconds": 232.08, "end_seconds": 232.24, "confidence": null}, {"text": "no", "start_seconds": 232.24, "end_seconds": 232.32, "confidence": null}, {"text": "one", "start_seconds": 232.32, "end_seconds": 232.56, "confidence": null}, {"text": "with", "start_seconds": 232.56, "end_seconds": 232.64, "confidence": null}, {"text": "the", "start_seconds": 232.96, "end_seconds": 233.12, "confidence": null}, {"text": "same", "start_seconds": 233.12, "end_seconds": 233.28, "confidence": null}, {"text": "symptoms", "start_seconds": 233.28, "end_seconds": 233.6, "confidence": null}]}, {"type": "transcript.final", "session_id": "589e5e25-9203-4fb8-88c6-d567b1723ff7", "sequence": 375, "segment_id": 25, "revision": 20, "text": " right and uh in terms of your overall health are you normally fishing well or um yeah i mean other than um asthma uh using inhaler everything uh else is fine", "granularity": "word", "items": [{"text": " right", "start_seconds": 237.6, "end_seconds": 237.68, "confidence": null}, {"text": "and", "start_seconds": 238.56, "end_seconds": 238.64, "confidence": null}, {"text": "uh", "start_seconds": 238.64, "end_seconds": 238.8, "confidence": null}, {"text": "in", "start_seconds": 238.8, "end_seconds": 238.96, "confidence": null}, {"text": "terms", "start_seconds": 238.96, "end_seconds": 239.04, "confidence": null}, {"text": "of", "start_seconds": 239.04, "end_seconds": 239.12, "confidence": null}, {"text": "your", "start_seconds": 239.68, "end_seconds": 239.76, "confidence": null}, {"text": "overall", "start_seconds": 240.4, "end_seconds": 240.8, "confidence": null}, {"text": "health", "start_seconds": 240.8, "end_seconds": 240.88, "confidence": null}, {"text": "are", "start_seconds": 241.36, "end_seconds": 241.44, "confidence": null}, {"text": "you", "start_seconds": 241.44, "end_seconds": 241.52, "confidence": null}, {"text": "normally", "start_seconds": 241.52, "end_seconds": 241.92, "confidence": null}, {"text": "fishing", "start_seconds": 241.92, "end_seconds": 242.24, "confidence": null}, {"text": "well", "start_seconds": 242.24, "end_seconds": 242.32, "confidence": null}, {"text": "or", "start_seconds": 243.04, "end_seconds": 243.12, "confidence": null}, {"text": "um", "start_seconds": 243.92, "end_seconds": 244.24, "confidence": null}, {"text": "yeah", "start_seconds": 244.24, "end_seconds": 244.4, "confidence": null}, {"text": "i", "start_seconds": 244.4, "end_seconds": 244.48, "confidence": null}, {"text": "mean", "start_seconds": 244.48, "end_seconds": 244.8, "confidence": null}, {"text": "other", "start_seconds": 244.8, "end_seconds": 245.04, "confidence": null}, {"text": "than", "start_seconds": 245.04, "end_seconds": 245.12, "confidence": null}, {"text": "um", "start_seconds": 245.68, "end_seconds": 246.0, "confidence": null}, {"text": "asthma", "start_seconds": 246.0, "end_seconds": 246.32, "confidence": null}, {"text": "uh", "start_seconds": 246.72, "end_seconds": 246.8, "confidence": null}, {"text": "using", "start_seconds": 247.52, "end_seconds": 247.84, "confidence": null}, {"text": "inhaler", "start_seconds": 247.84, "end_seconds": 248.4, "confidence": null}, {"text": "everything", "start_seconds": 248.4, "end_seconds": 248.8, "confidence": null}, {"text": "uh", "start_seconds": 248.8, "end_seconds": 248.88, "confidence": null}, {"text": "else", "start_seconds": 249.28, "end_seconds": 249.52, "confidence": null}, {"text": "is", "start_seconds": 249.52, "end_seconds": 249.76, "confidence": null}, {"text": "fine", "start_seconds": 249.76, "end_seconds": 249.84, "confidence": null}]}, {"type": "transcript.final", "session_id": "589e5e25-9203-4fb8-88c6-d567b1723ff7", "sequence": 404, "segment_id": 26, "revision": 29, "text": " okay and did you ask a well controlled uh yeah that's fine uh just yeah you send inhaler and uh that's under control fine and you don't have any other tummy problem bowel problems I should be aware of no no okay um in apart from the inhalers do you take any other medications", "granularity": "word", "items": [{"text": " okay", "start_seconds": 251.12, "end_seconds": 251.2, "confidence": null}, {"text": "and", "start_seconds": 251.68, "end_seconds": 252.0, "confidence": null}, {"text": "did", "start_seconds": 252.0, "end_seconds": 252.08, "confidence": null}, {"text": "you", "start_seconds": 252.08, "end_seconds": 252.16, "confidence": null}, {"text": "ask", "start_seconds": 252.16, "end_seconds": 252.24, "confidence": null}, {"text": "a", "start_seconds": 252.56, "end_seconds": 252.72, "confidence": null}, {"text": "well", "start_seconds": 252.72, "end_seconds": 252.88, "confidence": null}, {"text": "controlled", "start_seconds": 252.88, "end_seconds": 253.04, "confidence": null}, {"text": "uh", "start_seconds": 254.08, "end_seconds": 254.4, "confidence": null}, {"text": "yeah", "start_seconds": 254.4, "end_seconds": 254.48, "confidence": null}, {"text": "that's", "start_seconds": 254.8, "end_seconds": 255.04, "confidence": null}, {"text": "fine", "start_seconds": 255.04, "end_seconds": 255.12, "confidence": null}, {"text": "uh", "start_seconds": 255.6, "end_seconds": 255.68, "confidence": null}, {"text": "just", "start_seconds": 256.0, "end_seconds": 256.24, "confidence": null}, {"text": "yeah", "start_seconds": 256.24, "end_seconds": 256.56, "confidence": null}, {"text": "you", "start_seconds": 256.56, "end_seconds": 256.8, "confidence": null}, {"text": "send", "start_seconds": 256.8, "end_seconds": 257.04, "confidence": null}, {"text": "inhaler", "start_seconds": 257.04, "end_seconds": 257.76, "confidence": null}, {"text": "and", "start_seconds": 257.76, "end_seconds": 257.84, "confidence": null}, {"text": "uh", "start_seconds": 257.84, "end_seconds": 258.0, "confidence": null}, {"text": "that's", "start_seconds": 258.0, "end_seconds": 258.24, "confidence": null}, {"text": "under", "start_seconds": 258.24, "end_seconds": 258.48, "confidence": null}, {"text": "control", "start_seconds": 258.48, "end_seconds": 258.56, "confidence": null}, {"text": "fine", "start_seconds": 259.36, "end_seconds": 259.68, "confidence": null}, {"text": "and", "start_seconds": 259.68, "end_seconds": 259.76, "confidence": null}, {"text": "you", "start_seconds": 259.76, "end_seconds": 259.84, "confidence": null}, {"text": "don't", "start_seconds": 259.84, "end_seconds": 260.0, "confidence": null}, {"text": "have", "start_seconds": 260.0, "end_seconds": 260.08, "confidence": null}, {"text": "any", "start_seconds": 260.08, "end_seconds": 260.32, "confidence": null}, {"text": "other", "start_seconds": 260.32, "end_seconds": 260.56, "confidence": null}, {"text": "tummy", "start_seconds": 260.56, "end_seconds": 261.12, "confidence": null}, {"text": "problem", "start_seconds": 261.12, "end_seconds": 261.2, "confidence": null}, {"text": "bowel", "start_seconds": 261.6, "end_seconds": 261.92, "confidence": null}, {"text": "problems", "start_seconds": 261.92, "end_seconds": 262.24, "confidence": null}, {"text": "I", "start_seconds": 262.24, "end_seconds": 262.32, "confidence": null}, {"text": "should", "start_seconds": 262.32, "end_seconds": 262.4, "confidence": null}, {"text": "be", "start_seconds": 262.4, "end_seconds": 262.48, "confidence": null}, {"text": "aware", "start_seconds": 262.48, "end_seconds": 262.72, "confidence": null}, {"text": "of", "start_seconds": 262.72, "end_seconds": 262.8, "confidence": null}, {"text": "no", "start_seconds": 263.52, "end_seconds": 263.6, "confidence": null}, {"text": "no", "start_seconds": 264.16, "end_seconds": 264.24, "confidence": null}, {"text": "okay", "start_seconds": 264.64, "end_seconds": 264.72, "confidence": null}, {"text": "um", "start_seconds": 265.6, "end_seconds": 265.68, "confidence": null}, {"text": "in", "start_seconds": 266.08, "end_seconds": 266.32, "confidence": null}, {"text": "apart", "start_seconds": 266.32, "end_seconds": 266.48, "confidence": null}, {"text": "from", "start_seconds": 266.48, "end_seconds": 266.64, "confidence": null}, {"text": "the", "start_seconds": 266.64, "end_seconds": 266.8, "confidence": null}, {"text": "inhalers", "start_seconds": 266.8, "end_seconds": 267.28, "confidence": null}, {"text": "do", "start_seconds": 267.28, "end_seconds": 267.36, "confidence": null}, {"text": "you", "start_seconds": 267.36, "end_seconds": 267.44, "confidence": null}, {"text": "take", "start_seconds": 267.44, "end_seconds": 267.6, "confidence": null}, {"text": "any", "start_seconds": 267.6, "end_seconds": 267.68, "confidence": null}, {"text": "other", "start_seconds": 267.68, "end_seconds": 267.76, "confidence": null}, {"text": "medications", "start_seconds": 267.76, "end_seconds": 268.08, "confidence": null}]}, {"type": "transcript.final", "session_id": "589e5e25-9203-4fb8-88c6-d567b1723ff7", "sequence": 432, "segment_id": 27, "revision": 28, "text": " uh no other medications okay fine and in terms of just your your day to day life you said he's been affecting your life um yeah in what way has it been affecting your life uh so i need to stay close to the toilet because I go quite frequently during these past three days", "granularity": "word", "items": [{"text": " uh", "start_seconds": 269.44, "end_seconds": 269.68, "confidence": null}, {"text": "no", "start_seconds": 269.68, "end_seconds": 269.76, "confidence": null}, {"text": "other", "start_seconds": 270.24, "end_seconds": 270.32, "confidence": null}, {"text": "medications", "start_seconds": 270.64, "end_seconds": 271.12, "confidence": null}, {"text": "okay", "start_seconds": 271.92, "end_seconds": 272.24, "confidence": null}, {"text": "fine", "start_seconds": 272.24, "end_seconds": 272.32, "confidence": null}, {"text": "and", "start_seconds": 272.8, "end_seconds": 272.88, "confidence": null}, {"text": "in", "start_seconds": 272.88, "end_seconds": 272.96, "confidence": null}, {"text": "terms", "start_seconds": 272.96, "end_seconds": 273.04, "confidence": null}, {"text": "of", "start_seconds": 273.04, "end_seconds": 273.28, "confidence": null}, {"text": "just", "start_seconds": 273.28, "end_seconds": 273.44, "confidence": null}, {"text": "your", "start_seconds": 273.44, "end_seconds": 273.6, "confidence": null}, {"text": "your", "start_seconds": 273.6, "end_seconds": 273.84, "confidence": null}, {"text": "day", "start_seconds": 273.84, "end_seconds": 274.0, "confidence": null}, {"text": "to", "start_seconds": 274.0, "end_seconds": 274.08, "confidence": null}, {"text": "day", "start_seconds": 274.08, "end_seconds": 274.24, "confidence": null}, {"text": "life", "start_seconds": 274.24, "end_seconds": 274.48, "confidence": null}, {"text": "you", "start_seconds": 274.48, "end_seconds": 274.64, "confidence": null}, {"text": "said", "start_seconds": 274.64, "end_seconds": 274.8, "confidence": null}, {"text": "he's", "start_seconds": 274.8, "end_seconds": 274.96, "confidence": null}, {"text": "been", "start_seconds": 274.96, "end_seconds": 275.12, "confidence": null}, {"text": "affecting", "start_seconds": 275.12, "end_seconds": 275.44, "confidence": null}, {"text": "your", "start_seconds": 275.44, "end_seconds": 275.6, "confidence": null}, {"text": "life", "start_seconds": 275.6, "end_seconds": 275.68, "confidence": null}, {"text": "um", "start_seconds": 276.4, "end_seconds": 276.72, "confidence": null}, {"text": "yeah", "start_seconds": 276.72, "end_seconds": 276.8, "confidence": null}, {"text": "in", "start_seconds": 277.28, "end_seconds": 277.36, "confidence": null}, {"text": "what", "start_seconds": 277.36, "end_seconds": 277.52, "confidence": null}, {"text": "way", "start_seconds": 277.52, "end_seconds": 277.76, "confidence": null}, {"text": "has", "start_seconds": 277.76, "end_seconds": 277.84, "confidence": null}, {"text": "it", "start_seconds": 277.84, "end_seconds": 278.0, "confidence": null}, {"text": "been", "start_seconds": 278.0, "end_seconds": 278.08, "confidence": null}, {"text": "affecting", "start_seconds": 278.08, "end_seconds": 278.32, "confidence": null}, {"text": "your", "start_seconds": 278.32, "end_seconds": 278.48, "confidence": null}, {"text": "life", "start_seconds": 278.48, "end_seconds": 278.56, "confidence": null}, {"text": "uh", "start_seconds": 279.52, "end_seconds": 279.76, "confidence": null}, {"text": "so", "start_seconds": 279.84, "end_seconds": 280.08, "confidence": null}, {"text": "i", "start_seconds": 280.08, "end_seconds": 280.24, "confidence": null}, {"text": "need", "start_seconds": 280.24, "end_seconds": 280.32, "confidence": null}, {"text": "to", "start_seconds": 280.32, "end_seconds": 280.56, "confidence": null}, {"text": "stay", "start_seconds": 280.56, "end_seconds": 280.88, "confidence": null}, {"text": "close", "start_seconds": 280.88, "end_seconds": 281.28, "confidence": null}, {"text": "to", "start_seconds": 281.28, "end_seconds": 281.44, "confidence": null}, {"text": "the", "start_seconds": 281.44, "end_seconds": 281.52, "confidence": null}, {"text": "toilet", "start_seconds": 281.52, "end_seconds": 282.0, "confidence": null}, {"text": "because", "start_seconds": 282.0, "end_seconds": 282.16, "confidence": null}, {"text": "I", "start_seconds": 282.16, "end_seconds": 282.24, "confidence": null}, {"text": "go", "start_seconds": 282.24, "end_seconds": 282.56, "confidence": null}, {"text": "quite", "start_seconds": 282.56, "end_seconds": 282.88, "confidence": null}, {"text": "frequently", "start_seconds": 282.88, "end_seconds": 283.04, "confidence": null}, {"text": "during", "start_seconds": 283.44, "end_seconds": 283.52, "confidence": null}, {"text": "these", "start_seconds": 283.92, "end_seconds": 284.56, "confidence": null}, {"text": "past", "start_seconds": 284.56, "end_seconds": 284.72, "confidence": null}, {"text": "three", "start_seconds": 284.72, "end_seconds": 284.88, "confidence": null}, {"text": "days", "start_seconds": 284.88, "end_seconds": 284.96, "confidence": null}]}, {"type": "transcript.final", "session_id": "589e5e25-9203-4fb8-88c6-d567b1723ff7", "sequence": 442, "segment_id": 28, "revision": 10, "text": " other than that it's uh yeah the main concern and have you are you currently working at the moment", "granularity": "word", "items": [{"text": " other", "start_seconds": 287.12, "end_seconds": 287.28, "confidence": null}, {"text": "than", "start_seconds": 287.28, "end_seconds": 287.44, "confidence": null}, {"text": "that", "start_seconds": 287.44, "end_seconds": 287.52, "confidence": null}, {"text": "it's", "start_seconds": 287.84, "end_seconds": 288.24, "confidence": null}, {"text": "uh", "start_seconds": 288.24, "end_seconds": 288.32, "confidence": null}, {"text": "yeah", "start_seconds": 289.04, "end_seconds": 289.12, "confidence": null}, {"text": "the", "start_seconds": 289.6, "end_seconds": 289.68, "confidence": null}, {"text": "main", "start_seconds": 289.68, "end_seconds": 289.84, "confidence": null}, {"text": "concern", "start_seconds": 289.84, "end_seconds": 290.08, "confidence": null}, {"text": "and", "start_seconds": 290.72, "end_seconds": 290.88, "confidence": null}, {"text": "have", "start_seconds": 290.88, "end_seconds": 290.96, "confidence": null}, {"text": "you", "start_seconds": 290.96, "end_seconds": 291.2, "confidence": null}, {"text": "are", "start_seconds": 291.2, "end_seconds": 291.36, "confidence": null}, {"text": "you", "start_seconds": 291.36, "end_seconds": 291.44, "confidence": null}, {"text": "currently", "start_seconds": 291.44, "end_seconds": 291.76, "confidence": null}, {"text": "working", "start_seconds": 291.76, "end_seconds": 291.92, "confidence": null}, {"text": "at", "start_seconds": 291.92, "end_seconds": 292.08, "confidence": null}, {"text": "the", "start_seconds": 292.08, "end_seconds": 292.16, "confidence": null}, {"text": "moment", "start_seconds": 292.16, "end_seconds": 292.24, "confidence": null}]}, {"type": "transcript.final", "session_id": "589e5e25-9203-4fb8-88c6-d567b1723ff7", "sequence": 458, "segment_id": 29, "revision": 16, "text": " yeah i i work uh work um I'm in accountants okay have you been going into work the last three days or have you been at home uh yeah I've been going to work", "granularity": "word", "items": [{"text": " yeah", "start_seconds": 294.24, "end_seconds": 294.56, "confidence": null}, {"text": "i", "start_seconds": 294.56, "end_seconds": 294.72, "confidence": null}, {"text": "i", "start_seconds": 294.8, "end_seconds": 294.88, "confidence": null}, {"text": "work", "start_seconds": 294.88, "end_seconds": 294.96, "confidence": null}, {"text": "uh", "start_seconds": 295.68, "end_seconds": 295.76, "confidence": null}, {"text": "work", "start_seconds": 296.32, "end_seconds": 296.4, "confidence": null}, {"text": "um", "start_seconds": 297.2, "end_seconds": 297.44, "confidence": null}, {"text": "I'm", "start_seconds": 297.52, "end_seconds": 297.76, "confidence": null}, {"text": "in", "start_seconds": 297.76, "end_seconds": 298.0, "confidence": null}, {"text": "accountants", "start_seconds": 298.0, "end_seconds": 298.72, "confidence": null}, {"text": "okay", "start_seconds": 298.72, "end_seconds": 298.96, "confidence": null}, {"text": "have", "start_seconds": 298.96, "end_seconds": 299.12, "confidence": null}, {"text": "you", "start_seconds": 299.12, "end_seconds": 299.2, "confidence": null}, {"text": "been", "start_seconds": 299.2, "end_seconds": 299.36, "confidence": null}, {"text": "going", "start_seconds": 299.36, "end_seconds": 299.52, "confidence": null}, {"text": "into", "start_seconds": 299.52, "end_seconds": 299.76, "confidence": null}, {"text": "work", "start_seconds": 299.76, "end_seconds": 299.92, "confidence": null}, {"text": "the", "start_seconds": 299.92, "end_seconds": 300.08, "confidence": null}, {"text": "last", "start_seconds": 300.08, "end_seconds": 300.24, "confidence": null}, {"text": "three", "start_seconds": 300.24, "end_seconds": 300.32, "confidence": null}, {"text": "days", "start_seconds": 300.32, "end_seconds": 300.48, "confidence": null}, {"text": "or", "start_seconds": 300.48, "end_seconds": 300.64, "confidence": null}, {"text": "have", "start_seconds": 300.64, "end_seconds": 300.8, "confidence": null}, {"text": "you", "start_seconds": 300.8, "end_seconds": 300.88, "confidence": null}, {"text": "been", "start_seconds": 300.88, "end_seconds": 301.04, "confidence": null}, {"text": "at", "start_seconds": 301.04, "end_seconds": 301.12, "confidence": null}, {"text": "home", "start_seconds": 301.12, "end_seconds": 301.2, "confidence": null}, {"text": "uh", "start_seconds": 301.84, "end_seconds": 302.08, "confidence": null}, {"text": "yeah", "start_seconds": 302.08, "end_seconds": 302.32, "confidence": null}, {"text": "I've", "start_seconds": 302.4, "end_seconds": 302.48, "confidence": null}, {"text": "been", "start_seconds": 302.48, "end_seconds": 302.56, "confidence": null}, {"text": "going", "start_seconds": 302.56, "end_seconds": 302.72, "confidence": null}, {"text": "to", "start_seconds": 302.72, "end_seconds": 302.96, "confidence": null}, {"text": "work", "start_seconds": 302.96, "end_seconds": 303.04, "confidence": null}]}, {"type": "transcript.final", "session_id": "589e5e25-9203-4fb8-88c6-d567b1723ff7", "sequence": 490, "segment_id": 30, "revision": 32, "text": " that must be difficult for you then yeah it's been quite difficult and you say you mentioned you live with a wife and two children is that right yes yeah alright um just a couple of other questions we need to ask so um do you smoke at all uh no i don't smoke and do you drink much of the web alcohol uh no i don't drink alcohol though okay", "granularity": "word", "items": [{"text": " that", "start_seconds": 304.4, "end_seconds": 304.56, "confidence": null}, {"text": "must", "start_seconds": 304.56, "end_seconds": 304.72, "confidence": null}, {"text": "be", "start_seconds": 304.72, "end_seconds": 304.88, "confidence": null}, {"text": "difficult", "start_seconds": 304.88, "end_seconds": 305.12, "confidence": null}, {"text": "for", "start_seconds": 305.12, "end_seconds": 305.2, "confidence": null}, {"text": "you", "start_seconds": 305.2, "end_seconds": 305.52, "confidence": null}, {"text": "then", "start_seconds": 305.52, "end_seconds": 305.6, "confidence": null}, {"text": "yeah", "start_seconds": 306.16, "end_seconds": 306.48, "confidence": null}, {"text": "it's", "start_seconds": 306.48, "end_seconds": 306.72, "confidence": null}, {"text": "been", "start_seconds": 306.72, "end_seconds": 306.88, "confidence": null}, {"text": "quite", "start_seconds": 306.88, "end_seconds": 307.12, "confidence": null}, {"text": "difficult", "start_seconds": 307.12, "end_seconds": 307.2, "confidence": null}, {"text": "and", "start_seconds": 308.16, "end_seconds": 308.24, "confidence": null}, {"text": "you", "start_seconds": 308.24, "end_seconds": 308.32, "confidence": null}, {"text": "say", "start_seconds": 308.32, "end_seconds": 308.48, "confidence": null}, {"text": "you", "start_seconds": 308.48, "end_seconds": 308.64, "confidence": null}, {"text": "mentioned", "start_seconds": 308.64, "end_seconds": 308.8, "confidence": null}, {"text": "you", "start_seconds": 308.8, "end_seconds": 308.96, "confidence": null}, {"text": "live", "start_seconds": 308.96, "end_seconds": 309.12, "confidence": null}, {"text": "with", "start_seconds": 309.12, "end_seconds": 309.2, "confidence": null}, {"text": "a", "start_seconds": 309.2, "end_seconds": 309.36, "confidence": null}, {"text": "wife", "start_seconds": 309.36, "end_seconds": 309.76, "confidence": null}, {"text": "and", "start_seconds": 309.76, "end_seconds": 309.84, "confidence": null}, {"text": "two", "start_seconds": 310.24, "end_seconds": 310.32, "confidence": null}, {"text": "children", "start_seconds": 310.32, "end_seconds": 310.56, "confidence": null}, {"text": "is", "start_seconds": 310.56, "end_seconds": 310.72, "confidence": null}, {"text": "that", "start_seconds": 310.72, "end_seconds": 310.88, "confidence": null}, {"text": "right", "start_seconds": 310.88, "end_seconds": 310.96, "confidence": null}, {"text": "yes", "start_seconds": 311.52, "end_seconds": 311.68, "confidence": null}, {"text": "yeah", "start_seconds": 312.08, "end_seconds": 312.16, "confidence": null}, {"text": "alright", "start_seconds": 312.56, "end_seconds": 312.72, "confidence": null}, {"text": "um", "start_seconds": 313.2, "end_seconds": 313.28, "confidence": null}, {"text": "just", "start_seconds": 313.76, "end_seconds": 313.84, "confidence": null}, {"text": "a", "start_seconds": 313.84, "end_seconds": 313.92, "confidence": null}, {"text": "couple", "start_seconds": 313.92, "end_seconds": 314.0, "confidence": null}, {"text": "of", "start_seconds": 314.0, "end_seconds": 314.16, "confidence": null}, {"text": "other", "start_seconds": 314.16, "end_seconds": 314.32, "confidence": null}, {"text": "questions", "start_seconds": 314.32, "end_seconds": 314.56, "confidence": null}, {"text": "we", "start_seconds": 314.56, "end_seconds": 314.72, "confidence": null}, {"text": "need", "start_seconds": 314.72, "end_seconds": 314.8, "confidence": null}, {"text": "to", "start_seconds": 314.8, "end_seconds": 314.88, "confidence": null}, {"text": "ask", "start_seconds": 314.88, "end_seconds": 314.96, "confidence": null}, {"text": "so", "start_seconds": 315.28, "end_seconds": 315.44, "confidence": null}, {"text": "um", "start_seconds": 315.44, "end_seconds": 315.68, "confidence": null}, {"text": "do", "start_seconds": 315.68, "end_seconds": 315.76, "confidence": null}, {"text": "you", "start_seconds": 315.76, "end_seconds": 315.92, "confidence": null}, {"text": "smoke", "start_seconds": 315.92, "end_seconds": 316.16, "confidence": null}, {"text": "at", "start_seconds": 316.16, "end_seconds": 316.32, "confidence": null}, {"text": "all", "start_seconds": 316.32, "end_seconds": 316.4, "confidence": null}, {"text": "uh", "start_seconds": 317.04, "end_seconds": 317.28, "confidence": null}, {"text": "no", "start_seconds": 317.28, "end_seconds": 317.52, "confidence": null}, {"text": "i", "start_seconds": 317.52, "end_seconds": 317.6, "confidence": null}, {"text": "don't", "start_seconds": 317.6, "end_seconds": 317.76, "confidence": null}, {"text": "smoke", "start_seconds": 317.76, "end_seconds": 317.84, "confidence": null}, {"text": "and", "start_seconds": 318.64, "end_seconds": 318.72, "confidence": null}, {"text": "do", "start_seconds": 318.72, "end_seconds": 318.8, "confidence": null}, {"text": "you", "start_seconds": 318.8, "end_seconds": 318.88, "confidence": null}, {"text": "drink", "start_seconds": 318.88, "end_seconds": 319.04, "confidence": null}, {"text": "much", "start_seconds": 319.04, "end_seconds": 319.28, "confidence": null}, {"text": "of", "start_seconds": 319.28, "end_seconds": 319.36, "confidence": null}, {"text": "the", "start_seconds": 319.36, "end_seconds": 319.44, "confidence": null}, {"text": "web", "start_seconds": 319.44, "end_seconds": 319.68, "confidence": null}, {"text": "alcohol", "start_seconds": 319.68, "end_seconds": 319.84, "confidence": null}, {"text": "uh", "start_seconds": 320.64, "end_seconds": 320.96, "confidence": null}, {"text": "no", "start_seconds": 320.96, "end_seconds": 321.2, "confidence": null}, {"text": "i", "start_seconds": 321.2, "end_seconds": 321.28, "confidence": null}, {"text": "don't", "start_seconds": 321.6, "end_seconds": 321.68, "confidence": null}, {"text": "drink", "start_seconds": 321.68, "end_seconds": 322.08, "confidence": null}, {"text": "alcohol", "start_seconds": 322.08, "end_seconds": 322.56, "confidence": null}, {"text": "though", "start_seconds": 322.56, "end_seconds": 322.88, "confidence": null}, {"text": "okay", "start_seconds": 322.88, "end_seconds": 322.96, "confidence": null}]}, {"type": "transcript.final", "session_id": "589e5e25-9203-4fb8-88c6-d567b1723ff7", "sequence": 492, "segment_id": 31, "revision": 2, "text": " so um", "granularity": "word", "items": [{"text": " so", "start_seconds": 324.32, "end_seconds": 324.64, "confidence": null}, {"text": "um", "start_seconds": 324.64, "end_seconds": 324.72, "confidence": null}]}, {"type": "transcript.final", "session_id": "589e5e25-9203-4fb8-88c6-d567b1723ff7", "sequence": 500, "segment_id": 32, "revision": 8, "text": " uh normally at this stage I like to uh examine you if that's okay but um", "granularity": "word", "items": [{"text": " uh", "start_seconds": 325.92, "end_seconds": 326.24, "confidence": null}, {"text": "normally", "start_seconds": 326.24, "end_seconds": 326.64, "confidence": null}, {"text": "at", "start_seconds": 326.64, "end_seconds": 326.8, "confidence": null}, {"text": "this", "start_seconds": 326.8, "end_seconds": 326.96, "confidence": null}, {"text": "stage", "start_seconds": 326.96, "end_seconds": 327.2, "confidence": null}, {"text": "I", "start_seconds": 327.2, "end_seconds": 327.28, "confidence": null}, {"text": "like", "start_seconds": 327.28, "end_seconds": 327.44, "confidence": null}, {"text": "to", "start_seconds": 327.44, "end_seconds": 327.76, "confidence": null}, {"text": "uh", "start_seconds": 327.76, "end_seconds": 327.84, "confidence": null}, {"text": "examine", "start_seconds": 328.4, "end_seconds": 328.96, "confidence": null}, {"text": "you", "start_seconds": 328.96, "end_seconds": 329.04, "confidence": null}, {"text": "if", "start_seconds": 329.04, "end_seconds": 329.2, "confidence": null}, {"text": "that's", "start_seconds": 329.2, "end_seconds": 329.36, "confidence": null}, {"text": "okay", "start_seconds": 329.36, "end_seconds": 329.6, "confidence": null}, {"text": "but", "start_seconds": 329.6, "end_seconds": 329.76, "confidence": null}, {"text": "um", "start_seconds": 329.76, "end_seconds": 329.84, "confidence": null}]}, {"type": "transcript.final", "session_id": "589e5e25-9203-4fb8-88c6-d567b1723ff7", "sequence": 535, "segment_id": 33, "revision": 35, "text": " but but but but but but but but but but but but but but but but but but but but but haven't listened to your stories uh i think um just to recap for last three days you've been having loose or diarrhea bit of tummy pain mainly on the left hand side uh and vomiting and things generally quite weak and lethargic um you mentioned you're having this Chinese takeaway as well three days ago and I wonder whether that might be the cause of your problems okay it seems like you may have something uh", "granularity": "word", "items": [{"text": " but", "start_seconds": 330.96, "end_seconds": 331.04, "confidence": null}, {"text": "but", "start_seconds": 331.04, "end_seconds": 331.12, "confidence": null}, {"text": "but", "start_seconds": 331.12, "end_seconds": 331.2, "confidence": null}, {"text": "but", "start_seconds": 331.2, "end_seconds": 331.28, "confidence": null}, {"text": "but", "start_seconds": 331.28, "end_seconds": 331.36, "confidence": null}, {"text": "but", "start_seconds": 331.36, "end_seconds": 331.44, "confidence": null}, {"text": "but", "start_seconds": 331.44, "end_seconds": 331.52, "confidence": null}, {"text": "but", "start_seconds": 331.52, "end_seconds": 331.6, "confidence": null}, {"text": "but", "start_seconds": 331.6, "end_seconds": 331.68, "confidence": null}, {"text": "but", "start_seconds": 331.68, "end_seconds": 331.76, "confidence": null}, {"text": "but", "start_seconds": 331.76, "end_seconds": 331.84, "confidence": null}, {"text": "but", "start_seconds": 331.84, "end_seconds": 331.92, "confidence": null}, {"text": "but", "start_seconds": 331.92, "end_seconds": 332.0, "confidence": null}, {"text": "but", "start_seconds": 332.0, "end_seconds": 332.08, "confidence": null}, {"text": "but", "start_seconds": 332.08, "end_seconds": 332.16, "confidence": null}, {"text": "but", "start_seconds": 332.16, "end_seconds": 332.24, "confidence": null}, {"text": "but", "start_seconds": 332.24, "end_seconds": 332.32, "confidence": null}, {"text": "but", "start_seconds": 332.32, "end_seconds": 332.4, "confidence": null}, {"text": "but", "start_seconds": 332.4, "end_seconds": 332.48, "confidence": null}, {"text": "but", "start_seconds": 332.48, "end_seconds": 332.56, "confidence": null}, {"text": "but", "start_seconds": 332.56, "end_seconds": 332.8, "confidence": null}, {"text": "haven't", "start_seconds": 332.8, "end_seconds": 333.04, "confidence": null}, {"text": "listened", "start_seconds": 333.04, "end_seconds": 333.28, "confidence": null}, {"text": "to", "start_seconds": 333.28, "end_seconds": 333.36, "confidence": null}, {"text": "your", "start_seconds": 333.36, "end_seconds": 333.52, "confidence": null}, {"text": "stories", "start_seconds": 333.52, "end_seconds": 333.92, "confidence": null}, {"text": "uh", "start_seconds": 333.92, "end_seconds": 334.16, "confidence": null}, {"text": "i", "start_seconds": 334.16, "end_seconds": 334.24, "confidence": null}, {"text": "think", "start_seconds": 334.24, "end_seconds": 334.32, "confidence": null}, {"text": "um", "start_seconds": 334.32, "end_seconds": 334.64, "confidence": null}, {"text": "just", "start_seconds": 334.64, "end_seconds": 334.72, "confidence": null}, {"text": "to", "start_seconds": 334.72, "end_seconds": 334.88, "confidence": null}, {"text": "recap", "start_seconds": 334.88, "end_seconds": 335.12, "confidence": null}, {"text": "for", "start_seconds": 335.52, "end_seconds": 335.68, "confidence": null}, {"text": "last", "start_seconds": 335.68, "end_seconds": 335.84, "confidence": null}, {"text": "three", "start_seconds": 335.84, "end_seconds": 335.92, "confidence": null}, {"text": "days", "start_seconds": 335.92, "end_seconds": 336.08, "confidence": null}, {"text": "you've", "start_seconds": 336.08, "end_seconds": 336.24, "confidence": null}, {"text": "been", "start_seconds": 336.24, "end_seconds": 336.32, "confidence": null}, {"text": "having", "start_seconds": 336.32, "end_seconds": 336.56, "confidence": null}, {"text": "loose", "start_seconds": 336.56, "end_seconds": 337.12, "confidence": null}, {"text": "or", "start_seconds": 337.12, "end_seconds": 337.28, "confidence": null}, {"text": "diarrhea", "start_seconds": 337.28, "end_seconds": 337.68, "confidence": null}, {"text": "bit", "start_seconds": 337.68, "end_seconds": 337.84, "confidence": null}, {"text": "of", "start_seconds": 337.84, "end_seconds": 337.92, "confidence": null}, {"text": "tummy", "start_seconds": 338.24, "end_seconds": 338.48, "confidence": null}, {"text": "pain", "start_seconds": 338.48, "end_seconds": 338.8, "confidence": null}, {"text": "mainly", "start_seconds": 338.8, "end_seconds": 338.96, "confidence": null}, {"text": "on", "start_seconds": 338.96, "end_seconds": 339.04, "confidence": null}, {"text": "the", "start_seconds": 339.04, "end_seconds": 339.12, "confidence": null}, {"text": "left", "start_seconds": 339.12, "end_seconds": 339.28, "confidence": null}, {"text": "hand", "start_seconds": 339.28, "end_seconds": 339.6, "confidence": null}, {"text": "side", "start_seconds": 339.6, "end_seconds": 339.92, "confidence": null}, {"text": "uh", "start_seconds": 339.92, "end_seconds": 340.0, "confidence": null}, {"text": "and", "start_seconds": 340.48, "end_seconds": 340.72, "confidence": null}, {"text": "vomiting", "start_seconds": 340.72, "end_seconds": 341.2, "confidence": null}, {"text": "and", "start_seconds": 341.2, "end_seconds": 341.36, "confidence": null}, {"text": "things", "start_seconds": 341.36, "end_seconds": 341.68, "confidence": null}, {"text": "generally", "start_seconds": 341.68, "end_seconds": 341.92, "confidence": null}, {"text": "quite", "start_seconds": 341.92, "end_seconds": 342.08, "confidence": null}, {"text": "weak", "start_seconds": 342.08, "end_seconds": 342.24, "confidence": null}, {"text": "and", "start_seconds": 342.24, "end_seconds": 342.32, "confidence": null}, {"text": "lethargic", "start_seconds": 342.32, "end_seconds": 342.56, "confidence": null}, {"text": "um", "start_seconds": 343.52, "end_seconds": 343.6, "confidence": null}, {"text": "you", "start_seconds": 343.92, "end_seconds": 344.08, "confidence": null}, {"text": "mentioned", "start_seconds": 344.08, "end_seconds": 344.32, "confidence": null}, {"text": "you're", "start_seconds": 344.32, "end_seconds": 344.56, "confidence": null}, {"text": "having", "start_seconds": 344.56, "end_seconds": 344.72, "confidence": null}, {"text": "this", "start_seconds": 344.72, "end_seconds": 344.88, "confidence": null}, {"text": "Chinese", "start_seconds": 344.88, "end_seconds": 345.2, "confidence": null}, {"text": "takeaway", "start_seconds": 345.2, "end_seconds": 345.6, "confidence": null}, {"text": "as", "start_seconds": 345.6, "end_seconds": 345.68, "confidence": null}, {"text": "well", "start_seconds": 345.68, "end_seconds": 345.92, "confidence": null}, {"text": "three", "start_seconds": 345.92, "end_seconds": 346.08, "confidence": null}, {"text": "days", "start_seconds": 346.08, "end_seconds": 346.24, "confidence": null}, {"text": "ago", "start_seconds": 346.24, "end_seconds": 346.48, "confidence": null}, {"text": "and", "start_seconds": 346.48, "end_seconds": 346.64, "confidence": null}, {"text": "I", "start_seconds": 346.64, "end_seconds": 346.8, "confidence": null}, {"text": "wonder", "start_seconds": 346.8, "end_seconds": 346.96, "confidence": null}, {"text": "whether", "start_seconds": 346.96, "end_seconds": 347.2, "confidence": null}, {"text": "that", "start_seconds": 347.2, "end_seconds": 347.28, "confidence": null}, {"text": "might", "start_seconds": 347.28, "end_seconds": 347.44, "confidence": null}, {"text": "be", "start_seconds": 347.44, "end_seconds": 347.52, "confidence": null}, {"text": "the", "start_seconds": 347.52, "end_seconds": 347.68, "confidence": null}, {"text": "cause", "start_seconds": 347.68, "end_seconds": 347.92, "confidence": null}, {"text": "of", "start_seconds": 347.92, "end_seconds": 348.0, "confidence": null}, {"text": "your", "start_seconds": 348.0, "end_seconds": 348.08, "confidence": null}, {"text": "problems", "start_seconds": 348.08, "end_seconds": 348.32, "confidence": null}, {"text": "okay", "start_seconds": 349.04, "end_seconds": 349.12, "confidence": null}, {"text": "it", "start_seconds": 349.6, "end_seconds": 349.76, "confidence": null}, {"text": "seems", "start_seconds": 349.76, "end_seconds": 349.92, "confidence": null}, {"text": "like", "start_seconds": 349.92, "end_seconds": 350.08, "confidence": null}, {"text": "you", "start_seconds": 350.08, "end_seconds": 350.16, "confidence": null}, {"text": "may", "start_seconds": 350.16, "end_seconds": 350.32, "confidence": null}, {"text": "have", "start_seconds": 350.32, "end_seconds": 350.56, "confidence": null}, {"text": "something", "start_seconds": 350.56, "end_seconds": 350.64, "confidence": null}, {"text": "uh", "start_seconds": 351.6, "end_seconds": 351.68, "confidence": null}]}, {"type": "transcript.final", "session_id": "589e5e25-9203-4fb8-88c6-d567b1723ff7", "sequence": 539, "segment_id": 34, "revision": 4, "text": " called gastroenteritis", "granularity": "word", "items": [{"text": " called", "start_seconds": 352.0, "end_seconds": 352.24, "confidence": null}, {"text": "gastroenteritis", "start_seconds": 352.24, "end_seconds": 353.2, "confidence": null}]}, {"type": "transcript.final", "session_id": "589e5e25-9203-4fb8-88c6-d567b1723ff7", "sequence": 548, "segment_id": 35, "revision": 9, "text": " which essentially just uh tummy bug or infection of your of your tummy uh", "granularity": "word", "items": [{"text": " which", "start_seconds": 354.72, "end_seconds": 354.96, "confidence": null}, {"text": "essentially", "start_seconds": 354.96, "end_seconds": 355.28, "confidence": null}, {"text": "just", "start_seconds": 355.28, "end_seconds": 355.52, "confidence": null}, {"text": "uh", "start_seconds": 355.52, "end_seconds": 355.6, "confidence": null}, {"text": "tummy", "start_seconds": 356.16, "end_seconds": 356.4, "confidence": null}, {"text": "bug", "start_seconds": 356.4, "end_seconds": 356.72, "confidence": null}, {"text": "or", "start_seconds": 356.72, "end_seconds": 356.96, "confidence": null}, {"text": "infection", "start_seconds": 356.96, "end_seconds": 357.28, "confidence": null}, {"text": "of", "start_seconds": 357.28, "end_seconds": 357.52, "confidence": null}, {"text": "your", "start_seconds": 357.52, "end_seconds": 357.6, "confidence": null}, {"text": "of", "start_seconds": 358.0, "end_seconds": 358.16, "confidence": null}, {"text": "your", "start_seconds": 358.16, "end_seconds": 358.32, "confidence": null}, {"text": "tummy", "start_seconds": 358.32, "end_seconds": 358.48, "confidence": null}, {"text": "uh", "start_seconds": 359.04, "end_seconds": 359.12, "confidence": null}]}, {"type": "transcript.final", "session_id": "589e5e25-9203-4fb8-88c6-d567b1723ff7", "sequence": 549, "segment_id": 36, "revision": 1, "text": " mai", "granularity": "word", "items": [{"text": " mai", "start_seconds": 360.56, "end_seconds": 360.64, "confidence": null}]}, {"type": "transcript.final", "session_id": "589e5e25-9203-4fb8-88c6-d567b1723ff7", "sequence": 560, "segment_id": 37, "revision": 11, "text": "nly caused by viruses but they can be uh possibility of bacteria uh. causing symptoms", "granularity": "word", "items": [{"text": "nly", "start_seconds": 360.64, "end_seconds": 361.04, "confidence": null}, {"text": "caused", "start_seconds": 361.04, "end_seconds": 361.36, "confidence": null}, {"text": "by", "start_seconds": 361.36, "end_seconds": 361.44, "confidence": null}, {"text": "viruses", "start_seconds": 361.76, "end_seconds": 362.4, "confidence": null}, {"text": "but", "start_seconds": 362.4, "end_seconds": 362.56, "confidence": null}, {"text": "they", "start_seconds": 362.56, "end_seconds": 362.72, "confidence": null}, {"text": "can", "start_seconds": 362.72, "end_seconds": 362.96, "confidence": null}, {"text": "be", "start_seconds": 362.96, "end_seconds": 363.2, "confidence": null}, {"text": "uh", "start_seconds": 363.2, "end_seconds": 363.52, "confidence": null}, {"text": "possibility", "start_seconds": 363.52, "end_seconds": 364.0, "confidence": null}, {"text": "of", "start_seconds": 364.0, "end_seconds": 364.16, "confidence": null}, {"text": "bacteria", "start_seconds": 364.16, "end_seconds": 364.4, "confidence": null}, {"text": "uh.", "start_seconds": 365.04, "end_seconds": 365.12, "confidence": null}, {"text": "causing", "start_seconds": 365.76, "end_seconds": 366.32, "confidence": null}, {"text": "symptoms", "start_seconds": 366.32, "end_seconds": 366.48, "confidence": null}]}, {"type": "transcript.final", "session_id": "589e5e25-9203-4fb8-88c6-d567b1723ff7", "sequence": 582, "segment_id": 38, "revision": 22, "text": " at this stage uh what what we'd recommend is just what we say conservative management so uh I don't think you need anything like antibiotics is really just um making sure you're wealth hydrated so drinking fluids um", "granularity": "word", "items": [{"text": " at", "start_seconds": 369.28, "end_seconds": 369.44, "confidence": null}, {"text": "this", "start_seconds": 369.44, "end_seconds": 369.68, "confidence": null}, {"text": "stage", "start_seconds": 369.68, "end_seconds": 369.76, "confidence": null}, {"text": "uh", "start_seconds": 370.08, "end_seconds": 370.4, "confidence": null}, {"text": "what", "start_seconds": 370.4, "end_seconds": 370.72, "confidence": null}, {"text": "what", "start_seconds": 370.72, "end_seconds": 370.96, "confidence": null}, {"text": "we'd", "start_seconds": 370.96, "end_seconds": 371.12, "confidence": null}, {"text": "recommend", "start_seconds": 371.12, "end_seconds": 371.52, "confidence": null}, {"text": "is", "start_seconds": 371.52, "end_seconds": 371.76, "confidence": null}, {"text": "just", "start_seconds": 371.76, "end_seconds": 372.08, "confidence": null}, {"text": "what", "start_seconds": 372.08, "end_seconds": 372.32, "confidence": null}, {"text": "we", "start_seconds": 372.32, "end_seconds": 372.4, "confidence": null}, {"text": "say", "start_seconds": 372.4, "end_seconds": 372.56, "confidence": null}, {"text": "conservative", "start_seconds": 372.56, "end_seconds": 373.04, "confidence": null}, {"text": "management", "start_seconds": 373.04, "end_seconds": 373.28, "confidence": null}, {"text": "so", "start_seconds": 374.08, "end_seconds": 374.32, "confidence": null}, {"text": "uh", "start_seconds": 374.32, "end_seconds": 374.56, "confidence": null}, {"text": "I", "start_seconds": 374.56, "end_seconds": 374.72, "confidence": null}, {"text": "don't", "start_seconds": 374.72, "end_seconds": 374.8, "confidence": null}, {"text": "think", "start_seconds": 374.8, "end_seconds": 374.88, "confidence": null}, {"text": "you", "start_seconds": 374.88, "end_seconds": 375.04, "confidence": null}, {"text": "need", "start_seconds": 375.04, "end_seconds": 375.2, "confidence": null}, {"text": "anything", "start_seconds": 375.2, "end_seconds": 375.44, "confidence": null}, {"text": "like", "start_seconds": 375.44, "end_seconds": 375.76, "confidence": null}, {"text": "antibiotics", "start_seconds": 375.76, "end_seconds": 376.56, "confidence": null}, {"text": "is", "start_seconds": 376.56, "end_seconds": 376.72, "confidence": null}, {"text": "really", "start_seconds": 376.72, "end_seconds": 376.8, "confidence": null}, {"text": "just", "start_seconds": 376.8, "end_seconds": 377.04, "confidence": null}, {"text": "um", "start_seconds": 377.04, "end_seconds": 377.12, "confidence": null}, {"text": "making", "start_seconds": 377.52, "end_seconds": 377.84, "confidence": null}, {"text": "sure", "start_seconds": 377.84, "end_seconds": 378.0, "confidence": null}, {"text": "you're", "start_seconds": 378.0, "end_seconds": 378.24, "confidence": null}, {"text": "wealth", "start_seconds": 378.24, "end_seconds": 378.56, "confidence": null}, {"text": "hydrated", "start_seconds": 378.56, "end_seconds": 378.8, "confidence": null}, {"text": "so", "start_seconds": 379.44, "end_seconds": 379.76, "confidence": null}, {"text": "drinking", "start_seconds": 379.76, "end_seconds": 379.92, "confidence": null}, {"text": "fluids", "start_seconds": 380.88, "end_seconds": 381.04, "confidence": null}, {"text": "um", "start_seconds": 381.84, "end_seconds": 381.92, "confidence": null}]}, {"type": "transcript.final", "session_id": "589e5e25-9203-4fb8-88c6-d567b1723ff7", "sequence": 633, "segment_id": 39, "revision": 51, "text": " uh there are things like dirolite you can get from the pharmacy which uh it's um it helps replenish some of your minerals and vitamins okay um and if you are having vomiting and diary i would certainly recommend that on a first you know first couple of days yeah if you are feeling feverish and weak taking some paracetamol uh two tables up to four times a day for the first few days can also help I would certainly advise you to take some time of work actually I know you're quite keen to work um I would say next two to three days um", "granularity": "word", "items": [{"text": " uh", "start_seconds": 383.2, "end_seconds": 383.28, "confidence": null}, {"text": "there", "start_seconds": 383.84, "end_seconds": 384.0, "confidence": null}, {"text": "are", "start_seconds": 384.0, "end_seconds": 384.16, "confidence": null}, {"text": "things", "start_seconds": 384.16, "end_seconds": 384.32, "confidence": null}, {"text": "like", "start_seconds": 384.32, "end_seconds": 384.4, "confidence": null}, {"text": "dirolite", "start_seconds": 385.36, "end_seconds": 385.92, "confidence": null}, {"text": "you", "start_seconds": 385.92, "end_seconds": 386.0, "confidence": null}, {"text": "can", "start_seconds": 386.0, "end_seconds": 386.08, "confidence": null}, {"text": "get", "start_seconds": 386.08, "end_seconds": 386.16, "confidence": null}, {"text": "from", "start_seconds": 386.16, "end_seconds": 386.24, "confidence": null}, {"text": "the", "start_seconds": 386.24, "end_seconds": 386.48, "confidence": null}, {"text": "pharmacy", "start_seconds": 386.48, "end_seconds": 386.8, "confidence": null}, {"text": "which", "start_seconds": 387.52, "end_seconds": 387.6, "confidence": null}, {"text": "uh", "start_seconds": 387.6, "end_seconds": 387.92, "confidence": null}, {"text": "it's", "start_seconds": 387.92, "end_seconds": 388.24, "confidence": null}, {"text": "um", "start_seconds": 388.24, "end_seconds": 388.32, "confidence": null}, {"text": "it", "start_seconds": 388.8, "end_seconds": 388.88, "confidence": null}, {"text": "helps", "start_seconds": 388.88, "end_seconds": 389.28, "confidence": null}, {"text": "replenish", "start_seconds": 389.28, "end_seconds": 389.76, "confidence": null}, {"text": "some", "start_seconds": 389.76, "end_seconds": 389.84, "confidence": null}, {"text": "of", "start_seconds": 389.84, "end_seconds": 390.0, "confidence": null}, {"text": "your", "start_seconds": 390.0, "end_seconds": 390.08, "confidence": null}, {"text": "minerals", "start_seconds": 390.48, "end_seconds": 391.04, "confidence": null}, {"text": "and", "start_seconds": 391.04, "end_seconds": 391.2, "confidence": null}, {"text": "vitamins", "start_seconds": 391.2, "end_seconds": 391.6, "confidence": null}, {"text": "okay", "start_seconds": 392.32, "end_seconds": 392.64, "confidence": null}, {"text": "um", "start_seconds": 392.64, "end_seconds": 392.88, "confidence": null}, {"text": "and", "start_seconds": 392.88, "end_seconds": 392.96, "confidence": null}, {"text": "if", "start_seconds": 392.96, "end_seconds": 393.12, "confidence": null}, {"text": "you", "start_seconds": 393.12, "end_seconds": 393.2, "confidence": null}, {"text": "are", "start_seconds": 393.2, "end_seconds": 393.36, "confidence": null}, {"text": "having", "start_seconds": 393.36, "end_seconds": 393.76, "confidence": null}, {"text": "vomiting", "start_seconds": 393.76, "end_seconds": 394.24, "confidence": null}, {"text": "and", "start_seconds": 394.24, "end_seconds": 394.32, "confidence": null}, {"text": "diary", "start_seconds": 394.32, "end_seconds": 394.72, "confidence": null}, {"text": "i", "start_seconds": 394.72, "end_seconds": 394.88, "confidence": null}, {"text": "would", "start_seconds": 394.88, "end_seconds": 395.04, "confidence": null}, {"text": "certainly", "start_seconds": 395.04, "end_seconds": 395.2, "confidence": null}, {"text": "recommend", "start_seconds": 395.2, "end_seconds": 395.44, "confidence": null}, {"text": "that", "start_seconds": 395.44, "end_seconds": 395.68, "confidence": null}, {"text": "on", "start_seconds": 395.68, "end_seconds": 395.92, "confidence": null}, {"text": "a", "start_seconds": 395.92, "end_seconds": 396.0, "confidence": null}, {"text": "first", "start_seconds": 396.0, "end_seconds": 396.16, "confidence": null}, {"text": "you", "start_seconds": 396.16, "end_seconds": 396.24, "confidence": null}, {"text": "know", "start_seconds": 396.24, "end_seconds": 396.48, "confidence": null}, {"text": "first", "start_seconds": 396.48, "end_seconds": 396.64, "confidence": null}, {"text": "couple", "start_seconds": 396.64, "end_seconds": 396.8, "confidence": null}, {"text": "of", "start_seconds": 396.8, "end_seconds": 396.96, "confidence": null}, {"text": "days", "start_seconds": 396.96, "end_seconds": 397.04, "confidence": null}, {"text": "yeah", "start_seconds": 397.76, "end_seconds": 397.84, "confidence": null}, {"text": "if", "start_seconds": 398.56, "end_seconds": 398.72, "confidence": null}, {"text": "you", "start_seconds": 398.72, "end_seconds": 398.88, "confidence": null}, {"text": "are", "start_seconds": 398.88, "end_seconds": 398.96, "confidence": null}, {"text": "feeling", "start_seconds": 399.28, "end_seconds": 399.44, "confidence": null}, {"text": "feverish", "start_seconds": 399.44, "end_seconds": 400.08, "confidence": null}, {"text": "and", "start_seconds": 400.08, "end_seconds": 400.32, "confidence": null}, {"text": "weak", "start_seconds": 400.32, "end_seconds": 400.4, "confidence": null}, {"text": "taking", "start_seconds": 401.12, "end_seconds": 401.28, "confidence": null}, {"text": "some", "start_seconds": 401.28, "end_seconds": 401.52, "confidence": null}, {"text": "paracetamol", "start_seconds": 401.52, "end_seconds": 402.24, "confidence": null}, {"text": "uh", "start_seconds": 402.64, "end_seconds": 402.72, "confidence": null}, {"text": "two", "start_seconds": 403.36, "end_seconds": 403.52, "confidence": null}, {"text": "tables", "start_seconds": 403.52, "end_seconds": 403.84, "confidence": null}, {"text": "up", "start_seconds": 403.84, "end_seconds": 404.0, "confidence": null}, {"text": "to", "start_seconds": 404.0, "end_seconds": 404.08, "confidence": null}, {"text": "four", "start_seconds": 404.08, "end_seconds": 404.24, "confidence": null}, {"text": "times", "start_seconds": 404.24, "end_seconds": 404.4, "confidence": null}, {"text": "a", "start_seconds": 404.4, "end_seconds": 404.48, "confidence": null}, {"text": "day", "start_seconds": 404.48, "end_seconds": 404.8, "confidence": null}, {"text": "for", "start_seconds": 404.8, "end_seconds": 404.96, "confidence": null}, {"text": "the", "start_seconds": 404.96, "end_seconds": 405.04, "confidence": null}, {"text": "first", "start_seconds": 405.04, "end_seconds": 405.12, "confidence": null}, {"text": "few", "start_seconds": 405.12, "end_seconds": 405.28, "confidence": null}, {"text": "days", "start_seconds": 405.28, "end_seconds": 405.6, "confidence": null}, {"text": "can", "start_seconds": 405.6, "end_seconds": 405.76, "confidence": null}, {"text": "also", "start_seconds": 405.76, "end_seconds": 405.92, "confidence": null}, {"text": "help", "start_seconds": 405.92, "end_seconds": 406.0, "confidence": null}, {"text": "I", "start_seconds": 407.12, "end_seconds": 407.2, "confidence": null}, {"text": "would", "start_seconds": 407.2, "end_seconds": 407.28, "confidence": null}, {"text": "certainly", "start_seconds": 407.28, "end_seconds": 407.52, "confidence": null}, {"text": "advise", "start_seconds": 407.52, "end_seconds": 407.92, "confidence": null}, {"text": "you", "start_seconds": 407.92, "end_seconds": 408.0, "confidence": null}, {"text": "to", "start_seconds": 408.0, "end_seconds": 408.08, "confidence": null}, {"text": "take", "start_seconds": 408.08, "end_seconds": 408.16, "confidence": null}, {"text": "some", "start_seconds": 408.16, "end_seconds": 408.32, "confidence": null}, {"text": "time", "start_seconds": 408.32, "end_seconds": 408.48, "confidence": null}, {"text": "of", "start_seconds": 408.48, "end_seconds": 408.64, "confidence": null}, {"text": "work", "start_seconds": 408.64, "end_seconds": 408.96, "confidence": null}, {"text": "actually", "start_seconds": 408.96, "end_seconds": 409.2, "confidence": null}, {"text": "I", "start_seconds": 409.2, "end_seconds": 409.28, "confidence": null}, {"text": "know", "start_seconds": 409.28, "end_seconds": 409.36, "confidence": null}, {"text": "you're", "start_seconds": 409.36, "end_seconds": 409.52, "confidence": null}, {"text": "quite", "start_seconds": 409.52, "end_seconds": 409.68, "confidence": null}, {"text": "keen", "start_seconds": 409.68, "end_seconds": 409.84, "confidence": null}, {"text": "to", "start_seconds": 409.84, "end_seconds": 410.0, "confidence": null}, {"text": "work", "start_seconds": 410.0, "end_seconds": 410.08, "confidence": null}, {"text": "um", "start_seconds": 410.56, "end_seconds": 410.8, "confidence": null}, {"text": "I", "start_seconds": 410.88, "end_seconds": 411.04, "confidence": null}, {"text": "would", "start_seconds": 411.04, "end_seconds": 411.12, "confidence": null}, {"text": "say", "start_seconds": 411.12, "end_seconds": 411.44, "confidence": null}, {"text": "next", "start_seconds": 411.44, "end_seconds": 411.68, "confidence": null}, {"text": "two", "start_seconds": 411.68, "end_seconds": 411.76, "confidence": null}, {"text": "to", "start_seconds": 412.16, "end_seconds": 412.32, "confidence": null}, {"text": "three", "start_seconds": 412.32, "end_seconds": 412.4, "confidence": null}, {"text": "days", "start_seconds": 412.4, "end_seconds": 412.48, "confidence": null}, {"text": "um", "start_seconds": 413.36, "end_seconds": 413.44, "confidence": null}]}, {"type": "transcript.final", "session_id": "589e5e25-9203-4fb8-88c6-d567b1723ff7", "sequence": 634, "segment_id": 40, "revision": 1, "text": " cle", "granularity": "word", "items": [{"text": " cle", "start_seconds": 414.88, "end_seconds": 414.96, "confidence": null}]}, {"type": "transcript.final", "session_id": "589e5e25-9203-4fb8-88c6-d567b1723ff7", "sequence": 641, "segment_id": 41, "revision": 7, "text": "ars from your system just take some time off and rest um", "granularity": "word", "items": [{"text": "ars", "start_seconds": 415.04, "end_seconds": 415.2, "confidence": null}, {"text": "from", "start_seconds": 415.2, "end_seconds": 415.28, "confidence": null}, {"text": "your", "start_seconds": 415.28, "end_seconds": 415.52, "confidence": null}, {"text": "system", "start_seconds": 415.52, "end_seconds": 415.6, "confidence": null}, {"text": "just", "start_seconds": 416.16, "end_seconds": 416.32, "confidence": null}, {"text": "take", "start_seconds": 416.32, "end_seconds": 416.48, "confidence": null}, {"text": "some", "start_seconds": 416.48, "end_seconds": 416.56, "confidence": null}, {"text": "time", "start_seconds": 416.56, "end_seconds": 416.88, "confidence": null}, {"text": "off", "start_seconds": 416.88, "end_seconds": 417.2, "confidence": null}, {"text": "and", "start_seconds": 417.2, "end_seconds": 417.36, "confidence": null}, {"text": "rest", "start_seconds": 417.36, "end_seconds": 417.52, "confidence": null}, {"text": "um", "start_seconds": 418.24, "end_seconds": 418.32, "confidence": null}]}, {"type": "transcript.final", "session_id": "589e5e25-9203-4fb8-88c6-d567b1723ff7", "sequence": 651, "segment_id": 42, "revision": 10, "text": " you know if your simples haven't got better you know in in three to four days I'll right to come back and see me again", "granularity": "word", "items": [{"text": " you", "start_seconds": 419.68, "end_seconds": 419.76, "confidence": null}, {"text": "know", "start_seconds": 419.76, "end_seconds": 419.92, "confidence": null}, {"text": "if", "start_seconds": 419.92, "end_seconds": 420.08, "confidence": null}, {"text": "your", "start_seconds": 420.08, "end_seconds": 420.24, "confidence": null}, {"text": "simples", "start_seconds": 420.24, "end_seconds": 420.72, "confidence": null}, {"text": "haven't", "start_seconds": 420.72, "end_seconds": 420.96, "confidence": null}, {"text": "got", "start_seconds": 420.96, "end_seconds": 421.12, "confidence": null}, {"text": "better", "start_seconds": 421.12, "end_seconds": 421.2, "confidence": null}, {"text": "you", "start_seconds": 421.68, "end_seconds": 421.84, "confidence": null}, {"text": "know", "start_seconds": 421.84, "end_seconds": 422.0, "confidence": null}, {"text": "in", "start_seconds": 422.0, "end_seconds": 422.24, "confidence": null}, {"text": "in", "start_seconds": 422.32, "end_seconds": 422.48, "confidence": null}, {"text": "three", "start_seconds": 422.48, "end_seconds": 422.64, "confidence": null}, {"text": "to", "start_seconds": 422.64, "end_seconds": 422.72, "confidence": null}, {"text": "four", "start_seconds": 422.72, "end_seconds": 422.88, "confidence": null}, {"text": "days", "start_seconds": 422.88, "end_seconds": 422.96, "confidence": null}, {"text": "I'll", "start_seconds": 423.36, "end_seconds": 423.44, "confidence": null}, {"text": "right", "start_seconds": 423.44, "end_seconds": 423.6, "confidence": null}, {"text": "to", "start_seconds": 423.6, "end_seconds": 423.68, "confidence": null}, {"text": "come", "start_seconds": 423.68, "end_seconds": 423.84, "confidence": null}, {"text": "back", "start_seconds": 423.84, "end_seconds": 423.92, "confidence": null}, {"text": "and", "start_seconds": 423.92, "end_seconds": 424.0, "confidence": null}, {"text": "see", "start_seconds": 424.0, "end_seconds": 424.24, "confidence": null}, {"text": "me", "start_seconds": 424.24, "end_seconds": 424.4, "confidence": null}, {"text": "again", "start_seconds": 424.4, "end_seconds": 424.48, "confidence": null}]}, {"type": "transcript.final", "session_id": "589e5e25-9203-4fb8-88c6-d567b1723ff7", "sequence": 659, "segment_id": 43, "revision": 8, "text": " because if it is ongoing then we have to wonder whether there's something else causing symptoms", "granularity": "word", "items": [{"text": " because", "start_seconds": 425.92, "end_seconds": 426.0, "confidence": null}, {"text": "if", "start_seconds": 426.0, "end_seconds": 426.08, "confidence": null}, {"text": "it", "start_seconds": 426.08, "end_seconds": 426.16, "confidence": null}, {"text": "is", "start_seconds": 426.16, "end_seconds": 426.32, "confidence": null}, {"text": "ongoing", "start_seconds": 426.32, "end_seconds": 426.72, "confidence": null}, {"text": "then", "start_seconds": 426.72, "end_seconds": 426.88, "confidence": null}, {"text": "we", "start_seconds": 426.88, "end_seconds": 426.96, "confidence": null}, {"text": "have", "start_seconds": 426.96, "end_seconds": 427.04, "confidence": null}, {"text": "to", "start_seconds": 427.04, "end_seconds": 427.36, "confidence": null}, {"text": "wonder", "start_seconds": 427.36, "end_seconds": 427.52, "confidence": null}, {"text": "whether", "start_seconds": 427.52, "end_seconds": 427.84, "confidence": null}, {"text": "there's", "start_seconds": 427.84, "end_seconds": 427.92, "confidence": null}, {"text": "something", "start_seconds": 427.92, "end_seconds": 428.08, "confidence": null}, {"text": "else", "start_seconds": 428.08, "end_seconds": 428.4, "confidence": null}, {"text": "causing", "start_seconds": 428.4, "end_seconds": 428.8, "confidence": null}, {"text": "symptoms", "start_seconds": 428.8, "end_seconds": 428.96, "confidence": null}]}, {"type": "transcript.final", "session_id": "589e5e25-9203-4fb8-88c6-d567b1723ff7", "sequence": 669, "segment_id": 44, "revision": 10, "text": " and we may need to do further tests like um taking a sample of your store so we can test that um", "granularity": "word", "items": [{"text": " and", "start_seconds": 430.4, "end_seconds": 430.48, "confidence": null}, {"text": "we", "start_seconds": 430.48, "end_seconds": 430.72, "confidence": null}, {"text": "may", "start_seconds": 430.72, "end_seconds": 430.8, "confidence": null}, {"text": "need", "start_seconds": 430.8, "end_seconds": 430.88, "confidence": null}, {"text": "to", "start_seconds": 430.88, "end_seconds": 430.96, "confidence": null}, {"text": "do", "start_seconds": 430.96, "end_seconds": 431.12, "confidence": null}, {"text": "further", "start_seconds": 431.12, "end_seconds": 431.28, "confidence": null}, {"text": "tests", "start_seconds": 431.76, "end_seconds": 432.24, "confidence": null}, {"text": "like", "start_seconds": 432.24, "end_seconds": 432.32, "confidence": null}, {"text": "um", "start_seconds": 432.64, "end_seconds": 432.72, "confidence": null}, {"text": "taking", "start_seconds": 433.04, "end_seconds": 433.44, "confidence": null}, {"text": "a", "start_seconds": 433.44, "end_seconds": 433.52, "confidence": null}, {"text": "sample", "start_seconds": 433.52, "end_seconds": 433.68, "confidence": null}, {"text": "of", "start_seconds": 433.68, "end_seconds": 433.84, "confidence": null}, {"text": "your", "start_seconds": 433.84, "end_seconds": 434.0, "confidence": null}, {"text": "store", "start_seconds": 434.0, "end_seconds": 434.32, "confidence": null}, {"text": "so", "start_seconds": 434.32, "end_seconds": 434.48, "confidence": null}, {"text": "we", "start_seconds": 434.48, "end_seconds": 434.56, "confidence": null}, {"text": "can", "start_seconds": 434.56, "end_seconds": 434.72, "confidence": null}, {"text": "test", "start_seconds": 434.72, "end_seconds": 434.96, "confidence": null}, {"text": "that", "start_seconds": 434.96, "end_seconds": 435.04, "confidence": null}, {"text": "um", "start_seconds": 436.16, "end_seconds": 436.24, "confidence": null}]}, {"type": "transcript.final", "session_id": "589e5e25-9203-4fb8-88c6-d567b1723ff7", "sequence": 681, "segment_id": 45, "revision": 12, "text": " et cetera et cetera yep sure yeah how's that sound that sounds great yeah yeah do you have any questions for me", "granularity": "word", "items": [{"text": " et", "start_seconds": 436.88, "end_seconds": 436.96, "confidence": null}, {"text": "cetera", "start_seconds": 436.96, "end_seconds": 437.28, "confidence": null}, {"text": "et", "start_seconds": 437.28, "end_seconds": 437.44, "confidence": null}, {"text": "cetera", "start_seconds": 437.44, "end_seconds": 437.52, "confidence": null}, {"text": "yep", "start_seconds": 438.32, "end_seconds": 438.64, "confidence": null}, {"text": "sure", "start_seconds": 438.64, "end_seconds": 438.88, "confidence": null}, {"text": "yeah", "start_seconds": 438.88, "end_seconds": 438.96, "confidence": null}, {"text": "how's", "start_seconds": 439.36, "end_seconds": 439.84, "confidence": null}, {"text": "that", "start_seconds": 439.84, "end_seconds": 439.92, "confidence": null}, {"text": "sound", "start_seconds": 439.92, "end_seconds": 440.0, "confidence": null}, {"text": "that", "start_seconds": 440.72, "end_seconds": 440.88, "confidence": null}, {"text": "sounds", "start_seconds": 440.88, "end_seconds": 441.12, "confidence": null}, {"text": "great", "start_seconds": 441.12, "end_seconds": 441.2, "confidence": null}, {"text": "yeah", "start_seconds": 441.52, "end_seconds": 441.6, "confidence": null}, {"text": "yeah", "start_seconds": 441.92, "end_seconds": 442.0, "confidence": null}, {"text": "do", "start_seconds": 442.4, "end_seconds": 442.48, "confidence": null}, {"text": "you", "start_seconds": 442.48, "end_seconds": 442.64, "confidence": null}, {"text": "have", "start_seconds": 442.64, "end_seconds": 442.72, "confidence": null}, {"text": "any", "start_seconds": 442.72, "end_seconds": 442.8, "confidence": null}, {"text": "questions", "start_seconds": 442.8, "end_seconds": 442.96, "confidence": null}, {"text": "for", "start_seconds": 442.96, "end_seconds": 443.12, "confidence": null}, {"text": "me", "start_seconds": 443.12, "end_seconds": 443.2, "confidence": null}]}, {"type": "transcript.final", "session_id": "589e5e25-9203-4fb8-88c6-d567b1723ff7", "sequence": 685, "segment_id": 46, "revision": 4, "text": " um no further questions", "granularity": "word", "items": [{"text": " um", "start_seconds": 444.64, "end_seconds": 444.88, "confidence": null}, {"text": "no", "start_seconds": 444.88, "end_seconds": 444.96, "confidence": null}, {"text": "further", "start_seconds": 445.44, "end_seconds": 445.92, "confidence": null}, {"text": "questions", "start_seconds": 445.92, "end_seconds": 446.0, "confidence": null}]}, {"type": "transcript.final", "session_id": "589e5e25-9203-4fb8-88c6-d567b1723ff7", "sequence": 697, "segment_id": 47, "revision": 12, "text": " is a treatment plan clear uh yeah that's that's very cool thank you great well i wish you all the best okay thank you thank you", "granularity": "word", "items": [{"text": " is", "start_seconds": 448.0, "end_seconds": 448.08, "confidence": null}, {"text": "a", "start_seconds": 448.08, "end_seconds": 448.24, "confidence": null}, {"text": "treatment", "start_seconds": 448.24, "end_seconds": 448.4, "confidence": null}, {"text": "plan", "start_seconds": 448.4, "end_seconds": 448.64, "confidence": null}, {"text": "clear", "start_seconds": 448.64, "end_seconds": 448.8, "confidence": null}, {"text": "uh", "start_seconds": 449.84, "end_seconds": 450.08, "confidence": null}, {"text": "yeah", "start_seconds": 450.08, "end_seconds": 450.16, "confidence": null}, {"text": "that's", "start_seconds": 450.8, "end_seconds": 451.04, "confidence": null}, {"text": "that's", "start_seconds": 451.04, "end_seconds": 451.36, "confidence": null}, {"text": "very", "start_seconds": 451.36, "end_seconds": 451.44, "confidence": null}, {"text": "cool", "start_seconds": 451.44, "end_seconds": 451.84, "confidence": null}, {"text": "thank", "start_seconds": 451.84, "end_seconds": 451.92, "confidence": null}, {"text": "you", "start_seconds": 451.92, "end_seconds": 452.0, "confidence": null}, {"text": "great", "start_seconds": 452.48, "end_seconds": 452.8, "confidence": null}, {"text": "well", "start_seconds": 452.8, "end_seconds": 452.88, "confidence": null}, {"text": "i", "start_seconds": 452.88, "end_seconds": 452.96, "confidence": null}, {"text": "wish", "start_seconds": 452.96, "end_seconds": 453.12, "confidence": null}, {"text": "you", "start_seconds": 453.12, "end_seconds": 453.2, "confidence": null}, {"text": "all", "start_seconds": 453.2, "end_seconds": 453.28, "confidence": null}, {"text": "the", "start_seconds": 453.28, "end_seconds": 453.36, "confidence": null}, {"text": "best", "start_seconds": 453.36, "end_seconds": 453.44, "confidence": null}, {"text": "okay", "start_seconds": 453.84, "end_seconds": 453.92, "confidence": null}, {"text": "thank", "start_seconds": 454.32, "end_seconds": 454.4, "confidence": null}, {"text": "you", "start_seconds": 454.4, "end_seconds": 454.48, "confidence": null}, {"text": "thank", "start_seconds": 454.88, "end_seconds": 454.96, "confidence": null}, {"text": "you", "start_seconds": 454.96, "end_seconds": 455.04, "confidence": null}]}], "audio_seconds": 457.92, "processing_seconds": 41.40649157400003, "model": "nemotron-speech-multilingual-0.6b", "language": "en-US"}
{"event": "medical_case_start", "case": "en-02", "mode": "complete-file", "file": "ready/en/day1_consultation02_conversation.wav", "sha256": "58283edfe790ba2dd2c5d72af217e24c1f1a22f8a7c28b9f2691f0b5250d8602", "expected_audio_seconds": 559.2, "options": {"model": "nemotron-speech-multilingual-0.6b", "language": "en-US", "chunk_size_ms": 560, "strip_language_tags": true, "output_granularity": "word", "stop_history_eou_ms": 800}}
{"event": "medical_measurement", "case": "en-02", "mode": "complete-file", "sha256": "58283edfe790ba2dd2c5d72af217e24c1f1a22f8a7c28b9f2691f0b5250d8602", "expected_audio_seconds": 559.2, "all_samples_processed": true, "nonempty": true, "peak_gpu_allocated_bytes": 5332897280, "real_time_factor": 0.05236785811337638, "text": "Hello and you hear me well yes I think it's a bit better it's a bit it's not very clear but let's let's continue anyway okay let's start again so how can I help you sir yes so it's been uh a few days now I have like a sore and a red skin it's kind of it's really itchy and it's like super annoying so I like to find something quick to solve it no problems I'm happy to help um whereabouts in your skin is it affected uh mostly like my chest my my hands my arms like agree it's it's super annoying like it's itching a lot like all the time and I can't even sleep at night like I really need something quickly to to solve it because even at work I like um when I'm in the meeting and I have to like uh think about my work and focus like actually focus on my work it's really annoying because I can't actually think about uh what I have to say I'm always like uh disturbed by this disease and this is obviously affecting you and uh we'll try very best to get get a sorted out for you um have you had anything like this before in the past um so yes uh earlier I was like prescribed for my eczema and they gave me like some cream and something to uh when I like was charged uh when I was in the shower had to put something okay but um did it help i mean at that time yes but the symptoms like these symptoms are like when the symptoms appeared again I tried those and they didn't work I've tried a few things like I bought like a sterile cream at the pharmacy last night but it apparently didn't help because it's still itching a lot today do you remember the name of the creamy you bought steward cream okay steroid okay uh it's okay um do would you say these symptoms are very similar to your eczema symptoms or different it's much more like itchy and magzema was more like only in the arms and now it's also on the chest and in the in the on the hands as well like i like for instance hiking during the weekends and i um i can't really do it anymore because it's like very like like i want it to that last weekend and it was super painful and i have to take like showers every day to be able to kind of uh ease this itching part which is very very annoying no well okay that's okay so you mentioned the itchiness you also mentioned it's been quite sore have you noticed any uh bleeding or discharge from your skins no um so my skin is a bit cracked in some parts like kind of cracked if you see what I mean okay but uh yeah I'm looking uh any other uh pass or blood coming out of your skin and you mentioned it all started three days ago days ago are you aware of any triggers or anything that you may have done that may have caused your symptoms to start so for example have you changed your uh shower gel, any clothingHave you been around anyone else it's actually like it's very annoying because I'm thinking about maybe I should chain something because I haven't and I don't understand and I'm kind of um afraid of asking people around me because it's kind of you know um I don't feel really comfortable asking about these questions it's kind of intimate and so I really head now okay that's okay so just to resummarize for the last four days you've had very itchy skin, very sore skin all over your body, men your chest. And did you also mention your arms and legs as well uh no just the chest and like like inside the airbows okay anything on your face at all in my what on your face oh on my face? No, okay, and apart from this, any other symptoms have you noticed? For example, have you noticed any temperature or feversNos are itching itching nothing yet so you're bowels are working okay your chest is okay no cough, no breathing difficulties you're passing urine okay uh I think so okay all right it's always good to know so I mean do you have any ideas as to what could be causing your symptoms anyways any ideas as to what could be causing your symptoms um I um so I had eczema before so maybe it's this but it seems like more uh like uh my eczema was only on the arm so I'm not sure I I really have no idea okay no ok so um normally at this stage I like to examine you um to see the rash itself and see exactly what type of rash it is but from what you've told me you mention it's you've got some dry skin and some uh crack skin as well uh and it's been very itchy and so with your um uh your background of eczema um sorry to say there's a couple of questions I want to ask you which are completely forgot my apologies um apart from the eczema do you have any other medical problems I should be aware of uh no I just had asthma in the past but okay not anymore not anymore okay and do you take any regular medications at the moment uh no okay do you have any allergies to anything sorry things can you hear me uh sorry I think it cry uh do you have any allergies at all allergies uh no no okay um and tell me about your um uh your situation at home who do you live with a few flatmates so you know I'm thirty one uh i yeah a full time job and so i'm leaving with a few people to save money okay and what do you do for work uh i work uh at a pharmaceutical company so it's been uh it's been a few years now uh it's uh it's kind of interesting we're working a like a kind of project manager uh i mean do you want to to know more about it uh no no that's absolutely that's absolutely fine um just a couple of questions I want to ask you which can sometimes affect your symptoms is do you smoke at all no and do you drink much in a way of alcohol uh you know once in a while uh i can i highlight hanging out with people once in a while so yeah say a few a few bars per week something like this nothing nothing crazy i used to drink a lot more when i was younger but it's been it's been a while okay I was gonna say at this stage I've got to say the sound quality is not uh great but I will continue because we've come this far based on everything you mentioned sir i i do wonder whether this is a flare up of your eczema um the reason being that you said it's quite itchy um it's many affecting your chest and your back um and uh having looked at your skin uh the the rash does pick quite familiar um you mentioned you using sterile creams yesterday um from the pharmacy i wonder whether giving you stronger prescription of a steroid maybe beneficial uh which I'm happy to prescribe to you today as well as I'm going to give you something some ammolians which helps to moisturize the skin use in the bath and shower and it's definitely worth uh using that for the first seven to ten days uh before we make a decision on whether it's working or not um it's also worth um using antihistamines which you can sometimes buy over counter things like loratidine or piritin which can help with the itchiness of your skin and uh it's also worth kiffing a diary of any triggers which are affecting your symptoms anything you wear or anything you use in terms of shower gels or soap because if that's causing your symptoms then we need to have a discussion about our next time I see you okay just I have to ride entimines uh lately but it didn't really help could you say again sorry I have tried the anti histamines okay uh but it didn't okay so it's something for you to think about you can get different type of ancestamines I can give you something a little bit stronger today as well something like fexapenide which I can give to you today it's definitely worth trying it it's not going to do you any harm but I certainly think using the steroids and the ammolions um a regular basis over the next week to ten days should hopefully control your symptoms but do come back and see me next week if things don't get better that sounds good any questions for me uh no that's it okay well I wish you all the best thank you very much have a good day bye", "segments": [{"type": "transcript.final", "session_id": "eca83f08-096e-494b-b0fd-20e44ff8cd67", "sequence": 2, "segment_id": 0, "revision": 2, "text": " Hello", "granularity": "word", "items": [{"text": " Hello", "start_seconds": 3.36, "end_seconds": 3.6, "confidence": null}]}, {"type": "transcript.final", "session_id": "eca83f08-096e-494b-b0fd-20e44ff8cd67", "sequence": 5, "segment_id": 1, "revision": 3, "text": " and you hear me well", "granularity": "word", "items": [{"text": " and", "start_seconds": 5.12, "end_seconds": 5.28, "confidence": null}, {"text": "you", "start_seconds": 5.28, "end_seconds": 5.36, "confidence": null}, {"text": "hear", "start_seconds": 5.36, "end_seconds": 5.52, "confidence": null}, {"text": "me", "start_seconds": 5.52, "end_seconds": 5.68, "confidence": null}, {"text": "well", "start_seconds": 5.68, "end_seconds": 5.76, "confidence": null}]}, {"type": "transcript.final", "session_id": "eca83f08-096e-494b-b0fd-20e44ff8cd67", "sequence": 6, "segment_id": 2, "revision": 1, "text": " ye", "granularity": "word", "items": [{"text": " ye", "start_seconds": 7.2, "end_seconds": 7.28, "confidence": null}]}, {"type": "transcript.final", "session_id": "eca83f08-096e-494b-b0fd-20e44ff8cd67", "sequence": 16, "segment_id": 3, "revision": 10, "text": "s I think it's a bit better it's a bit it's not very clear but let's let's continue anyway", "granularity": "word", "items": [{"text": "s", "start_seconds": 7.36, "end_seconds": 7.44, "confidence": null}, {"text": "I", "start_seconds": 7.84, "end_seconds": 8.0, "confidence": null}, {"text": "think", "start_seconds": 8.0, "end_seconds": 8.32, "confidence": null}, {"text": "it's", "start_seconds": 8.32, "end_seconds": 8.48, "confidence": null}, {"text": "a", "start_seconds": 8.48, "end_seconds": 8.56, "confidence": null}, {"text": "bit", "start_seconds": 8.56, "end_seconds": 8.72, "confidence": null}, {"text": "better", "start_seconds": 8.72, "end_seconds": 8.88, "confidence": null}, {"text": "it's", "start_seconds": 9.6, "end_seconds": 9.76, "confidence": null}, {"text": "a", "start_seconds": 9.76, "end_seconds": 9.92, "confidence": null}, {"text": "bit", "start_seconds": 9.92, "end_seconds": 10.32, "confidence": null}, {"text": "it's", "start_seconds": 10.4, "end_seconds": 10.56, "confidence": null}, {"text": "not", "start_seconds": 10.56, "end_seconds": 10.64, "confidence": null}, {"text": "very", "start_seconds": 10.64, "end_seconds": 10.8, "confidence": null}, {"text": "clear", "start_seconds": 10.8, "end_seconds": 11.2, "confidence": null}, {"text": "but", "start_seconds": 11.2, "end_seconds": 11.44, "confidence": null}, {"text": "let's", "start_seconds": 11.44, "end_seconds": 11.6, "confidence": null}, {"text": "let's", "start_seconds": 11.6, "end_seconds": 11.84, "confidence": null}, {"text": "continue", "start_seconds": 11.84, "end_seconds": 12.16, "confidence": null}, {"text": "anyway", "start_seconds": 12.16, "end_seconds": 12.4, "confidence": null}]}, {"type": "transcript.final", "session_id": "eca83f08-096e-494b-b0fd-20e44ff8cd67", "sequence": 21, "segment_id": 4, "revision": 5, "text": " okay let's start again so how can I help you sir", "granularity": "word", "items": [{"text": " okay", "start_seconds": 14.0, "end_seconds": 14.32, "confidence": null}, {"text": "let's", "start_seconds": 14.32, "end_seconds": 14.56, "confidence": null}, {"text": "start", "start_seconds": 14.56, "end_seconds": 14.8, "confidence": null}, {"text": "again", "start_seconds": 14.8, "end_seconds": 14.96, "confidence": null}, {"text": "so", "start_seconds": 14.96, "end_seconds": 15.12, "confidence": null}, {"text": "how", "start_seconds": 15.12, "end_seconds": 15.2, "confidence": null}, {"text": "can", "start_seconds": 15.2, "end_seconds": 15.28, "confidence": null}, {"text": "I", "start_seconds": 15.28, "end_seconds": 15.36, "confidence": null}, {"text": "help", "start_seconds": 15.36, "end_seconds": 15.44, "confidence": null}, {"text": "you", "start_seconds": 15.44, "end_seconds": 15.76, "confidence": null}, {"text": "sir", "start_seconds": 15.76, "end_seconds": 15.84, "confidence": null}]}, {"type": "transcript.final", "session_id": "eca83f08-096e-494b-b0fd-20e44ff8cd67", "sequence": 49, "segment_id": 5, "revision": 28, "text": " yes so it's been uh a few days now I have like a sore and a red skin it's kind of it's really itchy and it's like super annoying so I like to find something quick to solve it no problems I'm happy to help um whereabouts in your skin is it affected", "granularity": "word", "items": [{"text": " yes", "start_seconds": 16.96, "end_seconds": 17.44, "confidence": null}, {"text": "so", "start_seconds": 17.44, "end_seconds": 17.52, "confidence": null}, {"text": "it's", "start_seconds": 17.92, "end_seconds": 18.16, "confidence": null}, {"text": "been", "start_seconds": 18.16, "end_seconds": 18.24, "confidence": null}, {"text": "uh", "start_seconds": 18.56, "end_seconds": 18.64, "confidence": null}, {"text": "a", "start_seconds": 18.64, "end_seconds": 18.72, "confidence": null}, {"text": "few", "start_seconds": 18.72, "end_seconds": 18.88, "confidence": null}, {"text": "days", "start_seconds": 18.88, "end_seconds": 19.04, "confidence": null}, {"text": "now", "start_seconds": 19.04, "end_seconds": 19.12, "confidence": null}, {"text": "I", "start_seconds": 19.68, "end_seconds": 19.84, "confidence": null}, {"text": "have", "start_seconds": 19.84, "end_seconds": 19.92, "confidence": null}, {"text": "like", "start_seconds": 19.92, "end_seconds": 20.24, "confidence": null}, {"text": "a", "start_seconds": 20.24, "end_seconds": 20.32, "confidence": null}, {"text": "sore", "start_seconds": 20.8, "end_seconds": 21.04, "confidence": null}, {"text": "and", "start_seconds": 21.04, "end_seconds": 21.28, "confidence": null}, {"text": "a", "start_seconds": 21.28, "end_seconds": 21.36, "confidence": null}, {"text": "red", "start_seconds": 21.36, "end_seconds": 21.6, "confidence": null}, {"text": "skin", "start_seconds": 21.6, "end_seconds": 21.92, "confidence": null}, {"text": "it's", "start_seconds": 21.92, "end_seconds": 22.08, "confidence": null}, {"text": "kind", "start_seconds": 22.08, "end_seconds": 22.16, "confidence": null}, {"text": "of", "start_seconds": 22.16, "end_seconds": 22.48, "confidence": null}, {"text": "it's", "start_seconds": 22.56, "end_seconds": 22.72, "confidence": null}, {"text": "really", "start_seconds": 22.72, "end_seconds": 23.04, "confidence": null}, {"text": "itchy", "start_seconds": 23.04, "end_seconds": 23.52, "confidence": null}, {"text": "and", "start_seconds": 23.52, "end_seconds": 23.68, "confidence": null}, {"text": "it's", "start_seconds": 23.68, "end_seconds": 23.92, "confidence": null}, {"text": "like", "start_seconds": 23.92, "end_seconds": 24.24, "confidence": null}, {"text": "super", "start_seconds": 24.24, "end_seconds": 24.64, "confidence": null}, {"text": "annoying", "start_seconds": 24.64, "end_seconds": 24.96, "confidence": null}, {"text": "so", "start_seconds": 25.36, "end_seconds": 25.52, "confidence": null}, {"text": "I", "start_seconds": 25.52, "end_seconds": 25.68, "confidence": null}, {"text": "like", "start_seconds": 25.68, "end_seconds": 26.0, "confidence": null}, {"text": "to", "start_seconds": 26.0, "end_seconds": 26.08, "confidence": null}, {"text": "find", "start_seconds": 26.48, "end_seconds": 26.72, "confidence": null}, {"text": "something", "start_seconds": 26.72, "end_seconds": 26.96, "confidence": null}, {"text": "quick", "start_seconds": 26.96, "end_seconds": 27.28, "confidence": null}, {"text": "to", "start_seconds": 27.28, "end_seconds": 27.52, "confidence": null}, {"text": "solve", "start_seconds": 27.52, "end_seconds": 27.92, "confidence": null}, {"text": "it", "start_seconds": 27.92, "end_seconds": 28.24, "confidence": null}, {"text": "no", "start_seconds": 28.24, "end_seconds": 28.32, "confidence": null}, {"text": "problems", "start_seconds": 28.72, "end_seconds": 28.88, "confidence": null}, {"text": "I'm", "start_seconds": 28.88, "end_seconds": 29.04, "confidence": null}, {"text": "happy", "start_seconds": 29.04, "end_seconds": 29.2, "confidence": null}, {"text": "to", "start_seconds": 29.2, "end_seconds": 29.28, "confidence": null}, {"text": "help", "start_seconds": 29.28, "end_seconds": 29.36, "confidence": null}, {"text": "um", "start_seconds": 29.92, "end_seconds": 30.0, "confidence": null}, {"text": "whereabouts", "start_seconds": 30.4, "end_seconds": 30.8, "confidence": null}, {"text": "in", "start_seconds": 30.8, "end_seconds": 30.88, "confidence": null}, {"text": "your", "start_seconds": 30.88, "end_seconds": 31.04, "confidence": null}, {"text": "skin", "start_seconds": 31.04, "end_seconds": 31.36, "confidence": null}, {"text": "is", "start_seconds": 31.36, "end_seconds": 31.44, "confidence": null}, {"text": "it", "start_seconds": 31.44, "end_seconds": 31.6, "confidence": null}, {"text": "affected", "start_seconds": 31.6, "end_seconds": 31.76, "confidence": null}]}, {"type": "transcript.final", "session_id": "eca83f08-096e-494b-b0fd-20e44ff8cd67", "sequence": 98, "segment_id": 6, "revision": 49, "text": " uh mostly like my chest my my hands my arms like agree it's it's super annoying like it's itching a lot like all the time and I can't even sleep at night like I really need something quickly to to solve it because even at work I like um when I'm in the meeting and I have to like uh think about my work and focus like actually focus on my work it's really annoying because I can't actually think about uh what I have to say I'm always like uh disturbed by this disease", "granularity": "word", "items": [{"text": " uh", "start_seconds": 33.04, "end_seconds": 33.36, "confidence": null}, {"text": "mostly", "start_seconds": 33.36, "end_seconds": 33.68, "confidence": null}, {"text": "like", "start_seconds": 33.68, "end_seconds": 33.76, "confidence": null}, {"text": "my", "start_seconds": 34.16, "end_seconds": 34.4, "confidence": null}, {"text": "chest", "start_seconds": 34.4, "end_seconds": 34.64, "confidence": null}, {"text": "my", "start_seconds": 35.28, "end_seconds": 35.44, "confidence": null}, {"text": "my", "start_seconds": 35.6, "end_seconds": 35.84, "confidence": null}, {"text": "hands", "start_seconds": 35.84, "end_seconds": 36.24, "confidence": null}, {"text": "my", "start_seconds": 36.24, "end_seconds": 36.48, "confidence": null}, {"text": "arms", "start_seconds": 36.48, "end_seconds": 37.04, "confidence": null}, {"text": "like", "start_seconds": 37.04, "end_seconds": 37.12, "confidence": null}, {"text": "agree", "start_seconds": 37.84, "end_seconds": 38.32, "confidence": null}, {"text": "it's", "start_seconds": 38.32, "end_seconds": 38.48, "confidence": null}, {"text": "it's", "start_seconds": 38.56, "end_seconds": 38.72, "confidence": null}, {"text": "super", "start_seconds": 38.72, "end_seconds": 38.88, "confidence": null}, {"text": "annoying", "start_seconds": 38.88, "end_seconds": 39.28, "confidence": null}, {"text": "like", "start_seconds": 39.28, "end_seconds": 39.52, "confidence": null}, {"text": "it's", "start_seconds": 39.52, "end_seconds": 39.84, "confidence": null}, {"text": "itching", "start_seconds": 39.84, "end_seconds": 40.16, "confidence": null}, {"text": "a", "start_seconds": 40.16, "end_seconds": 40.24, "confidence": null}, {"text": "lot", "start_seconds": 40.24, "end_seconds": 40.56, "confidence": null}, {"text": "like", "start_seconds": 40.56, "end_seconds": 40.8, "confidence": null}, {"text": "all", "start_seconds": 40.8, "end_seconds": 40.96, "confidence": null}, {"text": "the", "start_seconds": 40.96, "end_seconds": 41.12, "confidence": null}, {"text": "time", "start_seconds": 41.12, "end_seconds": 41.44, "confidence": null}, {"text": "and", "start_seconds": 41.44, "end_seconds": 41.76, "confidence": null}, {"text": "I", "start_seconds": 41.84, "end_seconds": 41.92, "confidence": null}, {"text": "can't", "start_seconds": 41.92, "end_seconds": 42.16, "confidence": null}, {"text": "even", "start_seconds": 42.16, "end_seconds": 42.4, "confidence": null}, {"text": "sleep", "start_seconds": 42.4, "end_seconds": 42.8, "confidence": null}, {"text": "at", "start_seconds": 42.8, "end_seconds": 42.96, "confidence": null}, {"text": "night", "start_seconds": 42.96, "end_seconds": 43.04, "confidence": null}, {"text": "like", "start_seconds": 43.76, "end_seconds": 43.92, "confidence": null}, {"text": "I", "start_seconds": 43.92, "end_seconds": 44.0, "confidence": null}, {"text": "really", "start_seconds": 44.0, "end_seconds": 44.08, "confidence": null}, {"text": "need", "start_seconds": 44.08, "end_seconds": 44.32, "confidence": null}, {"text": "something", "start_seconds": 44.32, "end_seconds": 44.64, "confidence": null}, {"text": "quickly", "start_seconds": 44.64, "end_seconds": 44.96, "confidence": null}, {"text": "to", "start_seconds": 44.96, "end_seconds": 45.28, "confidence": null}, {"text": "to", "start_seconds": 45.28, "end_seconds": 45.44, "confidence": null}, {"text": "solve", "start_seconds": 45.44, "end_seconds": 45.68, "confidence": null}, {"text": "it", "start_seconds": 45.68, "end_seconds": 45.84, "confidence": null}, {"text": "because", "start_seconds": 45.84, "end_seconds": 46.0, "confidence": null}, {"text": "even", "start_seconds": 46.0, "end_seconds": 46.24, "confidence": null}, {"text": "at", "start_seconds": 46.24, "end_seconds": 46.48, "confidence": null}, {"text": "work", "start_seconds": 46.48, "end_seconds": 46.56, "confidence": null}, {"text": "I", "start_seconds": 47.04, "end_seconds": 47.28, "confidence": null}, {"text": "like", "start_seconds": 47.28, "end_seconds": 47.36, "confidence": null}, {"text": "um", "start_seconds": 47.76, "end_seconds": 48.08, "confidence": null}, {"text": "when", "start_seconds": 48.08, "end_seconds": 48.24, "confidence": null}, {"text": "I'm", "start_seconds": 48.24, "end_seconds": 48.4, "confidence": null}, {"text": "in", "start_seconds": 48.4, "end_seconds": 48.48, "confidence": null}, {"text": "the", "start_seconds": 48.48, "end_seconds": 48.56, "confidence": null}, {"text": "meeting", "start_seconds": 48.56, "end_seconds": 48.88, "confidence": null}, {"text": "and", "start_seconds": 48.88, "end_seconds": 49.04, "confidence": null}, {"text": "I", "start_seconds": 49.04, "end_seconds": 49.12, "confidence": null}, {"text": "have", "start_seconds": 49.12, "end_seconds": 49.2, "confidence": null}, {"text": "to", "start_seconds": 49.2, "end_seconds": 49.52, "confidence": null}, {"text": "like", "start_seconds": 49.52, "end_seconds": 49.84, "confidence": null}, {"text": "uh", "start_seconds": 49.84, "end_seconds": 50.0, "confidence": null}, {"text": "think", "start_seconds": 50.0, "end_seconds": 50.16, "confidence": null}, {"text": "about", "start_seconds": 50.16, "end_seconds": 50.24, "confidence": null}, {"text": "my", "start_seconds": 50.56, "end_seconds": 50.64, "confidence": null}, {"text": "work", "start_seconds": 50.96, "end_seconds": 51.04, "confidence": null}, {"text": "and", "start_seconds": 51.52, "end_seconds": 51.68, "confidence": null}, {"text": "focus", "start_seconds": 51.68, "end_seconds": 51.76, "confidence": null}, {"text": "like", "start_seconds": 52.16, "end_seconds": 52.32, "confidence": null}, {"text": "actually", "start_seconds": 52.32, "end_seconds": 52.64, "confidence": null}, {"text": "focus", "start_seconds": 52.64, "end_seconds": 52.8, "confidence": null}, {"text": "on", "start_seconds": 52.8, "end_seconds": 52.96, "confidence": null}, {"text": "my", "start_seconds": 52.96, "end_seconds": 53.04, "confidence": null}, {"text": "work", "start_seconds": 53.04, "end_seconds": 53.12, "confidence": null}, {"text": "it's", "start_seconds": 53.44, "end_seconds": 53.92, "confidence": null}, {"text": "really", "start_seconds": 53.92, "end_seconds": 54.0, "confidence": null}, {"text": "annoying", "start_seconds": 54.32, "end_seconds": 54.72, "confidence": null}, {"text": "because", "start_seconds": 54.72, "end_seconds": 54.8, "confidence": null}, {"text": "I", "start_seconds": 54.8, "end_seconds": 54.96, "confidence": null}, {"text": "can't", "start_seconds": 54.96, "end_seconds": 55.2, "confidence": null}, {"text": "actually", "start_seconds": 55.2, "end_seconds": 55.28, "confidence": null}, {"text": "think", "start_seconds": 55.6, "end_seconds": 55.68, "confidence": null}, {"text": "about", "start_seconds": 56.32, "end_seconds": 56.4, "confidence": null}, {"text": "uh", "start_seconds": 56.88, "end_seconds": 57.12, "confidence": null}, {"text": "what", "start_seconds": 57.12, "end_seconds": 57.2, "confidence": null}, {"text": "I", "start_seconds": 57.52, "end_seconds": 57.68, "confidence": null}, {"text": "have", "start_seconds": 57.68, "end_seconds": 57.76, "confidence": null}, {"text": "to", "start_seconds": 57.76, "end_seconds": 57.84, "confidence": null}, {"text": "say", "start_seconds": 57.84, "end_seconds": 58.08, "confidence": null}, {"text": "I'm", "start_seconds": 58.08, "end_seconds": 58.24, "confidence": null}, {"text": "always", "start_seconds": 58.24, "end_seconds": 58.32, "confidence": null}, {"text": "like", "start_seconds": 58.88, "end_seconds": 58.96, "confidence": null}, {"text": "uh", "start_seconds": 59.36, "end_seconds": 59.68, "confidence": null}, {"text": "disturbed", "start_seconds": 59.68, "end_seconds": 60.32, "confidence": null}, {"text": "by", "start_seconds": 60.32, "end_seconds": 60.48, "confidence": null}, {"text": "this", "start_seconds": 60.48, "end_seconds": 60.8, "confidence": null}, {"text": "disease", "start_seconds": 60.8, "end_seconds": 60.96, "confidence": null}]}, {"type": "transcript.final", "session_id": "eca83f08-096e-494b-b0fd-20e44ff8cd67", "sequence": 111, "segment_id": 7, "revision": 13, "text": " and this is obviously affecting you and uh we'll try very best to get get a sorted out for you um have you had anything like this before in the past", "granularity": "word", "items": [{"text": " and", "start_seconds": 63.04, "end_seconds": 63.12, "confidence": null}, {"text": "this", "start_seconds": 63.12, "end_seconds": 63.28, "confidence": null}, {"text": "is", "start_seconds": 63.28, "end_seconds": 63.36, "confidence": null}, {"text": "obviously", "start_seconds": 63.36, "end_seconds": 63.52, "confidence": null}, {"text": "affecting", "start_seconds": 63.52, "end_seconds": 63.84, "confidence": null}, {"text": "you", "start_seconds": 63.84, "end_seconds": 63.92, "confidence": null}, {"text": "and", "start_seconds": 64.4, "end_seconds": 64.56, "confidence": null}, {"text": "uh", "start_seconds": 64.56, "end_seconds": 64.88, "confidence": null}, {"text": "we'll", "start_seconds": 64.88, "end_seconds": 65.04, "confidence": null}, {"text": "try", "start_seconds": 65.04, "end_seconds": 65.28, "confidence": null}, {"text": "very", "start_seconds": 65.28, "end_seconds": 65.36, "confidence": null}, {"text": "best", "start_seconds": 65.36, "end_seconds": 65.6, "confidence": null}, {"text": "to", "start_seconds": 65.6, "end_seconds": 65.84, "confidence": null}, {"text": "get", "start_seconds": 65.84, "end_seconds": 66.08, "confidence": null}, {"text": "get", "start_seconds": 66.08, "end_seconds": 66.32, "confidence": null}, {"text": "a", "start_seconds": 66.32, "end_seconds": 66.64, "confidence": null}, {"text": "sorted", "start_seconds": 66.64, "end_seconds": 66.88, "confidence": null}, {"text": "out", "start_seconds": 66.88, "end_seconds": 66.96, "confidence": null}, {"text": "for", "start_seconds": 66.96, "end_seconds": 67.12, "confidence": null}, {"text": "you", "start_seconds": 67.12, "end_seconds": 67.2, "confidence": null}, {"text": "um", "start_seconds": 67.76, "end_seconds": 67.92, "confidence": null}, {"text": "have", "start_seconds": 67.92, "end_seconds": 68.08, "confidence": null}, {"text": "you", "start_seconds": 68.08, "end_seconds": 68.24, "confidence": null}, {"text": "had", "start_seconds": 68.24, "end_seconds": 68.4, "confidence": null}, {"text": "anything", "start_seconds": 68.4, "end_seconds": 68.64, "confidence": null}, {"text": "like", "start_seconds": 68.64, "end_seconds": 68.88, "confidence": null}, {"text": "this", "start_seconds": 68.88, "end_seconds": 69.04, "confidence": null}, {"text": "before", "start_seconds": 69.04, "end_seconds": 69.2, "confidence": null}, {"text": "in", "start_seconds": 69.2, "end_seconds": 69.36, "confidence": null}, {"text": "the", "start_seconds": 69.36, "end_seconds": 69.44, "confidence": null}, {"text": "past", "start_seconds": 69.44, "end_seconds": 69.52, "confidence": null}]}, {"type": "transcript.final", "session_id": "eca83f08-096e-494b-b0fd-20e44ff8cd67", "sequence": 120, "segment_id": 8, "revision": 9, "text": " um so yes uh earlier I was like prescribed for my eczema", "granularity": "word", "items": [{"text": " um", "start_seconds": 71.76, "end_seconds": 71.84, "confidence": null}, {"text": "so", "start_seconds": 72.24, "end_seconds": 72.48, "confidence": null}, {"text": "yes", "start_seconds": 72.48, "end_seconds": 72.64, "confidence": null}, {"text": "uh", "start_seconds": 73.2, "end_seconds": 73.52, "confidence": null}, {"text": "earlier", "start_seconds": 73.52, "end_seconds": 73.92, "confidence": null}, {"text": "I", "start_seconds": 73.92, "end_seconds": 74.0, "confidence": null}, {"text": "was", "start_seconds": 74.0, "end_seconds": 74.08, "confidence": null}, {"text": "like", "start_seconds": 74.08, "end_seconds": 74.16, "confidence": null}, {"text": "prescribed", "start_seconds": 74.48, "end_seconds": 74.88, "confidence": null}, {"text": "for", "start_seconds": 74.88, "end_seconds": 75.04, "confidence": null}, {"text": "my", "start_seconds": 75.04, "end_seconds": 75.2, "confidence": null}, {"text": "eczema", "start_seconds": 75.2, "end_seconds": 75.6, "confidence": null}]}, {"type": "transcript.final", "session_id": "eca83f08-096e-494b-b0fd-20e44ff8cd67", "sequence": 136, "segment_id": 9, "revision": 16, "text": " and they gave me like some cream and something to uh when I like was charged uh when I was in the shower had to put something okay but um", "granularity": "word", "items": [{"text": " and", "start_seconds": 77.28, "end_seconds": 77.36, "confidence": null}, {"text": "they", "start_seconds": 77.92, "end_seconds": 78.08, "confidence": null}, {"text": "gave", "start_seconds": 78.08, "end_seconds": 78.16, "confidence": null}, {"text": "me", "start_seconds": 78.16, "end_seconds": 78.32, "confidence": null}, {"text": "like", "start_seconds": 78.32, "end_seconds": 78.48, "confidence": null}, {"text": "some", "start_seconds": 78.48, "end_seconds": 78.56, "confidence": null}, {"text": "cream", "start_seconds": 78.96, "end_seconds": 79.44, "confidence": null}, {"text": "and", "start_seconds": 79.44, "end_seconds": 79.68, "confidence": null}, {"text": "something", "start_seconds": 79.68, "end_seconds": 80.08, "confidence": null}, {"text": "to", "start_seconds": 80.08, "end_seconds": 80.16, "confidence": null}, {"text": "uh", "start_seconds": 80.72, "end_seconds": 81.04, "confidence": null}, {"text": "when", "start_seconds": 81.04, "end_seconds": 81.2, "confidence": null}, {"text": "I", "start_seconds": 81.2, "end_seconds": 81.28, "confidence": null}, {"text": "like", "start_seconds": 81.68, "end_seconds": 82.0, "confidence": null}, {"text": "was", "start_seconds": 82.0, "end_seconds": 82.08, "confidence": null}, {"text": "charged", "start_seconds": 82.48, "end_seconds": 82.96, "confidence": null}, {"text": "uh", "start_seconds": 82.96, "end_seconds": 83.12, "confidence": null}, {"text": "when", "start_seconds": 83.12, "end_seconds": 83.2, "confidence": null}, {"text": "I", "start_seconds": 83.2, "end_seconds": 83.28, "confidence": null}, {"text": "was", "start_seconds": 83.28, "end_seconds": 83.36, "confidence": null}, {"text": "in", "start_seconds": 83.36, "end_seconds": 83.52, "confidence": null}, {"text": "the", "start_seconds": 83.52, "end_seconds": 83.6, "confidence": null}, {"text": "shower", "start_seconds": 83.6, "end_seconds": 84.0, "confidence": null}, {"text": "had", "start_seconds": 84.0, "end_seconds": 84.08, "confidence": null}, {"text": "to", "start_seconds": 84.08, "end_seconds": 84.16, "confidence": null}, {"text": "put", "start_seconds": 84.16, "end_seconds": 84.32, "confidence": null}, {"text": "something", "start_seconds": 84.32, "end_seconds": 84.4, "confidence": null}, {"text": "okay", "start_seconds": 85.12, "end_seconds": 85.44, "confidence": null}, {"text": "but", "start_seconds": 85.44, "end_seconds": 85.76, "confidence": null}, {"text": "um", "start_seconds": 85.76, "end_seconds": 85.84, "confidence": null}]}, {"type": "transcript.final", "session_id": "eca83f08-096e-494b-b0fd-20e44ff8cd67", "sequence": 138, "segment_id": 10, "revision": 2, "text": " did it help", "granularity": "word", "items": [{"text": " did", "start_seconds": 87.04, "end_seconds": 87.2, "confidence": null}, {"text": "it", "start_seconds": 87.2, "end_seconds": 87.28, "confidence": null}, {"text": "help", "start_seconds": 87.28, "end_seconds": 87.36, "confidence": null}]}, {"type": "transcript.final", "session_id": "eca83f08-096e-494b-b0fd-20e44ff8cd67", "sequence": 166, "segment_id": 11, "revision": 28, "text": " i mean at that time yes but the symptoms like these symptoms are like when the symptoms appeared again I tried those and they didn't work I've tried a few things like I bought like a sterile cream at the pharmacy last night but it apparently didn't help because it's still itching a lot today", "granularity": "word", "items": [{"text": " i", "start_seconds": 90.0, "end_seconds": 90.08, "confidence": null}, {"text": "mean", "start_seconds": 90.08, "end_seconds": 90.16, "confidence": null}, {"text": "at", "start_seconds": 90.72, "end_seconds": 90.88, "confidence": null}, {"text": "that", "start_seconds": 90.88, "end_seconds": 91.04, "confidence": null}, {"text": "time", "start_seconds": 91.04, "end_seconds": 91.36, "confidence": null}, {"text": "yes", "start_seconds": 91.36, "end_seconds": 91.6, "confidence": null}, {"text": "but", "start_seconds": 91.6, "end_seconds": 91.68, "confidence": null}, {"text": "the", "start_seconds": 92.0, "end_seconds": 92.24, "confidence": null}, {"text": "symptoms", "start_seconds": 92.24, "end_seconds": 92.72, "confidence": null}, {"text": "like", "start_seconds": 92.72, "end_seconds": 92.96, "confidence": null}, {"text": "these", "start_seconds": 92.96, "end_seconds": 93.12, "confidence": null}, {"text": "symptoms", "start_seconds": 93.12, "end_seconds": 93.52, "confidence": null}, {"text": "are", "start_seconds": 93.52, "end_seconds": 93.6, "confidence": null}, {"text": "like", "start_seconds": 94.0, "end_seconds": 94.08, "confidence": null}, {"text": "when", "start_seconds": 94.64, "end_seconds": 94.72, "confidence": null}, {"text": "the", "start_seconds": 94.72, "end_seconds": 94.88, "confidence": null}, {"text": "symptoms", "start_seconds": 94.88, "end_seconds": 95.2, "confidence": null}, {"text": "appeared", "start_seconds": 95.2, "end_seconds": 95.6, "confidence": null}, {"text": "again", "start_seconds": 95.6, "end_seconds": 95.92, "confidence": null}, {"text": "I", "start_seconds": 95.92, "end_seconds": 96.08, "confidence": null}, {"text": "tried", "start_seconds": 96.08, "end_seconds": 96.32, "confidence": null}, {"text": "those", "start_seconds": 96.32, "end_seconds": 96.48, "confidence": null}, {"text": "and", "start_seconds": 96.48, "end_seconds": 96.64, "confidence": null}, {"text": "they", "start_seconds": 96.64, "end_seconds": 96.88, "confidence": null}, {"text": "didn't", "start_seconds": 96.88, "end_seconds": 97.28, "confidence": null}, {"text": "work", "start_seconds": 97.28, "end_seconds": 97.36, "confidence": null}, {"text": "I've", "start_seconds": 97.68, "end_seconds": 97.84, "confidence": null}, {"text": "tried", "start_seconds": 97.84, "end_seconds": 98.16, "confidence": null}, {"text": "a", "start_seconds": 98.16, "end_seconds": 98.24, "confidence": null}, {"text": "few", "start_seconds": 98.24, "end_seconds": 98.4, "confidence": null}, {"text": "things", "start_seconds": 98.4, "end_seconds": 98.8, "confidence": null}, {"text": "like", "start_seconds": 98.8, "end_seconds": 98.88, "confidence": null}, {"text": "I", "start_seconds": 99.28, "end_seconds": 99.36, "confidence": null}, {"text": "bought", "start_seconds": 99.68, "end_seconds": 99.84, "confidence": null}, {"text": "like", "start_seconds": 99.84, "end_seconds": 99.92, "confidence": null}, {"text": "a", "start_seconds": 100.24, "end_seconds": 100.4, "confidence": null}, {"text": "sterile", "start_seconds": 100.4, "end_seconds": 100.88, "confidence": null}, {"text": "cream", "start_seconds": 100.88, "end_seconds": 101.12, "confidence": null}, {"text": "at", "start_seconds": 101.12, "end_seconds": 101.28, "confidence": null}, {"text": "the", "start_seconds": 101.28, "end_seconds": 101.36, "confidence": null}, {"text": "pharmacy", "start_seconds": 101.36, "end_seconds": 101.92, "confidence": null}, {"text": "last", "start_seconds": 101.92, "end_seconds": 102.08, "confidence": null}, {"text": "night", "start_seconds": 102.08, "end_seconds": 102.16, "confidence": null}, {"text": "but", "start_seconds": 102.56, "end_seconds": 102.64, "confidence": null}, {"text": "it", "start_seconds": 103.04, "end_seconds": 103.28, "confidence": null}, {"text": "apparently", "start_seconds": 103.28, "end_seconds": 103.68, "confidence": null}, {"text": "didn't", "start_seconds": 103.68, "end_seconds": 104.16, "confidence": null}, {"text": "help", "start_seconds": 104.16, "end_seconds": 104.4, "confidence": null}, {"text": "because", "start_seconds": 104.4, "end_seconds": 104.56, "confidence": null}, {"text": "it's", "start_seconds": 104.56, "end_seconds": 104.8, "confidence": null}, {"text": "still", "start_seconds": 104.8, "end_seconds": 104.96, "confidence": null}, {"text": "itching", "start_seconds": 104.96, "end_seconds": 105.36, "confidence": null}, {"text": "a", "start_seconds": 105.36, "end_seconds": 105.44, "confidence": null}, {"text": "lot", "start_seconds": 105.44, "end_seconds": 105.6, "confidence": null}, {"text": "today", "start_seconds": 105.6, "end_seconds": 105.68, "confidence": null}]}, {"type": "transcript.final", "session_id": "eca83f08-096e-494b-b0fd-20e44ff8cd67", "sequence": 170, "segment_id": 12, "revision": 4, "text": " do you remember the name of the creamy you bought", "granularity": "word", "items": [{"text": " do", "start_seconds": 107.6, "end_seconds": 107.68, "confidence": null}, {"text": "you", "start_seconds": 107.68, "end_seconds": 107.76, "confidence": null}, {"text": "remember", "start_seconds": 107.76, "end_seconds": 107.92, "confidence": null}, {"text": "the", "start_seconds": 107.92, "end_seconds": 108.08, "confidence": null}, {"text": "name", "start_seconds": 108.08, "end_seconds": 108.16, "confidence": null}, {"text": "of", "start_seconds": 108.16, "end_seconds": 108.24, "confidence": null}, {"text": "the", "start_seconds": 108.24, "end_seconds": 108.4, "confidence": null}, {"text": "creamy", "start_seconds": 108.4, "end_seconds": 108.8, "confidence": null}, {"text": "you", "start_seconds": 108.8, "end_seconds": 108.88, "confidence": null}, {"text": "bought", "start_seconds": 108.88, "end_seconds": 109.04, "confidence": null}]}, {"type": "transcript.final", "session_id": "eca83f08-096e-494b-b0fd-20e44ff8cd67", "sequence": 184, "segment_id": 13, "revision": 14, "text": " steward cream okay steroid okay uh it's okay um do would you say these symptoms are very similar to your eczema symptoms or different", "granularity": "word", "items": [{"text": " steward", "start_seconds": 110.88, "end_seconds": 111.28, "confidence": null}, {"text": "cream", "start_seconds": 111.28, "end_seconds": 111.6, "confidence": null}, {"text": "okay", "start_seconds": 111.6, "end_seconds": 111.84, "confidence": null}, {"text": "steroid", "start_seconds": 111.84, "end_seconds": 112.32, "confidence": null}, {"text": "okay", "start_seconds": 112.32, "end_seconds": 112.4, "confidence": null}, {"text": "uh", "start_seconds": 112.72, "end_seconds": 112.96, "confidence": null}, {"text": "it's", "start_seconds": 112.96, "end_seconds": 113.04, "confidence": null}, {"text": "okay", "start_seconds": 113.04, "end_seconds": 113.12, "confidence": null}, {"text": "um", "start_seconds": 113.68, "end_seconds": 113.76, "confidence": null}, {"text": "do", "start_seconds": 114.4, "end_seconds": 114.72, "confidence": null}, {"text": "would", "start_seconds": 114.72, "end_seconds": 114.96, "confidence": null}, {"text": "you", "start_seconds": 114.96, "end_seconds": 115.04, "confidence": null}, {"text": "say", "start_seconds": 115.04, "end_seconds": 115.12, "confidence": null}, {"text": "these", "start_seconds": 115.52, "end_seconds": 115.68, "confidence": null}, {"text": "symptoms", "start_seconds": 115.68, "end_seconds": 116.08, "confidence": null}, {"text": "are", "start_seconds": 116.08, "end_seconds": 116.4, "confidence": null}, {"text": "very", "start_seconds": 116.4, "end_seconds": 116.56, "confidence": null}, {"text": "similar", "start_seconds": 116.56, "end_seconds": 116.88, "confidence": null}, {"text": "to", "start_seconds": 116.88, "end_seconds": 117.04, "confidence": null}, {"text": "your", "start_seconds": 117.04, "end_seconds": 117.36, "confidence": null}, {"text": "eczema", "start_seconds": 117.36, "end_seconds": 117.84, "confidence": null}, {"text": "symptoms", "start_seconds": 117.84, "end_seconds": 118.16, "confidence": null}, {"text": "or", "start_seconds": 118.16, "end_seconds": 118.24, "confidence": null}, {"text": "different", "start_seconds": 118.24, "end_seconds": 118.32, "confidence": null}]}, {"type": "transcript.final", "session_id": "eca83f08-096e-494b-b0fd-20e44ff8cd67", "sequence": 199, "segment_id": 14, "revision": 15, "text": " it's much more like itchy and magzema was more like only in the arms and now it's also on the chest and in the in the on the hands as well", "granularity": "word", "items": [{"text": " it's", "start_seconds": 122.08, "end_seconds": 122.24, "confidence": null}, {"text": "much", "start_seconds": 122.24, "end_seconds": 122.4, "confidence": null}, {"text": "more", "start_seconds": 122.4, "end_seconds": 122.56, "confidence": null}, {"text": "like", "start_seconds": 122.56, "end_seconds": 122.88, "confidence": null}, {"text": "itchy", "start_seconds": 122.88, "end_seconds": 123.44, "confidence": null}, {"text": "and", "start_seconds": 123.44, "end_seconds": 123.52, "confidence": null}, {"text": "magzema", "start_seconds": 123.84, "end_seconds": 124.4, "confidence": null}, {"text": "was", "start_seconds": 124.4, "end_seconds": 124.48, "confidence": null}, {"text": "more", "start_seconds": 124.48, "end_seconds": 124.56, "confidence": null}, {"text": "like", "start_seconds": 124.56, "end_seconds": 124.88, "confidence": null}, {"text": "only", "start_seconds": 124.88, "end_seconds": 125.04, "confidence": null}, {"text": "in", "start_seconds": 125.04, "end_seconds": 125.12, "confidence": null}, {"text": "the", "start_seconds": 125.12, "end_seconds": 125.44, "confidence": null}, {"text": "arms", "start_seconds": 125.44, "end_seconds": 125.68, "confidence": null}, {"text": "and", "start_seconds": 125.68, "end_seconds": 125.84, "confidence": null}, {"text": "now", "start_seconds": 125.84, "end_seconds": 126.0, "confidence": null}, {"text": "it's", "start_seconds": 126.0, "end_seconds": 126.08, "confidence": null}, {"text": "also", "start_seconds": 126.56, "end_seconds": 126.72, "confidence": null}, {"text": "on", "start_seconds": 126.72, "end_seconds": 126.88, "confidence": null}, {"text": "the", "start_seconds": 126.88, "end_seconds": 127.04, "confidence": null}, {"text": "chest", "start_seconds": 127.04, "end_seconds": 127.28, "confidence": null}, {"text": "and", "start_seconds": 127.68, "end_seconds": 127.92, "confidence": null}, {"text": "in", "start_seconds": 127.92, "end_seconds": 128.08, "confidence": null}, {"text": "the", "start_seconds": 128.08, "end_seconds": 128.16, "confidence": null}, {"text": "in", "start_seconds": 128.64, "end_seconds": 128.72, "confidence": null}, {"text": "the", "start_seconds": 128.72, "end_seconds": 129.04, "confidence": null}, {"text": "on", "start_seconds": 129.12, "end_seconds": 129.2, "confidence": null}, {"text": "the", "start_seconds": 129.2, "end_seconds": 129.36, "confidence": null}, {"text": "hands", "start_seconds": 129.36, "end_seconds": 129.68, "confidence": null}, {"text": "as", "start_seconds": 129.68, "end_seconds": 129.76, "confidence": null}, {"text": "well", "start_seconds": 129.76, "end_seconds": 129.84, "confidence": null}]}, {"type": "transcript.final", "session_id": "eca83f08-096e-494b-b0fd-20e44ff8cd67", "sequence": 240, "segment_id": 15, "revision": 41, "text": " like i like for instance hiking during the weekends and i um i can't really do it anymore because it's like very like like i want it to that last weekend and it was super painful and i have to take like showers every day to be able to kind of uh ease this itching part which is very very annoying no well okay that's okay so you mentioned the itchiness you also mentioned it's been quite sore", "granularity": "word", "items": [{"text": " like", "start_seconds": 132.24, "end_seconds": 132.32, "confidence": null}, {"text": "i", "start_seconds": 132.4, "end_seconds": 132.48, "confidence": null}, {"text": "like", "start_seconds": 132.48, "end_seconds": 132.8, "confidence": null}, {"text": "for", "start_seconds": 132.8, "end_seconds": 132.88, "confidence": null}, {"text": "instance", "start_seconds": 132.88, "end_seconds": 133.28, "confidence": null}, {"text": "hiking", "start_seconds": 133.28, "end_seconds": 133.92, "confidence": null}, {"text": "during", "start_seconds": 133.92, "end_seconds": 134.24, "confidence": null}, {"text": "the", "start_seconds": 134.24, "end_seconds": 134.32, "confidence": null}, {"text": "weekends", "start_seconds": 134.32, "end_seconds": 134.96, "confidence": null}, {"text": "and", "start_seconds": 134.96, "end_seconds": 135.28, "confidence": null}, {"text": "i", "start_seconds": 135.28, "end_seconds": 135.6, "confidence": null}, {"text": "um", "start_seconds": 135.6, "end_seconds": 135.84, "confidence": null}, {"text": "i", "start_seconds": 135.84, "end_seconds": 135.92, "confidence": null}, {"text": "can't", "start_seconds": 135.92, "end_seconds": 136.16, "confidence": null}, {"text": "really", "start_seconds": 136.16, "end_seconds": 136.32, "confidence": null}, {"text": "do", "start_seconds": 136.32, "end_seconds": 136.4, "confidence": null}, {"text": "it", "start_seconds": 136.4, "end_seconds": 136.56, "confidence": null}, {"text": "anymore", "start_seconds": 136.56, "end_seconds": 136.96, "confidence": null}, {"text": "because", "start_seconds": 136.96, "end_seconds": 137.2, "confidence": null}, {"text": "it's", "start_seconds": 137.2, "end_seconds": 137.6, "confidence": null}, {"text": "like", "start_seconds": 137.6, "end_seconds": 137.68, "confidence": null}, {"text": "very", "start_seconds": 138.32, "end_seconds": 138.4, "confidence": null}, {"text": "like", "start_seconds": 139.28, "end_seconds": 139.36, "confidence": null}, {"text": "like", "start_seconds": 140.0, "end_seconds": 140.16, "confidence": null}, {"text": "i", "start_seconds": 140.16, "end_seconds": 140.24, "confidence": null}, {"text": "want", "start_seconds": 140.24, "end_seconds": 140.48, "confidence": null}, {"text": "it", "start_seconds": 140.48, "end_seconds": 140.56, "confidence": null}, {"text": "to", "start_seconds": 140.56, "end_seconds": 140.8, "confidence": null}, {"text": "that", "start_seconds": 140.8, "end_seconds": 141.04, "confidence": null}, {"text": "last", "start_seconds": 141.04, "end_seconds": 141.2, "confidence": null}, {"text": "weekend", "start_seconds": 141.2, "end_seconds": 141.52, "confidence": null}, {"text": "and", "start_seconds": 141.52, "end_seconds": 141.76, "confidence": null}, {"text": "it", "start_seconds": 141.76, "end_seconds": 141.84, "confidence": null}, {"text": "was", "start_seconds": 141.84, "end_seconds": 141.92, "confidence": null}, {"text": "super", "start_seconds": 142.24, "end_seconds": 142.32, "confidence": null}, {"text": "painful", "start_seconds": 142.8, "end_seconds": 143.36, "confidence": null}, {"text": "and", "start_seconds": 143.36, "end_seconds": 143.44, "confidence": null}, {"text": "i", "start_seconds": 144.32, "end_seconds": 144.4, "confidence": null}, {"text": "have", "start_seconds": 144.4, "end_seconds": 144.48, "confidence": null}, {"text": "to", "start_seconds": 144.48, "end_seconds": 144.56, "confidence": null}, {"text": "take", "start_seconds": 144.56, "end_seconds": 144.72, "confidence": null}, {"text": "like", "start_seconds": 144.72, "end_seconds": 145.04, "confidence": null}, {"text": "showers", "start_seconds": 145.04, "end_seconds": 145.2, "confidence": null}, {"text": "every", "start_seconds": 145.6, "end_seconds": 145.84, "confidence": null}, {"text": "day", "start_seconds": 145.84, "end_seconds": 146.08, "confidence": null}, {"text": "to", "start_seconds": 146.08, "end_seconds": 146.24, "confidence": null}, {"text": "be", "start_seconds": 146.24, "end_seconds": 146.32, "confidence": null}, {"text": "able", "start_seconds": 146.32, "end_seconds": 146.4, "confidence": null}, {"text": "to", "start_seconds": 146.4, "end_seconds": 146.48, "confidence": null}, {"text": "kind", "start_seconds": 146.88, "end_seconds": 147.04, "confidence": null}, {"text": "of", "start_seconds": 147.04, "end_seconds": 147.12, "confidence": null}, {"text": "uh", "start_seconds": 147.68, "end_seconds": 147.92, "confidence": null}, {"text": "ease", "start_seconds": 147.92, "end_seconds": 148.24, "confidence": null}, {"text": "this", "start_seconds": 148.96, "end_seconds": 149.2, "confidence": null}, {"text": "itching", "start_seconds": 149.2, "end_seconds": 149.76, "confidence": null}, {"text": "part", "start_seconds": 149.76, "end_seconds": 149.84, "confidence": null}, {"text": "which", "start_seconds": 150.24, "end_seconds": 150.32, "confidence": null}, {"text": "is", "start_seconds": 150.32, "end_seconds": 150.4, "confidence": null}, {"text": "very", "start_seconds": 150.4, "end_seconds": 150.72, "confidence": null}, {"text": "very", "start_seconds": 150.72, "end_seconds": 150.8, "confidence": null}, {"text": "annoying", "start_seconds": 150.8, "end_seconds": 151.12, "confidence": null}, {"text": "no", "start_seconds": 151.52, "end_seconds": 151.6, "confidence": null}, {"text": "well", "start_seconds": 151.92, "end_seconds": 152.24, "confidence": null}, {"text": "okay", "start_seconds": 152.24, "end_seconds": 152.56, "confidence": null}, {"text": "that's", "start_seconds": 152.56, "end_seconds": 152.72, "confidence": null}, {"text": "okay", "start_seconds": 152.72, "end_seconds": 152.88, "confidence": null}, {"text": "so", "start_seconds": 152.88, "end_seconds": 153.04, "confidence": null}, {"text": "you", "start_seconds": 153.04, "end_seconds": 153.12, "confidence": null}, {"text": "mentioned", "start_seconds": 153.12, "end_seconds": 153.28, "confidence": null}, {"text": "the", "start_seconds": 153.28, "end_seconds": 153.52, "confidence": null}, {"text": "itchiness", "start_seconds": 153.52, "end_seconds": 154.08, "confidence": null}, {"text": "you", "start_seconds": 154.8, "end_seconds": 155.04, "confidence": null}, {"text": "also", "start_seconds": 155.04, "end_seconds": 155.28, "confidence": null}, {"text": "mentioned", "start_seconds": 155.28, "end_seconds": 155.44, "confidence": null}, {"text": "it's", "start_seconds": 155.44, "end_seconds": 155.6, "confidence": null}, {"text": "been", "start_seconds": 155.6, "end_seconds": 155.68, "confidence": null}, {"text": "quite", "start_seconds": 155.68, "end_seconds": 155.92, "confidence": null}, {"text": "sore", "start_seconds": 155.92, "end_seconds": 156.16, "confidence": null}]}, {"type": "transcript.final", "session_id": "eca83f08-096e-494b-b0fd-20e44ff8cd67", "sequence": 250, "segment_id": 16, "revision": 10, "text": " have you noticed any uh bleeding or discharge from your skins", "granularity": "word", "items": [{"text": " have", "start_seconds": 158.16, "end_seconds": 158.32, "confidence": null}, {"text": "you", "start_seconds": 158.32, "end_seconds": 158.4, "confidence": null}, {"text": "noticed", "start_seconds": 158.4, "end_seconds": 158.72, "confidence": null}, {"text": "any", "start_seconds": 158.72, "end_seconds": 158.8, "confidence": null}, {"text": "uh", "start_seconds": 159.28, "end_seconds": 159.36, "confidence": null}, {"text": "bleeding", "start_seconds": 159.68, "end_seconds": 160.08, "confidence": null}, {"text": "or", "start_seconds": 160.48, "end_seconds": 160.56, "confidence": null}, {"text": "discharge", "start_seconds": 160.88, "end_seconds": 161.68, "confidence": null}, {"text": "from", "start_seconds": 161.68, "end_seconds": 161.92, "confidence": null}, {"text": "your", "start_seconds": 161.92, "end_seconds": 162.0, "confidence": null}, {"text": "skins", "start_seconds": 162.0, "end_seconds": 162.4, "confidence": null}]}, {"type": "transcript.final", "session_id": "eca83f08-096e-494b-b0fd-20e44ff8cd67", "sequence": 264, "segment_id": 17, "revision": 14, "text": " no um so my skin is a bit cracked in some parts like kind of cracked if you see what I mean okay but uh yeah", "granularity": "word", "items": [{"text": " no", "start_seconds": 163.84, "end_seconds": 163.92, "confidence": null}, {"text": "um", "start_seconds": 164.64, "end_seconds": 164.96, "confidence": null}, {"text": "so", "start_seconds": 164.96, "end_seconds": 165.04, "confidence": null}, {"text": "my", "start_seconds": 165.68, "end_seconds": 165.84, "confidence": null}, {"text": "skin", "start_seconds": 165.84, "end_seconds": 166.08, "confidence": null}, {"text": "is", "start_seconds": 166.08, "end_seconds": 166.24, "confidence": null}, {"text": "a", "start_seconds": 166.24, "end_seconds": 166.4, "confidence": null}, {"text": "bit", "start_seconds": 166.4, "end_seconds": 166.48, "confidence": null}, {"text": "cracked", "start_seconds": 166.96, "end_seconds": 167.36, "confidence": null}, {"text": "in", "start_seconds": 168.0, "end_seconds": 168.08, "confidence": null}, {"text": "some", "start_seconds": 168.08, "end_seconds": 168.16, "confidence": null}, {"text": "parts", "start_seconds": 168.16, "end_seconds": 168.48, "confidence": null}, {"text": "like", "start_seconds": 168.48, "end_seconds": 168.72, "confidence": null}, {"text": "kind", "start_seconds": 168.72, "end_seconds": 168.8, "confidence": null}, {"text": "of", "start_seconds": 168.8, "end_seconds": 168.96, "confidence": null}, {"text": "cracked", "start_seconds": 168.96, "end_seconds": 169.44, "confidence": null}, {"text": "if", "start_seconds": 169.44, "end_seconds": 169.52, "confidence": null}, {"text": "you", "start_seconds": 169.52, "end_seconds": 169.6, "confidence": null}, {"text": "see", "start_seconds": 169.6, "end_seconds": 169.68, "confidence": null}, {"text": "what", "start_seconds": 169.68, "end_seconds": 169.84, "confidence": null}, {"text": "I", "start_seconds": 169.84, "end_seconds": 169.92, "confidence": null}, {"text": "mean", "start_seconds": 169.92, "end_seconds": 170.0, "confidence": null}, {"text": "okay", "start_seconds": 170.4, "end_seconds": 170.64, "confidence": null}, {"text": "but", "start_seconds": 170.64, "end_seconds": 170.88, "confidence": null}, {"text": "uh", "start_seconds": 170.88, "end_seconds": 170.96, "confidence": null}, {"text": "yeah", "start_seconds": 171.36, "end_seconds": 171.44, "confidence": null}]}, {"type": "transcript.final", "session_id": "eca83f08-096e-494b-b0fd-20e44ff8cd67", "sequence": 271, "segment_id": 18, "revision": 7, "text": " I'm looking uh any other uh pass or blood coming out of your skin", "granularity": "word", "items": [{"text": " I'm", "start_seconds": 172.48, "end_seconds": 172.72, "confidence": null}, {"text": "looking", "start_seconds": 172.72, "end_seconds": 172.96, "confidence": null}, {"text": "uh", "start_seconds": 172.96, "end_seconds": 173.12, "confidence": null}, {"text": "any", "start_seconds": 173.12, "end_seconds": 173.2, "confidence": null}, {"text": "other", "start_seconds": 173.2, "end_seconds": 173.52, "confidence": null}, {"text": "uh", "start_seconds": 173.52, "end_seconds": 173.6, "confidence": null}, {"text": "pass", "start_seconds": 174.16, "end_seconds": 174.72, "confidence": null}, {"text": "or", "start_seconds": 174.72, "end_seconds": 174.88, "confidence": null}, {"text": "blood", "start_seconds": 174.88, "end_seconds": 175.28, "confidence": null}, {"text": "coming", "start_seconds": 175.28, "end_seconds": 175.52, "confidence": null}, {"text": "out", "start_seconds": 175.52, "end_seconds": 175.68, "confidence": null}, {"text": "of", "start_seconds": 175.68, "end_seconds": 175.84, "confidence": null}, {"text": "your", "start_seconds": 175.84, "end_seconds": 176.0, "confidence": null}, {"text": "skin", "start_seconds": 176.0, "end_seconds": 176.08, "confidence": null}]}, {"type": "transcript.final", "session_id": "eca83f08-096e-494b-b0fd-20e44ff8cd67", "sequence": 276, "segment_id": 19, "revision": 5, "text": " and you mentioned it all started three days ago", "granularity": "word", "items": [{"text": " and", "start_seconds": 178.48, "end_seconds": 178.56, "confidence": null}, {"text": "you", "start_seconds": 178.56, "end_seconds": 178.72, "confidence": null}, {"text": "mentioned", "start_seconds": 178.72, "end_seconds": 179.04, "confidence": null}, {"text": "it", "start_seconds": 179.04, "end_seconds": 179.28, "confidence": null}, {"text": "all", "start_seconds": 179.28, "end_seconds": 179.36, "confidence": null}, {"text": "started", "start_seconds": 179.36, "end_seconds": 179.6, "confidence": null}, {"text": "three", "start_seconds": 179.6, "end_seconds": 179.76, "confidence": null}, {"text": "days", "start_seconds": 179.76, "end_seconds": 179.92, "confidence": null}, {"text": "ago", "start_seconds": 179.92, "end_seconds": 180.0, "confidence": null}]}, {"type": "transcript.final", "session_id": "eca83f08-096e-494b-b0fd-20e44ff8cd67", "sequence": 289, "segment_id": 20, "revision": 13, "text": " days ago are you aware of any triggers or anything that you may have done that may have caused your symptoms to start so for example", "granularity": "word", "items": [{"text": " days", "start_seconds": 182.16, "end_seconds": 182.24, "confidence": null}, {"text": "ago", "start_seconds": 182.24, "end_seconds": 182.56, "confidence": null}, {"text": "are", "start_seconds": 182.56, "end_seconds": 182.64, "confidence": null}, {"text": "you", "start_seconds": 182.64, "end_seconds": 182.8, "confidence": null}, {"text": "aware", "start_seconds": 182.8, "end_seconds": 182.88, "confidence": null}, {"text": "of", "start_seconds": 182.88, "end_seconds": 183.04, "confidence": null}, {"text": "any", "start_seconds": 183.04, "end_seconds": 183.2, "confidence": null}, {"text": "triggers", "start_seconds": 183.2, "end_seconds": 183.44, "confidence": null}, {"text": "or", "start_seconds": 183.84, "end_seconds": 184.0, "confidence": null}, {"text": "anything", "start_seconds": 184.0, "end_seconds": 184.24, "confidence": null}, {"text": "that", "start_seconds": 184.24, "end_seconds": 184.4, "confidence": null}, {"text": "you", "start_seconds": 184.4, "end_seconds": 184.56, "confidence": null}, {"text": "may", "start_seconds": 184.56, "end_seconds": 184.72, "confidence": null}, {"text": "have", "start_seconds": 184.72, "end_seconds": 184.88, "confidence": null}, {"text": "done", "start_seconds": 184.88, "end_seconds": 184.96, "confidence": null}, {"text": "that", "start_seconds": 185.92, "end_seconds": 186.16, "confidence": null}, {"text": "may", "start_seconds": 186.16, "end_seconds": 186.32, "confidence": null}, {"text": "have", "start_seconds": 186.32, "end_seconds": 186.48, "confidence": null}, {"text": "caused", "start_seconds": 186.48, "end_seconds": 186.64, "confidence": null}, {"text": "your", "start_seconds": 187.04, "end_seconds": 187.12, "confidence": null}, {"text": "symptoms", "start_seconds": 187.12, "end_seconds": 187.52, "confidence": null}, {"text": "to", "start_seconds": 187.52, "end_seconds": 187.68, "confidence": null}, {"text": "start", "start_seconds": 187.68, "end_seconds": 187.76, "confidence": null}, {"text": "so", "start_seconds": 188.32, "end_seconds": 188.56, "confidence": null}, {"text": "for", "start_seconds": 188.56, "end_seconds": 188.72, "confidence": null}, {"text": "example", "start_seconds": 188.72, "end_seconds": 188.8, "confidence": null}]}, {"type": "transcript.final", "session_id": "eca83f08-096e-494b-b0fd-20e44ff8cd67", "sequence": 296, "segment_id": 21, "revision": 7, "text": " have you changed your uh shower gel, any clothing", "granularity": "word", "items": [{"text": " have", "start_seconds": 190.4, "end_seconds": 190.56, "confidence": null}, {"text": "you", "start_seconds": 190.56, "end_seconds": 190.64, "confidence": null}, {"text": "changed", "start_seconds": 190.64, "end_seconds": 190.96, "confidence": null}, {"text": "your", "start_seconds": 190.96, "end_seconds": 191.04, "confidence": null}, {"text": "uh", "start_seconds": 191.76, "end_seconds": 191.84, "confidence": null}, {"text": "shower", "start_seconds": 192.16, "end_seconds": 192.64, "confidence": null}, {"text": "gel,", "start_seconds": 192.64, "end_seconds": 192.72, "confidence": null}, {"text": "any", "start_seconds": 193.28, "end_seconds": 193.52, "confidence": null}, {"text": "clothing", "start_seconds": 193.52, "end_seconds": 193.6, "confidence": null}]}, {"type": "transcript.final", "session_id": "eca83f08-096e-494b-b0fd-20e44ff8cd67", "sequence": 300, "segment_id": 22, "revision": 4, "text": "Have you been around anyone else", "granularity": "word", "items": [{"text": "Have", "start_seconds": 194.96, "end_seconds": 195.12, "confidence": null}, {"text": "you", "start_seconds": 195.12, "end_seconds": 195.2, "confidence": null}, {"text": "been", "start_seconds": 195.2, "end_seconds": 195.44, "confidence": null}, {"text": "around", "start_seconds": 195.44, "end_seconds": 195.68, "confidence": null}, {"text": "anyone", "start_seconds": 195.68, "end_seconds": 196.0, "confidence": null}, {"text": "else", "start_seconds": 196.0, "end_seconds": 196.08, "confidence": null}]}, {"type": "transcript.final", "session_id": "eca83f08-096e-494b-b0fd-20e44ff8cd67", "sequence": 331, "segment_id": 23, "revision": 31, "text": " it's actually like it's very annoying because I'm thinking about maybe I should chain something because I haven't and I don't understand and I'm kind of um afraid of asking people around me because it's kind of you know um I don't feel really comfortable asking about these questions it's kind of intimate and so I really head now", "granularity": "word", "items": [{"text": " it's", "start_seconds": 197.2, "end_seconds": 197.36, "confidence": null}, {"text": "actually", "start_seconds": 197.36, "end_seconds": 197.44, "confidence": null}, {"text": "like", "start_seconds": 198.24, "end_seconds": 198.4, "confidence": null}, {"text": "it's", "start_seconds": 198.4, "end_seconds": 198.56, "confidence": null}, {"text": "very", "start_seconds": 198.56, "end_seconds": 198.88, "confidence": null}, {"text": "annoying", "start_seconds": 198.88, "end_seconds": 199.36, "confidence": null}, {"text": "because", "start_seconds": 199.36, "end_seconds": 199.44, "confidence": null}, {"text": "I'm", "start_seconds": 199.92, "end_seconds": 200.08, "confidence": null}, {"text": "thinking", "start_seconds": 200.08, "end_seconds": 200.24, "confidence": null}, {"text": "about", "start_seconds": 200.24, "end_seconds": 200.32, "confidence": null}, {"text": "maybe", "start_seconds": 201.2, "end_seconds": 201.6, "confidence": null}, {"text": "I", "start_seconds": 201.6, "end_seconds": 201.68, "confidence": null}, {"text": "should", "start_seconds": 201.68, "end_seconds": 201.92, "confidence": null}, {"text": "chain", "start_seconds": 201.92, "end_seconds": 202.16, "confidence": null}, {"text": "something", "start_seconds": 202.16, "end_seconds": 202.4, "confidence": null}, {"text": "because", "start_seconds": 202.4, "end_seconds": 202.64, "confidence": null}, {"text": "I", "start_seconds": 202.64, "end_seconds": 202.88, "confidence": null}, {"text": "haven't", "start_seconds": 202.88, "end_seconds": 203.28, "confidence": null}, {"text": "and", "start_seconds": 203.28, "end_seconds": 203.36, "confidence": null}, {"text": "I", "start_seconds": 203.36, "end_seconds": 203.44, "confidence": null}, {"text": "don't", "start_seconds": 203.44, "end_seconds": 203.6, "confidence": null}, {"text": "understand", "start_seconds": 203.6, "end_seconds": 203.68, "confidence": null}, {"text": "and", "start_seconds": 204.4, "end_seconds": 204.56, "confidence": null}, {"text": "I'm", "start_seconds": 204.56, "end_seconds": 204.88, "confidence": null}, {"text": "kind", "start_seconds": 204.88, "end_seconds": 205.04, "confidence": null}, {"text": "of", "start_seconds": 205.04, "end_seconds": 205.12, "confidence": null}, {"text": "um", "start_seconds": 205.84, "end_seconds": 205.92, "confidence": null}, {"text": "afraid", "start_seconds": 206.24, "end_seconds": 206.48, "confidence": null}, {"text": "of", "start_seconds": 206.48, "end_seconds": 206.64, "confidence": null}, {"text": "asking", "start_seconds": 206.64, "end_seconds": 206.96, "confidence": null}, {"text": "people", "start_seconds": 206.96, "end_seconds": 207.04, "confidence": null}, {"text": "around", "start_seconds": 207.44, "end_seconds": 207.76, "confidence": null}, {"text": "me", "start_seconds": 207.76, "end_seconds": 208.0, "confidence": null}, {"text": "because", "start_seconds": 208.0, "end_seconds": 208.16, "confidence": null}, {"text": "it's", "start_seconds": 208.16, "end_seconds": 208.4, "confidence": null}, {"text": "kind", "start_seconds": 208.4, "end_seconds": 208.48, "confidence": null}, {"text": "of", "start_seconds": 208.48, "end_seconds": 208.56, "confidence": null}, {"text": "you", "start_seconds": 208.96, "end_seconds": 209.12, "confidence": null}, {"text": "know", "start_seconds": 209.12, "end_seconds": 209.44, "confidence": null}, {"text": "um", "start_seconds": 209.44, "end_seconds": 209.68, "confidence": null}, {"text": "I", "start_seconds": 209.68, "end_seconds": 209.76, "confidence": null}, {"text": "don't", "start_seconds": 209.76, "end_seconds": 209.84, "confidence": null}, {"text": "feel", "start_seconds": 209.84, "end_seconds": 210.08, "confidence": null}, {"text": "really", "start_seconds": 210.08, "end_seconds": 210.16, "confidence": null}, {"text": "comfortable", "start_seconds": 210.56, "end_seconds": 211.2, "confidence": null}, {"text": "asking", "start_seconds": 211.2, "end_seconds": 211.44, "confidence": null}, {"text": "about", "start_seconds": 211.44, "end_seconds": 211.68, "confidence": null}, {"text": "these", "start_seconds": 211.68, "end_seconds": 212.0, "confidence": null}, {"text": "questions", "start_seconds": 212.0, "end_seconds": 212.4, "confidence": null}, {"text": "it's", "start_seconds": 212.4, "end_seconds": 212.56, "confidence": null}, {"text": "kind", "start_seconds": 212.56, "end_seconds": 212.64, "confidence": null}, {"text": "of", "start_seconds": 212.64, "end_seconds": 212.88, "confidence": null}, {"text": "intimate", "start_seconds": 212.88, "end_seconds": 213.44, "confidence": null}, {"text": "and", "start_seconds": 213.44, "end_seconds": 213.52, "confidence": null}, {"text": "so", "start_seconds": 213.92, "end_seconds": 214.08, "confidence": null}, {"text": "I", "start_seconds": 214.08, "end_seconds": 214.16, "confidence": null}, {"text": "really", "start_seconds": 214.48, "end_seconds": 214.56, "confidence": null}, {"text": "head", "start_seconds": 214.88, "end_seconds": 215.12, "confidence": null}, {"text": "now", "start_seconds": 215.12, "end_seconds": 215.2, "confidence": null}]}, {"type": "transcript.final", "session_id": "eca83f08-096e-494b-b0fd-20e44ff8cd67", "sequence": 334, "segment_id": 24, "revision": 3, "text": " okay that's okay", "granularity": "word", "items": [{"text": " okay", "start_seconds": 216.4, "end_seconds": 216.64, "confidence": null}, {"text": "that's", "start_seconds": 216.64, "end_seconds": 216.88, "confidence": null}, {"text": "okay", "start_seconds": 216.88, "end_seconds": 216.96, "confidence": null}]}, {"type": "transcript.final", "session_id": "eca83f08-096e-494b-b0fd-20e44ff8cd67", "sequence": 351, "segment_id": 25, "revision": 17, "text": " so just to resummarize for the last four days you've had very itchy skin, very sore skin all over your body, men your chest. And did you also mention your arms and legs as well", "granularity": "word", "items": [{"text": " so", "start_seconds": 219.28, "end_seconds": 219.52, "confidence": null}, {"text": "just", "start_seconds": 219.52, "end_seconds": 219.68, "confidence": null}, {"text": "to", "start_seconds": 219.68, "end_seconds": 219.76, "confidence": null}, {"text": "resummarize", "start_seconds": 220.08, "end_seconds": 220.8, "confidence": null}, {"text": "for", "start_seconds": 220.8, "end_seconds": 220.96, "confidence": null}, {"text": "the", "start_seconds": 220.96, "end_seconds": 221.04, "confidence": null}, {"text": "last", "start_seconds": 221.04, "end_seconds": 221.2, "confidence": null}, {"text": "four", "start_seconds": 221.2, "end_seconds": 221.36, "confidence": null}, {"text": "days", "start_seconds": 221.36, "end_seconds": 221.68, "confidence": null}, {"text": "you've", "start_seconds": 221.68, "end_seconds": 221.92, "confidence": null}, {"text": "had", "start_seconds": 221.92, "end_seconds": 222.24, "confidence": null}, {"text": "very", "start_seconds": 222.24, "end_seconds": 222.56, "confidence": null}, {"text": "itchy", "start_seconds": 222.56, "end_seconds": 223.04, "confidence": null}, {"text": "skin,", "start_seconds": 223.04, "end_seconds": 223.12, "confidence": null}, {"text": "very", "start_seconds": 223.52, "end_seconds": 223.6, "confidence": null}, {"text": "sore", "start_seconds": 223.6, "end_seconds": 223.92, "confidence": null}, {"text": "skin", "start_seconds": 223.92, "end_seconds": 224.24, "confidence": null}, {"text": "all", "start_seconds": 224.24, "end_seconds": 224.32, "confidence": null}, {"text": "over", "start_seconds": 224.32, "end_seconds": 224.48, "confidence": null}, {"text": "your", "start_seconds": 224.48, "end_seconds": 224.64, "confidence": null}, {"text": "body,", "start_seconds": 224.64, "end_seconds": 224.72, "confidence": null}, {"text": "men", "start_seconds": 225.2, "end_seconds": 225.44, "confidence": null}, {"text": "your", "start_seconds": 225.44, "end_seconds": 225.52, "confidence": null}, {"text": "chest.", "start_seconds": 225.52, "end_seconds": 225.6, "confidence": null}, {"text": "And", "start_seconds": 226.24, "end_seconds": 226.32, "confidence": null}, {"text": "did", "start_seconds": 226.32, "end_seconds": 226.48, "confidence": null}, {"text": "you", "start_seconds": 226.48, "end_seconds": 226.64, "confidence": null}, {"text": "also", "start_seconds": 226.64, "end_seconds": 226.88, "confidence": null}, {"text": "mention", "start_seconds": 226.88, "end_seconds": 227.12, "confidence": null}, {"text": "your", "start_seconds": 227.12, "end_seconds": 227.28, "confidence": null}, {"text": "arms", "start_seconds": 227.28, "end_seconds": 227.44, "confidence": null}, {"text": "and", "start_seconds": 227.44, "end_seconds": 227.6, "confidence": null}, {"text": "legs", "start_seconds": 227.6, "end_seconds": 227.84, "confidence": null}, {"text": "as", "start_seconds": 227.84, "end_seconds": 227.92, "confidence": null}, {"text": "well", "start_seconds": 227.92, "end_seconds": 228.0, "confidence": null}]}, {"type": "transcript.final", "session_id": "eca83f08-096e-494b-b0fd-20e44ff8cd67", "sequence": 362, "segment_id": 26, "revision": 11, "text": " uh no just the chest and like like inside the airbows okay anything on your face at all", "granularity": "word", "items": [{"text": " uh", "start_seconds": 230.32, "end_seconds": 230.56, "confidence": null}, {"text": "no", "start_seconds": 230.56, "end_seconds": 230.64, "confidence": null}, {"text": "just", "start_seconds": 231.28, "end_seconds": 231.52, "confidence": null}, {"text": "the", "start_seconds": 231.52, "end_seconds": 231.6, "confidence": null}, {"text": "chest", "start_seconds": 231.6, "end_seconds": 231.76, "confidence": null}, {"text": "and", "start_seconds": 232.72, "end_seconds": 232.8, "confidence": null}, {"text": "like", "start_seconds": 232.8, "end_seconds": 232.88, "confidence": null}, {"text": "like", "start_seconds": 233.36, "end_seconds": 233.68, "confidence": null}, {"text": "inside", "start_seconds": 233.68, "end_seconds": 233.92, "confidence": null}, {"text": "the", "start_seconds": 233.92, "end_seconds": 234.16, "confidence": null}, {"text": "airbows", "start_seconds": 234.16, "end_seconds": 234.96, "confidence": null}, {"text": "okay", "start_seconds": 234.96, "end_seconds": 235.04, "confidence": null}, {"text": "anything", "start_seconds": 235.44, "end_seconds": 235.52, "confidence": null}, {"text": "on", "start_seconds": 236.08, "end_seconds": 236.16, "confidence": null}, {"text": "your", "start_seconds": 236.16, "end_seconds": 236.24, "confidence": null}, {"text": "face", "start_seconds": 236.24, "end_seconds": 236.48, "confidence": null}, {"text": "at", "start_seconds": 236.48, "end_seconds": 236.64, "confidence": null}, {"text": "all", "start_seconds": 236.64, "end_seconds": 236.72, "confidence": null}]}, {"type": "transcript.final", "session_id": "eca83f08-096e-494b-b0fd-20e44ff8cd67", "sequence": 365, "segment_id": 27, "revision": 3, "text": " in my what on your face", "granularity": "word", "items": [{"text": " in", "start_seconds": 238.64, "end_seconds": 238.72, "confidence": null}, {"text": "my", "start_seconds": 238.72, "end_seconds": 238.88, "confidence": null}, {"text": "what", "start_seconds": 238.88, "end_seconds": 238.96, "confidence": null}, {"text": "on", "start_seconds": 239.28, "end_seconds": 239.36, "confidence": null}, {"text": "your", "start_seconds": 239.36, "end_seconds": 239.44, "confidence": null}, {"text": "face", "start_seconds": 239.44, "end_seconds": 239.52, "confidence": null}]}, {"type": "transcript.final", "session_id": "eca83f08-096e-494b-b0fd-20e44ff8cd67", "sequence": 377, "segment_id": 28, "revision": 12, "text": " oh on my face? No, okay, and apart from this, any other symptoms have you noticed? For example, have you noticed any temperature or fevers", "granularity": "word", "items": [{"text": " oh", "start_seconds": 241.12, "end_seconds": 241.36, "confidence": null}, {"text": "on", "start_seconds": 241.36, "end_seconds": 241.44, "confidence": null}, {"text": "my", "start_seconds": 241.44, "end_seconds": 241.6, "confidence": null}, {"text": "face?", "start_seconds": 241.6, "end_seconds": 241.92, "confidence": null}, {"text": "No,", "start_seconds": 241.92, "end_seconds": 242.0, "confidence": null}, {"text": "okay,", "start_seconds": 242.4, "end_seconds": 242.48, "confidence": null}, {"text": "and", "start_seconds": 243.04, "end_seconds": 243.12, "confidence": null}, {"text": "apart", "start_seconds": 243.12, "end_seconds": 243.44, "confidence": null}, {"text": "from", "start_seconds": 243.44, "end_seconds": 243.52, "confidence": null}, {"text": "this,", "start_seconds": 243.52, "end_seconds": 243.76, "confidence": null}, {"text": "any", "start_seconds": 243.76, "end_seconds": 243.84, "confidence": null}, {"text": "other", "start_seconds": 243.84, "end_seconds": 244.16, "confidence": null}, {"text": "symptoms", "start_seconds": 244.16, "end_seconds": 244.48, "confidence": null}, {"text": "have", "start_seconds": 244.48, "end_seconds": 244.72, "confidence": null}, {"text": "you", "start_seconds": 244.72, "end_seconds": 244.8, "confidence": null}, {"text": "noticed?", "start_seconds": 244.8, "end_seconds": 245.04, "confidence": null}, {"text": "For", "start_seconds": 245.12, "end_seconds": 245.28, "confidence": null}, {"text": "example,", "start_seconds": 245.28, "end_seconds": 245.36, "confidence": null}, {"text": "have", "start_seconds": 245.76, "end_seconds": 245.92, "confidence": null}, {"text": "you", "start_seconds": 245.92, "end_seconds": 246.0, "confidence": null}, {"text": "noticed", "start_seconds": 246.0, "end_seconds": 246.24, "confidence": null}, {"text": "any", "start_seconds": 246.24, "end_seconds": 246.48, "confidence": null}, {"text": "temperature", "start_seconds": 246.48, "end_seconds": 246.8, "confidence": null}, {"text": "or", "start_seconds": 246.8, "end_seconds": 247.04, "confidence": null}, {"text": "fevers", "start_seconds": 247.04, "end_seconds": 247.36, "confidence": null}]}, {"type": "transcript.final", "session_id": "eca83f08-096e-494b-b0fd-20e44ff8cd67", "sequence": 379, "segment_id": 29, "revision": 2, "text": "No", "granularity": "word", "items": [{"text": "No", "start_seconds": 249.28, "end_seconds": 249.36, "confidence": null}]}, {"type": "transcript.final", "session_id": "eca83f08-096e-494b-b0fd-20e44ff8cd67", "sequence": 386, "segment_id": 30, "revision": 7, "text": "s are itching itching nothing yet so you're bowels are working okay", "granularity": "word", "items": [{"text": "s", "start_seconds": 250.32, "end_seconds": 250.4, "confidence": null}, {"text": "are", "start_seconds": 250.4, "end_seconds": 250.48, "confidence": null}, {"text": "itching", "start_seconds": 250.48, "end_seconds": 250.88, "confidence": null}, {"text": "itching", "start_seconds": 250.88, "end_seconds": 251.2, "confidence": null}, {"text": "nothing", "start_seconds": 251.2, "end_seconds": 251.36, "confidence": null}, {"text": "yet", "start_seconds": 251.36, "end_seconds": 251.44, "confidence": null}, {"text": "so", "start_seconds": 252.32, "end_seconds": 252.64, "confidence": null}, {"text": "you're", "start_seconds": 252.64, "end_seconds": 252.72, "confidence": null}, {"text": "bowels", "start_seconds": 253.2, "end_seconds": 253.52, "confidence": null}, {"text": "are", "start_seconds": 253.52, "end_seconds": 253.6, "confidence": null}, {"text": "working", "start_seconds": 253.6, "end_seconds": 253.84, "confidence": null}, {"text": "okay", "start_seconds": 253.84, "end_seconds": 253.92, "confidence": null}]}, {"type": "transcript.final", "session_id": "eca83f08-096e-494b-b0fd-20e44ff8cd67", "sequence": 393, "segment_id": 31, "revision": 7, "text": " your chest is okay no cough, no breathing difficulties", "granularity": "word", "items": [{"text": " your", "start_seconds": 255.92, "end_seconds": 256.0, "confidence": null}, {"text": "chest", "start_seconds": 256.48, "end_seconds": 256.8, "confidence": null}, {"text": "is", "start_seconds": 256.8, "end_seconds": 256.96, "confidence": null}, {"text": "okay", "start_seconds": 256.96, "end_seconds": 257.04, "confidence": null}, {"text": "no", "start_seconds": 257.44, "end_seconds": 257.6, "confidence": null}, {"text": "cough,", "start_seconds": 257.6, "end_seconds": 257.68, "confidence": null}, {"text": "no", "start_seconds": 258.0, "end_seconds": 258.16, "confidence": null}, {"text": "breathing", "start_seconds": 258.16, "end_seconds": 258.48, "confidence": null}, {"text": "difficulties", "start_seconds": 258.48, "end_seconds": 258.8, "confidence": null}]}, {"type": "transcript.final", "session_id": "eca83f08-096e-494b-b0fd-20e44ff8cd67", "sequence": 397, "segment_id": 32, "revision": 4, "text": " you're passing urine okay", "granularity": "word", "items": [{"text": " you're", "start_seconds": 261.6, "end_seconds": 261.76, "confidence": null}, {"text": "passing", "start_seconds": 261.76, "end_seconds": 262.24, "confidence": null}, {"text": "urine", "start_seconds": 262.24, "end_seconds": 262.4, "confidence": null}, {"text": "okay", "start_seconds": 262.8, "end_seconds": 262.88, "confidence": null}]}, {"type": "transcript.final", "session_id": "eca83f08-096e-494b-b0fd-20e44ff8cd67", "sequence": 401, "segment_id": 33, "revision": 4, "text": " uh I think so okay all right", "granularity": "word", "items": [{"text": " uh", "start_seconds": 264.96, "end_seconds": 265.2, "confidence": null}, {"text": "I", "start_seconds": 265.28, "end_seconds": 265.36, "confidence": null}, {"text": "think", "start_seconds": 265.36, "end_seconds": 265.52, "confidence": null}, {"text": "so", "start_seconds": 265.52, "end_seconds": 265.6, "confidence": null}, {"text": "okay", "start_seconds": 265.92, "end_seconds": 266.0, "confidence": null}, {"text": "all", "start_seconds": 266.64, "end_seconds": 266.8, "confidence": null}, {"text": "right", "start_seconds": 266.8, "end_seconds": 266.88, "confidence": null}]}, {"type": "transcript.final", "session_id": "eca83f08-096e-494b-b0fd-20e44ff8cd67", "sequence": 410, "segment_id": 34, "revision": 9, "text": " it's always good to know so I mean do you have any ideas as to what could be causing your symptoms", "granularity": "word", "items": [{"text": " it's", "start_seconds": 269.44, "end_seconds": 269.6, "confidence": null}, {"text": "always", "start_seconds": 269.6, "end_seconds": 269.76, "confidence": null}, {"text": "good", "start_seconds": 269.76, "end_seconds": 269.84, "confidence": null}, {"text": "to", "start_seconds": 269.84, "end_seconds": 270.0, "confidence": null}, {"text": "know", "start_seconds": 270.0, "end_seconds": 270.24, "confidence": null}, {"text": "so", "start_seconds": 270.24, "end_seconds": 270.56, "confidence": null}, {"text": "I", "start_seconds": 270.56, "end_seconds": 270.64, "confidence": null}, {"text": "mean", "start_seconds": 270.64, "end_seconds": 270.96, "confidence": null}, {"text": "do", "start_seconds": 270.96, "end_seconds": 271.12, "confidence": null}, {"text": "you", "start_seconds": 271.12, "end_seconds": 271.2, "confidence": null}, {"text": "have", "start_seconds": 271.2, "end_seconds": 271.28, "confidence": null}, {"text": "any", "start_seconds": 271.28, "end_seconds": 271.6, "confidence": null}, {"text": "ideas", "start_seconds": 271.6, "end_seconds": 271.92, "confidence": null}, {"text": "as", "start_seconds": 271.92, "end_seconds": 272.24, "confidence": null}, {"text": "to", "start_seconds": 272.24, "end_seconds": 272.32, "confidence": null}, {"text": "what", "start_seconds": 272.32, "end_seconds": 272.4, "confidence": null}, {"text": "could", "start_seconds": 272.4, "end_seconds": 272.56, "confidence": null}, {"text": "be", "start_seconds": 272.56, "end_seconds": 272.64, "confidence": null}, {"text": "causing", "start_seconds": 272.64, "end_seconds": 272.96, "confidence": null}, {"text": "your", "start_seconds": 272.96, "end_seconds": 273.04, "confidence": null}, {"text": "symptoms", "start_seconds": 273.04, "end_seconds": 273.52, "confidence": null}]}, {"type": "transcript.final", "session_id": "eca83f08-096e-494b-b0fd-20e44ff8cd67", "sequence": 417, "segment_id": 35, "revision": 7, "text": " anyways any ideas as to what could be causing your symptoms", "granularity": "word", "items": [{"text": " anyways", "start_seconds": 275.68, "end_seconds": 276.64, "confidence": null}, {"text": "any", "start_seconds": 276.64, "end_seconds": 276.8, "confidence": null}, {"text": "ideas", "start_seconds": 276.8, "end_seconds": 277.2, "confidence": null}, {"text": "as", "start_seconds": 277.2, "end_seconds": 277.36, "confidence": null}, {"text": "to", "start_seconds": 277.36, "end_seconds": 277.52, "confidence": null}, {"text": "what", "start_seconds": 277.52, "end_seconds": 277.6, "confidence": null}, {"text": "could", "start_seconds": 277.6, "end_seconds": 277.84, "confidence": null}, {"text": "be", "start_seconds": 277.84, "end_seconds": 277.92, "confidence": null}, {"text": "causing", "start_seconds": 277.92, "end_seconds": 278.16, "confidence": null}, {"text": "your", "start_seconds": 278.16, "end_seconds": 278.4, "confidence": null}, {"text": "symptoms", "start_seconds": 278.4, "end_seconds": 278.56, "confidence": null}]}, {"type": "transcript.final", "session_id": "eca83f08-096e-494b-b0fd-20e44ff8cd67", "sequence": 459, "segment_id": 36, "revision": 42, "text": " um I um so I had eczema before so maybe it's this but it seems like more uh like uh my eczema was only on the arm so I'm not sure I I really have no idea okay no ok so um normally at this stage I like to examine you um to see the rash itself and see exactly what type of rash it is but from what you've told me you mention it's you've got some dry skin and some uh crack skin as well", "granularity": "word", "items": [{"text": " um", "start_seconds": 280.24, "end_seconds": 280.32, "confidence": null}, {"text": "I", "start_seconds": 280.64, "end_seconds": 280.72, "confidence": null}, {"text": "um", "start_seconds": 280.72, "end_seconds": 280.96, "confidence": null}, {"text": "so", "start_seconds": 280.96, "end_seconds": 281.04, "confidence": null}, {"text": "I", "start_seconds": 281.04, "end_seconds": 281.12, "confidence": null}, {"text": "had", "start_seconds": 281.12, "end_seconds": 281.36, "confidence": null}, {"text": "eczema", "start_seconds": 281.44, "end_seconds": 281.92, "confidence": null}, {"text": "before", "start_seconds": 281.92, "end_seconds": 282.16, "confidence": null}, {"text": "so", "start_seconds": 282.16, "end_seconds": 282.32, "confidence": null}, {"text": "maybe", "start_seconds": 282.32, "end_seconds": 282.48, "confidence": null}, {"text": "it's", "start_seconds": 282.48, "end_seconds": 282.56, "confidence": null}, {"text": "this", "start_seconds": 282.88, "end_seconds": 283.04, "confidence": null}, {"text": "but", "start_seconds": 283.04, "end_seconds": 283.2, "confidence": null}, {"text": "it", "start_seconds": 283.2, "end_seconds": 283.28, "confidence": null}, {"text": "seems", "start_seconds": 283.28, "end_seconds": 283.36, "confidence": null}, {"text": "like", "start_seconds": 283.84, "end_seconds": 284.08, "confidence": null}, {"text": "more", "start_seconds": 284.08, "end_seconds": 284.16, "confidence": null}, {"text": "uh", "start_seconds": 285.04, "end_seconds": 285.12, "confidence": null}, {"text": "like", "start_seconds": 285.44, "end_seconds": 285.68, "confidence": null}, {"text": "uh", "start_seconds": 285.68, "end_seconds": 285.84, "confidence": null}, {"text": "my", "start_seconds": 285.84, "end_seconds": 286.0, "confidence": null}, {"text": "eczema", "start_seconds": 286.0, "end_seconds": 286.4, "confidence": null}, {"text": "was", "start_seconds": 286.4, "end_seconds": 286.48, "confidence": null}, {"text": "only", "start_seconds": 286.48, "end_seconds": 286.72, "confidence": null}, {"text": "on", "start_seconds": 286.72, "end_seconds": 286.88, "confidence": null}, {"text": "the", "start_seconds": 286.88, "end_seconds": 286.96, "confidence": null}, {"text": "arm", "start_seconds": 286.96, "end_seconds": 287.36, "confidence": null}, {"text": "so", "start_seconds": 287.36, "end_seconds": 287.6, "confidence": null}, {"text": "I'm", "start_seconds": 287.6, "end_seconds": 287.68, "confidence": null}, {"text": "not", "start_seconds": 288.0, "end_seconds": 288.08, "confidence": null}, {"text": "sure", "start_seconds": 288.08, "end_seconds": 288.16, "confidence": null}, {"text": "I", "start_seconds": 288.48, "end_seconds": 288.8, "confidence": null}, {"text": "I", "start_seconds": 288.96, "end_seconds": 289.04, "confidence": null}, {"text": "really", "start_seconds": 289.04, "end_seconds": 289.28, "confidence": null}, {"text": "have", "start_seconds": 289.28, "end_seconds": 289.36, "confidence": null}, {"text": "no", "start_seconds": 289.76, "end_seconds": 289.92, "confidence": null}, {"text": "idea", "start_seconds": 289.92, "end_seconds": 290.16, "confidence": null}, {"text": "okay", "start_seconds": 290.64, "end_seconds": 290.72, "confidence": null}, {"text": "no", "start_seconds": 291.2, "end_seconds": 291.36, "confidence": null}, {"text": "ok", "start_seconds": 291.44, "end_seconds": 291.76, "confidence": null}, {"text": "so", "start_seconds": 291.76, "end_seconds": 291.92, "confidence": null}, {"text": "um", "start_seconds": 291.92, "end_seconds": 292.0, "confidence": null}, {"text": "normally", "start_seconds": 292.48, "end_seconds": 292.88, "confidence": null}, {"text": "at", "start_seconds": 292.88, "end_seconds": 292.96, "confidence": null}, {"text": "this", "start_seconds": 292.96, "end_seconds": 293.04, "confidence": null}, {"text": "stage", "start_seconds": 293.04, "end_seconds": 293.36, "confidence": null}, {"text": "I", "start_seconds": 293.36, "end_seconds": 293.44, "confidence": null}, {"text": "like", "start_seconds": 293.44, "end_seconds": 293.6, "confidence": null}, {"text": "to", "start_seconds": 293.6, "end_seconds": 293.68, "confidence": null}, {"text": "examine", "start_seconds": 293.68, "end_seconds": 293.92, "confidence": null}, {"text": "you", "start_seconds": 293.92, "end_seconds": 294.0, "confidence": null}, {"text": "um", "start_seconds": 294.4, "end_seconds": 294.48, "confidence": null}, {"text": "to", "start_seconds": 295.44, "end_seconds": 295.68, "confidence": null}, {"text": "see", "start_seconds": 295.68, "end_seconds": 295.84, "confidence": null}, {"text": "the", "start_seconds": 295.84, "end_seconds": 295.92, "confidence": null}, {"text": "rash", "start_seconds": 296.32, "end_seconds": 296.56, "confidence": null}, {"text": "itself", "start_seconds": 296.56, "end_seconds": 296.88, "confidence": null}, {"text": "and", "start_seconds": 296.88, "end_seconds": 297.04, "confidence": null}, {"text": "see", "start_seconds": 297.04, "end_seconds": 297.2, "confidence": null}, {"text": "exactly", "start_seconds": 297.2, "end_seconds": 297.44, "confidence": null}, {"text": "what", "start_seconds": 297.44, "end_seconds": 297.52, "confidence": null}, {"text": "type", "start_seconds": 297.52, "end_seconds": 297.68, "confidence": null}, {"text": "of", "start_seconds": 297.68, "end_seconds": 297.84, "confidence": null}, {"text": "rash", "start_seconds": 297.84, "end_seconds": 298.16, "confidence": null}, {"text": "it", "start_seconds": 298.16, "end_seconds": 298.24, "confidence": null}, {"text": "is", "start_seconds": 298.24, "end_seconds": 298.32, "confidence": null}, {"text": "but", "start_seconds": 298.64, "end_seconds": 298.8, "confidence": null}, {"text": "from", "start_seconds": 298.8, "end_seconds": 298.96, "confidence": null}, {"text": "what", "start_seconds": 298.96, "end_seconds": 299.12, "confidence": null}, {"text": "you've", "start_seconds": 299.12, "end_seconds": 299.28, "confidence": null}, {"text": "told", "start_seconds": 299.28, "end_seconds": 299.44, "confidence": null}, {"text": "me", "start_seconds": 299.44, "end_seconds": 299.52, "confidence": null}, {"text": "you", "start_seconds": 299.84, "end_seconds": 299.92, "confidence": null}, {"text": "mention", "start_seconds": 299.92, "end_seconds": 300.24, "confidence": null}, {"text": "it's", "start_seconds": 300.24, "end_seconds": 300.4, "confidence": null}, {"text": "you've", "start_seconds": 300.8, "end_seconds": 300.96, "confidence": null}, {"text": "got", "start_seconds": 300.96, "end_seconds": 301.04, "confidence": null}, {"text": "some", "start_seconds": 301.04, "end_seconds": 301.36, "confidence": null}, {"text": "dry", "start_seconds": 301.36, "end_seconds": 301.44, "confidence": null}, {"text": "skin", "start_seconds": 301.92, "end_seconds": 302.0, "confidence": null}, {"text": "and", "start_seconds": 302.4, "end_seconds": 302.56, "confidence": null}, {"text": "some", "start_seconds": 302.56, "end_seconds": 302.64, "confidence": null}, {"text": "uh", "start_seconds": 302.96, "end_seconds": 303.2, "confidence": null}, {"text": "crack", "start_seconds": 303.2, "end_seconds": 303.6, "confidence": null}, {"text": "skin", "start_seconds": 303.6, "end_seconds": 303.84, "confidence": null}, {"text": "as", "start_seconds": 303.84, "end_seconds": 303.92, "confidence": null}, {"text": "well", "start_seconds": 303.92, "end_seconds": 304.0, "confidence": null}]}, {"type": "transcript.final", "session_id": "eca83f08-096e-494b-b0fd-20e44ff8cd67", "sequence": 464, "segment_id": 37, "revision": 5, "text": " uh and it's been very itchy and so with your um", "granularity": "word", "items": [{"text": " uh", "start_seconds": 305.2, "end_seconds": 305.36, "confidence": null}, {"text": "and", "start_seconds": 305.36, "end_seconds": 305.52, "confidence": null}, {"text": "it's", "start_seconds": 305.52, "end_seconds": 305.68, "confidence": null}, {"text": "been", "start_seconds": 305.68, "end_seconds": 305.76, "confidence": null}, {"text": "very", "start_seconds": 305.76, "end_seconds": 306.0, "confidence": null}, {"text": "itchy", "start_seconds": 306.0, "end_seconds": 306.64, "confidence": null}, {"text": "and", "start_seconds": 306.64, "end_seconds": 306.8, "confidence": null}, {"text": "so", "start_seconds": 306.8, "end_seconds": 306.88, "confidence": null}, {"text": "with", "start_seconds": 307.44, "end_seconds": 307.6, "confidence": null}, {"text": "your", "start_seconds": 307.6, "end_seconds": 307.84, "confidence": null}, {"text": "um", "start_seconds": 307.84, "end_seconds": 307.92, "confidence": null}]}, {"type": "transcript.final", "session_id": "eca83f08-096e-494b-b0fd-20e44ff8cd67", "sequence": 498, "segment_id": 38, "revision": 34, "text": " uh your background of eczema um sorry to say there's a couple of questions I want to ask you which are completely forgot my apologies um apart from the eczema do you have any other medical problems I should be aware of uh no I just had asthma in the past but okay not anymore not anymore okay and do you take any regular medications at the moment", "granularity": "word", "items": [{"text": " uh", "start_seconds": 309.44, "end_seconds": 309.52, "confidence": null}, {"text": "your", "start_seconds": 310.48, "end_seconds": 310.56, "confidence": null}, {"text": "background", "start_seconds": 310.88, "end_seconds": 311.2, "confidence": null}, {"text": "of", "start_seconds": 311.2, "end_seconds": 311.36, "confidence": null}, {"text": "eczema", "start_seconds": 311.36, "end_seconds": 311.76, "confidence": null}, {"text": "um", "start_seconds": 312.16, "end_seconds": 312.24, "confidence": null}, {"text": "sorry", "start_seconds": 312.72, "end_seconds": 312.8, "confidence": null}, {"text": "to", "start_seconds": 313.12, "end_seconds": 313.28, "confidence": null}, {"text": "say", "start_seconds": 313.28, "end_seconds": 313.6, "confidence": null}, {"text": "there's", "start_seconds": 313.6, "end_seconds": 313.76, "confidence": null}, {"text": "a", "start_seconds": 313.76, "end_seconds": 313.84, "confidence": null}, {"text": "couple", "start_seconds": 313.84, "end_seconds": 313.92, "confidence": null}, {"text": "of", "start_seconds": 313.92, "end_seconds": 314.08, "confidence": null}, {"text": "questions", "start_seconds": 314.08, "end_seconds": 314.24, "confidence": null}, {"text": "I", "start_seconds": 314.24, "end_seconds": 314.4, "confidence": null}, {"text": "want", "start_seconds": 314.4, "end_seconds": 314.56, "confidence": null}, {"text": "to", "start_seconds": 314.56, "end_seconds": 314.72, "confidence": null}, {"text": "ask", "start_seconds": 314.72, "end_seconds": 314.8, "confidence": null}, {"text": "you", "start_seconds": 314.8, "end_seconds": 315.04, "confidence": null}, {"text": "which", "start_seconds": 315.04, "end_seconds": 315.2, "confidence": null}, {"text": "are", "start_seconds": 315.2, "end_seconds": 315.28, "confidence": null}, {"text": "completely", "start_seconds": 315.28, "end_seconds": 315.6, "confidence": null}, {"text": "forgot", "start_seconds": 315.6, "end_seconds": 316.0, "confidence": null}, {"text": "my", "start_seconds": 316.0, "end_seconds": 316.08, "confidence": null}, {"text": "apologies", "start_seconds": 316.08, "end_seconds": 316.32, "confidence": null}, {"text": "um", "start_seconds": 316.72, "end_seconds": 317.04, "confidence": null}, {"text": "apart", "start_seconds": 317.04, "end_seconds": 317.28, "confidence": null}, {"text": "from", "start_seconds": 317.28, "end_seconds": 317.44, "confidence": null}, {"text": "the", "start_seconds": 317.44, "end_seconds": 317.6, "confidence": null}, {"text": "eczema", "start_seconds": 317.6, "end_seconds": 318.08, "confidence": null}, {"text": "do", "start_seconds": 318.08, "end_seconds": 318.16, "confidence": null}, {"text": "you", "start_seconds": 318.16, "end_seconds": 318.32, "confidence": null}, {"text": "have", "start_seconds": 318.32, "end_seconds": 318.48, "confidence": null}, {"text": "any", "start_seconds": 318.48, "end_seconds": 318.56, "confidence": null}, {"text": "other", "start_seconds": 318.56, "end_seconds": 318.72, "confidence": null}, {"text": "medical", "start_seconds": 318.72, "end_seconds": 318.96, "confidence": null}, {"text": "problems", "start_seconds": 318.96, "end_seconds": 319.2, "confidence": null}, {"text": "I", "start_seconds": 319.6, "end_seconds": 319.84, "confidence": null}, {"text": "should", "start_seconds": 319.84, "end_seconds": 319.92, "confidence": null}, {"text": "be", "start_seconds": 319.92, "end_seconds": 320.0, "confidence": null}, {"text": "aware", "start_seconds": 320.0, "end_seconds": 320.16, "confidence": null}, {"text": "of", "start_seconds": 320.16, "end_seconds": 320.24, "confidence": null}, {"text": "uh", "start_seconds": 321.28, "end_seconds": 321.6, "confidence": null}, {"text": "no", "start_seconds": 321.6, "end_seconds": 321.84, "confidence": null}, {"text": "I", "start_seconds": 322.0, "end_seconds": 322.08, "confidence": null}, {"text": "just", "start_seconds": 322.08, "end_seconds": 322.16, "confidence": null}, {"text": "had", "start_seconds": 322.56, "end_seconds": 322.72, "confidence": null}, {"text": "asthma", "start_seconds": 322.72, "end_seconds": 323.04, "confidence": null}, {"text": "in", "start_seconds": 323.44, "end_seconds": 323.68, "confidence": null}, {"text": "the", "start_seconds": 323.68, "end_seconds": 323.84, "confidence": null}, {"text": "past", "start_seconds": 323.84, "end_seconds": 324.24, "confidence": null}, {"text": "but", "start_seconds": 324.24, "end_seconds": 324.48, "confidence": null}, {"text": "okay", "start_seconds": 324.48, "end_seconds": 324.56, "confidence": null}, {"text": "not", "start_seconds": 324.88, "end_seconds": 324.96, "confidence": null}, {"text": "anymore", "start_seconds": 324.96, "end_seconds": 325.12, "confidence": null}, {"text": "not", "start_seconds": 325.52, "end_seconds": 325.6, "confidence": null}, {"text": "anymore", "start_seconds": 325.6, "end_seconds": 326.0, "confidence": null}, {"text": "okay", "start_seconds": 326.0, "end_seconds": 326.08, "confidence": null}, {"text": "and", "start_seconds": 326.56, "end_seconds": 326.64, "confidence": null}, {"text": "do", "start_seconds": 326.64, "end_seconds": 326.8, "confidence": null}, {"text": "you", "start_seconds": 326.8, "end_seconds": 326.88, "confidence": null}, {"text": "take", "start_seconds": 326.88, "end_seconds": 327.04, "confidence": null}, {"text": "any", "start_seconds": 327.04, "end_seconds": 327.28, "confidence": null}, {"text": "regular", "start_seconds": 327.28, "end_seconds": 327.76, "confidence": null}, {"text": "medications", "start_seconds": 327.76, "end_seconds": 328.24, "confidence": null}, {"text": "at", "start_seconds": 328.24, "end_seconds": 328.4, "confidence": null}, {"text": "the", "start_seconds": 328.4, "end_seconds": 328.48, "confidence": null}, {"text": "moment", "start_seconds": 328.48, "end_seconds": 328.56, "confidence": null}]}, {"type": "transcript.final", "session_id": "eca83f08-096e-494b-b0fd-20e44ff8cd67", "sequence": 504, "segment_id": 39, "revision": 6, "text": " uh no okay do you have any allergies to anything", "granularity": "word", "items": [{"text": " uh", "start_seconds": 330.4, "end_seconds": 330.72, "confidence": null}, {"text": "no", "start_seconds": 330.72, "end_seconds": 330.8, "confidence": null}, {"text": "okay", "start_seconds": 331.84, "end_seconds": 332.16, "confidence": null}, {"text": "do", "start_seconds": 332.16, "end_seconds": 332.24, "confidence": null}, {"text": "you", "start_seconds": 332.24, "end_seconds": 332.32, "confidence": null}, {"text": "have", "start_seconds": 332.32, "end_seconds": 332.48, "confidence": null}, {"text": "any", "start_seconds": 332.48, "end_seconds": 332.64, "confidence": null}, {"text": "allergies", "start_seconds": 332.64, "end_seconds": 333.12, "confidence": null}, {"text": "to", "start_seconds": 333.12, "end_seconds": 333.2, "confidence": null}, {"text": "anything", "start_seconds": 333.2, "end_seconds": 333.28, "confidence": null}]}, {"type": "transcript.final", "session_id": "eca83f08-096e-494b-b0fd-20e44ff8cd67", "sequence": 506, "segment_id": 40, "revision": 2, "text": " sorry", "granularity": "word", "items": [{"text": " sorry", "start_seconds": 335.12, "end_seconds": 335.2, "confidence": null}]}, {"type": "transcript.final", "session_id": "eca83f08-096e-494b-b0fd-20e44ff8cd67", "sequence": 507, "segment_id": 41, "revision": 1, "text": " things", "granularity": "word", "items": [{"text": " things", "start_seconds": 339.28, "end_seconds": 339.36, "confidence": null}]}, {"type": "transcript.final", "session_id": "eca83f08-096e-494b-b0fd-20e44ff8cd67", "sequence": 515, "segment_id": 42, "revision": 8, "text": " can you hear me uh sorry I think it cry uh do you have any allergies at all", "granularity": "word", "items": [{"text": " can", "start_seconds": 349.12, "end_seconds": 349.28, "confidence": null}, {"text": "you", "start_seconds": 349.28, "end_seconds": 349.36, "confidence": null}, {"text": "hear", "start_seconds": 349.36, "end_seconds": 349.44, "confidence": null}, {"text": "me", "start_seconds": 349.44, "end_seconds": 349.68, "confidence": null}, {"text": "uh", "start_seconds": 349.68, "end_seconds": 349.84, "confidence": null}, {"text": "sorry", "start_seconds": 349.84, "end_seconds": 350.16, "confidence": null}, {"text": "I", "start_seconds": 350.16, "end_seconds": 350.24, "confidence": null}, {"text": "think", "start_seconds": 350.24, "end_seconds": 350.4, "confidence": null}, {"text": "it", "start_seconds": 350.4, "end_seconds": 350.56, "confidence": null}, {"text": "cry", "start_seconds": 350.56, "end_seconds": 350.64, "confidence": null}, {"text": "uh", "start_seconds": 351.04, "end_seconds": 351.12, "confidence": null}, {"text": "do", "start_seconds": 351.44, "end_seconds": 351.6, "confidence": null}, {"text": "you", "start_seconds": 351.6, "end_seconds": 351.76, "confidence": null}, {"text": "have", "start_seconds": 351.76, "end_seconds": 351.84, "confidence": null}, {"text": "any", "start_seconds": 351.84, "end_seconds": 351.92, "confidence": null}, {"text": "allergies", "start_seconds": 352.24, "end_seconds": 352.64, "confidence": null}, {"text": "at", "start_seconds": 352.64, "end_seconds": 352.72, "confidence": null}, {"text": "all", "start_seconds": 352.72, "end_seconds": 352.8, "confidence": null}]}, {"type": "transcript.final", "session_id": "eca83f08-096e-494b-b0fd-20e44ff8cd67", "sequence": 528, "segment_id": 43, "revision": 13, "text": " allergies uh no no okay um and tell me about your um uh your situation at home who do you live with", "granularity": "word", "items": [{"text": " allergies", "start_seconds": 354.0, "end_seconds": 354.56, "confidence": null}, {"text": "uh", "start_seconds": 354.56, "end_seconds": 354.64, "confidence": null}, {"text": "no", "start_seconds": 355.04, "end_seconds": 355.12, "confidence": null}, {"text": "no", "start_seconds": 355.52, "end_seconds": 355.84, "confidence": null}, {"text": "okay", "start_seconds": 355.84, "end_seconds": 355.92, "confidence": null}, {"text": "um", "start_seconds": 356.8, "end_seconds": 356.88, "confidence": null}, {"text": "and", "start_seconds": 357.44, "end_seconds": 357.68, "confidence": null}, {"text": "tell", "start_seconds": 357.68, "end_seconds": 357.84, "confidence": null}, {"text": "me", "start_seconds": 357.84, "end_seconds": 358.0, "confidence": null}, {"text": "about", "start_seconds": 358.0, "end_seconds": 358.24, "confidence": null}, {"text": "your", "start_seconds": 358.24, "end_seconds": 358.32, "confidence": null}, {"text": "um", "start_seconds": 358.64, "end_seconds": 358.72, "confidence": null}, {"text": "uh", "start_seconds": 359.52, "end_seconds": 359.6, "confidence": null}, {"text": "your", "start_seconds": 360.0, "end_seconds": 360.16, "confidence": null}, {"text": "situation", "start_seconds": 360.16, "end_seconds": 360.48, "confidence": null}, {"text": "at", "start_seconds": 360.48, "end_seconds": 360.72, "confidence": null}, {"text": "home", "start_seconds": 360.72, "end_seconds": 360.96, "confidence": null}, {"text": "who", "start_seconds": 360.96, "end_seconds": 361.12, "confidence": null}, {"text": "do", "start_seconds": 361.12, "end_seconds": 361.2, "confidence": null}, {"text": "you", "start_seconds": 361.2, "end_seconds": 361.28, "confidence": null}, {"text": "live", "start_seconds": 361.28, "end_seconds": 361.44, "confidence": null}, {"text": "with", "start_seconds": 361.44, "end_seconds": 361.52, "confidence": null}]}, {"type": "transcript.final", "session_id": "eca83f08-096e-494b-b0fd-20e44ff8cd67", "sequence": 544, "segment_id": 44, "revision": 16, "text": " a few flatmates so you know I'm thirty one uh i yeah a full time job and so i'm leaving with a few people to save money", "granularity": "word", "items": [{"text": " a", "start_seconds": 365.44, "end_seconds": 365.6, "confidence": null}, {"text": "few", "start_seconds": 365.6, "end_seconds": 365.92, "confidence": null}, {"text": "flatmates", "start_seconds": 365.92, "end_seconds": 366.64, "confidence": null}, {"text": "so", "start_seconds": 367.6, "end_seconds": 367.76, "confidence": null}, {"text": "you", "start_seconds": 367.76, "end_seconds": 367.84, "confidence": null}, {"text": "know", "start_seconds": 367.84, "end_seconds": 368.0, "confidence": null}, {"text": "I'm", "start_seconds": 368.0, "end_seconds": 368.24, "confidence": null}, {"text": "thirty", "start_seconds": 368.24, "end_seconds": 368.48, "confidence": null}, {"text": "one", "start_seconds": 368.48, "end_seconds": 368.56, "confidence": null}, {"text": "uh", "start_seconds": 369.12, "end_seconds": 369.2, "confidence": null}, {"text": "i", "start_seconds": 369.6, "end_seconds": 369.68, "confidence": null}, {"text": "yeah", "start_seconds": 370.24, "end_seconds": 370.32, "confidence": null}, {"text": "a", "start_seconds": 370.96, "end_seconds": 371.04, "confidence": null}, {"text": "full", "start_seconds": 371.04, "end_seconds": 371.28, "confidence": null}, {"text": "time", "start_seconds": 371.28, "end_seconds": 371.44, "confidence": null}, {"text": "job", "start_seconds": 371.44, "end_seconds": 371.92, "confidence": null}, {"text": "and", "start_seconds": 371.92, "end_seconds": 372.24, "confidence": null}, {"text": "so", "start_seconds": 372.24, "end_seconds": 372.4, "confidence": null}, {"text": "i'm", "start_seconds": 372.48, "end_seconds": 372.8, "confidence": null}, {"text": "leaving", "start_seconds": 372.8, "end_seconds": 373.12, "confidence": null}, {"text": "with", "start_seconds": 373.12, "end_seconds": 373.2, "confidence": null}, {"text": "a", "start_seconds": 373.2, "end_seconds": 373.36, "confidence": null}, {"text": "few", "start_seconds": 373.36, "end_seconds": 373.52, "confidence": null}, {"text": "people", "start_seconds": 373.52, "end_seconds": 373.68, "confidence": null}, {"text": "to", "start_seconds": 373.68, "end_seconds": 373.76, "confidence": null}, {"text": "save", "start_seconds": 373.76, "end_seconds": 374.0, "confidence": null}, {"text": "money", "start_seconds": 374.0, "end_seconds": 374.08, "confidence": null}]}, {"type": "transcript.final", "session_id": "eca83f08-096e-494b-b0fd-20e44ff8cd67", "sequence": 548, "segment_id": 45, "revision": 4, "text": " okay and what do you do for work", "granularity": "word", "items": [{"text": " okay", "start_seconds": 375.44, "end_seconds": 375.52, "confidence": null}, {"text": "and", "start_seconds": 375.84, "end_seconds": 375.92, "confidence": null}, {"text": "what", "start_seconds": 375.92, "end_seconds": 376.08, "confidence": null}, {"text": "do", "start_seconds": 376.08, "end_seconds": 376.16, "confidence": null}, {"text": "you", "start_seconds": 376.16, "end_seconds": 376.32, "confidence": null}, {"text": "do", "start_seconds": 376.32, "end_seconds": 376.4, "confidence": null}, {"text": "for", "start_seconds": 376.4, "end_seconds": 376.56, "confidence": null}, {"text": "work", "start_seconds": 376.56, "end_seconds": 376.64, "confidence": null}]}, {"type": "transcript.final", "session_id": "eca83f08-096e-494b-b0fd-20e44ff8cd67", "sequence": 577, "segment_id": 46, "revision": 29, "text": " uh i work uh at a pharmaceutical company so it's been uh it's been a few years now uh it's uh it's kind of interesting we're working a like a kind of project manager uh i mean do you want to to know more about it uh no no that's absolutely that's absolutely fine", "granularity": "word", "items": [{"text": " uh", "start_seconds": 379.12, "end_seconds": 379.36, "confidence": null}, {"text": "i", "start_seconds": 379.44, "end_seconds": 379.6, "confidence": null}, {"text": "work", "start_seconds": 379.6, "end_seconds": 379.68, "confidence": null}, {"text": "uh", "start_seconds": 380.0, "end_seconds": 380.24, "confidence": null}, {"text": "at", "start_seconds": 380.24, "end_seconds": 380.32, "confidence": null}, {"text": "a", "start_seconds": 380.32, "end_seconds": 380.56, "confidence": null}, {"text": "pharmaceutical", "start_seconds": 380.56, "end_seconds": 381.28, "confidence": null}, {"text": "company", "start_seconds": 381.28, "end_seconds": 381.36, "confidence": null}, {"text": "so", "start_seconds": 381.92, "end_seconds": 382.16, "confidence": null}, {"text": "it's", "start_seconds": 382.16, "end_seconds": 382.48, "confidence": null}, {"text": "been", "start_seconds": 382.48, "end_seconds": 382.64, "confidence": null}, {"text": "uh", "start_seconds": 382.64, "end_seconds": 382.96, "confidence": null}, {"text": "it's", "start_seconds": 382.96, "end_seconds": 383.2, "confidence": null}, {"text": "been", "start_seconds": 383.2, "end_seconds": 383.44, "confidence": null}, {"text": "a", "start_seconds": 383.44, "end_seconds": 383.52, "confidence": null}, {"text": "few", "start_seconds": 383.52, "end_seconds": 383.68, "confidence": null}, {"text": "years", "start_seconds": 383.68, "end_seconds": 384.0, "confidence": null}, {"text": "now", "start_seconds": 384.0, "end_seconds": 384.08, "confidence": null}, {"text": "uh", "start_seconds": 384.72, "end_seconds": 385.04, "confidence": null}, {"text": "it's", "start_seconds": 385.04, "end_seconds": 385.36, "confidence": null}, {"text": "uh", "start_seconds": 385.36, "end_seconds": 385.6, "confidence": null}, {"text": "it's", "start_seconds": 385.6, "end_seconds": 385.84, "confidence": null}, {"text": "kind", "start_seconds": 385.84, "end_seconds": 385.92, "confidence": null}, {"text": "of", "start_seconds": 385.92, "end_seconds": 386.0, "confidence": null}, {"text": "interesting", "start_seconds": 386.0, "end_seconds": 386.08, "confidence": null}, {"text": "we're", "start_seconds": 386.48, "end_seconds": 386.8, "confidence": null}, {"text": "working", "start_seconds": 386.8, "end_seconds": 387.2, "confidence": null}, {"text": "a", "start_seconds": 387.44, "end_seconds": 387.68, "confidence": null}, {"text": "like", "start_seconds": 387.68, "end_seconds": 387.76, "confidence": null}, {"text": "a", "start_seconds": 388.08, "end_seconds": 388.24, "confidence": null}, {"text": "kind", "start_seconds": 388.24, "end_seconds": 388.4, "confidence": null}, {"text": "of", "start_seconds": 388.4, "end_seconds": 388.64, "confidence": null}, {"text": "project", "start_seconds": 388.64, "end_seconds": 388.88, "confidence": null}, {"text": "manager", "start_seconds": 388.88, "end_seconds": 388.96, "confidence": null}, {"text": "uh", "start_seconds": 389.68, "end_seconds": 389.76, "confidence": null}, {"text": "i", "start_seconds": 390.32, "end_seconds": 390.48, "confidence": null}, {"text": "mean", "start_seconds": 390.48, "end_seconds": 390.56, "confidence": null}, {"text": "do", "start_seconds": 391.44, "end_seconds": 391.52, "confidence": null}, {"text": "you", "start_seconds": 391.52, "end_seconds": 391.6, "confidence": null}, {"text": "want", "start_seconds": 391.6, "end_seconds": 391.76, "confidence": null}, {"text": "to", "start_seconds": 391.76, "end_seconds": 392.08, "confidence": null}, {"text": "to", "start_seconds": 392.08, "end_seconds": 392.24, "confidence": null}, {"text": "know", "start_seconds": 392.24, "end_seconds": 392.4, "confidence": null}, {"text": "more", "start_seconds": 392.4, "end_seconds": 392.56, "confidence": null}, {"text": "about", "start_seconds": 392.56, "end_seconds": 392.72, "confidence": null}, {"text": "it", "start_seconds": 392.72, "end_seconds": 392.8, "confidence": null}, {"text": "uh", "start_seconds": 393.92, "end_seconds": 394.24, "confidence": null}, {"text": "no", "start_seconds": 394.24, "end_seconds": 394.48, "confidence": null}, {"text": "no", "start_seconds": 394.56, "end_seconds": 394.72, "confidence": null}, {"text": "that's", "start_seconds": 394.72, "end_seconds": 394.96, "confidence": null}, {"text": "absolutely", "start_seconds": 394.96, "end_seconds": 395.04, "confidence": null}, {"text": "that's", "start_seconds": 395.44, "end_seconds": 395.6, "confidence": null}, {"text": "absolutely", "start_seconds": 395.6, "end_seconds": 395.92, "confidence": null}, {"text": "fine", "start_seconds": 395.92, "end_seconds": 396.0, "confidence": null}]}, {"type": "transcript.final", "session_id": "eca83f08-096e-494b-b0fd-20e44ff8cd67", "sequence": 587, "segment_id": 47, "revision": 10, "text": " um just a couple of questions I want to ask you which can sometimes affect your symptoms is do you smoke at all", "granularity": "word", "items": [{"text": " um", "start_seconds": 397.04, "end_seconds": 397.12, "confidence": null}, {"text": "just", "start_seconds": 397.52, "end_seconds": 397.68, "confidence": null}, {"text": "a", "start_seconds": 397.68, "end_seconds": 397.76, "confidence": null}, {"text": "couple", "start_seconds": 397.76, "end_seconds": 397.84, "confidence": null}, {"text": "of", "start_seconds": 397.84, "end_seconds": 398.0, "confidence": null}, {"text": "questions", "start_seconds": 398.0, "end_seconds": 398.24, "confidence": null}, {"text": "I", "start_seconds": 398.24, "end_seconds": 398.32, "confidence": null}, {"text": "want", "start_seconds": 398.32, "end_seconds": 398.4, "confidence": null}, {"text": "to", "start_seconds": 398.4, "end_seconds": 398.48, "confidence": null}, {"text": "ask", "start_seconds": 398.48, "end_seconds": 398.64, "confidence": null}, {"text": "you", "start_seconds": 398.64, "end_seconds": 398.8, "confidence": null}, {"text": "which", "start_seconds": 398.8, "end_seconds": 398.96, "confidence": null}, {"text": "can", "start_seconds": 398.96, "end_seconds": 399.2, "confidence": null}, {"text": "sometimes", "start_seconds": 399.2, "end_seconds": 399.44, "confidence": null}, {"text": "affect", "start_seconds": 399.44, "end_seconds": 399.68, "confidence": null}, {"text": "your", "start_seconds": 399.68, "end_seconds": 399.84, "confidence": null}, {"text": "symptoms", "start_seconds": 399.84, "end_seconds": 400.0, "confidence": null}, {"text": "is", "start_seconds": 400.56, "end_seconds": 400.64, "confidence": null}, {"text": "do", "start_seconds": 400.96, "end_seconds": 401.04, "confidence": null}, {"text": "you", "start_seconds": 401.04, "end_seconds": 401.2, "confidence": null}, {"text": "smoke", "start_seconds": 401.2, "end_seconds": 401.6, "confidence": null}, {"text": "at", "start_seconds": 401.6, "end_seconds": 401.76, "confidence": null}, {"text": "all", "start_seconds": 401.76, "end_seconds": 401.84, "confidence": null}]}, {"type": "transcript.final", "session_id": "eca83f08-096e-494b-b0fd-20e44ff8cd67", "sequence": 592, "segment_id": 48, "revision": 5, "text": " no and do you drink much in a way of alcohol", "granularity": "word", "items": [{"text": " no", "start_seconds": 404.0, "end_seconds": 404.08, "confidence": null}, {"text": "and", "start_seconds": 404.48, "end_seconds": 404.56, "confidence": null}, {"text": "do", "start_seconds": 404.56, "end_seconds": 404.64, "confidence": null}, {"text": "you", "start_seconds": 404.64, "end_seconds": 404.72, "confidence": null}, {"text": "drink", "start_seconds": 404.72, "end_seconds": 405.04, "confidence": null}, {"text": "much", "start_seconds": 405.04, "end_seconds": 405.28, "confidence": null}, {"text": "in", "start_seconds": 405.28, "end_seconds": 405.36, "confidence": null}, {"text": "a", "start_seconds": 405.36, "end_seconds": 405.44, "confidence": null}, {"text": "way", "start_seconds": 405.44, "end_seconds": 405.6, "confidence": null}, {"text": "of", "start_seconds": 405.6, "end_seconds": 405.68, "confidence": null}, {"text": "alcohol", "start_seconds": 405.68, "end_seconds": 405.92, "confidence": null}]}, {"type": "transcript.final", "session_id": "eca83f08-096e-494b-b0fd-20e44ff8cd67", "sequence": 628, "segment_id": 49, "revision": 36, "text": " uh you know once in a while uh i can i highlight hanging out with people once in a while so yeah say a few a few bars per week something like this nothing nothing crazy i used to drink a lot more when i was younger but it's been it's been a while okay I was gonna say at this stage I've got to say the sound quality is not uh great but I will continue because we've come this far", "granularity": "word", "items": [{"text": " uh", "start_seconds": 407.52, "end_seconds": 407.84, "confidence": null}, {"text": "you", "start_seconds": 407.84, "end_seconds": 407.92, "confidence": null}, {"text": "know", "start_seconds": 407.92, "end_seconds": 408.0, "confidence": null}, {"text": "once", "start_seconds": 408.56, "end_seconds": 408.72, "confidence": null}, {"text": "in", "start_seconds": 408.72, "end_seconds": 408.8, "confidence": null}, {"text": "a", "start_seconds": 408.8, "end_seconds": 408.88, "confidence": null}, {"text": "while", "start_seconds": 408.88, "end_seconds": 409.12, "confidence": null}, {"text": "uh", "start_seconds": 409.12, "end_seconds": 409.36, "confidence": null}, {"text": "i", "start_seconds": 409.36, "end_seconds": 409.44, "confidence": null}, {"text": "can", "start_seconds": 409.44, "end_seconds": 409.6, "confidence": null}, {"text": "i", "start_seconds": 409.68, "end_seconds": 409.76, "confidence": null}, {"text": "highlight", "start_seconds": 409.76, "end_seconds": 410.16, "confidence": null}, {"text": "hanging", "start_seconds": 410.16, "end_seconds": 410.4, "confidence": null}, {"text": "out", "start_seconds": 410.4, "end_seconds": 410.48, "confidence": null}, {"text": "with", "start_seconds": 410.48, "end_seconds": 410.72, "confidence": null}, {"text": "people", "start_seconds": 410.72, "end_seconds": 411.04, "confidence": null}, {"text": "once", "start_seconds": 411.04, "end_seconds": 411.2, "confidence": null}, {"text": "in", "start_seconds": 411.2, "end_seconds": 411.28, "confidence": null}, {"text": "a", "start_seconds": 411.28, "end_seconds": 411.36, "confidence": null}, {"text": "while", "start_seconds": 411.36, "end_seconds": 411.6, "confidence": null}, {"text": "so", "start_seconds": 411.6, "end_seconds": 411.84, "confidence": null}, {"text": "yeah", "start_seconds": 411.84, "end_seconds": 411.92, "confidence": null}, {"text": "say", "start_seconds": 412.32, "end_seconds": 412.56, "confidence": null}, {"text": "a", "start_seconds": 412.56, "end_seconds": 412.72, "confidence": null}, {"text": "few", "start_seconds": 412.72, "end_seconds": 412.88, "confidence": null}, {"text": "a", "start_seconds": 412.88, "end_seconds": 412.96, "confidence": null}, {"text": "few", "start_seconds": 412.96, "end_seconds": 413.28, "confidence": null}, {"text": "bars", "start_seconds": 413.28, "end_seconds": 413.6, "confidence": null}, {"text": "per", "start_seconds": 413.6, "end_seconds": 413.76, "confidence": null}, {"text": "week", "start_seconds": 413.76, "end_seconds": 414.0, "confidence": null}, {"text": "something", "start_seconds": 414.0, "end_seconds": 414.16, "confidence": null}, {"text": "like", "start_seconds": 414.16, "end_seconds": 414.24, "confidence": null}, {"text": "this", "start_seconds": 414.24, "end_seconds": 414.56, "confidence": null}, {"text": "nothing", "start_seconds": 414.56, "end_seconds": 414.64, "confidence": null}, {"text": "nothing", "start_seconds": 415.04, "end_seconds": 415.36, "confidence": null}, {"text": "crazy", "start_seconds": 415.36, "end_seconds": 415.68, "confidence": null}, {"text": "i", "start_seconds": 415.68, "end_seconds": 415.84, "confidence": null}, {"text": "used", "start_seconds": 415.84, "end_seconds": 415.92, "confidence": null}, {"text": "to", "start_seconds": 415.92, "end_seconds": 416.08, "confidence": null}, {"text": "drink", "start_seconds": 416.08, "end_seconds": 416.24, "confidence": null}, {"text": "a", "start_seconds": 416.64, "end_seconds": 416.72, "confidence": null}, {"text": "lot", "start_seconds": 416.72, "end_seconds": 416.88, "confidence": null}, {"text": "more", "start_seconds": 416.88, "end_seconds": 417.12, "confidence": null}, {"text": "when", "start_seconds": 417.12, "end_seconds": 417.28, "confidence": null}, {"text": "i", "start_seconds": 417.28, "end_seconds": 417.36, "confidence": null}, {"text": "was", "start_seconds": 417.36, "end_seconds": 417.6, "confidence": null}, {"text": "younger", "start_seconds": 417.6, "end_seconds": 417.92, "confidence": null}, {"text": "but", "start_seconds": 417.92, "end_seconds": 418.16, "confidence": null}, {"text": "it's", "start_seconds": 418.16, "end_seconds": 418.4, "confidence": null}, {"text": "been", "start_seconds": 418.4, "end_seconds": 418.48, "confidence": null}, {"text": "it's", "start_seconds": 419.04, "end_seconds": 419.2, "confidence": null}, {"text": "been", "start_seconds": 419.2, "end_seconds": 419.44, "confidence": null}, {"text": "a", "start_seconds": 419.44, "end_seconds": 419.6, "confidence": null}, {"text": "while", "start_seconds": 419.6, "end_seconds": 419.76, "confidence": null}, {"text": "okay", "start_seconds": 420.88, "end_seconds": 421.12, "confidence": null}, {"text": "I", "start_seconds": 421.2, "end_seconds": 421.28, "confidence": null}, {"text": "was", "start_seconds": 421.28, "end_seconds": 421.44, "confidence": null}, {"text": "gonna", "start_seconds": 421.44, "end_seconds": 421.6, "confidence": null}, {"text": "say", "start_seconds": 421.6, "end_seconds": 421.76, "confidence": null}, {"text": "at", "start_seconds": 421.76, "end_seconds": 421.92, "confidence": null}, {"text": "this", "start_seconds": 421.92, "end_seconds": 422.0, "confidence": null}, {"text": "stage", "start_seconds": 422.0, "end_seconds": 422.16, "confidence": null}, {"text": "I've", "start_seconds": 422.16, "end_seconds": 422.24, "confidence": null}, {"text": "got", "start_seconds": 422.24, "end_seconds": 422.32, "confidence": null}, {"text": "to", "start_seconds": 422.32, "end_seconds": 422.4, "confidence": null}, {"text": "say", "start_seconds": 422.4, "end_seconds": 422.48, "confidence": null}, {"text": "the", "start_seconds": 422.96, "end_seconds": 423.12, "confidence": null}, {"text": "sound", "start_seconds": 423.12, "end_seconds": 423.36, "confidence": null}, {"text": "quality", "start_seconds": 423.36, "end_seconds": 423.76, "confidence": null}, {"text": "is", "start_seconds": 423.76, "end_seconds": 423.84, "confidence": null}, {"text": "not", "start_seconds": 423.84, "end_seconds": 423.92, "confidence": null}, {"text": "uh", "start_seconds": 424.4, "end_seconds": 424.64, "confidence": null}, {"text": "great", "start_seconds": 424.64, "end_seconds": 424.72, "confidence": null}, {"text": "but", "start_seconds": 425.04, "end_seconds": 425.36, "confidence": null}, {"text": "I", "start_seconds": 425.36, "end_seconds": 425.52, "confidence": null}, {"text": "will", "start_seconds": 425.52, "end_seconds": 425.6, "confidence": null}, {"text": "continue", "start_seconds": 425.6, "end_seconds": 425.84, "confidence": null}, {"text": "because", "start_seconds": 425.84, "end_seconds": 426.08, "confidence": null}, {"text": "we've", "start_seconds": 426.08, "end_seconds": 426.32, "confidence": null}, {"text": "come", "start_seconds": 426.32, "end_seconds": 426.48, "confidence": null}, {"text": "this", "start_seconds": 426.48, "end_seconds": 426.72, "confidence": null}, {"text": "far", "start_seconds": 426.72, "end_seconds": 426.8, "confidence": null}]}, {"type": "transcript.final", "session_id": "eca83f08-096e-494b-b0fd-20e44ff8cd67", "sequence": 649, "segment_id": 50, "revision": 21, "text": " based on everything you mentioned sir i i do wonder whether this is a flare up of your eczema um the reason being that you said it's quite itchy um it's many affecting your chest and your back um", "granularity": "word", "items": [{"text": " based", "start_seconds": 428.96, "end_seconds": 429.12, "confidence": null}, {"text": "on", "start_seconds": 429.12, "end_seconds": 429.28, "confidence": null}, {"text": "everything", "start_seconds": 429.28, "end_seconds": 429.52, "confidence": null}, {"text": "you", "start_seconds": 429.52, "end_seconds": 429.6, "confidence": null}, {"text": "mentioned", "start_seconds": 429.6, "end_seconds": 430.08, "confidence": null}, {"text": "sir", "start_seconds": 430.08, "end_seconds": 430.16, "confidence": null}, {"text": "i", "start_seconds": 430.64, "end_seconds": 430.88, "confidence": null}, {"text": "i", "start_seconds": 430.96, "end_seconds": 431.04, "confidence": null}, {"text": "do", "start_seconds": 431.04, "end_seconds": 431.2, "confidence": null}, {"text": "wonder", "start_seconds": 431.2, "end_seconds": 431.44, "confidence": null}, {"text": "whether", "start_seconds": 431.44, "end_seconds": 431.76, "confidence": null}, {"text": "this", "start_seconds": 431.76, "end_seconds": 431.84, "confidence": null}, {"text": "is", "start_seconds": 431.84, "end_seconds": 431.92, "confidence": null}, {"text": "a", "start_seconds": 431.92, "end_seconds": 432.08, "confidence": null}, {"text": "flare", "start_seconds": 432.08, "end_seconds": 432.4, "confidence": null}, {"text": "up", "start_seconds": 432.4, "end_seconds": 432.64, "confidence": null}, {"text": "of", "start_seconds": 432.64, "end_seconds": 432.88, "confidence": null}, {"text": "your", "start_seconds": 432.88, "end_seconds": 432.96, "confidence": null}, {"text": "eczema", "start_seconds": 432.96, "end_seconds": 433.28, "confidence": null}, {"text": "um", "start_seconds": 433.76, "end_seconds": 433.84, "confidence": null}, {"text": "the", "start_seconds": 434.24, "end_seconds": 434.4, "confidence": null}, {"text": "reason", "start_seconds": 434.4, "end_seconds": 434.72, "confidence": null}, {"text": "being", "start_seconds": 434.72, "end_seconds": 435.04, "confidence": null}, {"text": "that", "start_seconds": 435.04, "end_seconds": 435.28, "confidence": null}, {"text": "you", "start_seconds": 435.28, "end_seconds": 435.44, "confidence": null}, {"text": "said", "start_seconds": 435.44, "end_seconds": 435.68, "confidence": null}, {"text": "it's", "start_seconds": 435.68, "end_seconds": 435.76, "confidence": null}, {"text": "quite", "start_seconds": 435.76, "end_seconds": 436.0, "confidence": null}, {"text": "itchy", "start_seconds": 436.0, "end_seconds": 436.4, "confidence": null}, {"text": "um", "start_seconds": 437.12, "end_seconds": 437.44, "confidence": null}, {"text": "it's", "start_seconds": 437.44, "end_seconds": 437.92, "confidence": null}, {"text": "many", "start_seconds": 437.92, "end_seconds": 438.08, "confidence": null}, {"text": "affecting", "start_seconds": 438.08, "end_seconds": 438.48, "confidence": null}, {"text": "your", "start_seconds": 438.48, "end_seconds": 438.64, "confidence": null}, {"text": "chest", "start_seconds": 438.64, "end_seconds": 438.88, "confidence": null}, {"text": "and", "start_seconds": 438.88, "end_seconds": 439.12, "confidence": null}, {"text": "your", "start_seconds": 439.12, "end_seconds": 439.2, "confidence": null}, {"text": "back", "start_seconds": 439.2, "end_seconds": 439.28, "confidence": null}, {"text": "um", "start_seconds": 440.16, "end_seconds": 440.24, "confidence": null}]}, {"type": "transcript.final", "session_id": "eca83f08-096e-494b-b0fd-20e44ff8cd67", "sequence": 665, "segment_id": 51, "revision": 16, "text": " and uh having looked at your skin uh the the rash does pick quite familiar um you mentioned you using sterile creams yesterday", "granularity": "word", "items": [{"text": " and", "start_seconds": 441.28, "end_seconds": 441.6, "confidence": null}, {"text": "uh", "start_seconds": 441.6, "end_seconds": 441.68, "confidence": null}, {"text": "having", "start_seconds": 442.48, "end_seconds": 442.72, "confidence": null}, {"text": "looked", "start_seconds": 442.72, "end_seconds": 442.88, "confidence": null}, {"text": "at", "start_seconds": 442.88, "end_seconds": 443.04, "confidence": null}, {"text": "your", "start_seconds": 443.04, "end_seconds": 443.12, "confidence": null}, {"text": "skin", "start_seconds": 443.12, "end_seconds": 443.2, "confidence": null}, {"text": "uh", "start_seconds": 443.68, "end_seconds": 443.76, "confidence": null}, {"text": "the", "start_seconds": 444.32, "end_seconds": 444.48, "confidence": null}, {"text": "the", "start_seconds": 444.48, "end_seconds": 444.8, "confidence": null}, {"text": "rash", "start_seconds": 444.8, "end_seconds": 445.12, "confidence": null}, {"text": "does", "start_seconds": 445.12, "end_seconds": 445.2, "confidence": null}, {"text": "pick", "start_seconds": 445.6, "end_seconds": 445.68, "confidence": null}, {"text": "quite", "start_seconds": 446.16, "end_seconds": 446.4, "confidence": null}, {"text": "familiar", "start_seconds": 446.4, "end_seconds": 446.56, "confidence": null}, {"text": "um", "start_seconds": 447.2, "end_seconds": 447.28, "confidence": null}, {"text": "you", "start_seconds": 447.76, "end_seconds": 448.08, "confidence": null}, {"text": "mentioned", "start_seconds": 448.08, "end_seconds": 448.4, "confidence": null}, {"text": "you", "start_seconds": 448.4, "end_seconds": 448.64, "confidence": null}, {"text": "using", "start_seconds": 448.64, "end_seconds": 449.12, "confidence": null}, {"text": "sterile", "start_seconds": 449.12, "end_seconds": 449.44, "confidence": null}, {"text": "creams", "start_seconds": 449.44, "end_seconds": 449.84, "confidence": null}, {"text": "yesterday", "start_seconds": 449.84, "end_seconds": 450.0, "confidence": null}]}, {"type": "transcript.final", "session_id": "eca83f08-096e-494b-b0fd-20e44ff8cd67", "sequence": 690, "segment_id": 52, "revision": 25, "text": " um from the pharmacy i wonder whether giving you stronger prescription of a steroid maybe beneficial uh which I'm happy to prescribe to you today as well as I'm going to give you something some ammolians which helps to moisturize the skin", "granularity": "word", "items": [{"text": " um", "start_seconds": 451.44, "end_seconds": 451.76, "confidence": null}, {"text": "from", "start_seconds": 451.76, "end_seconds": 451.92, "confidence": null}, {"text": "the", "start_seconds": 451.92, "end_seconds": 452.08, "confidence": null}, {"text": "pharmacy", "start_seconds": 452.08, "end_seconds": 452.4, "confidence": null}, {"text": "i", "start_seconds": 453.12, "end_seconds": 453.28, "confidence": null}, {"text": "wonder", "start_seconds": 453.28, "end_seconds": 453.44, "confidence": null}, {"text": "whether", "start_seconds": 453.44, "end_seconds": 453.84, "confidence": null}, {"text": "giving", "start_seconds": 453.84, "end_seconds": 454.16, "confidence": null}, {"text": "you", "start_seconds": 454.16, "end_seconds": 454.32, "confidence": null}, {"text": "stronger", "start_seconds": 454.32, "end_seconds": 454.4, "confidence": null}, {"text": "prescription", "start_seconds": 454.88, "end_seconds": 455.28, "confidence": null}, {"text": "of", "start_seconds": 455.84, "end_seconds": 455.92, "confidence": null}, {"text": "a", "start_seconds": 456.64, "end_seconds": 456.72, "confidence": null}, {"text": "steroid", "start_seconds": 456.72, "end_seconds": 456.96, "confidence": null}, {"text": "maybe", "start_seconds": 457.52, "end_seconds": 457.6, "confidence": null}, {"text": "beneficial", "start_seconds": 458.24, "end_seconds": 458.48, "confidence": null}, {"text": "uh", "start_seconds": 459.52, "end_seconds": 459.6, "confidence": null}, {"text": "which", "start_seconds": 460.0, "end_seconds": 460.08, "confidence": null}, {"text": "I'm", "start_seconds": 460.08, "end_seconds": 460.32, "confidence": null}, {"text": "happy", "start_seconds": 460.32, "end_seconds": 460.48, "confidence": null}, {"text": "to", "start_seconds": 460.48, "end_seconds": 460.56, "confidence": null}, {"text": "prescribe", "start_seconds": 460.56, "end_seconds": 460.96, "confidence": null}, {"text": "to", "start_seconds": 460.96, "end_seconds": 461.12, "confidence": null}, {"text": "you", "start_seconds": 461.12, "end_seconds": 461.44, "confidence": null}, {"text": "today", "start_seconds": 461.44, "end_seconds": 461.52, "confidence": null}, {"text": "as", "start_seconds": 462.16, "end_seconds": 462.32, "confidence": null}, {"text": "well", "start_seconds": 462.32, "end_seconds": 462.64, "confidence": null}, {"text": "as", "start_seconds": 462.64, "end_seconds": 462.72, "confidence": null}, {"text": "I'm", "start_seconds": 463.12, "end_seconds": 463.2, "confidence": null}, {"text": "going", "start_seconds": 463.2, "end_seconds": 463.28, "confidence": null}, {"text": "to", "start_seconds": 463.28, "end_seconds": 463.36, "confidence": null}, {"text": "give", "start_seconds": 463.36, "end_seconds": 463.44, "confidence": null}, {"text": "you", "start_seconds": 463.44, "end_seconds": 463.6, "confidence": null}, {"text": "something", "start_seconds": 463.6, "end_seconds": 463.84, "confidence": null}, {"text": "some", "start_seconds": 463.84, "end_seconds": 464.08, "confidence": null}, {"text": "ammolians", "start_seconds": 464.08, "end_seconds": 464.64, "confidence": null}, {"text": "which", "start_seconds": 464.64, "end_seconds": 464.72, "confidence": null}, {"text": "helps", "start_seconds": 464.72, "end_seconds": 464.96, "confidence": null}, {"text": "to", "start_seconds": 464.96, "end_seconds": 465.12, "confidence": null}, {"text": "moisturize", "start_seconds": 465.12, "end_seconds": 465.68, "confidence": null}, {"text": "the", "start_seconds": 465.68, "end_seconds": 465.84, "confidence": null}, {"text": "skin", "start_seconds": 465.84, "end_seconds": 465.92, "confidence": null}]}, {"type": "transcript.final", "session_id": "eca83f08-096e-494b-b0fd-20e44ff8cd67", "sequence": 702, "segment_id": 53, "revision": 12, "text": " use in the bath and shower and it's definitely worth uh using that for the first seven to ten days", "granularity": "word", "items": [{"text": " use", "start_seconds": 467.44, "end_seconds": 467.6, "confidence": null}, {"text": "in", "start_seconds": 467.6, "end_seconds": 467.68, "confidence": null}, {"text": "the", "start_seconds": 467.68, "end_seconds": 467.84, "confidence": null}, {"text": "bath", "start_seconds": 467.84, "end_seconds": 468.16, "confidence": null}, {"text": "and", "start_seconds": 468.16, "end_seconds": 468.32, "confidence": null}, {"text": "shower", "start_seconds": 468.32, "end_seconds": 468.4, "confidence": null}, {"text": "and", "start_seconds": 469.2, "end_seconds": 469.28, "confidence": null}, {"text": "it's", "start_seconds": 469.28, "end_seconds": 469.44, "confidence": null}, {"text": "definitely", "start_seconds": 469.44, "end_seconds": 469.84, "confidence": null}, {"text": "worth", "start_seconds": 469.84, "end_seconds": 469.92, "confidence": null}, {"text": "uh", "start_seconds": 470.4, "end_seconds": 470.48, "confidence": null}, {"text": "using", "start_seconds": 470.8, "end_seconds": 471.12, "confidence": null}, {"text": "that", "start_seconds": 471.12, "end_seconds": 471.28, "confidence": null}, {"text": "for", "start_seconds": 471.28, "end_seconds": 471.36, "confidence": null}, {"text": "the", "start_seconds": 471.36, "end_seconds": 471.52, "confidence": null}, {"text": "first", "start_seconds": 471.52, "end_seconds": 471.6, "confidence": null}, {"text": "seven", "start_seconds": 472.08, "end_seconds": 472.4, "confidence": null}, {"text": "to", "start_seconds": 472.4, "end_seconds": 472.56, "confidence": null}, {"text": "ten", "start_seconds": 472.56, "end_seconds": 472.64, "confidence": null}, {"text": "days", "start_seconds": 472.64, "end_seconds": 472.72, "confidence": null}]}, {"type": "transcript.final", "session_id": "eca83f08-096e-494b-b0fd-20e44ff8cd67", "sequence": 727, "segment_id": 54, "revision": 25, "text": " uh before we make a decision on whether it's working or not um it's also worth um using antihistamines which you can sometimes buy over counter things like loratidine or piritin which can help with the itchiness of your skin", "granularity": "word", "items": [{"text": " uh", "start_seconds": 473.76, "end_seconds": 473.84, "confidence": null}, {"text": "before", "start_seconds": 474.24, "end_seconds": 474.48, "confidence": null}, {"text": "we", "start_seconds": 474.48, "end_seconds": 474.64, "confidence": null}, {"text": "make", "start_seconds": 474.64, "end_seconds": 474.88, "confidence": null}, {"text": "a", "start_seconds": 474.88, "end_seconds": 474.96, "confidence": null}, {"text": "decision", "start_seconds": 474.96, "end_seconds": 475.2, "confidence": null}, {"text": "on", "start_seconds": 475.2, "end_seconds": 475.36, "confidence": null}, {"text": "whether", "start_seconds": 475.36, "end_seconds": 475.6, "confidence": null}, {"text": "it's", "start_seconds": 475.6, "end_seconds": 475.76, "confidence": null}, {"text": "working", "start_seconds": 475.76, "end_seconds": 476.0, "confidence": null}, {"text": "or", "start_seconds": 476.0, "end_seconds": 476.16, "confidence": null}, {"text": "not", "start_seconds": 476.16, "end_seconds": 476.24, "confidence": null}, {"text": "um", "start_seconds": 477.36, "end_seconds": 477.44, "confidence": null}, {"text": "it's", "start_seconds": 477.84, "end_seconds": 478.0, "confidence": null}, {"text": "also", "start_seconds": 478.0, "end_seconds": 478.24, "confidence": null}, {"text": "worth", "start_seconds": 478.24, "end_seconds": 478.32, "confidence": null}, {"text": "um", "start_seconds": 478.8, "end_seconds": 478.88, "confidence": null}, {"text": "using", "start_seconds": 479.68, "end_seconds": 479.84, "confidence": null}, {"text": "antihistamines", "start_seconds": 480.48, "end_seconds": 481.6, "confidence": null}, {"text": "which", "start_seconds": 481.6, "end_seconds": 481.68, "confidence": null}, {"text": "you", "start_seconds": 481.68, "end_seconds": 481.76, "confidence": null}, {"text": "can", "start_seconds": 481.76, "end_seconds": 481.84, "confidence": null}, {"text": "sometimes", "start_seconds": 481.84, "end_seconds": 482.16, "confidence": null}, {"text": "buy", "start_seconds": 482.16, "end_seconds": 482.24, "confidence": null}, {"text": "over", "start_seconds": 482.56, "end_seconds": 482.88, "confidence": null}, {"text": "counter", "start_seconds": 482.88, "end_seconds": 483.12, "confidence": null}, {"text": "things", "start_seconds": 483.92, "end_seconds": 484.08, "confidence": null}, {"text": "like", "start_seconds": 484.08, "end_seconds": 484.16, "confidence": null}, {"text": "loratidine", "start_seconds": 484.48, "end_seconds": 485.36, "confidence": null}, {"text": "or", "start_seconds": 485.36, "end_seconds": 485.44, "confidence": null}, {"text": "piritin", "start_seconds": 485.76, "end_seconds": 486.32, "confidence": null}, {"text": "which", "start_seconds": 486.32, "end_seconds": 486.48, "confidence": null}, {"text": "can", "start_seconds": 486.48, "end_seconds": 486.56, "confidence": null}, {"text": "help", "start_seconds": 486.56, "end_seconds": 486.88, "confidence": null}, {"text": "with", "start_seconds": 486.88, "end_seconds": 487.04, "confidence": null}, {"text": "the", "start_seconds": 487.04, "end_seconds": 487.2, "confidence": null}, {"text": "itchiness", "start_seconds": 487.2, "end_seconds": 487.92, "confidence": null}, {"text": "of", "start_seconds": 487.92, "end_seconds": 488.08, "confidence": null}, {"text": "your", "start_seconds": 488.08, "end_seconds": 488.16, "confidence": null}, {"text": "skin", "start_seconds": 488.88, "end_seconds": 488.96, "confidence": null}]}, {"type": "transcript.final", "session_id": "eca83f08-096e-494b-b0fd-20e44ff8cd67", "sequence": 750, "segment_id": 55, "revision": 23, "text": " and uh it's also worth kiffing a diary of any triggers which are affecting your symptoms anything you wear or anything you use in terms of shower gels or soap because if that's causing your symptoms then we need to have a discussion about our next time I see you okay", "granularity": "word", "items": [{"text": " and", "start_seconds": 490.16, "end_seconds": 490.48, "confidence": null}, {"text": "uh", "start_seconds": 490.48, "end_seconds": 490.56, "confidence": null}, {"text": "it's", "start_seconds": 491.44, "end_seconds": 491.68, "confidence": null}, {"text": "also", "start_seconds": 491.68, "end_seconds": 491.84, "confidence": null}, {"text": "worth", "start_seconds": 491.84, "end_seconds": 492.24, "confidence": null}, {"text": "kiffing", "start_seconds": 492.24, "end_seconds": 492.48, "confidence": null}, {"text": "a", "start_seconds": 492.48, "end_seconds": 492.56, "confidence": null}, {"text": "diary", "start_seconds": 492.56, "end_seconds": 492.96, "confidence": null}, {"text": "of", "start_seconds": 492.96, "end_seconds": 493.12, "confidence": null}, {"text": "any", "start_seconds": 493.12, "end_seconds": 493.2, "confidence": null}, {"text": "triggers", "start_seconds": 493.52, "end_seconds": 494.16, "confidence": null}, {"text": "which", "start_seconds": 494.16, "end_seconds": 494.48, "confidence": null}, {"text": "are", "start_seconds": 494.48, "end_seconds": 494.56, "confidence": null}, {"text": "affecting", "start_seconds": 494.56, "end_seconds": 494.88, "confidence": null}, {"text": "your", "start_seconds": 494.88, "end_seconds": 495.12, "confidence": null}, {"text": "symptoms", "start_seconds": 495.12, "end_seconds": 495.36, "confidence": null}, {"text": "anything", "start_seconds": 495.76, "end_seconds": 495.92, "confidence": null}, {"text": "you", "start_seconds": 495.92, "end_seconds": 496.24, "confidence": null}, {"text": "wear", "start_seconds": 496.24, "end_seconds": 496.48, "confidence": null}, {"text": "or", "start_seconds": 496.48, "end_seconds": 496.72, "confidence": null}, {"text": "anything", "start_seconds": 496.72, "end_seconds": 496.88, "confidence": null}, {"text": "you", "start_seconds": 496.88, "end_seconds": 497.12, "confidence": null}, {"text": "use", "start_seconds": 497.12, "end_seconds": 497.44, "confidence": null}, {"text": "in", "start_seconds": 497.44, "end_seconds": 497.52, "confidence": null}, {"text": "terms", "start_seconds": 497.52, "end_seconds": 497.6, "confidence": null}, {"text": "of", "start_seconds": 497.6, "end_seconds": 497.68, "confidence": null}, {"text": "shower", "start_seconds": 498.4, "end_seconds": 498.64, "confidence": null}, {"text": "gels", "start_seconds": 498.64, "end_seconds": 498.96, "confidence": null}, {"text": "or", "start_seconds": 498.96, "end_seconds": 499.12, "confidence": null}, {"text": "soap", "start_seconds": 499.12, "end_seconds": 499.28, "confidence": null}, {"text": "because", "start_seconds": 499.92, "end_seconds": 500.08, "confidence": null}, {"text": "if", "start_seconds": 500.08, "end_seconds": 500.32, "confidence": null}, {"text": "that's", "start_seconds": 500.32, "end_seconds": 500.72, "confidence": null}, {"text": "causing", "start_seconds": 500.72, "end_seconds": 500.96, "confidence": null}, {"text": "your", "start_seconds": 500.96, "end_seconds": 501.2, "confidence": null}, {"text": "symptoms", "start_seconds": 501.2, "end_seconds": 501.52, "confidence": null}, {"text": "then", "start_seconds": 501.52, "end_seconds": 501.68, "confidence": null}, {"text": "we", "start_seconds": 501.68, "end_seconds": 501.76, "confidence": null}, {"text": "need", "start_seconds": 501.76, "end_seconds": 501.84, "confidence": null}, {"text": "to", "start_seconds": 501.84, "end_seconds": 501.92, "confidence": null}, {"text": "have", "start_seconds": 501.92, "end_seconds": 502.0, "confidence": null}, {"text": "a", "start_seconds": 502.0, "end_seconds": 502.08, "confidence": null}, {"text": "discussion", "start_seconds": 502.08, "end_seconds": 502.4, "confidence": null}, {"text": "about", "start_seconds": 502.4, "end_seconds": 502.64, "confidence": null}, {"text": "our", "start_seconds": 502.64, "end_seconds": 502.8, "confidence": null}, {"text": "next", "start_seconds": 502.8, "end_seconds": 503.04, "confidence": null}, {"text": "time", "start_seconds": 503.04, "end_seconds": 503.12, "confidence": null}, {"text": "I", "start_seconds": 503.12, "end_seconds": 503.2, "confidence": null}, {"text": "see", "start_seconds": 503.2, "end_seconds": 503.36, "confidence": null}, {"text": "you", "start_seconds": 503.36, "end_seconds": 503.44, "confidence": null}, {"text": "okay", "start_seconds": 504.48, "end_seconds": 504.56, "confidence": null}]}, {"type": "transcript.final", "session_id": "eca83f08-096e-494b-b0fd-20e44ff8cd67", "sequence": 758, "segment_id": 56, "revision": 8, "text": " just I have to ride entimines uh lately but it didn't really help", "granularity": "word", "items": [{"text": " just", "start_seconds": 505.2, "end_seconds": 505.28, "confidence": null}, {"text": "I", "start_seconds": 505.68, "end_seconds": 505.92, "confidence": null}, {"text": "have", "start_seconds": 505.92, "end_seconds": 506.16, "confidence": null}, {"text": "to", "start_seconds": 506.16, "end_seconds": 506.32, "confidence": null}, {"text": "ride", "start_seconds": 506.32, "end_seconds": 506.56, "confidence": null}, {"text": "entimines", "start_seconds": 506.56, "end_seconds": 507.76, "confidence": null}, {"text": "uh", "start_seconds": 507.76, "end_seconds": 508.0, "confidence": null}, {"text": "lately", "start_seconds": 508.0, "end_seconds": 508.4, "confidence": null}, {"text": "but", "start_seconds": 508.4, "end_seconds": 508.56, "confidence": null}, {"text": "it", "start_seconds": 508.56, "end_seconds": 508.72, "confidence": null}, {"text": "didn't", "start_seconds": 508.72, "end_seconds": 508.96, "confidence": null}, {"text": "really", "start_seconds": 508.96, "end_seconds": 509.04, "confidence": null}, {"text": "help", "start_seconds": 509.44, "end_seconds": 509.52, "confidence": null}]}, {"type": "transcript.final", "session_id": "eca83f08-096e-494b-b0fd-20e44ff8cd67", "sequence": 768, "segment_id": 57, "revision": 10, "text": " could you say again sorry I have tried the anti histamines okay uh but", "granularity": "word", "items": [{"text": " could", "start_seconds": 511.04, "end_seconds": 511.12, "confidence": null}, {"text": "you", "start_seconds": 511.12, "end_seconds": 511.28, "confidence": null}, {"text": "say", "start_seconds": 511.28, "end_seconds": 511.44, "confidence": null}, {"text": "again", "start_seconds": 511.44, "end_seconds": 511.68, "confidence": null}, {"text": "sorry", "start_seconds": 511.68, "end_seconds": 511.76, "confidence": null}, {"text": "I", "start_seconds": 512.64, "end_seconds": 512.8, "confidence": null}, {"text": "have", "start_seconds": 512.8, "end_seconds": 513.04, "confidence": null}, {"text": "tried", "start_seconds": 513.04, "end_seconds": 513.52, "confidence": null}, {"text": "the", "start_seconds": 513.52, "end_seconds": 513.76, "confidence": null}, {"text": "anti", "start_seconds": 513.76, "end_seconds": 514.16, "confidence": null}, {"text": "histamines", "start_seconds": 514.16, "end_seconds": 514.88, "confidence": null}, {"text": "okay", "start_seconds": 514.88, "end_seconds": 514.96, "confidence": null}, {"text": "uh", "start_seconds": 515.36, "end_seconds": 515.44, "confidence": null}, {"text": "but", "start_seconds": 515.76, "end_seconds": 515.84, "confidence": null}]}, {"type": "transcript.final", "session_id": "eca83f08-096e-494b-b0fd-20e44ff8cd67", "sequence": 780, "segment_id": 58, "revision": 12, "text": " it didn't okay so it's something for you to think about you can get different type of ancestamines I can give you something a little bit stronger today as well", "granularity": "word", "items": [{"text": " it", "start_seconds": 517.2, "end_seconds": 517.36, "confidence": null}, {"text": "didn't", "start_seconds": 517.36, "end_seconds": 517.68, "confidence": null}, {"text": "okay", "start_seconds": 517.68, "end_seconds": 517.92, "confidence": null}, {"text": "so", "start_seconds": 517.92, "end_seconds": 518.08, "confidence": null}, {"text": "it's", "start_seconds": 518.08, "end_seconds": 518.24, "confidence": null}, {"text": "something", "start_seconds": 518.24, "end_seconds": 518.4, "confidence": null}, {"text": "for", "start_seconds": 518.4, "end_seconds": 518.48, "confidence": null}, {"text": "you", "start_seconds": 518.48, "end_seconds": 518.64, "confidence": null}, {"text": "to", "start_seconds": 518.64, "end_seconds": 518.72, "confidence": null}, {"text": "think", "start_seconds": 518.72, "end_seconds": 518.8, "confidence": null}, {"text": "about", "start_seconds": 518.8, "end_seconds": 518.88, "confidence": null}, {"text": "you", "start_seconds": 519.44, "end_seconds": 519.52, "confidence": null}, {"text": "can", "start_seconds": 519.52, "end_seconds": 519.6, "confidence": null}, {"text": "get", "start_seconds": 519.6, "end_seconds": 519.76, "confidence": null}, {"text": "different", "start_seconds": 519.76, "end_seconds": 520.0, "confidence": null}, {"text": "type", "start_seconds": 520.0, "end_seconds": 520.32, "confidence": null}, {"text": "of", "start_seconds": 520.32, "end_seconds": 520.56, "confidence": null}, {"text": "ancestamines", "start_seconds": 520.56, "end_seconds": 521.12, "confidence": null}, {"text": "I", "start_seconds": 521.12, "end_seconds": 521.2, "confidence": null}, {"text": "can", "start_seconds": 521.2, "end_seconds": 521.28, "confidence": null}, {"text": "give", "start_seconds": 521.28, "end_seconds": 521.36, "confidence": null}, {"text": "you", "start_seconds": 521.36, "end_seconds": 521.44, "confidence": null}, {"text": "something", "start_seconds": 521.44, "end_seconds": 521.52, "confidence": null}, {"text": "a", "start_seconds": 521.92, "end_seconds": 522.0, "confidence": null}, {"text": "little", "start_seconds": 522.0, "end_seconds": 522.16, "confidence": null}, {"text": "bit", "start_seconds": 522.16, "end_seconds": 522.32, "confidence": null}, {"text": "stronger", "start_seconds": 522.32, "end_seconds": 522.64, "confidence": null}, {"text": "today", "start_seconds": 522.64, "end_seconds": 522.88, "confidence": null}, {"text": "as", "start_seconds": 522.88, "end_seconds": 522.96, "confidence": null}, {"text": "well", "start_seconds": 522.96, "end_seconds": 523.04, "confidence": null}]}, {"type": "transcript.final", "session_id": "eca83f08-096e-494b-b0fd-20e44ff8cd67", "sequence": 797, "segment_id": 59, "revision": 17, "text": " something like fexapenide which I can give to you today it's definitely worth trying it it's not going to do you any harm but I certainly think using the steroids and the ammolions um a regular basis", "granularity": "word", "items": [{"text": " something", "start_seconds": 524.72, "end_seconds": 524.96, "confidence": null}, {"text": "like", "start_seconds": 524.96, "end_seconds": 525.28, "confidence": null}, {"text": "fexapenide", "start_seconds": 525.28, "end_seconds": 526.16, "confidence": null}, {"text": "which", "start_seconds": 526.16, "end_seconds": 526.24, "confidence": null}, {"text": "I", "start_seconds": 526.24, "end_seconds": 526.32, "confidence": null}, {"text": "can", "start_seconds": 526.32, "end_seconds": 526.4, "confidence": null}, {"text": "give", "start_seconds": 526.4, "end_seconds": 526.48, "confidence": null}, {"text": "to", "start_seconds": 526.48, "end_seconds": 526.56, "confidence": null}, {"text": "you", "start_seconds": 526.56, "end_seconds": 526.72, "confidence": null}, {"text": "today", "start_seconds": 526.72, "end_seconds": 526.8, "confidence": null}, {"text": "it's", "start_seconds": 527.52, "end_seconds": 527.6, "confidence": null}, {"text": "definitely", "start_seconds": 527.6, "end_seconds": 527.84, "confidence": null}, {"text": "worth", "start_seconds": 527.84, "end_seconds": 528.16, "confidence": null}, {"text": "trying", "start_seconds": 528.16, "end_seconds": 528.4, "confidence": null}, {"text": "it", "start_seconds": 528.4, "end_seconds": 528.56, "confidence": null}, {"text": "it's", "start_seconds": 528.56, "end_seconds": 528.72, "confidence": null}, {"text": "not", "start_seconds": 528.72, "end_seconds": 528.8, "confidence": null}, {"text": "going", "start_seconds": 528.8, "end_seconds": 528.88, "confidence": null}, {"text": "to", "start_seconds": 528.88, "end_seconds": 528.96, "confidence": null}, {"text": "do", "start_seconds": 528.96, "end_seconds": 529.2, "confidence": null}, {"text": "you", "start_seconds": 529.2, "end_seconds": 529.28, "confidence": null}, {"text": "any", "start_seconds": 529.28, "end_seconds": 529.44, "confidence": null}, {"text": "harm", "start_seconds": 529.44, "end_seconds": 529.6, "confidence": null}, {"text": "but", "start_seconds": 530.32, "end_seconds": 530.4, "confidence": null}, {"text": "I", "start_seconds": 530.88, "end_seconds": 530.96, "confidence": null}, {"text": "certainly", "start_seconds": 530.96, "end_seconds": 531.2, "confidence": null}, {"text": "think", "start_seconds": 531.2, "end_seconds": 531.44, "confidence": null}, {"text": "using", "start_seconds": 531.44, "end_seconds": 531.68, "confidence": null}, {"text": "the", "start_seconds": 531.68, "end_seconds": 532.0, "confidence": null}, {"text": "steroids", "start_seconds": 532.0, "end_seconds": 532.48, "confidence": null}, {"text": "and", "start_seconds": 532.48, "end_seconds": 532.64, "confidence": null}, {"text": "the", "start_seconds": 532.64, "end_seconds": 532.8, "confidence": null}, {"text": "ammolions", "start_seconds": 532.8, "end_seconds": 533.6, "confidence": null}, {"text": "um", "start_seconds": 533.6, "end_seconds": 533.68, "confidence": null}, {"text": "a", "start_seconds": 534.0, "end_seconds": 534.24, "confidence": null}, {"text": "regular", "start_seconds": 534.24, "end_seconds": 534.4, "confidence": null}, {"text": "basis", "start_seconds": 534.4, "end_seconds": 534.56, "confidence": null}]}, {"type": "transcript.final", "session_id": "eca83f08-096e-494b-b0fd-20e44ff8cd67", "sequence": 812, "segment_id": 60, "revision": 15, "text": " over the next week to ten days should hopefully control your symptoms but do come back and see me next week if things don't get better that sounds good", "granularity": "word", "items": [{"text": " over", "start_seconds": 536.16, "end_seconds": 536.48, "confidence": null}, {"text": "the", "start_seconds": 536.48, "end_seconds": 536.56, "confidence": null}, {"text": "next", "start_seconds": 536.56, "end_seconds": 536.72, "confidence": null}, {"text": "week", "start_seconds": 536.72, "end_seconds": 536.88, "confidence": null}, {"text": "to", "start_seconds": 536.88, "end_seconds": 537.12, "confidence": null}, {"text": "ten", "start_seconds": 537.12, "end_seconds": 537.2, "confidence": null}, {"text": "days", "start_seconds": 537.2, "end_seconds": 537.28, "confidence": null}, {"text": "should", "start_seconds": 537.84, "end_seconds": 538.16, "confidence": null}, {"text": "hopefully", "start_seconds": 538.16, "end_seconds": 538.32, "confidence": null}, {"text": "control", "start_seconds": 539.12, "end_seconds": 539.44, "confidence": null}, {"text": "your", "start_seconds": 539.44, "end_seconds": 539.6, "confidence": null}, {"text": "symptoms", "start_seconds": 539.6, "end_seconds": 539.76, "confidence": null}, {"text": "but", "start_seconds": 540.56, "end_seconds": 540.72, "confidence": null}, {"text": "do", "start_seconds": 540.72, "end_seconds": 540.96, "confidence": null}, {"text": "come", "start_seconds": 540.96, "end_seconds": 541.04, "confidence": null}, {"text": "back", "start_seconds": 541.04, "end_seconds": 541.2, "confidence": null}, {"text": "and", "start_seconds": 541.2, "end_seconds": 541.36, "confidence": null}, {"text": "see", "start_seconds": 541.36, "end_seconds": 541.6, "confidence": null}, {"text": "me", "start_seconds": 541.6, "end_seconds": 541.76, "confidence": null}, {"text": "next", "start_seconds": 541.76, "end_seconds": 541.84, "confidence": null}, {"text": "week", "start_seconds": 541.84, "end_seconds": 542.08, "confidence": null}, {"text": "if", "start_seconds": 542.08, "end_seconds": 542.24, "confidence": null}, {"text": "things", "start_seconds": 542.24, "end_seconds": 542.4, "confidence": null}, {"text": "don't", "start_seconds": 542.4, "end_seconds": 542.56, "confidence": null}, {"text": "get", "start_seconds": 542.56, "end_seconds": 542.72, "confidence": null}, {"text": "better", "start_seconds": 542.72, "end_seconds": 542.8, "confidence": null}, {"text": "that", "start_seconds": 544.08, "end_seconds": 544.24, "confidence": null}, {"text": "sounds", "start_seconds": 544.24, "end_seconds": 544.56, "confidence": null}, {"text": "good", "start_seconds": 544.56, "end_seconds": 544.64, "confidence": null}]}, {"type": "transcript.final", "session_id": "eca83f08-096e-494b-b0fd-20e44ff8cd67", "sequence": 814, "segment_id": 61, "revision": 2, "text": " any questions for me", "granularity": "word", "items": [{"text": " any", "start_seconds": 546.56, "end_seconds": 546.64, "confidence": null}, {"text": "questions", "start_seconds": 546.64, "end_seconds": 546.8, "confidence": null}, {"text": "for", "start_seconds": 546.8, "end_seconds": 546.88, "confidence": null}, {"text": "me", "start_seconds": 546.88, "end_seconds": 546.96, "confidence": null}]}, {"type": "transcript.final", "session_id": "eca83f08-096e-494b-b0fd-20e44ff8cd67", "sequence": 818, "segment_id": 62, "revision": 4, "text": " uh no that's it okay well I wish you all the best", "granularity": "word", "items": [{"text": " uh", "start_seconds": 548.8, "end_seconds": 548.96, "confidence": null}, {"text": "no", "start_seconds": 548.96, "end_seconds": 549.12, "confidence": null}, {"text": "that's", "start_seconds": 549.12, "end_seconds": 549.28, "confidence": null}, {"text": "it", "start_seconds": 549.28, "end_seconds": 549.36, "confidence": null}, {"text": "okay", "start_seconds": 550.0, "end_seconds": 550.32, "confidence": null}, {"text": "well", "start_seconds": 550.32, "end_seconds": 550.56, "confidence": null}, {"text": "I", "start_seconds": 550.56, "end_seconds": 550.64, "confidence": null}, {"text": "wish", "start_seconds": 550.64, "end_seconds": 550.72, "confidence": null}, {"text": "you", "start_seconds": 550.72, "end_seconds": 550.8, "confidence": null}, {"text": "all", "start_seconds": 550.8, "end_seconds": 550.88, "confidence": null}, {"text": "the", "start_seconds": 550.88, "end_seconds": 550.96, "confidence": null}, {"text": "best", "start_seconds": 550.96, "end_seconds": 551.04, "confidence": null}]}, {"type": "transcript.final", "session_id": "eca83f08-096e-494b-b0fd-20e44ff8cd67", "sequence": 821, "segment_id": 63, "revision": 3, "text": " thank you very much have a good day", "granularity": "word", "items": [{"text": " thank", "start_seconds": 552.24, "end_seconds": 552.32, "confidence": null}, {"text": "you", "start_seconds": 552.32, "end_seconds": 552.4, "confidence": null}, {"text": "very", "start_seconds": 552.4, "end_seconds": 552.48, "confidence": null}, {"text": "much", "start_seconds": 552.48, "end_seconds": 552.56, "confidence": null}, {"text": "have", "start_seconds": 553.36, "end_seconds": 553.52, "confidence": null}, {"text": "a", "start_seconds": 553.52, "end_seconds": 553.6, "confidence": null}, {"text": "good", "start_seconds": 553.6, "end_seconds": 553.68, "confidence": null}, {"text": "day", "start_seconds": 553.68, "end_seconds": 553.76, "confidence": null}]}, {"type": "transcript.final", "session_id": "eca83f08-096e-494b-b0fd-20e44ff8cd67", "sequence": 823, "segment_id": 64, "revision": 2, "text": " bye", "granularity": "word", "items": [{"text": " bye", "start_seconds": 555.84, "end_seconds": 556.0, "confidence": null}]}], "audio_seconds": 559.2, "processing_seconds": 29.284106257000076, "model": "nemotron-speech-multilingual-0.6b", "language": "en-US"}
{"event": "medical_case_start", "case": "de-herzrasen", "mode": "complete-file", "file": "ready/de/hhu-herzrasen.wav", "sha256": "573a2c92bf726012808ca1188b4d105c343ef1998297b3d8fc5abbe177182357", "expected_audio_seconds": 421.860125, "options": {"model": "nemotron-speech-multilingual-0.6b", "language": "de-DE", "chunk_size_ms": 560, "strip_language_tags": true, "output_granularity": "word", "stop_history_eou_ms": 800}}
{"event": "medical_measurement", "case": "de-herzrasen", "mode": "complete-file", "sha256": "573a2c92bf726012808ca1188b4d105c343ef1998297b3d8fc5abbe177182357", "expected_audio_seconds": 421.860125, "all_samples_processed": true, "nonempty": true, "peak_gpu_allocated_bytes": 5332897280, "real_time_factor": 0.05070412767976093, "text": "Sie arbeiten als Vertretung des Hausarztes in der Praxis von Doktor Berg. Der Patient Jens Mager stellt sich heute mit Herzbeschwerden bei Ihnen vor. Vor der körperlichen Untersuchung möchten Sie mit ihm eingespräch führen. Was führt Sie herIch habe seit einer Weile immer Herzrasen und zwar total heftig, also das pumpt wie verrückt und und und ein ganzer Brustkorb zittert, das fühlt sich auch nicht so gut an, als müsste das irgendwie gegen ein Widerstand irgendwie kämpfen und und jetzt nicht wenn ich gerannt bin oder so. Ich sitze auf dem Sofa und plötzlich gebe das los, also so bisschen bringt unangenehm in der Tat, also in Ruhe pocht ihr Herz wie gegen einen Widerstand und und heftig sehr sehr schnell. Ja, haben Sie mal gemessenJa hundertsechzig Schläge pro MinuteSeit wann sagen Sie sechs Wochen vielleicht, ich kann es nicht genau sagen, aber so seit einer Weile fällt mir das auf, also auch abends, wenn ich verso einzuschlafen oder so plötzlich nehme ich das richtig wahr, dass auch sonst eine gewisse Unruhe in ihnen steckt. Es kann sein, es ist mir, ich habe ja irgendwie schon ersi oder ist das auch neu das ist eher neu, auch eher neu. Eher, ich glaube schon hatten Sie nie Idee, was dahinter stecken könnteIch weiß nicht einmal mein Opa hatte drei Herzinfarkte und und wo ich mich natürlich fragte, ob das irgendwie erblich sein kann oder so und erst am dritten leider auch verstorben dann ich hatte auch mal eine depressive Episode vor ein paar Jahren, da hat ne aber war Trennung und alles Mögliche so und und das hatten ganz konkreten Grund und es wurde behandelt und es ging auch wieder weg und seitdem gab es das nie, aber ich habe mich gewundert eben oder habe mich das gefragt, weil ich auch emotional irgendwie seltsam unterwegs bin gerade. Seltsam unterwegs heißt dünn häufig gereiztalso ganz ganz wenig Kapazität für irgendwie Stress oder so emotional so ein bisschen von der Rolle damals hat sich irgendwas verändert vor sechs Wochen, was sie nicht so richtig benennen können und was sich auch anders anfühlt als die Depression vor einigen Jahren und sie haben sich Sorge um ihr Herz gemachtsonst irgendwelche IdeenOkay, also um ihr Herz sollten wir uns kümmern und möglichst eine Erklärung finden, wie es mit Ihrem Schlaf schlechtIch weiß nicht, wann ich es letzte Mal mehr als fünf Stunden ein Stück geschlafen habe und ich schwitze auch absurd viel nachts. Ich kann mein T Shirt morgens ausbringen, damit die Wohnung putzenwie ist der Appetit? Gut, gut, ich hab ich habe viel Hunger und das GewichtEs sind vier Kilo weg in den letzten sechs Wochen, obwohl sie viel Appetit und vier Kilo sind für mich eine ganze Menge ehrlich gesagtJa vielleicht erzählen Sie mir noch zwei, drei Dinge aus Ihrem sonstigen Leben, wenn Sie mögenWas machen Sie genau beruflich? Ich studiere Maschinenbau, ich habe gerade Prüfungsphase, muss ich ein bisschen mehr machen als sonst, aber es ist nicht hier wirklich dranmatisch verdiene mir ein bisschen was neben mir dazu, bisschen Autoschrauben oder Fahrräder oder so, was was mich eher entspannt als stresst mit meiner Freundin läuft alles prima, also eigentlich alles super Sexualität alles gutOkay, ich höre raus vor sechs Wochen fangen plötzlich diese Beschwerden an Herzklopfen viel Appetit trotzdem Gewichtsabnahme, Schlafstörungnächtliches, vor allen Dingen nächtliches Schwitzen, eine große Unruhe, die auf mit einer Wesensveränderung irgendwie einhergeht, ohne dass sie so wirklich eine Erklärung finden in ihrem Leben, wo alles sonst ganz rund läuft im Moment Studium, Arbeit, BeziehungDa gibt es eigentlich nichts, wo Sie jetzt spontan sagen würden. Das erklärt das anders als damals, als Sie diese depressive Episode hatten, dann haben Sie die Sorge, dass mit dem Herzen das nicht stimmen könnte, weil in der Familie diese Beschwerden vorgekommen sind, vor allen Dingen bei ihrem Großvater, so dass ich Ihnen jetzt vorschlagen möchte, dass wir eine sorgfältige körperliche Untersuchung machen, das machen wir gleich hinten im Nachbarzimmer und dabei insbesondere auf ihr Herz schauen. Die Beschwerden, die sich schildern, lassen mich eine Schilddrüsenüberfunktion denken, deswegen würde ich Ihnen gerne Blut abnehmen, um zu klären, ob mit der Schilddröse alles in Ordnung ist, wenn das so wäre, könnte man das gut behandeln, bis wir uns das nächste Mal sehen in einigen Tagen können Sie ja nochmal ein bisschen schauen, ob Ihnen sonst noch was einfällt, und dann würden wir in zwei, drei Tagen uns nochmal wiedersehen und die Laborwerte besprechen und jetzt aber zuerst uns nebenan nochmal für eine Untersuchung sehen. Wenn Sie damit einverstanden, das klingt nach einem Plan. Ja schöndann bis gleich", "segments": [{"type": "transcript.final", "session_id": "d8df6191-1864-4e40-9c72-ab818a82deb5", "sequence": 8, "segment_id": 0, "revision": 8, "text": " Sie arbeiten als Vertretung des Hausarztes in der Praxis von Doktor Berg.", "granularity": "word", "items": [{"text": " Sie", "start_seconds": 8.4, "end_seconds": 8.56, "confidence": null}, {"text": "arbeiten", "start_seconds": 8.56, "end_seconds": 8.96, "confidence": null}, {"text": "als", "start_seconds": 8.96, "end_seconds": 9.2, "confidence": null}, {"text": "Vertretung", "start_seconds": 9.2, "end_seconds": 9.68, "confidence": null}, {"text": "des", "start_seconds": 9.68, "end_seconds": 9.76, "confidence": null}, {"text": "Hausarztes", "start_seconds": 10.08, "end_seconds": 10.88, "confidence": null}, {"text": "in", "start_seconds": 10.88, "end_seconds": 11.04, "confidence": null}, {"text": "der", "start_seconds": 11.04, "end_seconds": 11.2, "confidence": null}, {"text": "Praxis", "start_seconds": 11.2, "end_seconds": 11.52, "confidence": null}, {"text": "von", "start_seconds": 11.52, "end_seconds": 11.76, "confidence": null}, {"text": "Doktor", "start_seconds": 11.76, "end_seconds": 12.08, "confidence": null}, {"text": "Berg.", "start_seconds": 12.08, "end_seconds": 12.24, "confidence": null}]}, {"type": "transcript.final", "session_id": "d8df6191-1864-4e40-9c72-ab818a82deb5", "sequence": 16, "segment_id": 1, "revision": 8, "text": " Der Patient Jens Mager stellt sich heute mit Herzbeschwerden bei Ihnen vor. Vor", "granularity": "word", "items": [{"text": " Der", "start_seconds": 13.44, "end_seconds": 13.52, "confidence": null}, {"text": "Patient", "start_seconds": 13.52, "end_seconds": 14.0, "confidence": null}, {"text": "Jens", "start_seconds": 14.0, "end_seconds": 14.32, "confidence": null}, {"text": "Mager", "start_seconds": 14.32, "end_seconds": 14.72, "confidence": null}, {"text": "stellt", "start_seconds": 14.72, "end_seconds": 14.96, "confidence": null}, {"text": "sich", "start_seconds": 14.96, "end_seconds": 15.04, "confidence": null}, {"text": "heute", "start_seconds": 15.04, "end_seconds": 15.12, "confidence": null}, {"text": "mit", "start_seconds": 15.68, "end_seconds": 15.76, "confidence": null}, {"text": "Herzbeschwerden", "start_seconds": 15.76, "end_seconds": 16.48, "confidence": null}, {"text": "bei", "start_seconds": 16.48, "end_seconds": 16.64, "confidence": null}, {"text": "Ihnen", "start_seconds": 16.64, "end_seconds": 16.8, "confidence": null}, {"text": "vor.", "start_seconds": 16.8, "end_seconds": 16.88, "confidence": null}, {"text": "Vor", "start_seconds": 17.84, "end_seconds": 17.92, "confidence": null}]}, {"type": "transcript.final", "session_id": "d8df6191-1864-4e40-9c72-ab818a82deb5", "sequence": 22, "segment_id": 2, "revision": 6, "text": " der körperlichen Untersuchung möchten Sie mit ihm eingespräch führen.", "granularity": "word", "items": [{"text": " der", "start_seconds": 18.0, "end_seconds": 18.08, "confidence": null}, {"text": "körperlichen", "start_seconds": 18.08, "end_seconds": 18.56, "confidence": null}, {"text": "Untersuchung", "start_seconds": 18.56, "end_seconds": 18.88, "confidence": null}, {"text": "möchten", "start_seconds": 19.28, "end_seconds": 19.52, "confidence": null}, {"text": "Sie", "start_seconds": 19.52, "end_seconds": 19.68, "confidence": null}, {"text": "mit", "start_seconds": 19.68, "end_seconds": 19.76, "confidence": null}, {"text": "ihm", "start_seconds": 19.76, "end_seconds": 20.0, "confidence": null}, {"text": "eingespräch", "start_seconds": 20.0, "end_seconds": 20.48, "confidence": null}, {"text": "führen.", "start_seconds": 20.48, "end_seconds": 20.64, "confidence": null}]}, {"type": "transcript.final", "session_id": "d8df6191-1864-4e40-9c72-ab818a82deb5", "sequence": 24, "segment_id": 3, "revision": 2, "text": " Was führt Sie her", "granularity": "word", "items": [{"text": " Was", "start_seconds": 25.76, "end_seconds": 25.84, "confidence": null}, {"text": "führt", "start_seconds": 25.84, "end_seconds": 26.08, "confidence": null}, {"text": "Sie", "start_seconds": 26.08, "end_seconds": 26.24, "confidence": null}, {"text": "her", "start_seconds": 26.24, "end_seconds": 26.32, "confidence": null}]}, {"type": "transcript.final", "session_id": "d8df6191-1864-4e40-9c72-ab818a82deb5", "sequence": 28, "segment_id": 4, "revision": 4, "text": "Ich habe seit einer Weile", "granularity": "word", "items": [{"text": "Ich", "start_seconds": 27.76, "end_seconds": 28.0, "confidence": null}, {"text": "habe", "start_seconds": 28.0, "end_seconds": 28.24, "confidence": null}, {"text": "seit", "start_seconds": 28.24, "end_seconds": 28.56, "confidence": null}, {"text": "einer", "start_seconds": 28.56, "end_seconds": 28.72, "confidence": null}, {"text": "Weile", "start_seconds": 28.72, "end_seconds": 28.8, "confidence": null}]}, {"type": "transcript.final", "session_id": "d8df6191-1864-4e40-9c72-ab818a82deb5", "sequence": 37, "segment_id": 5, "revision": 9, "text": " immer Herzrasen und zwar total heftig, also das", "granularity": "word", "items": [{"text": " immer", "start_seconds": 30.24, "end_seconds": 30.4, "confidence": null}, {"text": "Herzrasen", "start_seconds": 30.4, "end_seconds": 30.88, "confidence": null}, {"text": "und", "start_seconds": 31.76, "end_seconds": 32.0, "confidence": null}, {"text": "zwar", "start_seconds": 32.0, "end_seconds": 32.08, "confidence": null}, {"text": "total", "start_seconds": 32.72, "end_seconds": 33.12, "confidence": null}, {"text": "heftig,", "start_seconds": 33.12, "end_seconds": 33.68, "confidence": null}, {"text": "also", "start_seconds": 33.68, "end_seconds": 33.76, "confidence": null}, {"text": "das", "start_seconds": 34.16, "end_seconds": 34.24, "confidence": null}]}, {"type": "transcript.final", "session_id": "d8df6191-1864-4e40-9c72-ab818a82deb5", "sequence": 41, "segment_id": 6, "revision": 4, "text": " pumpt wie verrückt und und und", "granularity": "word", "items": [{"text": " pumpt", "start_seconds": 35.84, "end_seconds": 36.08, "confidence": null}, {"text": "wie", "start_seconds": 36.08, "end_seconds": 36.4, "confidence": null}, {"text": "verrückt", "start_seconds": 36.4, "end_seconds": 36.56, "confidence": null}, {"text": "und", "start_seconds": 36.96, "end_seconds": 37.2, "confidence": null}, {"text": "und", "start_seconds": 37.2, "end_seconds": 37.44, "confidence": null}, {"text": "und", "start_seconds": 37.44, "end_seconds": 37.52, "confidence": null}]}, {"type": "transcript.final", "session_id": "d8df6191-1864-4e40-9c72-ab818a82deb5", "sequence": 51, "segment_id": 7, "revision": 10, "text": " ein ganzer Brustkorb zittert, das fühlt sich auch nicht so gut an, als müsste das irgendwie gegen ein", "granularity": "word", "items": [{"text": " ein", "start_seconds": 38.8, "end_seconds": 38.96, "confidence": null}, {"text": "ganzer", "start_seconds": 38.96, "end_seconds": 39.36, "confidence": null}, {"text": "Brustkorb", "start_seconds": 39.36, "end_seconds": 40.08, "confidence": null}, {"text": "zittert,", "start_seconds": 40.08, "end_seconds": 40.64, "confidence": null}, {"text": "das", "start_seconds": 40.64, "end_seconds": 40.88, "confidence": null}, {"text": "fühlt", "start_seconds": 40.88, "end_seconds": 41.2, "confidence": null}, {"text": "sich", "start_seconds": 41.2, "end_seconds": 41.28, "confidence": null}, {"text": "auch", "start_seconds": 41.28, "end_seconds": 41.36, "confidence": null}, {"text": "nicht", "start_seconds": 41.36, "end_seconds": 41.44, "confidence": null}, {"text": "so", "start_seconds": 41.44, "end_seconds": 41.6, "confidence": null}, {"text": "gut", "start_seconds": 41.6, "end_seconds": 41.76, "confidence": null}, {"text": "an,", "start_seconds": 41.76, "end_seconds": 42.08, "confidence": null}, {"text": "als", "start_seconds": 42.08, "end_seconds": 42.32, "confidence": null}, {"text": "müsste", "start_seconds": 42.32, "end_seconds": 42.64, "confidence": null}, {"text": "das", "start_seconds": 42.64, "end_seconds": 42.88, "confidence": null}, {"text": "irgendwie", "start_seconds": 42.88, "end_seconds": 43.12, "confidence": null}, {"text": "gegen", "start_seconds": 43.12, "end_seconds": 43.52, "confidence": null}, {"text": "ein", "start_seconds": 43.52, "end_seconds": 43.6, "confidence": null}]}, {"type": "transcript.final", "session_id": "d8df6191-1864-4e40-9c72-ab818a82deb5", "sequence": 55, "segment_id": 8, "revision": 4, "text": " Widerstand irgendwie kämpfen und und", "granularity": "word", "items": [{"text": " Widerstand", "start_seconds": 44.8, "end_seconds": 45.2, "confidence": null}, {"text": "irgendwie", "start_seconds": 45.2, "end_seconds": 45.52, "confidence": null}, {"text": "kämpfen", "start_seconds": 45.52, "end_seconds": 45.68, "confidence": null}, {"text": "und", "start_seconds": 46.48, "end_seconds": 46.64, "confidence": null}, {"text": "und", "start_seconds": 46.64, "end_seconds": 46.72, "confidence": null}]}, {"type": "transcript.final", "session_id": "d8df6191-1864-4e40-9c72-ab818a82deb5", "sequence": 64, "segment_id": 9, "revision": 9, "text": " jetzt nicht wenn ich gerannt bin oder so. Ich sitze auf dem Sofa und plötzlich gebe das los, also", "granularity": "word", "items": [{"text": " jetzt", "start_seconds": 48.24, "end_seconds": 48.4, "confidence": null}, {"text": "nicht", "start_seconds": 48.4, "end_seconds": 48.56, "confidence": null}, {"text": "wenn", "start_seconds": 48.56, "end_seconds": 48.72, "confidence": null}, {"text": "ich", "start_seconds": 48.72, "end_seconds": 48.8, "confidence": null}, {"text": "gerannt", "start_seconds": 48.8, "end_seconds": 49.12, "confidence": null}, {"text": "bin", "start_seconds": 49.12, "end_seconds": 49.36, "confidence": null}, {"text": "oder", "start_seconds": 49.36, "end_seconds": 49.52, "confidence": null}, {"text": "so.", "start_seconds": 49.52, "end_seconds": 49.84, "confidence": null}, {"text": "Ich", "start_seconds": 49.92, "end_seconds": 50.0, "confidence": null}, {"text": "sitze", "start_seconds": 50.0, "end_seconds": 50.4, "confidence": null}, {"text": "auf", "start_seconds": 50.4, "end_seconds": 50.48, "confidence": null}, {"text": "dem", "start_seconds": 50.48, "end_seconds": 50.56, "confidence": null}, {"text": "Sofa", "start_seconds": 50.56, "end_seconds": 50.88, "confidence": null}, {"text": "und", "start_seconds": 50.88, "end_seconds": 51.04, "confidence": null}, {"text": "plötzlich", "start_seconds": 51.04, "end_seconds": 51.36, "confidence": null}, {"text": "gebe", "start_seconds": 51.36, "end_seconds": 51.52, "confidence": null}, {"text": "das", "start_seconds": 51.52, "end_seconds": 51.76, "confidence": null}, {"text": "los,", "start_seconds": 51.76, "end_seconds": 51.84, "confidence": null}, {"text": "also", "start_seconds": 52.16, "end_seconds": 52.24, "confidence": null}]}, {"type": "transcript.final", "session_id": "d8df6191-1864-4e40-9c72-ab818a82deb5", "sequence": 67, "segment_id": 10, "revision": 3, "text": " so bisschen", "granularity": "word", "items": [{"text": " so", "start_seconds": 53.92, "end_seconds": 54.0, "confidence": null}, {"text": "bisschen", "start_seconds": 54.4, "end_seconds": 54.48, "confidence": null}]}, {"type": "transcript.final", "session_id": "d8df6191-1864-4e40-9c72-ab818a82deb5", "sequence": 71, "segment_id": 11, "revision": 4, "text": " bringt unangenehm", "granularity": "word", "items": [{"text": " bringt", "start_seconds": 58.64, "end_seconds": 59.04, "confidence": null}, {"text": "unangenehm", "start_seconds": 59.04, "end_seconds": 59.44, "confidence": null}]}, {"type": "transcript.final", "session_id": "d8df6191-1864-4e40-9c72-ab818a82deb5", "sequence": 86, "segment_id": 12, "revision": 15, "text": " in der Tat, also in Ruhe pocht ihr Herz wie gegen einen Widerstand und und heftig sehr sehr schnell. Ja, haben Sie mal gemessen", "granularity": "word", "items": [{"text": " in", "start_seconds": 60.64, "end_seconds": 60.88, "confidence": null}, {"text": "der", "start_seconds": 60.88, "end_seconds": 60.96, "confidence": null}, {"text": "Tat,", "start_seconds": 60.96, "end_seconds": 61.2, "confidence": null}, {"text": "also", "start_seconds": 62.32, "end_seconds": 62.4, "confidence": null}, {"text": "in", "start_seconds": 62.8, "end_seconds": 63.12, "confidence": null}, {"text": "Ruhe", "start_seconds": 63.12, "end_seconds": 63.52, "confidence": null}, {"text": "pocht", "start_seconds": 63.52, "end_seconds": 63.92, "confidence": null}, {"text": "ihr", "start_seconds": 63.92, "end_seconds": 64.16, "confidence": null}, {"text": "Herz", "start_seconds": 64.16, "end_seconds": 64.24, "confidence": null}, {"text": "wie", "start_seconds": 65.04, "end_seconds": 65.28, "confidence": null}, {"text": "gegen", "start_seconds": 65.28, "end_seconds": 65.52, "confidence": null}, {"text": "einen", "start_seconds": 65.52, "end_seconds": 65.68, "confidence": null}, {"text": "Widerstand", "start_seconds": 65.68, "end_seconds": 65.92, "confidence": null}, {"text": "und", "start_seconds": 66.8, "end_seconds": 66.96, "confidence": null}, {"text": "und", "start_seconds": 66.96, "end_seconds": 67.2, "confidence": null}, {"text": "heftig", "start_seconds": 67.2, "end_seconds": 67.52, "confidence": null}, {"text": "sehr", "start_seconds": 67.52, "end_seconds": 67.68, "confidence": null}, {"text": "sehr", "start_seconds": 67.68, "end_seconds": 67.84, "confidence": null}, {"text": "schnell.", "start_seconds": 67.84, "end_seconds": 67.92, "confidence": null}, {"text": "Ja,", "start_seconds": 68.64, "end_seconds": 68.96, "confidence": null}, {"text": "haben", "start_seconds": 68.96, "end_seconds": 69.12, "confidence": null}, {"text": "Sie", "start_seconds": 69.12, "end_seconds": 69.2, "confidence": null}, {"text": "mal", "start_seconds": 69.2, "end_seconds": 69.28, "confidence": null}, {"text": "gemessen", "start_seconds": 69.28, "end_seconds": 69.52, "confidence": null}]}, {"type": "transcript.final", "session_id": "d8df6191-1864-4e40-9c72-ab818a82deb5", "sequence": 92, "segment_id": 13, "revision": 6, "text": "Ja hundertsechzig Schläge pro Minute", "granularity": "word", "items": [{"text": "Ja", "start_seconds": 70.64, "end_seconds": 70.72, "confidence": null}, {"text": "hundertsechzig", "start_seconds": 71.2, "end_seconds": 71.84, "confidence": null}, {"text": "Schläge", "start_seconds": 71.84, "end_seconds": 72.32, "confidence": null}, {"text": "pro", "start_seconds": 72.32, "end_seconds": 72.4, "confidence": null}, {"text": "Minute", "start_seconds": 72.72, "end_seconds": 72.88, "confidence": null}]}, {"type": "transcript.final", "session_id": "d8df6191-1864-4e40-9c72-ab818a82deb5", "sequence": 95, "segment_id": 14, "revision": 3, "text": "Seit wann sagen Sie", "granularity": "word", "items": [{"text": "Seit", "start_seconds": 76.88, "end_seconds": 77.2, "confidence": null}, {"text": "wann", "start_seconds": 77.2, "end_seconds": 77.52, "confidence": null}, {"text": "sagen", "start_seconds": 77.52, "end_seconds": 77.76, "confidence": null}, {"text": "Sie", "start_seconds": 77.76, "end_seconds": 77.84, "confidence": null}]}, {"type": "transcript.final", "session_id": "d8df6191-1864-4e40-9c72-ab818a82deb5", "sequence": 109, "segment_id": 15, "revision": 14, "text": " sechs Wochen vielleicht, ich kann es nicht genau sagen, aber so seit einer Weile fällt mir das auf, also auch abends, wenn ich verso einzuschlafen oder so plötzlich", "granularity": "word", "items": [{"text": " sechs", "start_seconds": 80.16, "end_seconds": 80.4, "confidence": null}, {"text": "Wochen", "start_seconds": 80.4, "end_seconds": 80.72, "confidence": null}, {"text": "vielleicht,", "start_seconds": 80.72, "end_seconds": 80.8, "confidence": null}, {"text": "ich", "start_seconds": 81.36, "end_seconds": 81.44, "confidence": null}, {"text": "kann", "start_seconds": 81.44, "end_seconds": 81.52, "confidence": null}, {"text": "es", "start_seconds": 81.52, "end_seconds": 81.68, "confidence": null}, {"text": "nicht", "start_seconds": 81.68, "end_seconds": 81.84, "confidence": null}, {"text": "genau", "start_seconds": 81.84, "end_seconds": 82.08, "confidence": null}, {"text": "sagen,", "start_seconds": 82.08, "end_seconds": 82.4, "confidence": null}, {"text": "aber", "start_seconds": 82.4, "end_seconds": 82.56, "confidence": null}, {"text": "so", "start_seconds": 82.56, "end_seconds": 82.8, "confidence": null}, {"text": "seit", "start_seconds": 82.8, "end_seconds": 82.96, "confidence": null}, {"text": "einer", "start_seconds": 82.96, "end_seconds": 83.12, "confidence": null}, {"text": "Weile", "start_seconds": 83.12, "end_seconds": 83.36, "confidence": null}, {"text": "fällt", "start_seconds": 83.36, "end_seconds": 83.6, "confidence": null}, {"text": "mir", "start_seconds": 83.6, "end_seconds": 83.76, "confidence": null}, {"text": "das", "start_seconds": 83.76, "end_seconds": 83.92, "confidence": null}, {"text": "auf,", "start_seconds": 83.92, "end_seconds": 84.24, "confidence": null}, {"text": "also", "start_seconds": 84.24, "end_seconds": 84.48, "confidence": null}, {"text": "auch", "start_seconds": 84.48, "end_seconds": 84.64, "confidence": null}, {"text": "abends,", "start_seconds": 84.64, "end_seconds": 85.12, "confidence": null}, {"text": "wenn", "start_seconds": 85.12, "end_seconds": 85.28, "confidence": null}, {"text": "ich", "start_seconds": 85.28, "end_seconds": 85.36, "confidence": null}, {"text": "verso", "start_seconds": 85.36, "end_seconds": 85.6, "confidence": null}, {"text": "einzuschlafen", "start_seconds": 85.6, "end_seconds": 86.32, "confidence": null}, {"text": "oder", "start_seconds": 86.32, "end_seconds": 86.48, "confidence": null}, {"text": "so", "start_seconds": 86.48, "end_seconds": 86.56, "confidence": null}, {"text": "plötzlich", "start_seconds": 86.88, "end_seconds": 86.96, "confidence": null}]}, {"type": "transcript.final", "session_id": "d8df6191-1864-4e40-9c72-ab818a82deb5", "sequence": 118, "segment_id": 16, "revision": 9, "text": " nehme ich das richtig wahr, dass auch sonst eine gewisse Unruhe in ihnen steckt.", "granularity": "word", "items": [{"text": " nehme", "start_seconds": 90.4, "end_seconds": 90.72, "confidence": null}, {"text": "ich", "start_seconds": 90.72, "end_seconds": 90.8, "confidence": null}, {"text": "das", "start_seconds": 90.8, "end_seconds": 90.96, "confidence": null}, {"text": "richtig", "start_seconds": 90.96, "end_seconds": 91.36, "confidence": null}, {"text": "wahr,", "start_seconds": 91.36, "end_seconds": 91.6, "confidence": null}, {"text": "dass", "start_seconds": 91.6, "end_seconds": 91.76, "confidence": null}, {"text": "auch", "start_seconds": 91.76, "end_seconds": 91.92, "confidence": null}, {"text": "sonst", "start_seconds": 91.92, "end_seconds": 92.08, "confidence": null}, {"text": "eine", "start_seconds": 92.48, "end_seconds": 92.8, "confidence": null}, {"text": "gewisse", "start_seconds": 92.8, "end_seconds": 93.2, "confidence": null}, {"text": "Unruhe", "start_seconds": 93.2, "end_seconds": 93.68, "confidence": null}, {"text": "in", "start_seconds": 93.68, "end_seconds": 93.76, "confidence": null}, {"text": "ihnen", "start_seconds": 94.08, "end_seconds": 94.32, "confidence": null}, {"text": "steckt.", "start_seconds": 94.32, "end_seconds": 94.4, "confidence": null}]}, {"type": "transcript.final", "session_id": "d8df6191-1864-4e40-9c72-ab818a82deb5", "sequence": 124, "segment_id": 17, "revision": 6, "text": " Es kann sein, es ist mir, ich habe ja", "granularity": "word", "items": [{"text": " Es", "start_seconds": 95.76, "end_seconds": 95.92, "confidence": null}, {"text": "kann", "start_seconds": 95.92, "end_seconds": 96.0, "confidence": null}, {"text": "sein,", "start_seconds": 96.32, "end_seconds": 96.4, "confidence": null}, {"text": "es", "start_seconds": 96.88, "end_seconds": 96.96, "confidence": null}, {"text": "ist", "start_seconds": 96.96, "end_seconds": 97.12, "confidence": null}, {"text": "mir,", "start_seconds": 97.12, "end_seconds": 97.2, "confidence": null}, {"text": "ich", "start_seconds": 97.68, "end_seconds": 97.84, "confidence": null}, {"text": "habe", "start_seconds": 97.84, "end_seconds": 97.92, "confidence": null}, {"text": "ja", "start_seconds": 98.48, "end_seconds": 98.56, "confidence": null}]}, {"type": "transcript.final", "session_id": "d8df6191-1864-4e40-9c72-ab818a82deb5", "sequence": 126, "segment_id": 18, "revision": 2, "text": " irgendwie schon", "granularity": "word", "items": [{"text": " irgendwie", "start_seconds": 99.68, "end_seconds": 100.08, "confidence": null}, {"text": "schon", "start_seconds": 100.08, "end_seconds": 100.16, "confidence": null}]}, {"type": "transcript.final", "session_id": "d8df6191-1864-4e40-9c72-ab818a82deb5", "sequence": 137, "segment_id": 19, "revision": 11, "text": " ersi oder ist das auch neu das ist eher neu, auch eher neu. Eher, ich glaube schon", "granularity": "word", "items": [{"text": " ersi", "start_seconds": 101.44, "end_seconds": 101.68, "confidence": null}, {"text": "oder", "start_seconds": 101.68, "end_seconds": 101.84, "confidence": null}, {"text": "ist", "start_seconds": 101.84, "end_seconds": 102.0, "confidence": null}, {"text": "das", "start_seconds": 102.0, "end_seconds": 102.08, "confidence": null}, {"text": "auch", "start_seconds": 102.48, "end_seconds": 102.56, "confidence": null}, {"text": "neu", "start_seconds": 102.56, "end_seconds": 102.72, "confidence": null}, {"text": "das", "start_seconds": 104.0, "end_seconds": 104.24, "confidence": null}, {"text": "ist", "start_seconds": 104.24, "end_seconds": 104.4, "confidence": null}, {"text": "eher", "start_seconds": 104.4, "end_seconds": 104.96, "confidence": null}, {"text": "neu,", "start_seconds": 104.96, "end_seconds": 105.12, "confidence": null}, {"text": "auch", "start_seconds": 105.52, "end_seconds": 105.84, "confidence": null}, {"text": "eher", "start_seconds": 105.84, "end_seconds": 106.08, "confidence": null}, {"text": "neu.", "start_seconds": 106.08, "end_seconds": 106.4, "confidence": null}, {"text": "Eher,", "start_seconds": 106.48, "end_seconds": 106.72, "confidence": null}, {"text": "ich", "start_seconds": 106.72, "end_seconds": 106.8, "confidence": null}, {"text": "glaube", "start_seconds": 106.8, "end_seconds": 107.04, "confidence": null}, {"text": "schon", "start_seconds": 107.04, "end_seconds": 107.12, "confidence": null}]}, {"type": "transcript.final", "session_id": "d8df6191-1864-4e40-9c72-ab818a82deb5", "sequence": 143, "segment_id": 20, "revision": 6, "text": " hatten Sie nie Idee, was dahinter stecken könnte", "granularity": "word", "items": [{"text": " hatten", "start_seconds": 108.32, "end_seconds": 108.8, "confidence": null}, {"text": "Sie", "start_seconds": 108.8, "end_seconds": 108.96, "confidence": null}, {"text": "nie", "start_seconds": 108.96, "end_seconds": 109.12, "confidence": null}, {"text": "Idee,", "start_seconds": 109.12, "end_seconds": 109.52, "confidence": null}, {"text": "was", "start_seconds": 109.52, "end_seconds": 109.84, "confidence": null}, {"text": "dahinter", "start_seconds": 109.84, "end_seconds": 110.24, "confidence": null}, {"text": "stecken", "start_seconds": 110.24, "end_seconds": 110.48, "confidence": null}, {"text": "könnte", "start_seconds": 110.48, "end_seconds": 110.56, "confidence": null}]}, {"type": "transcript.final", "session_id": "d8df6191-1864-4e40-9c72-ab818a82deb5", "sequence": 162, "segment_id": 21, "revision": 19, "text": "Ich weiß nicht einmal mein Opa hatte drei Herzinfarkte und und wo ich mich natürlich fragte, ob das irgendwie erblich sein kann oder so und erst am dritten leider auch verstorben dann", "granularity": "word", "items": [{"text": "Ich", "start_seconds": 115.52, "end_seconds": 115.76, "confidence": null}, {"text": "weiß", "start_seconds": 115.76, "end_seconds": 116.08, "confidence": null}, {"text": "nicht", "start_seconds": 116.08, "end_seconds": 116.16, "confidence": null}, {"text": "einmal", "start_seconds": 116.64, "end_seconds": 117.12, "confidence": null}, {"text": "mein", "start_seconds": 117.12, "end_seconds": 117.2, "confidence": null}, {"text": "Opa", "start_seconds": 117.76, "end_seconds": 117.92, "confidence": null}, {"text": "hatte", "start_seconds": 117.92, "end_seconds": 118.24, "confidence": null}, {"text": "drei", "start_seconds": 118.24, "end_seconds": 118.4, "confidence": null}, {"text": "Herzinfarkte", "start_seconds": 118.4, "end_seconds": 119.36, "confidence": null}, {"text": "und", "start_seconds": 119.36, "end_seconds": 119.44, "confidence": null}, {"text": "und", "start_seconds": 119.76, "end_seconds": 119.84, "confidence": null}, {"text": "wo", "start_seconds": 120.48, "end_seconds": 120.64, "confidence": null}, {"text": "ich", "start_seconds": 120.64, "end_seconds": 120.72, "confidence": null}, {"text": "mich", "start_seconds": 120.72, "end_seconds": 120.88, "confidence": null}, {"text": "natürlich", "start_seconds": 120.88, "end_seconds": 121.2, "confidence": null}, {"text": "fragte,", "start_seconds": 121.2, "end_seconds": 121.52, "confidence": null}, {"text": "ob", "start_seconds": 121.52, "end_seconds": 121.76, "confidence": null}, {"text": "das", "start_seconds": 121.76, "end_seconds": 121.92, "confidence": null}, {"text": "irgendwie", "start_seconds": 121.92, "end_seconds": 122.08, "confidence": null}, {"text": "erblich", "start_seconds": 122.8, "end_seconds": 123.12, "confidence": null}, {"text": "sein", "start_seconds": 123.12, "end_seconds": 123.28, "confidence": null}, {"text": "kann", "start_seconds": 123.28, "end_seconds": 123.52, "confidence": null}, {"text": "oder", "start_seconds": 123.52, "end_seconds": 123.76, "confidence": null}, {"text": "so", "start_seconds": 123.76, "end_seconds": 123.92, "confidence": null}, {"text": "und", "start_seconds": 123.92, "end_seconds": 124.08, "confidence": null}, {"text": "erst", "start_seconds": 124.08, "end_seconds": 124.32, "confidence": null}, {"text": "am", "start_seconds": 124.32, "end_seconds": 124.48, "confidence": null}, {"text": "dritten", "start_seconds": 124.48, "end_seconds": 124.72, "confidence": null}, {"text": "leider", "start_seconds": 124.72, "end_seconds": 124.96, "confidence": null}, {"text": "auch", "start_seconds": 124.96, "end_seconds": 125.12, "confidence": null}, {"text": "verstorben", "start_seconds": 125.12, "end_seconds": 125.36, "confidence": null}, {"text": "dann", "start_seconds": 125.76, "end_seconds": 125.84, "confidence": null}]}, {"type": "transcript.final", "session_id": "d8df6191-1864-4e40-9c72-ab818a82deb5", "sequence": 165, "segment_id": 22, "revision": 3, "text": " ich hatte auch mal", "granularity": "word", "items": [{"text": " ich", "start_seconds": 127.44, "end_seconds": 127.68, "confidence": null}, {"text": "hatte", "start_seconds": 127.68, "end_seconds": 127.84, "confidence": null}, {"text": "auch", "start_seconds": 127.84, "end_seconds": 128.0, "confidence": null}, {"text": "mal", "start_seconds": 128.0, "end_seconds": 128.08, "confidence": null}]}, {"type": "transcript.final", "session_id": "d8df6191-1864-4e40-9c72-ab818a82deb5", "sequence": 201, "segment_id": 23, "revision": 36, "text": " eine depressive Episode vor ein paar Jahren, da hat ne aber war Trennung und alles Mögliche so und und das hatten ganz konkreten Grund und es wurde behandelt und es ging auch wieder weg und seitdem gab es das nie, aber ich habe mich gewundert eben oder habe mich das gefragt, weil ich auch emotional irgendwie seltsam unterwegs bin gerade.", "granularity": "word", "items": [{"text": " eine", "start_seconds": 129.36, "end_seconds": 129.44, "confidence": null}, {"text": "depressive", "start_seconds": 130.0, "end_seconds": 130.64, "confidence": null}, {"text": "Episode", "start_seconds": 130.64, "end_seconds": 131.12, "confidence": null}, {"text": "vor", "start_seconds": 131.6, "end_seconds": 131.76, "confidence": null}, {"text": "ein", "start_seconds": 131.76, "end_seconds": 131.92, "confidence": null}, {"text": "paar", "start_seconds": 131.92, "end_seconds": 132.08, "confidence": null}, {"text": "Jahren,", "start_seconds": 132.08, "end_seconds": 132.48, "confidence": null}, {"text": "da", "start_seconds": 132.48, "end_seconds": 132.64, "confidence": null}, {"text": "hat", "start_seconds": 132.64, "end_seconds": 132.88, "confidence": null}, {"text": "ne", "start_seconds": 132.88, "end_seconds": 133.12, "confidence": null}, {"text": "aber", "start_seconds": 133.12, "end_seconds": 133.2, "confidence": null}, {"text": "war", "start_seconds": 133.6, "end_seconds": 133.68, "confidence": null}, {"text": "Trennung", "start_seconds": 134.0, "end_seconds": 134.4, "confidence": null}, {"text": "und", "start_seconds": 134.4, "end_seconds": 134.56, "confidence": null}, {"text": "alles", "start_seconds": 134.56, "end_seconds": 134.96, "confidence": null}, {"text": "Mögliche", "start_seconds": 134.96, "end_seconds": 135.52, "confidence": null}, {"text": "so", "start_seconds": 135.52, "end_seconds": 135.84, "confidence": null}, {"text": "und", "start_seconds": 135.84, "end_seconds": 136.08, "confidence": null}, {"text": "und", "start_seconds": 136.08, "end_seconds": 136.16, "confidence": null}, {"text": "das", "start_seconds": 136.72, "end_seconds": 136.88, "confidence": null}, {"text": "hatten", "start_seconds": 136.88, "end_seconds": 137.36, "confidence": null}, {"text": "ganz", "start_seconds": 137.36, "end_seconds": 137.44, "confidence": null}, {"text": "konkreten", "start_seconds": 137.44, "end_seconds": 137.84, "confidence": null}, {"text": "Grund", "start_seconds": 137.84, "end_seconds": 137.92, "confidence": null}, {"text": "und", "start_seconds": 138.64, "end_seconds": 138.96, "confidence": null}, {"text": "es", "start_seconds": 138.96, "end_seconds": 139.04, "confidence": null}, {"text": "wurde", "start_seconds": 139.04, "end_seconds": 139.28, "confidence": null}, {"text": "behandelt", "start_seconds": 139.28, "end_seconds": 139.6, "confidence": null}, {"text": "und", "start_seconds": 139.6, "end_seconds": 139.76, "confidence": null}, {"text": "es", "start_seconds": 139.76, "end_seconds": 139.84, "confidence": null}, {"text": "ging", "start_seconds": 139.84, "end_seconds": 140.0, "confidence": null}, {"text": "auch", "start_seconds": 140.0, "end_seconds": 140.16, "confidence": null}, {"text": "wieder", "start_seconds": 140.16, "end_seconds": 140.32, "confidence": null}, {"text": "weg", "start_seconds": 140.32, "end_seconds": 140.64, "confidence": null}, {"text": "und", "start_seconds": 140.64, "end_seconds": 140.8, "confidence": null}, {"text": "seitdem", "start_seconds": 140.8, "end_seconds": 141.12, "confidence": null}, {"text": "gab", "start_seconds": 141.6, "end_seconds": 141.76, "confidence": null}, {"text": "es", "start_seconds": 141.76, "end_seconds": 142.0, "confidence": null}, {"text": "das", "start_seconds": 142.0, "end_seconds": 142.16, "confidence": null}, {"text": "nie,", "start_seconds": 142.16, "end_seconds": 142.4, "confidence": null}, {"text": "aber", "start_seconds": 142.4, "end_seconds": 142.56, "confidence": null}, {"text": "ich", "start_seconds": 142.56, "end_seconds": 142.64, "confidence": null}, {"text": "habe", "start_seconds": 142.64, "end_seconds": 142.72, "confidence": null}, {"text": "mich", "start_seconds": 142.72, "end_seconds": 142.88, "confidence": null}, {"text": "gewundert", "start_seconds": 142.88, "end_seconds": 143.04, "confidence": null}, {"text": "eben", "start_seconds": 143.68, "end_seconds": 143.92, "confidence": null}, {"text": "oder", "start_seconds": 143.92, "end_seconds": 144.0, "confidence": null}, {"text": "habe", "start_seconds": 144.32, "end_seconds": 144.4, "confidence": null}, {"text": "mich", "start_seconds": 144.4, "end_seconds": 144.56, "confidence": null}, {"text": "das", "start_seconds": 144.56, "end_seconds": 144.64, "confidence": null}, {"text": "gefragt,", "start_seconds": 144.64, "end_seconds": 144.88, "confidence": null}, {"text": "weil", "start_seconds": 145.28, "end_seconds": 145.36, "confidence": null}, {"text": "ich", "start_seconds": 145.68, "end_seconds": 145.76, "confidence": null}, {"text": "auch", "start_seconds": 146.24, "end_seconds": 146.56, "confidence": null}, {"text": "emotional", "start_seconds": 146.56, "end_seconds": 147.12, "confidence": null}, {"text": "irgendwie", "start_seconds": 147.12, "end_seconds": 147.52, "confidence": null}, {"text": "seltsam", "start_seconds": 147.52, "end_seconds": 147.76, "confidence": null}, {"text": "unterwegs", "start_seconds": 148.4, "end_seconds": 148.72, "confidence": null}, {"text": "bin", "start_seconds": 148.72, "end_seconds": 148.88, "confidence": null}, {"text": "gerade.", "start_seconds": 148.88, "end_seconds": 149.04, "confidence": null}]}, {"type": "transcript.final", "session_id": "d8df6191-1864-4e40-9c72-ab818a82deb5", "sequence": 208, "segment_id": 24, "revision": 7, "text": " Seltsam unterwegs heißt dünn häufig", "granularity": "word", "items": [{"text": " Seltsam", "start_seconds": 151.28, "end_seconds": 151.84, "confidence": null}, {"text": "unterwegs", "start_seconds": 151.84, "end_seconds": 152.24, "confidence": null}, {"text": "heißt", "start_seconds": 152.24, "end_seconds": 152.56, "confidence": null}, {"text": "dünn", "start_seconds": 153.84, "end_seconds": 154.24, "confidence": null}, {"text": "häufig", "start_seconds": 154.24, "end_seconds": 154.56, "confidence": null}]}, {"type": "transcript.final", "session_id": "d8df6191-1864-4e40-9c72-ab818a82deb5", "sequence": 210, "segment_id": 25, "revision": 2, "text": " gereizt", "granularity": "word", "items": [{"text": " gereizt", "start_seconds": 156.8, "end_seconds": 157.2, "confidence": null}]}, {"type": "transcript.final", "session_id": "d8df6191-1864-4e40-9c72-ab818a82deb5", "sequence": 217, "segment_id": 26, "revision": 7, "text": "also ganz ganz wenig Kapazität für irgendwie Stress oder so", "granularity": "word", "items": [{"text": "also", "start_seconds": 158.56, "end_seconds": 158.64, "confidence": null}, {"text": "ganz", "start_seconds": 159.12, "end_seconds": 159.2, "confidence": null}, {"text": "ganz", "start_seconds": 159.52, "end_seconds": 159.84, "confidence": null}, {"text": "wenig", "start_seconds": 159.84, "end_seconds": 160.16, "confidence": null}, {"text": "Kapazität", "start_seconds": 160.16, "end_seconds": 160.8, "confidence": null}, {"text": "für", "start_seconds": 160.8, "end_seconds": 160.96, "confidence": null}, {"text": "irgendwie", "start_seconds": 160.96, "end_seconds": 161.12, "confidence": null}, {"text": "Stress", "start_seconds": 161.84, "end_seconds": 162.0, "confidence": null}, {"text": "oder", "start_seconds": 162.0, "end_seconds": 162.24, "confidence": null}, {"text": "so", "start_seconds": 162.24, "end_seconds": 162.32, "confidence": null}]}, {"type": "transcript.final", "session_id": "d8df6191-1864-4e40-9c72-ab818a82deb5", "sequence": 220, "segment_id": 27, "revision": 3, "text": " emotional", "granularity": "word", "items": [{"text": " emotional", "start_seconds": 163.52, "end_seconds": 164.08, "confidence": null}]}, {"type": "transcript.final", "session_id": "d8df6191-1864-4e40-9c72-ab818a82deb5", "sequence": 224, "segment_id": 28, "revision": 4, "text": " so ein bisschen von der Rolle damals", "granularity": "word", "items": [{"text": " so", "start_seconds": 167.52, "end_seconds": 167.68, "confidence": null}, {"text": "ein", "start_seconds": 167.68, "end_seconds": 167.76, "confidence": null}, {"text": "bisschen", "start_seconds": 167.76, "end_seconds": 168.0, "confidence": null}, {"text": "von", "start_seconds": 168.0, "end_seconds": 168.08, "confidence": null}, {"text": "der", "start_seconds": 168.08, "end_seconds": 168.16, "confidence": null}, {"text": "Rolle", "start_seconds": 168.16, "end_seconds": 168.56, "confidence": null}, {"text": "damals", "start_seconds": 168.56, "end_seconds": 168.88, "confidence": null}]}, {"type": "transcript.final", "session_id": "d8df6191-1864-4e40-9c72-ab818a82deb5", "sequence": 225, "segment_id": 29, "revision": 1, "text": " hat", "granularity": "word", "items": [{"text": " hat", "start_seconds": 170.72, "end_seconds": 170.8, "confidence": null}]}, {"type": "transcript.final", "session_id": "d8df6191-1864-4e40-9c72-ab818a82deb5", "sequence": 240, "segment_id": 30, "revision": 15, "text": " sich irgendwas verändert vor sechs Wochen, was sie nicht so richtig benennen können und was sich auch anders anfühlt als die Depression vor einigen Jahren", "granularity": "word", "items": [{"text": " sich", "start_seconds": 170.8, "end_seconds": 170.96, "confidence": null}, {"text": "irgendwas", "start_seconds": 170.96, "end_seconds": 171.36, "confidence": null}, {"text": "verändert", "start_seconds": 171.36, "end_seconds": 171.52, "confidence": null}, {"text": "vor", "start_seconds": 172.08, "end_seconds": 172.4, "confidence": null}, {"text": "sechs", "start_seconds": 172.4, "end_seconds": 172.64, "confidence": null}, {"text": "Wochen,", "start_seconds": 172.64, "end_seconds": 172.72, "confidence": null}, {"text": "was", "start_seconds": 173.68, "end_seconds": 173.92, "confidence": null}, {"text": "sie", "start_seconds": 173.92, "end_seconds": 174.16, "confidence": null}, {"text": "nicht", "start_seconds": 174.16, "end_seconds": 174.24, "confidence": null}, {"text": "so", "start_seconds": 174.24, "end_seconds": 174.32, "confidence": null}, {"text": "richtig", "start_seconds": 174.32, "end_seconds": 174.72, "confidence": null}, {"text": "benennen", "start_seconds": 174.72, "end_seconds": 175.12, "confidence": null}, {"text": "können", "start_seconds": 175.12, "end_seconds": 175.2, "confidence": null}, {"text": "und", "start_seconds": 175.92, "end_seconds": 176.16, "confidence": null}, {"text": "was", "start_seconds": 176.16, "end_seconds": 176.4, "confidence": null}, {"text": "sich", "start_seconds": 176.4, "end_seconds": 176.56, "confidence": null}, {"text": "auch", "start_seconds": 176.56, "end_seconds": 176.8, "confidence": null}, {"text": "anders", "start_seconds": 176.8, "end_seconds": 177.2, "confidence": null}, {"text": "anfühlt", "start_seconds": 177.2, "end_seconds": 177.76, "confidence": null}, {"text": "als", "start_seconds": 177.76, "end_seconds": 177.92, "confidence": null}, {"text": "die", "start_seconds": 177.92, "end_seconds": 178.08, "confidence": null}, {"text": "Depression", "start_seconds": 178.08, "end_seconds": 178.32, "confidence": null}, {"text": "vor", "start_seconds": 178.72, "end_seconds": 178.8, "confidence": null}, {"text": "einigen", "start_seconds": 178.8, "end_seconds": 179.04, "confidence": null}, {"text": "Jahren", "start_seconds": 179.04, "end_seconds": 179.2, "confidence": null}]}, {"type": "transcript.final", "session_id": "d8df6191-1864-4e40-9c72-ab818a82deb5", "sequence": 245, "segment_id": 31, "revision": 5, "text": " und sie haben sich Sorge um ihr Herz gemacht", "granularity": "word", "items": [{"text": " und", "start_seconds": 181.04, "end_seconds": 181.2, "confidence": null}, {"text": "sie", "start_seconds": 181.2, "end_seconds": 181.36, "confidence": null}, {"text": "haben", "start_seconds": 181.36, "end_seconds": 181.52, "confidence": null}, {"text": "sich", "start_seconds": 181.52, "end_seconds": 181.68, "confidence": null}, {"text": "Sorge", "start_seconds": 181.68, "end_seconds": 182.08, "confidence": null}, {"text": "um", "start_seconds": 182.08, "end_seconds": 182.24, "confidence": null}, {"text": "ihr", "start_seconds": 182.24, "end_seconds": 182.4, "confidence": null}, {"text": "Herz", "start_seconds": 182.4, "end_seconds": 182.64, "confidence": null}, {"text": "gemacht", "start_seconds": 182.64, "end_seconds": 182.72, "confidence": null}]}, {"type": "transcript.final", "session_id": "d8df6191-1864-4e40-9c72-ab818a82deb5", "sequence": 248, "segment_id": 32, "revision": 3, "text": "sonst irgendwelche Ideen", "granularity": "word", "items": [{"text": "sonst", "start_seconds": 184.96, "end_seconds": 185.12, "confidence": null}, {"text": "irgendwelche", "start_seconds": 185.12, "end_seconds": 185.52, "confidence": null}, {"text": "Ideen", "start_seconds": 185.52, "end_seconds": 185.84, "confidence": null}]}, {"type": "transcript.final", "session_id": "d8df6191-1864-4e40-9c72-ab818a82deb5", "sequence": 255, "segment_id": 33, "revision": 7, "text": "Okay, also um ihr Herz sollten wir uns kümmern", "granularity": "word", "items": [{"text": "Okay,", "start_seconds": 191.68, "end_seconds": 191.76, "confidence": null}, {"text": "also", "start_seconds": 192.08, "end_seconds": 192.4, "confidence": null}, {"text": "um", "start_seconds": 192.4, "end_seconds": 192.56, "confidence": null}, {"text": "ihr", "start_seconds": 192.56, "end_seconds": 192.72, "confidence": null}, {"text": "Herz", "start_seconds": 192.72, "end_seconds": 192.96, "confidence": null}, {"text": "sollten", "start_seconds": 192.96, "end_seconds": 193.2, "confidence": null}, {"text": "wir", "start_seconds": 193.2, "end_seconds": 193.28, "confidence": null}, {"text": "uns", "start_seconds": 194.08, "end_seconds": 194.4, "confidence": null}, {"text": "kümmern", "start_seconds": 194.4, "end_seconds": 194.56, "confidence": null}]}, {"type": "transcript.final", "session_id": "d8df6191-1864-4e40-9c72-ab818a82deb5", "sequence": 264, "segment_id": 34, "revision": 9, "text": " und möglichst eine Erklärung finden, wie es mit Ihrem Schlaf", "granularity": "word", "items": [{"text": " und", "start_seconds": 196.0, "end_seconds": 196.08, "confidence": null}, {"text": "möglichst", "start_seconds": 196.64, "end_seconds": 197.12, "confidence": null}, {"text": "eine", "start_seconds": 197.12, "end_seconds": 197.2, "confidence": null}, {"text": "Erklärung", "start_seconds": 197.2, "end_seconds": 197.68, "confidence": null}, {"text": "finden,", "start_seconds": 197.68, "end_seconds": 197.76, "confidence": null}, {"text": "wie", "start_seconds": 198.4, "end_seconds": 198.72, "confidence": null}, {"text": "es", "start_seconds": 198.72, "end_seconds": 199.04, "confidence": null}, {"text": "mit", "start_seconds": 199.04, "end_seconds": 199.12, "confidence": null}, {"text": "Ihrem", "start_seconds": 200.08, "end_seconds": 200.48, "confidence": null}, {"text": "Schlaf", "start_seconds": 200.48, "end_seconds": 200.56, "confidence": null}]}, {"type": "transcript.final", "session_id": "d8df6191-1864-4e40-9c72-ab818a82deb5", "sequence": 266, "segment_id": 35, "revision": 2, "text": " schlecht", "granularity": "word", "items": [{"text": " schlecht", "start_seconds": 202.8, "end_seconds": 202.96, "confidence": null}]}, {"type": "transcript.final", "session_id": "d8df6191-1864-4e40-9c72-ab818a82deb5", "sequence": 273, "segment_id": 36, "revision": 7, "text": "Ich weiß nicht, wann ich es letzte Mal mehr als fünf Stunden ein Stück geschlafen habe", "granularity": "word", "items": [{"text": "Ich", "start_seconds": 205.12, "end_seconds": 205.28, "confidence": null}, {"text": "weiß", "start_seconds": 205.28, "end_seconds": 205.6, "confidence": null}, {"text": "nicht,", "start_seconds": 205.6, "end_seconds": 205.84, "confidence": null}, {"text": "wann", "start_seconds": 205.84, "end_seconds": 206.08, "confidence": null}, {"text": "ich", "start_seconds": 206.08, "end_seconds": 206.16, "confidence": null}, {"text": "es", "start_seconds": 206.16, "end_seconds": 206.24, "confidence": null}, {"text": "letzte", "start_seconds": 206.24, "end_seconds": 206.4, "confidence": null}, {"text": "Mal", "start_seconds": 206.4, "end_seconds": 206.56, "confidence": null}, {"text": "mehr", "start_seconds": 206.56, "end_seconds": 206.72, "confidence": null}, {"text": "als", "start_seconds": 206.72, "end_seconds": 206.88, "confidence": null}, {"text": "fünf", "start_seconds": 206.88, "end_seconds": 207.04, "confidence": null}, {"text": "Stunden", "start_seconds": 207.04, "end_seconds": 207.44, "confidence": null}, {"text": "ein", "start_seconds": 207.44, "end_seconds": 207.6, "confidence": null}, {"text": "Stück", "start_seconds": 207.6, "end_seconds": 207.76, "confidence": null}, {"text": "geschlafen", "start_seconds": 207.76, "end_seconds": 208.16, "confidence": null}, {"text": "habe", "start_seconds": 208.16, "end_seconds": 208.24, "confidence": null}]}, {"type": "transcript.final", "session_id": "d8df6191-1864-4e40-9c72-ab818a82deb5", "sequence": 286, "segment_id": 37, "revision": 13, "text": " und ich schwitze auch absurd viel nachts. Ich kann mein T Shirt morgens ausbringen, damit die Wohnung putzen", "granularity": "word", "items": [{"text": " und", "start_seconds": 210.56, "end_seconds": 210.72, "confidence": null}, {"text": "ich", "start_seconds": 210.72, "end_seconds": 210.8, "confidence": null}, {"text": "schwitze", "start_seconds": 210.8, "end_seconds": 211.28, "confidence": null}, {"text": "auch", "start_seconds": 211.28, "end_seconds": 211.36, "confidence": null}, {"text": "absurd", "start_seconds": 212.24, "end_seconds": 212.64, "confidence": null}, {"text": "viel", "start_seconds": 212.64, "end_seconds": 212.72, "confidence": null}, {"text": "nachts.", "start_seconds": 213.2, "end_seconds": 213.28, "confidence": null}, {"text": "Ich", "start_seconds": 214.24, "end_seconds": 214.4, "confidence": null}, {"text": "kann", "start_seconds": 214.4, "end_seconds": 214.56, "confidence": null}, {"text": "mein", "start_seconds": 214.56, "end_seconds": 214.72, "confidence": null}, {"text": "T", "start_seconds": 214.72, "end_seconds": 214.88, "confidence": null}, {"text": "Shirt", "start_seconds": 214.88, "end_seconds": 215.12, "confidence": null}, {"text": "morgens", "start_seconds": 215.12, "end_seconds": 215.52, "confidence": null}, {"text": "ausbringen,", "start_seconds": 215.52, "end_seconds": 215.84, "confidence": null}, {"text": "damit", "start_seconds": 216.48, "end_seconds": 216.96, "confidence": null}, {"text": "die", "start_seconds": 216.96, "end_seconds": 217.12, "confidence": null}, {"text": "Wohnung", "start_seconds": 217.12, "end_seconds": 217.6, "confidence": null}, {"text": "putzen", "start_seconds": 217.6, "end_seconds": 217.84, "confidence": null}]}, {"type": "transcript.final", "session_id": "d8df6191-1864-4e40-9c72-ab818a82deb5", "sequence": 293, "segment_id": 38, "revision": 7, "text": "wie ist der Appetit? Gut, gut, ich hab ich habe viel Hunger", "granularity": "word", "items": [{"text": "wie", "start_seconds": 220.4, "end_seconds": 220.72, "confidence": null}, {"text": "ist", "start_seconds": 220.72, "end_seconds": 220.88, "confidence": null}, {"text": "der", "start_seconds": 220.88, "end_seconds": 220.96, "confidence": null}, {"text": "Appetit?", "start_seconds": 220.96, "end_seconds": 221.52, "confidence": null}, {"text": "Gut,", "start_seconds": 221.76, "end_seconds": 222.0, "confidence": null}, {"text": "gut,", "start_seconds": 222.0, "end_seconds": 222.24, "confidence": null}, {"text": "ich", "start_seconds": 222.24, "end_seconds": 222.4, "confidence": null}, {"text": "hab", "start_seconds": 222.4, "end_seconds": 222.64, "confidence": null}, {"text": "ich", "start_seconds": 222.64, "end_seconds": 222.72, "confidence": null}, {"text": "habe", "start_seconds": 222.72, "end_seconds": 222.8, "confidence": null}, {"text": "viel", "start_seconds": 223.6, "end_seconds": 223.84, "confidence": null}, {"text": "Hunger", "start_seconds": 223.84, "end_seconds": 223.92, "confidence": null}]}, {"type": "transcript.final", "session_id": "d8df6191-1864-4e40-9c72-ab818a82deb5", "sequence": 295, "segment_id": 39, "revision": 2, "text": " und das Gewicht", "granularity": "word", "items": [{"text": " und", "start_seconds": 225.12, "end_seconds": 225.2, "confidence": null}, {"text": "das", "start_seconds": 225.2, "end_seconds": 225.36, "confidence": null}, {"text": "Gewicht", "start_seconds": 225.36, "end_seconds": 225.6, "confidence": null}]}, {"type": "transcript.final", "session_id": "d8df6191-1864-4e40-9c72-ab818a82deb5", "sequence": 302, "segment_id": 40, "revision": 7, "text": "Es sind vier Kilo weg in den letzten sechs Wochen, obwohl sie viel Appetit", "granularity": "word", "items": [{"text": "Es", "start_seconds": 226.96, "end_seconds": 227.12, "confidence": null}, {"text": "sind", "start_seconds": 227.12, "end_seconds": 227.36, "confidence": null}, {"text": "vier", "start_seconds": 227.36, "end_seconds": 227.52, "confidence": null}, {"text": "Kilo", "start_seconds": 227.52, "end_seconds": 227.84, "confidence": null}, {"text": "weg", "start_seconds": 227.84, "end_seconds": 228.24, "confidence": null}, {"text": "in", "start_seconds": 228.24, "end_seconds": 228.32, "confidence": null}, {"text": "den", "start_seconds": 228.32, "end_seconds": 228.4, "confidence": null}, {"text": "letzten", "start_seconds": 228.4, "end_seconds": 228.64, "confidence": null}, {"text": "sechs", "start_seconds": 228.64, "end_seconds": 228.88, "confidence": null}, {"text": "Wochen,", "start_seconds": 228.88, "end_seconds": 228.96, "confidence": null}, {"text": "obwohl", "start_seconds": 229.76, "end_seconds": 230.08, "confidence": null}, {"text": "sie", "start_seconds": 230.08, "end_seconds": 230.24, "confidence": null}, {"text": "viel", "start_seconds": 230.24, "end_seconds": 230.48, "confidence": null}, {"text": "Appetit", "start_seconds": 230.48, "end_seconds": 230.64, "confidence": null}]}, {"type": "transcript.final", "session_id": "d8df6191-1864-4e40-9c72-ab818a82deb5", "sequence": 307, "segment_id": 41, "revision": 5, "text": " und vier Kilo sind für mich eine ganze Menge ehrlich gesagt", "granularity": "word", "items": [{"text": " und", "start_seconds": 234.72, "end_seconds": 235.04, "confidence": null}, {"text": "vier", "start_seconds": 235.04, "end_seconds": 235.2, "confidence": null}, {"text": "Kilo", "start_seconds": 235.2, "end_seconds": 235.52, "confidence": null}, {"text": "sind", "start_seconds": 235.52, "end_seconds": 235.68, "confidence": null}, {"text": "für", "start_seconds": 235.68, "end_seconds": 235.76, "confidence": null}, {"text": "mich", "start_seconds": 235.76, "end_seconds": 235.84, "confidence": null}, {"text": "eine", "start_seconds": 235.84, "end_seconds": 236.0, "confidence": null}, {"text": "ganze", "start_seconds": 236.0, "end_seconds": 236.16, "confidence": null}, {"text": "Menge", "start_seconds": 236.16, "end_seconds": 236.4, "confidence": null}, {"text": "ehrlich", "start_seconds": 236.4, "end_seconds": 236.72, "confidence": null}, {"text": "gesagt", "start_seconds": 236.72, "end_seconds": 236.8, "confidence": null}]}, {"type": "transcript.final", "session_id": "d8df6191-1864-4e40-9c72-ab818a82deb5", "sequence": 309, "segment_id": 42, "revision": 2, "text": "Ja", "granularity": "word", "items": [{"text": "Ja", "start_seconds": 238.4, "end_seconds": 238.48, "confidence": null}]}, {"type": "transcript.final", "session_id": "d8df6191-1864-4e40-9c72-ab818a82deb5", "sequence": 318, "segment_id": 43, "revision": 9, "text": " vielleicht erzählen Sie mir noch zwei, drei Dinge aus Ihrem sonstigen Leben, wenn Sie mögen", "granularity": "word", "items": [{"text": " vielleicht", "start_seconds": 240.4, "end_seconds": 240.48, "confidence": null}, {"text": "erzählen", "start_seconds": 240.88, "end_seconds": 241.2, "confidence": null}, {"text": "Sie", "start_seconds": 241.2, "end_seconds": 241.28, "confidence": null}, {"text": "mir", "start_seconds": 241.28, "end_seconds": 241.44, "confidence": null}, {"text": "noch", "start_seconds": 241.44, "end_seconds": 241.52, "confidence": null}, {"text": "zwei,", "start_seconds": 241.52, "end_seconds": 241.76, "confidence": null}, {"text": "drei", "start_seconds": 241.76, "end_seconds": 241.92, "confidence": null}, {"text": "Dinge", "start_seconds": 241.92, "end_seconds": 242.0, "confidence": null}, {"text": "aus", "start_seconds": 242.56, "end_seconds": 242.8, "confidence": null}, {"text": "Ihrem", "start_seconds": 242.8, "end_seconds": 243.12, "confidence": null}, {"text": "sonstigen", "start_seconds": 243.12, "end_seconds": 243.44, "confidence": null}, {"text": "Leben,", "start_seconds": 243.44, "end_seconds": 243.76, "confidence": null}, {"text": "wenn", "start_seconds": 243.76, "end_seconds": 243.92, "confidence": null}, {"text": "Sie", "start_seconds": 243.92, "end_seconds": 244.16, "confidence": null}, {"text": "mögen", "start_seconds": 244.16, "end_seconds": 244.24, "confidence": null}]}, {"type": "transcript.final", "session_id": "d8df6191-1864-4e40-9c72-ab818a82deb5", "sequence": 324, "segment_id": 44, "revision": 6, "text": "Was machen Sie genau beruflich? Ich studiere", "granularity": "word", "items": [{"text": "Was", "start_seconds": 245.92, "end_seconds": 246.16, "confidence": null}, {"text": "machen", "start_seconds": 246.16, "end_seconds": 246.32, "confidence": null}, {"text": "Sie", "start_seconds": 246.32, "end_seconds": 246.48, "confidence": null}, {"text": "genau", "start_seconds": 246.48, "end_seconds": 246.56, "confidence": null}, {"text": "beruflich?", "start_seconds": 246.96, "end_seconds": 247.28, "confidence": null}, {"text": "Ich", "start_seconds": 248.4, "end_seconds": 248.72, "confidence": null}, {"text": "studiere", "start_seconds": 248.72, "end_seconds": 249.04, "confidence": null}]}, {"type": "transcript.final", "session_id": "d8df6191-1864-4e40-9c72-ab818a82deb5", "sequence": 338, "segment_id": 45, "revision": 14, "text": " Maschinenbau, ich habe gerade Prüfungsphase, muss ich ein bisschen mehr machen als sonst, aber es ist nicht hier wirklich dranmatisch", "granularity": "word", "items": [{"text": " Maschinenbau,", "start_seconds": 250.4, "end_seconds": 251.04, "confidence": null}, {"text": "ich", "start_seconds": 251.68, "end_seconds": 251.84, "confidence": null}, {"text": "habe", "start_seconds": 251.84, "end_seconds": 252.16, "confidence": null}, {"text": "gerade", "start_seconds": 252.16, "end_seconds": 252.24, "confidence": null}, {"text": "Prüfungsphase,", "start_seconds": 252.72, "end_seconds": 253.36, "confidence": null}, {"text": "muss", "start_seconds": 254.0, "end_seconds": 254.16, "confidence": null}, {"text": "ich", "start_seconds": 254.16, "end_seconds": 254.4, "confidence": null}, {"text": "ein", "start_seconds": 254.4, "end_seconds": 254.48, "confidence": null}, {"text": "bisschen", "start_seconds": 254.48, "end_seconds": 254.64, "confidence": null}, {"text": "mehr", "start_seconds": 254.64, "end_seconds": 254.88, "confidence": null}, {"text": "machen", "start_seconds": 254.88, "end_seconds": 254.96, "confidence": null}, {"text": "als", "start_seconds": 255.28, "end_seconds": 255.44, "confidence": null}, {"text": "sonst,", "start_seconds": 255.44, "end_seconds": 255.68, "confidence": null}, {"text": "aber", "start_seconds": 255.68, "end_seconds": 255.84, "confidence": null}, {"text": "es", "start_seconds": 255.84, "end_seconds": 255.92, "confidence": null}, {"text": "ist", "start_seconds": 255.92, "end_seconds": 256.08, "confidence": null}, {"text": "nicht", "start_seconds": 256.08, "end_seconds": 256.16, "confidence": null}, {"text": "hier", "start_seconds": 256.56, "end_seconds": 256.64, "confidence": null}, {"text": "wirklich", "start_seconds": 256.64, "end_seconds": 256.8, "confidence": null}, {"text": "dranmatisch", "start_seconds": 256.8, "end_seconds": 257.36, "confidence": null}]}, {"type": "transcript.final", "session_id": "d8df6191-1864-4e40-9c72-ab818a82deb5", "sequence": 345, "segment_id": 46, "revision": 7, "text": " verdiene mir ein bisschen was neben mir dazu, bisschen Au", "granularity": "word", "items": [{"text": " verdiene", "start_seconds": 259.6, "end_seconds": 260.08, "confidence": null}, {"text": "mir", "start_seconds": 260.08, "end_seconds": 260.16, "confidence": null}, {"text": "ein", "start_seconds": 260.16, "end_seconds": 260.32, "confidence": null}, {"text": "bisschen", "start_seconds": 260.32, "end_seconds": 260.56, "confidence": null}, {"text": "was", "start_seconds": 260.56, "end_seconds": 260.64, "confidence": null}, {"text": "neben", "start_seconds": 261.04, "end_seconds": 261.36, "confidence": null}, {"text": "mir", "start_seconds": 261.36, "end_seconds": 261.44, "confidence": null}, {"text": "dazu,", "start_seconds": 261.76, "end_seconds": 261.92, "confidence": null}, {"text": "bisschen", "start_seconds": 262.48, "end_seconds": 262.56, "confidence": null}, {"text": "Au", "start_seconds": 263.68, "end_seconds": 263.76, "confidence": null}]}, {"type": "transcript.final", "session_id": "d8df6191-1864-4e40-9c72-ab818a82deb5", "sequence": 353, "segment_id": 47, "revision": 8, "text": "toschrauben oder Fahrräder oder so, was was mich eher entspannt als", "granularity": "word", "items": [{"text": "toschrauben", "start_seconds": 263.76, "end_seconds": 264.4, "confidence": null}, {"text": "oder", "start_seconds": 264.4, "end_seconds": 264.48, "confidence": null}, {"text": "Fahrräder", "start_seconds": 264.88, "end_seconds": 265.52, "confidence": null}, {"text": "oder", "start_seconds": 265.52, "end_seconds": 265.68, "confidence": null}, {"text": "so,", "start_seconds": 265.68, "end_seconds": 265.76, "confidence": null}, {"text": "was", "start_seconds": 266.08, "end_seconds": 266.32, "confidence": null}, {"text": "was", "start_seconds": 266.32, "end_seconds": 266.56, "confidence": null}, {"text": "mich", "start_seconds": 266.56, "end_seconds": 266.72, "confidence": null}, {"text": "eher", "start_seconds": 266.72, "end_seconds": 267.12, "confidence": null}, {"text": "entspannt", "start_seconds": 267.12, "end_seconds": 267.52, "confidence": null}, {"text": "als", "start_seconds": 267.52, "end_seconds": 267.6, "confidence": null}]}, {"type": "transcript.final", "session_id": "d8df6191-1864-4e40-9c72-ab818a82deb5", "sequence": 355, "segment_id": 48, "revision": 2, "text": " stresst", "granularity": "word", "items": [{"text": " stresst", "start_seconds": 268.88, "end_seconds": 269.2, "confidence": null}]}, {"type": "transcript.final", "session_id": "d8df6191-1864-4e40-9c72-ab818a82deb5", "sequence": 360, "segment_id": 49, "revision": 5, "text": " mit meiner Freundin läuft alles prima, also", "granularity": "word", "items": [{"text": " mit", "start_seconds": 270.64, "end_seconds": 270.96, "confidence": null}, {"text": "meiner", "start_seconds": 270.96, "end_seconds": 271.2, "confidence": null}, {"text": "Freundin", "start_seconds": 271.2, "end_seconds": 271.52, "confidence": null}, {"text": "läuft", "start_seconds": 271.52, "end_seconds": 271.84, "confidence": null}, {"text": "alles", "start_seconds": 271.84, "end_seconds": 272.16, "confidence": null}, {"text": "prima,", "start_seconds": 272.16, "end_seconds": 272.24, "confidence": null}, {"text": "also", "start_seconds": 272.56, "end_seconds": 272.64, "confidence": null}]}, {"type": "transcript.final", "session_id": "d8df6191-1864-4e40-9c72-ab818a82deb5", "sequence": 363, "segment_id": 50, "revision": 3, "text": " eigentlich alles super", "granularity": "word", "items": [{"text": " eigentlich", "start_seconds": 274.96, "end_seconds": 275.28, "confidence": null}, {"text": "alles", "start_seconds": 275.28, "end_seconds": 275.6, "confidence": null}, {"text": "super", "start_seconds": 275.6, "end_seconds": 275.68, "confidence": null}]}, {"type": "transcript.final", "session_id": "d8df6191-1864-4e40-9c72-ab818a82deb5", "sequence": 366, "segment_id": 51, "revision": 3, "text": " Sexualität alles gut", "granularity": "word", "items": [{"text": " Sexualität", "start_seconds": 278.88, "end_seconds": 279.36, "confidence": null}, {"text": "alles", "start_seconds": 280.16, "end_seconds": 280.4, "confidence": null}, {"text": "gut", "start_seconds": 280.4, "end_seconds": 280.48, "confidence": null}]}, {"type": "transcript.final", "session_id": "d8df6191-1864-4e40-9c72-ab818a82deb5", "sequence": 377, "segment_id": 52, "revision": 11, "text": "Okay, ich höre raus vor sechs Wochen fangen plötzlich diese Beschwerden an Herzklopfen", "granularity": "word", "items": [{"text": "Okay,", "start_seconds": 283.52, "end_seconds": 283.6, "confidence": null}, {"text": "ich", "start_seconds": 284.0, "end_seconds": 284.16, "confidence": null}, {"text": "höre", "start_seconds": 284.16, "end_seconds": 284.64, "confidence": null}, {"text": "raus", "start_seconds": 284.64, "end_seconds": 284.72, "confidence": null}, {"text": "vor", "start_seconds": 286.0, "end_seconds": 286.32, "confidence": null}, {"text": "sechs", "start_seconds": 286.32, "end_seconds": 286.48, "confidence": null}, {"text": "Wochen", "start_seconds": 286.48, "end_seconds": 286.8, "confidence": null}, {"text": "fangen", "start_seconds": 286.8, "end_seconds": 287.2, "confidence": null}, {"text": "plötzlich", "start_seconds": 287.2, "end_seconds": 287.52, "confidence": null}, {"text": "diese", "start_seconds": 287.52, "end_seconds": 287.84, "confidence": null}, {"text": "Beschwerden", "start_seconds": 287.84, "end_seconds": 288.24, "confidence": null}, {"text": "an", "start_seconds": 288.24, "end_seconds": 288.32, "confidence": null}, {"text": "Herzklopfen", "start_seconds": 289.2, "end_seconds": 289.92, "confidence": null}]}, {"type": "transcript.final", "session_id": "d8df6191-1864-4e40-9c72-ab818a82deb5", "sequence": 384, "segment_id": 53, "revision": 7, "text": " viel Appetit trotzdem Gewichtsabnahme, Schlafstörung", "granularity": "word", "items": [{"text": " viel", "start_seconds": 291.2, "end_seconds": 291.36, "confidence": null}, {"text": "Appetit", "start_seconds": 291.36, "end_seconds": 292.0, "confidence": null}, {"text": "trotzdem", "start_seconds": 292.0, "end_seconds": 292.4, "confidence": null}, {"text": "Gewichtsabnahme,", "start_seconds": 292.4, "end_seconds": 293.12, "confidence": null}, {"text": "Schlafstörung", "start_seconds": 293.6, "end_seconds": 294.16, "confidence": null}]}, {"type": "transcript.final", "session_id": "d8df6191-1864-4e40-9c72-ab818a82deb5", "sequence": 399, "segment_id": 54, "revision": 15, "text": "nächtliches, vor allen Dingen nächtliches Schwitzen, eine große Unruhe, die auf mit einer Wesensveränderung irgendwie einhergeht, ohne dass sie so wirklich eine Erklärung finden", "granularity": "word", "items": [{"text": "nächtliches,", "start_seconds": 295.84, "end_seconds": 296.32, "confidence": null}, {"text": "vor", "start_seconds": 296.32, "end_seconds": 296.4, "confidence": null}, {"text": "allen", "start_seconds": 296.4, "end_seconds": 296.56, "confidence": null}, {"text": "Dingen", "start_seconds": 296.56, "end_seconds": 296.72, "confidence": null}, {"text": "nächtliches", "start_seconds": 296.72, "end_seconds": 297.12, "confidence": null}, {"text": "Schwitzen,", "start_seconds": 297.12, "end_seconds": 297.28, "confidence": null}, {"text": "eine", "start_seconds": 298.08, "end_seconds": 298.24, "confidence": null}, {"text": "große", "start_seconds": 298.24, "end_seconds": 298.48, "confidence": null}, {"text": "Unruhe,", "start_seconds": 298.48, "end_seconds": 299.04, "confidence": null}, {"text": "die", "start_seconds": 299.04, "end_seconds": 299.2, "confidence": null}, {"text": "auf", "start_seconds": 299.2, "end_seconds": 299.28, "confidence": null}, {"text": "mit", "start_seconds": 299.6, "end_seconds": 299.68, "confidence": null}, {"text": "einer", "start_seconds": 299.68, "end_seconds": 299.92, "confidence": null}, {"text": "Wesensveränderung", "start_seconds": 299.92, "end_seconds": 300.8, "confidence": null}, {"text": "irgendwie", "start_seconds": 300.8, "end_seconds": 301.28, "confidence": null}, {"text": "einhergeht,", "start_seconds": 301.28, "end_seconds": 301.6, "confidence": null}, {"text": "ohne", "start_seconds": 302.48, "end_seconds": 302.72, "confidence": null}, {"text": "dass", "start_seconds": 302.72, "end_seconds": 302.88, "confidence": null}, {"text": "sie", "start_seconds": 302.88, "end_seconds": 303.04, "confidence": null}, {"text": "so", "start_seconds": 303.04, "end_seconds": 303.2, "confidence": null}, {"text": "wirklich", "start_seconds": 303.2, "end_seconds": 303.52, "confidence": null}, {"text": "eine", "start_seconds": 303.52, "end_seconds": 303.6, "confidence": null}, {"text": "Erklärung", "start_seconds": 303.6, "end_seconds": 304.08, "confidence": null}, {"text": "finden", "start_seconds": 304.08, "end_seconds": 304.16, "confidence": null}]}, {"type": "transcript.final", "session_id": "d8df6191-1864-4e40-9c72-ab818a82deb5", "sequence": 409, "segment_id": 55, "revision": 10, "text": " in ihrem Leben, wo alles sonst ganz rund läuft im Moment Studium, Arbeit, Beziehung", "granularity": "word", "items": [{"text": " in", "start_seconds": 305.76, "end_seconds": 305.92, "confidence": null}, {"text": "ihrem", "start_seconds": 305.92, "end_seconds": 306.08, "confidence": null}, {"text": "Leben,", "start_seconds": 306.08, "end_seconds": 306.48, "confidence": null}, {"text": "wo", "start_seconds": 306.48, "end_seconds": 306.72, "confidence": null}, {"text": "alles", "start_seconds": 306.72, "end_seconds": 307.04, "confidence": null}, {"text": "sonst", "start_seconds": 307.04, "end_seconds": 307.44, "confidence": null}, {"text": "ganz", "start_seconds": 307.44, "end_seconds": 307.52, "confidence": null}, {"text": "rund", "start_seconds": 307.84, "end_seconds": 308.08, "confidence": null}, {"text": "läuft", "start_seconds": 308.08, "end_seconds": 308.16, "confidence": null}, {"text": "im", "start_seconds": 308.56, "end_seconds": 308.72, "confidence": null}, {"text": "Moment", "start_seconds": 308.72, "end_seconds": 308.8, "confidence": null}, {"text": "Studium,", "start_seconds": 309.68, "end_seconds": 310.32, "confidence": null}, {"text": "Arbeit,", "start_seconds": 310.32, "end_seconds": 310.4, "confidence": null}, {"text": "Beziehung", "start_seconds": 310.88, "end_seconds": 311.04, "confidence": null}]}, {"type": "transcript.final", "session_id": "d8df6191-1864-4e40-9c72-ab818a82deb5", "sequence": 431, "segment_id": 56, "revision": 22, "text": "Da gibt es eigentlich nichts, wo Sie jetzt spontan sagen würden. Das erklärt das anders als damals, als Sie diese depressive Episode hatten, dann haben Sie die Sorge, dass mit dem Herzen das nicht stimmen könnte, weil in der Familie", "granularity": "word", "items": [{"text": "Da", "start_seconds": 313.12, "end_seconds": 313.28, "confidence": null}, {"text": "gibt", "start_seconds": 313.28, "end_seconds": 313.36, "confidence": null}, {"text": "es", "start_seconds": 313.36, "end_seconds": 313.6, "confidence": null}, {"text": "eigentlich", "start_seconds": 313.6, "end_seconds": 313.84, "confidence": null}, {"text": "nichts,", "start_seconds": 313.84, "end_seconds": 314.24, "confidence": null}, {"text": "wo", "start_seconds": 314.24, "end_seconds": 314.4, "confidence": null}, {"text": "Sie", "start_seconds": 314.4, "end_seconds": 314.56, "confidence": null}, {"text": "jetzt", "start_seconds": 314.56, "end_seconds": 314.8, "confidence": null}, {"text": "spontan", "start_seconds": 314.8, "end_seconds": 315.2, "confidence": null}, {"text": "sagen", "start_seconds": 315.2, "end_seconds": 315.36, "confidence": null}, {"text": "würden.", "start_seconds": 315.36, "end_seconds": 315.44, "confidence": null}, {"text": "Das", "start_seconds": 315.84, "end_seconds": 315.92, "confidence": null}, {"text": "erklärt", "start_seconds": 315.92, "end_seconds": 316.4, "confidence": null}, {"text": "das", "start_seconds": 316.4, "end_seconds": 316.64, "confidence": null}, {"text": "anders", "start_seconds": 316.64, "end_seconds": 316.96, "confidence": null}, {"text": "als", "start_seconds": 316.96, "end_seconds": 317.2, "confidence": null}, {"text": "damals,", "start_seconds": 317.2, "end_seconds": 317.52, "confidence": null}, {"text": "als", "start_seconds": 318.16, "end_seconds": 318.4, "confidence": null}, {"text": "Sie", "start_seconds": 318.4, "end_seconds": 318.56, "confidence": null}, {"text": "diese", "start_seconds": 318.56, "end_seconds": 318.8, "confidence": null}, {"text": "depressive", "start_seconds": 318.8, "end_seconds": 319.28, "confidence": null}, {"text": "Episode", "start_seconds": 319.28, "end_seconds": 319.84, "confidence": null}, {"text": "hatten,", "start_seconds": 319.84, "end_seconds": 320.0, "confidence": null}, {"text": "dann", "start_seconds": 320.88, "end_seconds": 321.04, "confidence": null}, {"text": "haben", "start_seconds": 321.04, "end_seconds": 321.2, "confidence": null}, {"text": "Sie", "start_seconds": 321.2, "end_seconds": 321.44, "confidence": null}, {"text": "die", "start_seconds": 321.44, "end_seconds": 321.52, "confidence": null}, {"text": "Sorge,", "start_seconds": 321.52, "end_seconds": 321.68, "confidence": null}, {"text": "dass", "start_seconds": 322.16, "end_seconds": 322.4, "confidence": null}, {"text": "mit", "start_seconds": 322.4, "end_seconds": 322.48, "confidence": null}, {"text": "dem", "start_seconds": 322.48, "end_seconds": 322.64, "confidence": null}, {"text": "Herzen", "start_seconds": 322.64, "end_seconds": 323.04, "confidence": null}, {"text": "das", "start_seconds": 323.04, "end_seconds": 323.2, "confidence": null}, {"text": "nicht", "start_seconds": 323.2, "end_seconds": 323.36, "confidence": null}, {"text": "stimmen", "start_seconds": 323.36, "end_seconds": 323.52, "confidence": null}, {"text": "könnte,", "start_seconds": 323.92, "end_seconds": 324.4, "confidence": null}, {"text": "weil", "start_seconds": 324.4, "end_seconds": 324.72, "confidence": null}, {"text": "in", "start_seconds": 324.72, "end_seconds": 324.88, "confidence": null}, {"text": "der", "start_seconds": 324.88, "end_seconds": 324.96, "confidence": null}, {"text": "Familie", "start_seconds": 324.96, "end_seconds": 325.04, "confidence": null}]}, {"type": "transcript.final", "session_id": "d8df6191-1864-4e40-9c72-ab818a82deb5", "sequence": 444, "segment_id": 57, "revision": 13, "text": " diese Beschwerden vorgekommen sind, vor allen Dingen bei ihrem Großvater, so dass ich Ihnen jetzt vorschlagen möchte, dass wir", "granularity": "word", "items": [{"text": " diese", "start_seconds": 326.64, "end_seconds": 326.72, "confidence": null}, {"text": "Beschwerden", "start_seconds": 327.04, "end_seconds": 327.36, "confidence": null}, {"text": "vorgekommen", "start_seconds": 328.0, "end_seconds": 328.56, "confidence": null}, {"text": "sind,", "start_seconds": 328.56, "end_seconds": 328.88, "confidence": null}, {"text": "vor", "start_seconds": 328.88, "end_seconds": 329.04, "confidence": null}, {"text": "allen", "start_seconds": 329.04, "end_seconds": 329.12, "confidence": null}, {"text": "Dingen", "start_seconds": 329.12, "end_seconds": 329.2, "confidence": null}, {"text": "bei", "start_seconds": 329.2, "end_seconds": 329.36, "confidence": null}, {"text": "ihrem", "start_seconds": 329.36, "end_seconds": 329.6, "confidence": null}, {"text": "Großvater,", "start_seconds": 329.6, "end_seconds": 330.0, "confidence": null}, {"text": "so", "start_seconds": 331.28, "end_seconds": 331.44, "confidence": null}, {"text": "dass", "start_seconds": 331.44, "end_seconds": 331.6, "confidence": null}, {"text": "ich", "start_seconds": 331.6, "end_seconds": 331.76, "confidence": null}, {"text": "Ihnen", "start_seconds": 331.76, "end_seconds": 332.0, "confidence": null}, {"text": "jetzt", "start_seconds": 332.0, "end_seconds": 332.16, "confidence": null}, {"text": "vorschlagen", "start_seconds": 332.16, "end_seconds": 332.56, "confidence": null}, {"text": "möchte,", "start_seconds": 332.56, "end_seconds": 332.96, "confidence": null}, {"text": "dass", "start_seconds": 332.96, "end_seconds": 333.28, "confidence": null}, {"text": "wir", "start_seconds": 333.28, "end_seconds": 333.36, "confidence": null}]}, {"type": "transcript.final", "session_id": "d8df6191-1864-4e40-9c72-ab818a82deb5", "sequence": 454, "segment_id": 58, "revision": 10, "text": " eine sorgfältige körperliche Untersuchung machen, das machen wir gleich hinten im Nachbarzimmer", "granularity": "word", "items": [{"text": " eine", "start_seconds": 334.88, "end_seconds": 335.12, "confidence": null}, {"text": "sorgfältige", "start_seconds": 335.12, "end_seconds": 335.6, "confidence": null}, {"text": "körperliche", "start_seconds": 335.6, "end_seconds": 336.0, "confidence": null}, {"text": "Untersuchung", "start_seconds": 336.0, "end_seconds": 336.32, "confidence": null}, {"text": "machen,", "start_seconds": 336.32, "end_seconds": 336.64, "confidence": null}, {"text": "das", "start_seconds": 336.64, "end_seconds": 336.8, "confidence": null}, {"text": "machen", "start_seconds": 336.8, "end_seconds": 336.96, "confidence": null}, {"text": "wir", "start_seconds": 336.96, "end_seconds": 337.12, "confidence": null}, {"text": "gleich", "start_seconds": 337.12, "end_seconds": 337.28, "confidence": null}, {"text": "hinten", "start_seconds": 338.0, "end_seconds": 338.32, "confidence": null}, {"text": "im", "start_seconds": 338.8, "end_seconds": 338.96, "confidence": null}, {"text": "Nachbarzimmer", "start_seconds": 338.96, "end_seconds": 339.6, "confidence": null}]}, {"type": "transcript.final", "session_id": "d8df6191-1864-4e40-9c72-ab818a82deb5", "sequence": 466, "segment_id": 59, "revision": 12, "text": " und dabei insbesondere auf ihr Herz schauen. Die Beschwerden, die sich schildern, lassen mich", "granularity": "word", "items": [{"text": " und", "start_seconds": 341.12, "end_seconds": 341.2, "confidence": null}, {"text": "dabei", "start_seconds": 341.92, "end_seconds": 342.16, "confidence": null}, {"text": "insbesondere", "start_seconds": 342.8, "end_seconds": 343.36, "confidence": null}, {"text": "auf", "start_seconds": 343.36, "end_seconds": 343.6, "confidence": null}, {"text": "ihr", "start_seconds": 343.6, "end_seconds": 343.84, "confidence": null}, {"text": "Herz", "start_seconds": 343.84, "end_seconds": 344.16, "confidence": null}, {"text": "schauen.", "start_seconds": 344.16, "end_seconds": 344.24, "confidence": null}, {"text": "Die", "start_seconds": 344.96, "end_seconds": 345.12, "confidence": null}, {"text": "Beschwerden,", "start_seconds": 345.12, "end_seconds": 345.52, "confidence": null}, {"text": "die", "start_seconds": 345.52, "end_seconds": 345.68, "confidence": null}, {"text": "sich", "start_seconds": 345.68, "end_seconds": 345.84, "confidence": null}, {"text": "schildern,", "start_seconds": 345.84, "end_seconds": 346.24, "confidence": null}, {"text": "lassen", "start_seconds": 346.72, "end_seconds": 346.8, "confidence": null}, {"text": "mich", "start_seconds": 347.2, "end_seconds": 347.28, "confidence": null}]}, {"type": "transcript.final", "session_id": "d8df6191-1864-4e40-9c72-ab818a82deb5", "sequence": 504, "segment_id": 60, "revision": 38, "text": " eine Schilddrüsenüberfunktion denken, deswegen würde ich Ihnen gerne Blut abnehmen, um zu klären, ob mit der Schilddröse alles in Ordnung ist, wenn das so wäre, könnte man das gut behandeln, bis wir uns das nächste Mal sehen in einigen Tagen können Sie ja nochmal ein bisschen schauen, ob Ihnen sonst noch was einfällt, und dann würden wir in zwei, drei Tagen uns nochmal wiedersehen und", "granularity": "word", "items": [{"text": " eine", "start_seconds": 348.32, "end_seconds": 348.4, "confidence": null}, {"text": "Schilddrüsenüberfunktion", "start_seconds": 348.4, "end_seconds": 349.28, "confidence": null}, {"text": "denken,", "start_seconds": 349.68, "end_seconds": 350.08, "confidence": null}, {"text": "deswegen", "start_seconds": 350.08, "end_seconds": 350.4, "confidence": null}, {"text": "würde", "start_seconds": 350.4, "end_seconds": 350.48, "confidence": null}, {"text": "ich", "start_seconds": 350.48, "end_seconds": 350.64, "confidence": null}, {"text": "Ihnen", "start_seconds": 350.64, "end_seconds": 350.88, "confidence": null}, {"text": "gerne", "start_seconds": 350.88, "end_seconds": 350.96, "confidence": null}, {"text": "Blut", "start_seconds": 351.84, "end_seconds": 352.16, "confidence": null}, {"text": "abnehmen,", "start_seconds": 352.16, "end_seconds": 352.48, "confidence": null}, {"text": "um", "start_seconds": 353.2, "end_seconds": 353.52, "confidence": null}, {"text": "zu", "start_seconds": 353.52, "end_seconds": 353.6, "confidence": null}, {"text": "klären,", "start_seconds": 353.6, "end_seconds": 353.68, "confidence": null}, {"text": "ob", "start_seconds": 354.8, "end_seconds": 354.96, "confidence": null}, {"text": "mit", "start_seconds": 354.96, "end_seconds": 355.12, "confidence": null}, {"text": "der", "start_seconds": 355.12, "end_seconds": 355.2, "confidence": null}, {"text": "Schilddröse", "start_seconds": 355.2, "end_seconds": 355.68, "confidence": null}, {"text": "alles", "start_seconds": 355.68, "end_seconds": 355.84, "confidence": null}, {"text": "in", "start_seconds": 355.84, "end_seconds": 356.0, "confidence": null}, {"text": "Ordnung", "start_seconds": 356.0, "end_seconds": 356.32, "confidence": null}, {"text": "ist,", "start_seconds": 356.32, "end_seconds": 356.4, "confidence": null}, {"text": "wenn", "start_seconds": 357.12, "end_seconds": 357.36, "confidence": null}, {"text": "das", "start_seconds": 357.36, "end_seconds": 357.52, "confidence": null}, {"text": "so", "start_seconds": 357.52, "end_seconds": 357.84, "confidence": null}, {"text": "wäre,", "start_seconds": 357.84, "end_seconds": 358.0, "confidence": null}, {"text": "könnte", "start_seconds": 358.56, "end_seconds": 358.8, "confidence": null}, {"text": "man", "start_seconds": 358.8, "end_seconds": 359.04, "confidence": null}, {"text": "das", "start_seconds": 359.04, "end_seconds": 359.2, "confidence": null}, {"text": "gut", "start_seconds": 359.2, "end_seconds": 359.44, "confidence": null}, {"text": "behandeln,", "start_seconds": 359.44, "end_seconds": 359.68, "confidence": null}, {"text": "bis", "start_seconds": 360.8, "end_seconds": 361.04, "confidence": null}, {"text": "wir", "start_seconds": 361.04, "end_seconds": 361.2, "confidence": null}, {"text": "uns", "start_seconds": 361.2, "end_seconds": 361.36, "confidence": null}, {"text": "das", "start_seconds": 361.36, "end_seconds": 361.44, "confidence": null}, {"text": "nächste", "start_seconds": 361.44, "end_seconds": 361.76, "confidence": null}, {"text": "Mal", "start_seconds": 361.76, "end_seconds": 361.92, "confidence": null}, {"text": "sehen", "start_seconds": 361.92, "end_seconds": 362.0, "confidence": null}, {"text": "in", "start_seconds": 362.32, "end_seconds": 362.4, "confidence": null}, {"text": "einigen", "start_seconds": 362.4, "end_seconds": 362.72, "confidence": null}, {"text": "Tagen", "start_seconds": 362.72, "end_seconds": 363.28, "confidence": null}, {"text": "können", "start_seconds": 363.28, "end_seconds": 363.52, "confidence": null}, {"text": "Sie", "start_seconds": 363.52, "end_seconds": 363.68, "confidence": null}, {"text": "ja", "start_seconds": 363.68, "end_seconds": 363.84, "confidence": null}, {"text": "nochmal", "start_seconds": 363.84, "end_seconds": 363.92, "confidence": null}, {"text": "ein", "start_seconds": 364.72, "end_seconds": 364.96, "confidence": null}, {"text": "bisschen", "start_seconds": 364.96, "end_seconds": 365.2, "confidence": null}, {"text": "schauen,", "start_seconds": 365.2, "end_seconds": 365.68, "confidence": null}, {"text": "ob", "start_seconds": 365.68, "end_seconds": 365.84, "confidence": null}, {"text": "Ihnen", "start_seconds": 365.84, "end_seconds": 366.0, "confidence": null}, {"text": "sonst", "start_seconds": 366.0, "end_seconds": 366.24, "confidence": null}, {"text": "noch", "start_seconds": 366.24, "end_seconds": 366.32, "confidence": null}, {"text": "was", "start_seconds": 366.32, "end_seconds": 366.56, "confidence": null}, {"text": "einfällt,", "start_seconds": 366.56, "end_seconds": 366.96, "confidence": null}, {"text": "und", "start_seconds": 368.0, "end_seconds": 368.16, "confidence": null}, {"text": "dann", "start_seconds": 368.16, "end_seconds": 368.32, "confidence": null}, {"text": "würden", "start_seconds": 368.32, "end_seconds": 368.56, "confidence": null}, {"text": "wir", "start_seconds": 368.56, "end_seconds": 368.64, "confidence": null}, {"text": "in", "start_seconds": 369.04, "end_seconds": 369.12, "confidence": null}, {"text": "zwei,", "start_seconds": 369.52, "end_seconds": 369.84, "confidence": null}, {"text": "drei", "start_seconds": 369.84, "end_seconds": 370.0, "confidence": null}, {"text": "Tagen", "start_seconds": 370.0, "end_seconds": 370.24, "confidence": null}, {"text": "uns", "start_seconds": 370.24, "end_seconds": 370.48, "confidence": null}, {"text": "nochmal", "start_seconds": 370.48, "end_seconds": 370.72, "confidence": null}, {"text": "wiedersehen", "start_seconds": 370.72, "end_seconds": 370.96, "confidence": null}, {"text": "und", "start_seconds": 371.52, "end_seconds": 371.6, "confidence": null}]}, {"type": "transcript.final", "session_id": "d8df6191-1864-4e40-9c72-ab818a82deb5", "sequence": 520, "segment_id": 61, "revision": 16, "text": " die Laborwerte besprechen und jetzt aber zuerst uns nebenan nochmal für eine Untersuchung sehen. Wenn Sie damit einverstanden, das klingt nach einem Plan. Ja schön", "granularity": "word", "items": [{"text": " die", "start_seconds": 372.96, "end_seconds": 373.12, "confidence": null}, {"text": "Laborwerte", "start_seconds": 373.12, "end_seconds": 373.76, "confidence": null}, {"text": "besprechen", "start_seconds": 373.76, "end_seconds": 373.92, "confidence": null}, {"text": "und", "start_seconds": 374.64, "end_seconds": 374.8, "confidence": null}, {"text": "jetzt", "start_seconds": 374.8, "end_seconds": 374.96, "confidence": null}, {"text": "aber", "start_seconds": 374.96, "end_seconds": 375.2, "confidence": null}, {"text": "zuerst", "start_seconds": 375.2, "end_seconds": 375.36, "confidence": null}, {"text": "uns", "start_seconds": 375.84, "end_seconds": 375.92, "confidence": null}, {"text": "nebenan", "start_seconds": 376.48, "end_seconds": 377.04, "confidence": null}, {"text": "nochmal", "start_seconds": 377.04, "end_seconds": 377.28, "confidence": null}, {"text": "für", "start_seconds": 377.28, "end_seconds": 377.52, "confidence": null}, {"text": "eine", "start_seconds": 377.52, "end_seconds": 377.6, "confidence": null}, {"text": "Untersuchung", "start_seconds": 377.6, "end_seconds": 378.0, "confidence": null}, {"text": "sehen.", "start_seconds": 378.0, "end_seconds": 378.08, "confidence": null}, {"text": "Wenn", "start_seconds": 378.88, "end_seconds": 379.2, "confidence": null}, {"text": "Sie", "start_seconds": 379.2, "end_seconds": 379.28, "confidence": null}, {"text": "damit", "start_seconds": 379.28, "end_seconds": 379.68, "confidence": null}, {"text": "einverstanden,", "start_seconds": 379.68, "end_seconds": 379.92, "confidence": null}, {"text": "das", "start_seconds": 380.32, "end_seconds": 380.4, "confidence": null}, {"text": "klingt", "start_seconds": 380.4, "end_seconds": 380.8, "confidence": null}, {"text": "nach", "start_seconds": 380.8, "end_seconds": 380.96, "confidence": null}, {"text": "einem", "start_seconds": 380.96, "end_seconds": 381.2, "confidence": null}, {"text": "Plan.", "start_seconds": 381.2, "end_seconds": 381.28, "confidence": null}, {"text": "Ja", "start_seconds": 382.0, "end_seconds": 382.16, "confidence": null}, {"text": "schön", "start_seconds": 382.16, "end_seconds": 382.24, "confidence": null}]}, {"type": "transcript.final", "session_id": "d8df6191-1864-4e40-9c72-ab818a82deb5", "sequence": 523, "segment_id": 62, "revision": 3, "text": "dann bis gleich", "granularity": "word", "items": [{"text": "dann", "start_seconds": 383.68, "end_seconds": 383.84, "confidence": null}, {"text": "bis", "start_seconds": 383.84, "end_seconds": 384.08, "confidence": null}, {"text": "gleich", "start_seconds": 384.08, "end_seconds": 384.24, "confidence": null}]}], "audio_seconds": 421.860125, "processing_seconds": 21.390049640999905, "model": "nemotron-speech-multilingual-0.6b", "language": "de-DE"}
{"event": "medical_case_start", "case": "de-herzrasen", "mode": "paced-stream", "file": "ready/de/hhu-herzrasen.wav", "sha256": "573a2c92bf726012808ca1188b4d105c343ef1998297b3d8fc5abbe177182357", "expected_audio_seconds": 421.860125, "options": {"model": "nemotron-speech-multilingual-0.6b", "language": "de-DE", "chunk_size_ms": 560, "strip_language_tags": true, "output_granularity": "word", "stop_history_eou_ms": 800}}
{"event": "live_event", "case": "de-herzrasen", "elapsed_seconds": 0.00021818999994138721, "value": {"type": "session.ready", "session_id": "39d0d082-7520-4554-ae04-41201290441b", "audio": {"encoding": "pcm_s16le", "sample_rate_hz": 16000, "channels": 1}, "options": {"model": "nemotron-speech-multilingual-0.6b", "language": "de-DE", "chunk_size_ms": 560, "strip_language_tags": true, "output_granularity": "word", "stop_history_eou_ms": 800}}}
{"event": "live_event", "case": "de-herzrasen", "elapsed_seconds": 9.01498641299986, "value": {"type": "transcript.partial", "session_id": "39d0d082-7520-4554-ae04-41201290441b", "sequence": 1, "segment_id": 0, "revision": 1, "text": " Sie arbeiten"}}
{"event": "live_event", "case": "de-herzrasen", "elapsed_seconds": 9.57466425299981, "value": {"type": "transcript.partial", "session_id": "39d0d082-7520-4554-ae04-41201290441b", "sequence": 2, "segment_id": 0, "revision": 2, "text": " Sie arbeiten als Vertretu"}}
{"event": "live_event", "case": "de-herzrasen", "elapsed_seconds": 10.13137976400003, "value": {"type": "transcript.partial", "session_id": "39d0d082-7520-4554-ae04-41201290441b", "sequence": 3, "segment_id": 0, "revision": 3, "text": " Sie arbeiten als Vertretung des"}}
{"event": "live_event", "case": "de-herzrasen", "elapsed_seconds": 10.694437970999843, "value": {"type": "transcript.partial", "session_id": "39d0d082-7520-4554-ae04-41201290441b", "sequence": 4, "segment_id": 0, "revision": 4, "text": " Sie arbeiten als Vertretung des Hausarztes"}}
{"event": "live_event", "case": "de-herzrasen", "elapsed_seconds": 11.2532921049999, "value": {"type": "transcript.partial", "session_id": "39d0d082-7520-4554-ae04-41201290441b", "sequence": 5, "segment_id": 0, "revision": 5, "text": " Sie arbeiten als Vertretung des Hausarztes in der"}}
{"event": "live_event", "case": "de-herzrasen", "elapsed_seconds": 11.816654486999823, "value": {"type": "transcript.partial", "session_id": "39d0d082-7520-4554-ae04-41201290441b", "sequence": 6, "segment_id": 0, "revision": 6, "text": " Sie arbeiten als Vertretung des Hausarztes in der Praxis von"}}
{"event": "live_event", "case": "de-herzrasen", "elapsed_seconds": 12.375275550999959, "value": {"type": "transcript.partial", "session_id": "39d0d082-7520-4554-ae04-41201290441b", "sequence": 7, "segment_id": 0, "revision": 7, "text": " Sie arbeiten als Vertretung des Hausarztes in der Praxis von Doktor Berg"}}
{"event": "live_event", "case": "de-herzrasen", "elapsed_seconds": 13.491696479999973, "value": {"type": "transcript.final", "session_id": "39d0d082-7520-4554-ae04-41201290441b", "sequence": 8, "segment_id": 0, "revision": 8, "text": " Sie arbeiten als Vertretung des Hausarztes in der Praxis von Doktor Berg.", "granularity": "word", "items": [{"text": " Sie", "start_seconds": 8.4, "end_seconds": 8.56, "confidence": null}, {"text": "arbeiten", "start_seconds": 8.56, "end_seconds": 8.96, "confidence": null}, {"text": "als", "start_seconds": 8.96, "end_seconds": 9.2, "confidence": null}, {"text": "Vertretung", "start_seconds": 9.2, "end_seconds": 9.68, "confidence": null}, {"text": "des", "start_seconds": 9.68, "end_seconds": 9.76, "confidence": null}, {"text": "Hausarztes", "start_seconds": 10.08, "end_seconds": 10.88, "confidence": null}, {"text": "in", "start_seconds": 10.88, "end_seconds": 11.04, "confidence": null}, {"text": "der", "start_seconds": 11.04, "end_seconds": 11.2, "confidence": null}, {"text": "Praxis", "start_seconds": 11.2, "end_seconds": 11.52, "confidence": null}, {"text": "von", "start_seconds": 11.52, "end_seconds": 11.76, "confidence": null}, {"text": "Doktor", "start_seconds": 11.76, "end_seconds": 12.08, "confidence": null}, {"text": "Berg.", "start_seconds": 12.08, "end_seconds": 12.24, "confidence": null}]}}
{"event": "live_event", "case": "de-herzrasen", "elapsed_seconds": 14.053817141999843, "value": {"type": "transcript.partial", "session_id": "39d0d082-7520-4554-ae04-41201290441b", "sequence": 9, "segment_id": 1, "revision": 1, "text": " Der Patient"}}
{"event": "live_event", "case": "de-herzrasen", "elapsed_seconds": 14.616554471999962, "value": {"type": "transcript.partial", "session_id": "39d0d082-7520-4554-ae04-41201290441b", "sequence": 10, "segment_id": 1, "revision": 2, "text": " Der Patient Jens Ma"}}
{"event": "live_event", "case": "de-herzrasen", "elapsed_seconds": 15.17784762899987, "value": {"type": "transcript.partial", "session_id": "39d0d082-7520-4554-ae04-41201290441b", "sequence": 11, "segment_id": 1, "revision": 3, "text": " Der Patient Jens Mager stellt sich he"}}
{"event": "live_event", "case": "de-herzrasen", "elapsed_seconds": 15.732687579999947, "value": {"type": "transcript.partial", "session_id": "39d0d082-7520-4554-ae04-41201290441b", "sequence": 12, "segment_id": 1, "revision": 4, "text": " Der Patient Jens Mager stellt sich heute"}}
{"event": "live_event", "case": "de-herzrasen", "elapsed_seconds": 16.29365530999985, "value": {"type": "transcript.partial", "session_id": "39d0d082-7520-4554-ae04-41201290441b", "sequence": 13, "segment_id": 1, "revision": 5, "text": " Der Patient Jens Mager stellt sich heute mit Herzbe"}}
{"event": "live_event", "case": "de-herzrasen", "elapsed_seconds": 16.858201234000035, "value": {"type": "transcript.partial", "session_id": "39d0d082-7520-4554-ae04-41201290441b", "sequence": 14, "segment_id": 1, "revision": 6, "text": " Der Patient Jens Mager stellt sich heute mit Herzbeschwerden bei Ihnen"}}
{"event": "live_event", "case": "de-herzrasen", "elapsed_seconds": 17.409499623999864, "value": {"type": "transcript.partial", "session_id": "39d0d082-7520-4554-ae04-41201290441b", "sequence": 15, "segment_id": 1, "revision": 7, "text": " Der Patient Jens Mager stellt sich heute mit Herzbeschwerden bei Ihnen vor"}}
{"event": "live_event", "case": "de-herzrasen", "elapsed_seconds": 17.974705831999927, "value": {"type": "transcript.final", "session_id": "39d0d082-7520-4554-ae04-41201290441b", "sequence": 16, "segment_id": 1, "revision": 8, "text": " Der Patient Jens Mager stellt sich heute mit Herzbeschwerden bei Ihnen vor. Vor", "granularity": "word", "items": [{"text": " Der", "start_seconds": 13.44, "end_seconds": 13.52, "confidence": null}, {"text": "Patient", "start_seconds": 13.52, "end_seconds": 14.0, "confidence": null}, {"text": "Jens", "start_seconds": 14.0, "end_seconds": 14.32, "confidence": null}, {"text": "Mager", "start_seconds": 14.32, "end_seconds": 14.72, "confidence": null}, {"text": "stellt", "start_seconds": 14.72, "end_seconds": 14.96, "confidence": null}, {"text": "sich", "start_seconds": 14.96, "end_seconds": 15.04, "confidence": null}, {"text": "heute", "start_seconds": 15.04, "end_seconds": 15.12, "confidence": null}, {"text": "mit", "start_seconds": 15.68, "end_seconds": 15.76, "confidence": null}, {"text": "Herzbeschwerden", "start_seconds": 15.76, "end_seconds": 16.48, "confidence": null}, {"text": "bei", "start_seconds": 16.48, "end_seconds": 16.64, "confidence": null}, {"text": "Ihnen", "start_seconds": 16.64, "end_seconds": 16.8, "confidence": null}, {"text": "vor.", "start_seconds": 16.8, "end_seconds": 16.88, "confidence": null}, {"text": "Vor", "start_seconds": 17.84, "end_seconds": 17.92, "confidence": null}]}}
{"event": "live_event", "case": "de-herzrasen", "elapsed_seconds": 18.535510879999947, "value": {"type": "transcript.partial", "session_id": "39d0d082-7520-4554-ae04-41201290441b", "sequence": 17, "segment_id": 2, "revision": 1, "text": " der körperlich"}}
{"event": "live_event", "case": "de-herzrasen", "elapsed_seconds": 19.096091171999888, "value": {"type": "transcript.partial", "session_id": "39d0d082-7520-4554-ae04-41201290441b", "sequence": 18, "segment_id": 2, "revision": 2, "text": " der körperlichen Untersuchung"}}
{"event": "live_event", "case": "de-herzrasen", "elapsed_seconds": 19.655192185000033, "value": {"type": "transcript.partial", "session_id": "39d0d082-7520-4554-ae04-41201290441b", "sequence": 19, "segment_id": 2, "revision": 3, "text": " der körperlichen Untersuchung möchten Sie"}}
{"event": "live_event", "case": "de-herzrasen", "elapsed_seconds": 20.213671763999855, "value": {"type": "transcript.partial", "session_id": "39d0d082-7520-4554-ae04-41201290441b", "sequence": 20, "segment_id": 2, "revision": 4, "text": " der körperlichen Untersuchung möchten Sie mit ihm eing"}}
{"event": "live_event", "case": "de-herzrasen", "elapsed_seconds": 20.780789924999908, "value": {"type": "transcript.partial", "session_id": "39d0d082-7520-4554-ae04-41201290441b", "sequence": 21, "segment_id": 2, "revision": 5, "text": " der körperlichen Untersuchung möchten Sie mit ihm eingespräch führen. "}}
{"event": "live_event", "case": "de-herzrasen", "elapsed_seconds": 21.889140204999876, "value": {"type": "transcript.final", "session_id": "39d0d082-7520-4554-ae04-41201290441b", "sequence": 22, "segment_id": 2, "revision": 6, "text": " der körperlichen Untersuchung möchten Sie mit ihm eingespräch führen.", "granularity": "word", "items": [{"text": " der", "start_seconds": 18.0, "end_seconds": 18.08, "confidence": null}, {"text": "körperlichen", "start_seconds": 18.08, "end_seconds": 18.56, "confidence": null}, {"text": "Untersuchung", "start_seconds": 18.56, "end_seconds": 18.88, "confidence": null}, {"text": "möchten", "start_seconds": 19.28, "end_seconds": 19.52, "confidence": null}, {"text": "Sie", "start_seconds": 19.52, "end_seconds": 19.68, "confidence": null}, {"text": "mit", "start_seconds": 19.68, "end_seconds": 19.76, "confidence": null}, {"text": "ihm", "start_seconds": 19.76, "end_seconds": 20.0, "confidence": null}, {"text": "eingespräch", "start_seconds": 20.0, "end_seconds": 20.48, "confidence": null}, {"text": "führen.", "start_seconds": 20.48, "end_seconds": 20.64, "confidence": null}]}}
{"event": "live_event", "case": "de-herzrasen", "elapsed_seconds": 26.376294605999874, "value": {"type": "transcript.partial", "session_id": "39d0d082-7520-4554-ae04-41201290441b", "sequence": 23, "segment_id": 3, "revision": 1, "text": " Was führt Sie her"}}
{"event": "live_event", "case": "de-herzrasen", "elapsed_seconds": 27.48920653999994, "value": {"type": "transcript.final", "session_id": "39d0d082-7520-4554-ae04-41201290441b", "sequence": 24, "segment_id": 3, "revision": 2, "text": " Was führt Sie her", "granularity": "word", "items": [{"text": " Was", "start_seconds": 25.76, "end_seconds": 25.84, "confidence": null}, {"text": "führt", "start_seconds": 25.84, "end_seconds": 26.08, "confidence": null}, {"text": "Sie", "start_seconds": 26.08, "end_seconds": 26.24, "confidence": null}, {"text": "her", "start_seconds": 26.24, "end_seconds": 26.32, "confidence": null}]}}
{"event": "live_event", "case": "de-herzrasen", "elapsed_seconds": 28.0537069049999, "value": {"type": "transcript.partial", "session_id": "39d0d082-7520-4554-ae04-41201290441b", "sequence": 25, "segment_id": 4, "revision": 1, "text": "?  Ich"}}
{"event": "live_event", "case": "de-herzrasen", "elapsed_seconds": 28.61099886399984, "value": {"type": "transcript.partial", "session_id": "39d0d082-7520-4554-ae04-41201290441b", "sequence": 26, "segment_id": 4, "revision": 2, "text": "?  Ich habe seit"}}
{"event": "live_event", "case": "de-herzrasen", "elapsed_seconds": 29.174814233999996, "value": {"type": "transcript.partial", "session_id": "39d0d082-7520-4554-ae04-41201290441b", "sequence": 27, "segment_id": 4, "revision": 3, "text": "?  Ich habe seit einer Weile"}}
{"event": "live_event", "case": "de-herzrasen", "elapsed_seconds": 30.28910715300003, "value": {"type": "transcript.final", "session_id": "39d0d082-7520-4554-ae04-41201290441b", "sequence": 28, "segment_id": 4, "revision": 4, "text": "Ich habe seit einer Weile", "granularity": "word", "items": [{"text": "Ich", "start_seconds": 27.76, "end_seconds": 28.0, "confidence": null}, {"text": "habe", "start_seconds": 28.0, "end_seconds": 28.24, "confidence": null}, {"text": "seit", "start_seconds": 28.24, "end_seconds": 28.56, "confidence": null}, {"text": "einer", "start_seconds": 28.56, "end_seconds": 28.72, "confidence": null}, {"text": "Weile", "start_seconds": 28.72, "end_seconds": 28.8, "confidence": null}]}}
{"event": "live_event", "case": "de-herzrasen", "elapsed_seconds": 30.85453518999998, "value": {"type": "transcript.partial", "session_id": "39d0d082-7520-4554-ae04-41201290441b", "sequence": 29, "segment_id": 5, "revision": 1, "text": " immer Herzra"}}
{"event": "live_event", "case": "de-herzrasen", "elapsed_seconds": 31.40997670799993, "value": {"type": "transcript.partial", "session_id": "39d0d082-7520-4554-ae04-41201290441b", "sequence": 30, "segment_id": 5, "revision": 2, "text": " immer Herzrasen"}}
{"event": "live_event", "case": "de-herzrasen", "elapsed_seconds": 31.970767187999854, "value": {"type": "transcript.partial", "session_id": "39d0d082-7520-4554-ae04-41201290441b", "sequence": 31, "segment_id": 5, "revision": 3, "text": " immer Herzrasen und"}}
{"event": "live_event", "case": "de-herzrasen", "elapsed_seconds": 32.53354965299991, "value": {"type": "transcript.partial", "session_id": "39d0d082-7520-4554-ae04-41201290441b", "sequence": 32, "segment_id": 5, "revision": 4, "text": " immer Herzrasen und zwar"}}
{"event": "live_event", "case": "de-herzrasen", "elapsed_seconds": 33.09187109499999, "value": {"type": "transcript.partial", "session_id": "39d0d082-7520-4554-ae04-41201290441b", "sequence": 33, "segment_id": 5, "revision": 5, "text": " immer Herzrasen und zwar total"}}
{"event": "live_event", "case": "de-herzrasen", "elapsed_seconds": 33.653963158999886, "value": {"type": "transcript.partial", "session_id": "39d0d082-7520-4554-ae04-41201290441b", "sequence": 34, "segment_id": 5, "revision": 6, "text": " immer Herzrasen und zwar total heftig"}}
{"event": "live_event", "case": "de-herzrasen", "elapsed_seconds": 34.21102559499991, "value": {"type": "transcript.partial", "session_id": "39d0d082-7520-4554-ae04-41201290441b", "sequence": 35, "segment_id": 5, "revision": 7, "text": " immer Herzrasen und zwar total heftig, also"}}
{"event": "live_event", "case": "de-herzrasen", "elapsed_seconds": 34.77202825099994, "value": {"type": "transcript.partial", "session_id": "39d0d082-7520-4554-ae04-41201290441b", "sequence": 36, "segment_id": 5, "revision": 8, "text": " immer Herzrasen und zwar total heftig, also das"}}
{"event": "live_event", "case": "de-herzrasen", "elapsed_seconds": 35.32985169099993, "value": {"type": "transcript.final", "session_id": "39d0d082-7520-4554-ae04-41201290441b", "sequence": 37, "segment_id": 5, "revision": 9, "text": " immer Herzrasen und zwar total heftig, also das", "granularity": "word", "items": [{"text": " immer", "start_seconds": 30.24, "end_seconds": 30.4, "confidence": null}, {"text": "Herzrasen", "start_seconds": 30.4, "end_seconds": 30.88, "confidence": null}, {"text": "und", "start_seconds": 31.76, "end_seconds": 32.0, "confidence": null}, {"text": "zwar", "start_seconds": 32.0, "end_seconds": 32.08, "confidence": null}, {"text": "total", "start_seconds": 32.72, "end_seconds": 33.12, "confidence": null}, {"text": "heftig,", "start_seconds": 33.12, "end_seconds": 33.68, "confidence": null}, {"text": "also", "start_seconds": 33.68, "end_seconds": 33.76, "confidence": null}, {"text": "das", "start_seconds": 34.16, "end_seconds": 34.24, "confidence": null}]}}
{"event": "live_event", "case": "de-herzrasen", "elapsed_seconds": 36.454937148, "value": {"type": "transcript.partial", "session_id": "39d0d082-7520-4554-ae04-41201290441b", "sequence": 38, "segment_id": 6, "revision": 1, "text": " pumpt wie"}}
{"event": "live_event", "case": "de-herzrasen", "elapsed_seconds": 37.01211603499996, "value": {"type": "transcript.partial", "session_id": "39d0d082-7520-4554-ae04-41201290441b", "sequence": 39, "segment_id": 6, "revision": 2, "text": " pumpt wie verrückt"}}
{"event": "live_event", "case": "de-herzrasen", "elapsed_seconds": 37.572156124, "value": {"type": "transcript.partial", "session_id": "39d0d082-7520-4554-ae04-41201290441b", "sequence": 40, "segment_id": 6, "revision": 3, "text": " pumpt wie verrückt und und und"}}
{"event": "live_event", "case": "de-herzrasen", "elapsed_seconds": 38.69015820100003, "value": {"type": "transcript.final", "session_id": "39d0d082-7520-4554-ae04-41201290441b", "sequence": 41, "segment_id": 6, "revision": 4, "text": " pumpt wie verrückt und und und", "granularity": "word", "items": [{"text": " pumpt", "start_seconds": 35.84, "end_seconds": 36.08, "confidence": null}, {"text": "wie", "start_seconds": 36.08, "end_seconds": 36.4, "confidence": null}, {"text": "verrückt", "start_seconds": 36.4, "end_seconds": 36.56, "confidence": null}, {"text": "und", "start_seconds": 36.96, "end_seconds": 37.2, "confidence": null}, {"text": "und", "start_seconds": 37.2, "end_seconds": 37.44, "confidence": null}, {"text": "und", "start_seconds": 37.44, "end_seconds": 37.52, "confidence": null}]}}
{"event": "live_event", "case": "de-herzrasen", "elapsed_seconds": 39.25136214999998, "value": {"type": "transcript.partial", "session_id": "39d0d082-7520-4554-ae04-41201290441b", "sequence": 42, "segment_id": 7, "revision": 1, "text": " ein ganz"}}
{"event": "live_event", "case": "de-herzrasen", "elapsed_seconds": 39.81469299699984, "value": {"type": "transcript.partial", "session_id": "39d0d082-7520-4554-ae04-41201290441b", "sequence": 43, "segment_id": 7, "revision": 2, "text": " ein ganzer Brustkor"}}
{"event": "live_event", "case": "de-herzrasen", "elapsed_seconds": 40.37126682799999, "value": {"type": "transcript.partial", "session_id": "39d0d082-7520-4554-ae04-41201290441b", "sequence": 44, "segment_id": 7, "revision": 3, "text": " ein ganzer Brustkorb zitter"}}
{"event": "live_event", "case": "de-herzrasen", "elapsed_seconds": 40.93193836499995, "value": {"type": "transcript.partial", "session_id": "39d0d082-7520-4554-ae04-41201290441b", "sequence": 45, "segment_id": 7, "revision": 4, "text": " ein ganzer Brustkorb zittert, das"}}
{"event": "live_event", "case": "de-herzrasen", "elapsed_seconds": 41.49622881099981, "value": {"type": "transcript.partial", "session_id": "39d0d082-7520-4554-ae04-41201290441b", "sequence": 46, "segment_id": 7, "revision": 5, "text": " ein ganzer Brustkorb zittert, das fühlt sich auch nicht"}}
{"event": "live_event", "case": "de-herzrasen", "elapsed_seconds": 42.05396524899993, "value": {"type": "transcript.partial", "session_id": "39d0d082-7520-4554-ae04-41201290441b", "sequence": 47, "segment_id": 7, "revision": 6, "text": " ein ganzer Brustkorb zittert, das fühlt sich auch nicht so gut an"}}
{"event": "live_event", "case": "de-herzrasen", "elapsed_seconds": 42.615374460999874, "value": {"type": "transcript.partial", "session_id": "39d0d082-7520-4554-ae04-41201290441b", "sequence": 48, "segment_id": 7, "revision": 7, "text": " ein ganzer Brustkorb zittert, das fühlt sich auch nicht so gut an, als müsste"}}
{"event": "live_event", "case": "de-herzrasen", "elapsed_seconds": 43.17426778599997, "value": {"type": "transcript.partial", "session_id": "39d0d082-7520-4554-ae04-41201290441b", "sequence": 49, "segment_id": 7, "revision": 8, "text": " ein ganzer Brustkorb zittert, das fühlt sich auch nicht so gut an, als müsste das irgendwie"}}
{"event": "live_event", "case": "de-herzrasen", "elapsed_seconds": 43.732542374999866, "value": {"type": "transcript.partial", "session_id": "39d0d082-7520-4554-ae04-41201290441b", "sequence": 50, "segment_id": 7, "revision": 9, "text": " ein ganzer Brustkorb zittert, das fühlt sich auch nicht so gut an, als müsste das irgendwie gegen ein"}}
{"event": "live_event", "case": "de-herzrasen", "elapsed_seconds": 44.85061653499997, "value": {"type": "transcript.final", "session_id": "39d0d082-7520-4554-ae04-41201290441b", "sequence": 51, "segment_id": 7, "revision": 10, "text": " ein ganzer Brustkorb zittert, das fühlt sich auch nicht so gut an, als müsste das irgendwie gegen ein", "granularity": "word", "items": [{"text": " ein", "start_seconds": 38.8, "end_seconds": 38.96, "confidence": null}, {"text": "ganzer", "start_seconds": 38.96, "end_seconds": 39.36, "confidence": null}, {"text": "Brustkorb", "start_seconds": 39.36, "end_seconds": 40.08, "confidence": null}, {"text": "zittert,", "start_seconds": 40.08, "end_seconds": 40.64, "confidence": null}, {"text": "das", "start_seconds": 40.64, "end_seconds": 40.88, "confidence": null}, {"text": "fühlt", "start_seconds": 40.88, "end_seconds": 41.2, "confidence": null}, {"text": "sich", "start_seconds": 41.2, "end_seconds": 41.28, "confidence": null}, {"text": "auch", "start_seconds": 41.28, "end_seconds": 41.36, "confidence": null}, {"text": "nicht", "start_seconds": 41.36, "end_seconds": 41.44, "confidence": null}, {"text": "so", "start_seconds": 41.44, "end_seconds": 41.6, "confidence": null}, {"text": "gut", "start_seconds": 41.6, "end_seconds": 41.76, "confidence": null}, {"text": "an,", "start_seconds": 41.76, "end_seconds": 42.08, "confidence": null}, {"text": "als", "start_seconds": 42.08, "end_seconds": 42.32, "confidence": null}, {"text": "müsste", "start_seconds": 42.32, "end_seconds": 42.64, "confidence": null}, {"text": "das", "start_seconds": 42.64, "end_seconds": 42.88, "confidence": null}, {"text": "irgendwie", "start_seconds": 42.88, "end_seconds": 43.12, "confidence": null}, {"text": "gegen", "start_seconds": 43.12, "end_seconds": 43.52, "confidence": null}, {"text": "ein", "start_seconds": 43.52, "end_seconds": 43.6, "confidence": null}]}}
{"event": "live_event", "case": "de-herzrasen", "elapsed_seconds": 45.4148468379999, "value": {"type": "transcript.partial", "session_id": "39d0d082-7520-4554-ae04-41201290441b", "sequence": 52, "segment_id": 8, "revision": 1, "text": " Widerstand irgen"}}
{"event": "live_event", "case": "de-herzrasen", "elapsed_seconds": 45.974189589999924, "value": {"type": "transcript.partial", "session_id": "39d0d082-7520-4554-ae04-41201290441b", "sequence": 53, "segment_id": 8, "revision": 2, "text": " Widerstand irgendwie kämpfen"}}
{"event": "live_event", "case": "de-herzrasen", "elapsed_seconds": 47.090076327999896, "value": {"type": "transcript.partial", "session_id": "39d0d082-7520-4554-ae04-41201290441b", "sequence": 54, "segment_id": 8, "revision": 3, "text": " Widerstand irgendwie kämpfen und und"}}
{"event": "live_event", "case": "de-herzrasen", "elapsed_seconds": 48.20802244299989, "value": {"type": "transcript.final", "session_id": "39d0d082-7520-4554-ae04-41201290441b", "sequence": 55, "segment_id": 8, "revision": 4, "text": " Widerstand irgendwie kämpfen und und", "granularity": "word", "items": [{"text": " Widerstand", "start_seconds": 44.8, "end_seconds": 45.2, "confidence": null}, {"text": "irgendwie", "start_seconds": 45.2, "end_seconds": 45.52, "confidence": null}, {"text": "kämpfen", "start_seconds": 45.52, "end_seconds": 45.68, "confidence": null}, {"text": "und", "start_seconds": 46.48, "end_seconds": 46.64, "confidence": null}, {"text": "und", "start_seconds": 46.64, "end_seconds": 46.72, "confidence": null}]}}
{"event": "live_event", "case": "de-herzrasen", "elapsed_seconds": 48.770501292999825, "value": {"type": "transcript.partial", "session_id": "39d0d082-7520-4554-ae04-41201290441b", "sequence": 56, "segment_id": 9, "revision": 1, "text": " jetzt nicht wenn"}}
{"event": "live_event", "case": "de-herzrasen", "elapsed_seconds": 49.336652082, "value": {"type": "transcript.partial", "session_id": "39d0d082-7520-4554-ae04-41201290441b", "sequence": 57, "segment_id": 9, "revision": 2, "text": " jetzt nicht wenn ich gerannt bin"}}
{"event": "live_event", "case": "de-herzrasen", "elapsed_seconds": 49.89119398699995, "value": {"type": "transcript.partial", "session_id": "39d0d082-7520-4554-ae04-41201290441b", "sequence": 58, "segment_id": 9, "revision": 3, "text": " jetzt nicht wenn ich gerannt bin oder so"}}
{"event": "live_event", "case": "de-herzrasen", "elapsed_seconds": 50.45417044199985, "value": {"type": "transcript.partial", "session_id": "39d0d082-7520-4554-ae04-41201290441b", "sequence": 59, "segment_id": 9, "revision": 4, "text": " jetzt nicht wenn ich gerannt bin oder so.  Ich sitze"}}
{"event": "live_event", "case": "de-herzrasen", "elapsed_seconds": 51.01260740999987, "value": {"type": "transcript.partial", "session_id": "39d0d082-7520-4554-ae04-41201290441b", "sequence": 60, "segment_id": 9, "revision": 5, "text": " jetzt nicht wenn ich gerannt bin oder so.  Ich sitze auf dem Sofa und"}}
{"event": "live_event", "case": "de-herzrasen", "elapsed_seconds": 51.57619045499996, "value": {"type": "transcript.partial", "session_id": "39d0d082-7520-4554-ae04-41201290441b", "sequence": 61, "segment_id": 9, "revision": 6, "text": " jetzt nicht wenn ich gerannt bin oder so.  Ich sitze auf dem Sofa und plötzlich gebe"}}
{"event": "live_event", "case": "de-herzrasen", "elapsed_seconds": 52.12998985199988, "value": {"type": "transcript.partial", "session_id": "39d0d082-7520-4554-ae04-41201290441b", "sequence": 62, "segment_id": 9, "revision": 7, "text": " jetzt nicht wenn ich gerannt bin oder so.  Ich sitze auf dem Sofa und plötzlich gebe das los"}}
{"event": "live_event", "case": "de-herzrasen", "elapsed_seconds": 52.69197999599987, "value": {"type": "transcript.partial", "session_id": "39d0d082-7520-4554-ae04-41201290441b", "sequence": 63, "segment_id": 9, "revision": 8, "text": " jetzt nicht wenn ich gerannt bin oder so.  Ich sitze auf dem Sofa und plötzlich gebe das los, also"}}
{"event": "live_event", "case": "de-herzrasen", "elapsed_seconds": 53.25002894099998, "value": {"type": "transcript.final", "session_id": "39d0d082-7520-4554-ae04-41201290441b", "sequence": 64, "segment_id": 9, "revision": 9, "text": " jetzt nicht wenn ich gerannt bin oder so. Ich sitze auf dem Sofa und plötzlich gebe das los, also", "granularity": "word", "items": [{"text": " jetzt", "start_seconds": 48.24, "end_seconds": 48.4, "confidence": null}, {"text": "nicht", "start_seconds": 48.4, "end_seconds": 48.56, "confidence": null}, {"text": "wenn", "start_seconds": 48.56, "end_seconds": 48.72, "confidence": null}, {"text": "ich", "start_seconds": 48.72, "end_seconds": 48.8, "confidence": null}, {"text": "gerannt", "start_seconds": 48.8, "end_seconds": 49.12, "confidence": null}, {"text": "bin", "start_seconds": 49.12, "end_seconds": 49.36, "confidence": null}, {"text": "oder", "start_seconds": 49.36, "end_seconds": 49.52, "confidence": null}, {"text": "so.", "start_seconds": 49.52, "end_seconds": 49.84, "confidence": null}, {"text": "Ich", "start_seconds": 49.92, "end_seconds": 50.0, "confidence": null}, {"text": "sitze", "start_seconds": 50.0, "end_seconds": 50.4, "confidence": null}, {"text": "auf", "start_seconds": 50.4, "end_seconds": 50.48, "confidence": null}, {"text": "dem", "start_seconds": 50.48, "end_seconds": 50.56, "confidence": null}, {"text": "Sofa", "start_seconds": 50.56, "end_seconds": 50.88, "confidence": null}, {"text": "und", "start_seconds": 50.88, "end_seconds": 51.04, "confidence": null}, {"text": "plötzlich", "start_seconds": 51.04, "end_seconds": 51.36, "confidence": null}, {"text": "gebe", "start_seconds": 51.36, "end_seconds": 51.52, "confidence": null}, {"text": "das", "start_seconds": 51.52, "end_seconds": 51.76, "confidence": null}, {"text": "los,", "start_seconds": 51.76, "end_seconds": 51.84, "confidence": null}, {"text": "also", "start_seconds": 52.16, "end_seconds": 52.24, "confidence": null}]}}
{"event": "live_event", "case": "de-herzrasen", "elapsed_seconds": 54.36976115499988, "value": {"type": "transcript.partial", "session_id": "39d0d082-7520-4554-ae04-41201290441b", "sequence": 65, "segment_id": 10, "revision": 1, "text": " so"}}
{"event": "live_event", "case": "de-herzrasen", "elapsed_seconds": 54.931763245999946, "value": {"type": "transcript.partial", "session_id": "39d0d082-7520-4554-ae04-41201290441b", "sequence": 66, "segment_id": 10, "revision": 2, "text": " so bisschen"}}
{"event": "live_event", "case": "de-herzrasen", "elapsed_seconds": 55.48896291799997, "value": {"type": "transcript.final", "session_id": "39d0d082-7520-4554-ae04-41201290441b", "sequence": 67, "segment_id": 10, "revision": 3, "text": " so bisschen", "granularity": "word", "items": [{"text": " so", "start_seconds": 53.92, "end_seconds": 54.0, "confidence": null}, {"text": "bisschen", "start_seconds": 54.4, "end_seconds": 54.48, "confidence": null}]}}
{"event": "live_event", "case": "de-herzrasen", "elapsed_seconds": 58.852219630000036, "value": {"type": "transcript.partial", "session_id": "39d0d082-7520-4554-ae04-41201290441b", "sequence": 68, "segment_id": 11, "revision": 1, "text": " bri"}}
{"event": "live_event", "case": "de-herzrasen", "elapsed_seconds": 59.41390239899988, "value": {"type": "transcript.partial", "session_id": "39d0d082-7520-4554-ae04-41201290441b", "sequence": 69, "segment_id": 11, "revision": 2, "text": " bringt unangene"}}
{"event": "live_event", "case": "de-herzrasen", "elapsed_seconds": 59.97198297, "value": {"type": "transcript.partial", "session_id": "39d0d082-7520-4554-ae04-41201290441b", "sequence": 70, "segment_id": 11, "revision": 3, "text": " bringt unangenehm"}}
{"event": "live_event", "case": "de-herzrasen", "elapsed_seconds": 60.52986699500002, "value": {"type": "transcript.final", "session_id": "39d0d082-7520-4554-ae04-41201290441b", "sequence": 71, "segment_id": 11, "revision": 4, "text": " bringt unangenehm", "granularity": "word", "items": [{"text": " bringt", "start_seconds": 58.64, "end_seconds": 59.04, "confidence": null}, {"text": "unangenehm", "start_seconds": 59.04, "end_seconds": 59.44, "confidence": null}]}}
{"event": "live_event", "case": "de-herzrasen", "elapsed_seconds": 61.09252816000003, "value": {"type": "transcript.partial", "session_id": "39d0d082-7520-4554-ae04-41201290441b", "sequence": 72, "segment_id": 12, "revision": 1, "text": " in der Ta"}}
{"event": "live_event", "case": "de-herzrasen", "elapsed_seconds": 61.65048247300001, "value": {"type": "transcript.partial", "session_id": "39d0d082-7520-4554-ae04-41201290441b", "sequence": 73, "segment_id": 12, "revision": 2, "text": " in der Tat"}}
{"event": "live_event", "case": "de-herzrasen", "elapsed_seconds": 62.77207829199983, "value": {"type": "transcript.partial", "session_id": "39d0d082-7520-4554-ae04-41201290441b", "sequence": 74, "segment_id": 12, "revision": 3, "text": " in der Tat, also"}}
{"event": "live_event", "case": "de-herzrasen", "elapsed_seconds": 63.33475420899981, "value": {"type": "transcript.partial", "session_id": "39d0d082-7520-4554-ae04-41201290441b", "sequence": 75, "segment_id": 12, "revision": 4, "text": " in der Tat, also in Ruhe"}}
{"event": "live_event", "case": "de-herzrasen", "elapsed_seconds": 63.89146130699987, "value": {"type": "transcript.partial", "session_id": "39d0d082-7520-4554-ae04-41201290441b", "sequence": 76, "segment_id": 12, "revision": 5, "text": " in der Tat, also in Ruhe pocht"}}
{"event": "live_event", "case": "de-herzrasen", "elapsed_seconds": 64.45284357199989, "value": {"type": "transcript.partial", "session_id": "39d0d082-7520-4554-ae04-41201290441b", "sequence": 77, "segment_id": 12, "revision": 6, "text": " in der Tat, also in Ruhe pocht ihr Herz"}}
{"event": "live_event", "case": "de-herzrasen", "elapsed_seconds": 65.57455497000001, "value": {"type": "transcript.partial", "session_id": "39d0d082-7520-4554-ae04-41201290441b", "sequence": 78, "segment_id": 12, "revision": 7, "text": " in der Tat, also in Ruhe pocht ihr Herz wie gegen"}}
{"event": "live_event", "case": "de-herzrasen", "elapsed_seconds": 66.13523321499997, "value": {"type": "transcript.partial", "session_id": "39d0d082-7520-4554-ae04-41201290441b", "sequence": 79, "segment_id": 12, "revision": 8, "text": " in der Tat, also in Ruhe pocht ihr Herz wie gegen einen Widerstand"}}
{"event": "live_event", "case": "de-herzrasen", "elapsed_seconds": 67.25155382100002, "value": {"type": "transcript.partial", "session_id": "39d0d082-7520-4554-ae04-41201290441b", "sequence": 80, "segment_id": 12, "revision": 9, "text": " in der Tat, also in Ruhe pocht ihr Herz wie gegen einen Widerstand und und"}}
{"event": "live_event", "case": "de-herzrasen", "elapsed_seconds": 67.814055499, "value": {"type": "transcript.partial", "session_id": "39d0d082-7520-4554-ae04-41201290441b", "sequence": 81, "segment_id": 12, "revision": 10, "text": " in der Tat, also in Ruhe pocht ihr Herz wie gegen einen Widerstand und und heftig sehr sehr"}}
{"event": "live_event", "case": "de-herzrasen", "elapsed_seconds": 68.3751322149999, "value": {"type": "transcript.partial", "session_id": "39d0d082-7520-4554-ae04-41201290441b", "sequence": 82, "segment_id": 12, "revision": 11, "text": " in der Tat, also in Ruhe pocht ihr Herz wie gegen einen Widerstand und und heftig sehr sehr schnell"}}
{"event": "live_event", "case": "de-herzrasen", "elapsed_seconds": 68.93380086399998, "value": {"type": "transcript.partial", "session_id": "39d0d082-7520-4554-ae04-41201290441b", "sequence": 83, "segment_id": 12, "revision": 12, "text": " in der Tat, also in Ruhe pocht ihr Herz wie gegen einen Widerstand und und heftig sehr sehr schnell.  Ja"}}
{"event": "live_event", "case": "de-herzrasen", "elapsed_seconds": 69.496418554, "value": {"type": "transcript.partial", "session_id": "39d0d082-7520-4554-ae04-41201290441b", "sequence": 84, "segment_id": 12, "revision": 13, "text": " in der Tat, also in Ruhe pocht ihr Herz wie gegen einen Widerstand und und heftig sehr sehr schnell.  Ja, haben Sie mal ge"}}
{"event": "live_event", "case": "de-herzrasen", "elapsed_seconds": 70.05274837799993, "value": {"type": "transcript.partial", "session_id": "39d0d082-7520-4554-ae04-41201290441b", "sequence": 85, "segment_id": 12, "revision": 14, "text": " in der Tat, also in Ruhe pocht ihr Herz wie gegen einen Widerstand und und heftig sehr sehr schnell.  Ja, haben Sie mal gemessen"}}
{"event": "live_event", "case": "de-herzrasen", "elapsed_seconds": 70.60986727699992, "value": {"type": "transcript.final", "session_id": "39d0d082-7520-4554-ae04-41201290441b", "sequence": 86, "segment_id": 12, "revision": 15, "text": " in der Tat, also in Ruhe pocht ihr Herz wie gegen einen Widerstand und und heftig sehr sehr schnell. Ja, haben Sie mal gemessen", "granularity": "word", "items": [{"text": " in", "start_seconds": 60.64, "end_seconds": 60.88, "confidence": null}, {"text": "der", "start_seconds": 60.88, "end_seconds": 60.96, "confidence": null}, {"text": "Tat,", "start_seconds": 60.96, "end_seconds": 61.2, "confidence": null}, {"text": "also", "start_seconds": 62.32, "end_seconds": 62.4, "confidence": null}, {"text": "in", "start_seconds": 62.8, "end_seconds": 63.12, "confidence": null}, {"text": "Ruhe", "start_seconds": 63.12, "end_seconds": 63.52, "confidence": null}, {"text": "pocht", "start_seconds": 63.52, "end_seconds": 63.92, "confidence": null}, {"text": "ihr", "start_seconds": 63.92, "end_seconds": 64.16, "confidence": null}, {"text": "Herz", "start_seconds": 64.16, "end_seconds": 64.24, "confidence": null}, {"text": "wie", "start_seconds": 65.04, "end_seconds": 65.28, "confidence": null}, {"text": "gegen", "start_seconds": 65.28, "end_seconds": 65.52, "confidence": null}, {"text": "einen", "start_seconds": 65.52, "end_seconds": 65.68, "confidence": null}, {"text": "Widerstand", "start_seconds": 65.68, "end_seconds": 65.92, "confidence": null}, {"text": "und", "start_seconds": 66.8, "end_seconds": 66.96, "confidence": null}, {"text": "und", "start_seconds": 66.96, "end_seconds": 67.2, "confidence": null}, {"text": "heftig", "start_seconds": 67.2, "end_seconds": 67.52, "confidence": null}, {"text": "sehr", "start_seconds": 67.52, "end_seconds": 67.68, "confidence": null}, {"text": "sehr", "start_seconds": 67.68, "end_seconds": 67.84, "confidence": null}, {"text": "schnell.", "start_seconds": 67.84, "end_seconds": 67.92, "confidence": null}, {"text": "Ja,", "start_seconds": 68.64, "end_seconds": 68.96, "confidence": null}, {"text": "haben", "start_seconds": 68.96, "end_seconds": 69.12, "confidence": null}, {"text": "Sie", "start_seconds": 69.12, "end_seconds": 69.2, "confidence": null}, {"text": "mal", "start_seconds": 69.2, "end_seconds": 69.28, "confidence": null}, {"text": "gemessen", "start_seconds": 69.28, "end_seconds": 69.52, "confidence": null}]}}
{"event": "live_event", "case": "de-herzrasen", "elapsed_seconds": 71.17234324899982, "value": {"type": "transcript.partial", "session_id": "39d0d082-7520-4554-ae04-41201290441b", "sequence": 87, "segment_id": 13, "revision": 1, "text": ".  Ja"}}
{"event": "live_event", "case": "de-herzrasen", "elapsed_seconds": 71.73802918000001, "value": {"type": "transcript.partial", "session_id": "39d0d082-7520-4554-ae04-41201290441b", "sequence": 88, "segment_id": 13, "revision": 2, "text": ".  Ja hundertsechzig"}}
{"event": "live_event", "case": "de-herzrasen", "elapsed_seconds": 72.29356317899988, "value": {"type": "transcript.partial", "session_id": "39d0d082-7520-4554-ae04-41201290441b", "sequence": 89, "segment_id": 13, "revision": 3, "text": ".  Ja hundertsechzig Schläge"}}
{"event": "live_event", "case": "de-herzrasen", "elapsed_seconds": 72.85142485799997, "value": {"type": "transcript.partial", "session_id": "39d0d082-7520-4554-ae04-41201290441b", "sequence": 90, "segment_id": 13, "revision": 4, "text": ".  Ja hundertsechzig Schläge pro Mi"}}
{"event": "live_event", "case": "de-herzrasen", "elapsed_seconds": 73.41102131599996, "value": {"type": "transcript.partial", "session_id": "39d0d082-7520-4554-ae04-41201290441b", "sequence": 91, "segment_id": 13, "revision": 5, "text": ".  Ja hundertsechzig Schläge pro Minute"}}
{"event": "live_event", "case": "de-herzrasen", "elapsed_seconds": 73.97025314500002, "value": {"type": "transcript.final", "session_id": "39d0d082-7520-4554-ae04-41201290441b", "sequence": 92, "segment_id": 13, "revision": 6, "text": "Ja hundertsechzig Schläge pro Minute", "granularity": "word", "items": [{"text": "Ja", "start_seconds": 70.64, "end_seconds": 70.72, "confidence": null}, {"text": "hundertsechzig", "start_seconds": 71.2, "end_seconds": 71.84, "confidence": null}, {"text": "Schläge", "start_seconds": 71.84, "end_seconds": 72.32, "confidence": null}, {"text": "pro", "start_seconds": 72.32, "end_seconds": 72.4, "confidence": null}, {"text": "Minute", "start_seconds": 72.72, "end_seconds": 72.88, "confidence": null}]}}
{"event": "live_event", "case": "de-herzrasen", "elapsed_seconds": 77.33674534700003, "value": {"type": "transcript.partial", "session_id": "39d0d082-7520-4554-ae04-41201290441b", "sequence": 93, "segment_id": 14, "revision": 1, "text": ".  Seit wa"}}
{"event": "live_event", "case": "de-herzrasen", "elapsed_seconds": 77.89210648999983, "value": {"type": "transcript.partial", "session_id": "39d0d082-7520-4554-ae04-41201290441b", "sequence": 94, "segment_id": 14, "revision": 2, "text": ".  Seit wann sagen Sie"}}
{"event": "live_event", "case": "de-herzrasen", "elapsed_seconds": 79.00891706199991, "value": {"type": "transcript.final", "session_id": "39d0d082-7520-4554-ae04-41201290441b", "sequence": 95, "segment_id": 14, "revision": 3, "text": "Seit wann sagen Sie", "granularity": "word", "items": [{"text": "Seit", "start_seconds": 76.88, "end_seconds": 77.2, "confidence": null}, {"text": "wann", "start_seconds": 77.2, "end_seconds": 77.52, "confidence": null}, {"text": "sagen", "start_seconds": 77.52, "end_seconds": 77.76, "confidence": null}, {"text": "Sie", "start_seconds": 77.76, "end_seconds": 77.84, "confidence": null}]}}
{"event": "live_event", "case": "de-herzrasen", "elapsed_seconds": 80.69648227399989, "value": {"type": "transcript.partial", "session_id": "39d0d082-7520-4554-ae04-41201290441b", "sequence": 96, "segment_id": 15, "revision": 1, "text": " sechs Wochen"}}
{"event": "live_event", "case": "de-herzrasen", "elapsed_seconds": 81.27299952099997, "value": {"type": "transcript.partial", "session_id": "39d0d082-7520-4554-ae04-41201290441b", "sequence": 97, "segment_id": 15, "revision": 2, "text": " sechs Wochen vielleicht"}}
{"event": "live_event", "case": "de-herzrasen", "elapsed_seconds": 81.81460925700003, "value": {"type": "transcript.partial", "session_id": "39d0d082-7520-4554-ae04-41201290441b", "sequence": 98, "segment_id": 15, "revision": 3, "text": " sechs Wochen vielleicht, ich kann es nicht"}}
{"event": "live_event", "case": "de-herzrasen", "elapsed_seconds": 82.3734293, "value": {"type": "transcript.partial", "session_id": "39d0d082-7520-4554-ae04-41201290441b", "sequence": 99, "segment_id": 15, "revision": 4, "text": " sechs Wochen vielleicht, ich kann es nicht genau sagen"}}
{"event": "live_event", "case": "de-herzrasen", "elapsed_seconds": 82.93476258600003, "value": {"type": "transcript.partial", "session_id": "39d0d082-7520-4554-ae04-41201290441b", "sequence": 100, "segment_id": 15, "revision": 5, "text": " sechs Wochen vielleicht, ich kann es nicht genau sagen, aber so sei"}}
{"event": "live_event", "case": "de-herzrasen", "elapsed_seconds": 83.49828436400003, "value": {"type": "transcript.partial", "session_id": "39d0d082-7520-4554-ae04-41201290441b", "sequence": 101, "segment_id": 15, "revision": 6, "text": " sechs Wochen vielleicht, ich kann es nicht genau sagen, aber so seit einer Weile fä"}}
{"event": "live_event", "case": "de-herzrasen", "elapsed_seconds": 84.05503497299992, "value": {"type": "transcript.partial", "session_id": "39d0d082-7520-4554-ae04-41201290441b", "sequence": 102, "segment_id": 15, "revision": 7, "text": " sechs Wochen vielleicht, ich kann es nicht genau sagen, aber so seit einer Weile fällt mir das auf"}}
{"event": "live_event", "case": "de-herzrasen", "elapsed_seconds": 84.61212979499987, "value": {"type": "transcript.partial", "session_id": "39d0d082-7520-4554-ae04-41201290441b", "sequence": 103, "segment_id": 15, "revision": 8, "text": " sechs Wochen vielleicht, ich kann es nicht genau sagen, aber so seit einer Weile fällt mir das auf, also auch"}}
{"event": "live_event", "case": "de-herzrasen", "elapsed_seconds": 85.17575551300001, "value": {"type": "transcript.partial", "session_id": "39d0d082-7520-4554-ae04-41201290441b", "sequence": 104, "segment_id": 15, "revision": 9, "text": " sechs Wochen vielleicht, ich kann es nicht genau sagen, aber so seit einer Weile fällt mir das auf, also auch abends"}}
{"event": "live_event", "case": "de-herzrasen", "elapsed_seconds": 85.73635055499994, "value": {"type": "transcript.partial", "session_id": "39d0d082-7520-4554-ae04-41201290441b", "sequence": 105, "segment_id": 15, "revision": 10, "text": " sechs Wochen vielleicht, ich kann es nicht genau sagen, aber so seit einer Weile fällt mir das auf, also auch abends, wenn ich verso ein"}}
{"event": "live_event", "case": "de-herzrasen", "elapsed_seconds": 86.29370317999997, "value": {"type": "transcript.partial", "session_id": "39d0d082-7520-4554-ae04-41201290441b", "sequence": 106, "segment_id": 15, "revision": 11, "text": " sechs Wochen vielleicht, ich kann es nicht genau sagen, aber so seit einer Weile fällt mir das auf, also auch abends, wenn ich verso einzuschlafen"}}
{"event": "live_event", "case": "de-herzrasen", "elapsed_seconds": 86.85323556399999, "value": {"type": "transcript.partial", "session_id": "39d0d082-7520-4554-ae04-41201290441b", "sequence": 107, "segment_id": 15, "revision": 12, "text": " sechs Wochen vielleicht, ich kann es nicht genau sagen, aber so seit einer Weile fällt mir das auf, also auch abends, wenn ich verso einzuschlafen oder so"}}
{"event": "live_event", "case": "de-herzrasen", "elapsed_seconds": 87.41580931699991, "value": {"type": "transcript.partial", "session_id": "39d0d082-7520-4554-ae04-41201290441b", "sequence": 108, "segment_id": 15, "revision": 13, "text": " sechs Wochen vielleicht, ich kann es nicht genau sagen, aber so seit einer Weile fällt mir das auf, also auch abends, wenn ich verso einzuschlafen oder so plötzlich"}}
{"event": "live_event", "case": "de-herzrasen", "elapsed_seconds": 88.52925697899991, "value": {"type": "transcript.final", "session_id": "39d0d082-7520-4554-ae04-41201290441b", "sequence": 109, "segment_id": 15, "revision": 14, "text": " sechs Wochen vielleicht, ich kann es nicht genau sagen, aber so seit einer Weile fällt mir das auf, also auch abends, wenn ich verso einzuschlafen oder so plötzlich", "granularity": "word", "items": [{"text": " sechs", "start_seconds": 80.16, "end_seconds": 80.4, "confidence": null}, {"text": "Wochen", "start_seconds": 80.4, "end_seconds": 80.72, "confidence": null}, {"text": "vielleicht,", "start_seconds": 80.72, "end_seconds": 80.8, "confidence": null}, {"text": "ich", "start_seconds": 81.36, "end_seconds": 81.44, "confidence": null}, {"text": "kann", "start_seconds": 81.44, "end_seconds": 81.52, "confidence": null}, {"text": "es", "start_seconds": 81.52, "end_seconds": 81.68, "confidence": null}, {"text": "nicht", "start_seconds": 81.68, "end_seconds": 81.84, "confidence": null}, {"text": "genau", "start_seconds": 81.84, "end_seconds": 82.08, "confidence": null}, {"text": "sagen,", "start_seconds": 82.08, "end_seconds": 82.4, "confidence": null}, {"text": "aber", "start_seconds": 82.4, "end_seconds": 82.56, "confidence": null}, {"text": "so", "start_seconds": 82.56, "end_seconds": 82.8, "confidence": null}, {"text": "seit", "start_seconds": 82.8, "end_seconds": 82.96, "confidence": null}, {"text": "einer", "start_seconds": 82.96, "end_seconds": 83.12, "confidence": null}, {"text": "Weile", "start_seconds": 83.12, "end_seconds": 83.36, "confidence": null}, {"text": "fällt", "start_seconds": 83.36, "end_seconds": 83.6, "confidence": null}, {"text": "mir", "start_seconds": 83.6, "end_seconds": 83.76, "confidence": null}, {"text": "das", "start_seconds": 83.76, "end_seconds": 83.92, "confidence": null}, {"text": "auf,", "start_seconds": 83.92, "end_seconds": 84.24, "confidence": null}, {"text": "also", "start_seconds": 84.24, "end_seconds": 84.48, "confidence": null}, {"text": "auch", "start_seconds": 84.48, "end_seconds": 84.64, "confidence": null}, {"text": "abends,", "start_seconds": 84.64, "end_seconds": 85.12, "confidence": null}, {"text": "wenn", "start_seconds": 85.12, "end_seconds": 85.28, "confidence": null}, {"text": "ich", "start_seconds": 85.28, "end_seconds": 85.36, "confidence": null}, {"text": "verso", "start_seconds": 85.36, "end_seconds": 85.6, "confidence": null}, {"text": "einzuschlafen", "start_seconds": 85.6, "end_seconds": 86.32, "confidence": null}, {"text": "oder", "start_seconds": 86.32, "end_seconds": 86.48, "confidence": null}, {"text": "so", "start_seconds": 86.48, "end_seconds": 86.56, "confidence": null}, {"text": "plötzlich", "start_seconds": 86.88, "end_seconds": 86.96, "confidence": null}]}}
{"event": "live_event", "case": "de-herzrasen", "elapsed_seconds": 90.773177003, "value": {"type": "transcript.partial", "session_id": "39d0d082-7520-4554-ae04-41201290441b", "sequence": 110, "segment_id": 16, "revision": 1, "text": " nehme"}}
{"event": "live_event", "case": "de-herzrasen", "elapsed_seconds": 91.33421356899999, "value": {"type": "transcript.partial", "session_id": "39d0d082-7520-4554-ae04-41201290441b", "sequence": 111, "segment_id": 16, "revision": 2, "text": " nehme ich das richtig"}}
{"event": "live_event", "case": "de-herzrasen", "elapsed_seconds": 91.89483412200002, "value": {"type": "transcript.partial", "session_id": "39d0d082-7520-4554-ae04-41201290441b", "sequence": 112, "segment_id": 16, "revision": 3, "text": " nehme ich das richtig wahr, dass auch"}}
{"event": "live_event", "case": "de-herzrasen", "elapsed_seconds": 92.45174225300002, "value": {"type": "transcript.partial", "session_id": "39d0d082-7520-4554-ae04-41201290441b", "sequence": 113, "segment_id": 16, "revision": 4, "text": " nehme ich das richtig wahr, dass auch sonst"}}
{"event": "live_event", "case": "de-herzrasen", "elapsed_seconds": 93.0127904609999, "value": {"type": "transcript.partial", "session_id": "39d0d082-7520-4554-ae04-41201290441b", "sequence": 114, "segment_id": 16, "revision": 5, "text": " nehme ich das richtig wahr, dass auch sonst eine gewi"}}
{"event": "live_event", "case": "de-herzrasen", "elapsed_seconds": 93.5730646479999, "value": {"type": "transcript.partial", "session_id": "39d0d082-7520-4554-ae04-41201290441b", "sequence": 115, "segment_id": 16, "revision": 6, "text": " nehme ich das richtig wahr, dass auch sonst eine gewisse Unruhe"}}
{"event": "live_event", "case": "de-herzrasen", "elapsed_seconds": 94.1321472059999, "value": {"type": "transcript.partial", "session_id": "39d0d082-7520-4554-ae04-41201290441b", "sequence": 116, "segment_id": 16, "revision": 7, "text": " nehme ich das richtig wahr, dass auch sonst eine gewisse Unruhe in"}}
{"event": "live_event", "case": "de-herzrasen", "elapsed_seconds": 94.69439141999987, "value": {"type": "transcript.partial", "session_id": "39d0d082-7520-4554-ae04-41201290441b", "sequence": 117, "segment_id": 16, "revision": 8, "text": " nehme ich das richtig wahr, dass auch sonst eine gewisse Unruhe in ihnen steckt"}}
{"event": "live_event", "case": "de-herzrasen", "elapsed_seconds": 95.8125755399999, "value": {"type": "transcript.final", "session_id": "39d0d082-7520-4554-ae04-41201290441b", "sequence": 118, "segment_id": 16, "revision": 9, "text": " nehme ich das richtig wahr, dass auch sonst eine gewisse Unruhe in ihnen steckt.", "granularity": "word", "items": [{"text": " nehme", "start_seconds": 90.4, "end_seconds": 90.72, "confidence": null}, {"text": "ich", "start_seconds": 90.72, "end_seconds": 90.8, "confidence": null}, {"text": "das", "start_seconds": 90.8, "end_seconds": 90.96, "confidence": null}, {"text": "richtig", "start_seconds": 90.96, "end_seconds": 91.36, "confidence": null}, {"text": "wahr,", "start_seconds": 91.36, "end_seconds": 91.6, "confidence": null}, {"text": "dass", "start_seconds": 91.6, "end_seconds": 91.76, "confidence": null}, {"text": "auch", "start_seconds": 91.76, "end_seconds": 91.92, "confidence": null}, {"text": "sonst", "start_seconds": 91.92, "end_seconds": 92.08, "confidence": null}, {"text": "eine", "start_seconds": 92.48, "end_seconds": 92.8, "confidence": null}, {"text": "gewisse", "start_seconds": 92.8, "end_seconds": 93.2, "confidence": null}, {"text": "Unruhe", "start_seconds": 93.2, "end_seconds": 93.68, "confidence": null}, {"text": "in", "start_seconds": 93.68, "end_seconds": 93.76, "confidence": null}, {"text": "ihnen", "start_seconds": 94.08, "end_seconds": 94.32, "confidence": null}, {"text": "steckt.", "start_seconds": 94.32, "end_seconds": 94.4, "confidence": null}]}}
{"event": "live_event", "case": "de-herzrasen", "elapsed_seconds": 96.37228869899991, "value": {"type": "transcript.partial", "session_id": "39d0d082-7520-4554-ae04-41201290441b", "sequence": 119, "segment_id": 17, "revision": 1, "text": " Es kann"}}
{"event": "live_event", "case": "de-herzrasen", "elapsed_seconds": 96.93192780300001, "value": {"type": "transcript.partial", "session_id": "39d0d082-7520-4554-ae04-41201290441b", "sequence": 120, "segment_id": 17, "revision": 2, "text": " Es kann sein,"}}
{"event": "live_event", "case": "de-herzrasen", "elapsed_seconds": 97.49398613699987, "value": {"type": "transcript.partial", "session_id": "39d0d082-7520-4554-ae04-41201290441b", "sequence": 121, "segment_id": 17, "revision": 3, "text": " Es kann sein, es ist mir"}}
{"event": "live_event", "case": "de-herzrasen", "elapsed_seconds": 98.05323695999982, "value": {"type": "transcript.partial", "session_id": "39d0d082-7520-4554-ae04-41201290441b", "sequence": 122, "segment_id": 17, "revision": 4, "text": " Es kann sein, es ist mir, ich habe"}}
{"event": "live_event", "case": "de-herzrasen", "elapsed_seconds": 98.611957931, "value": {"type": "transcript.partial", "session_id": "39d0d082-7520-4554-ae04-41201290441b", "sequence": 123, "segment_id": 17, "revision": 5, "text": " Es kann sein, es ist mir, ich habe ja"}}
{"event": "live_event", "case": "de-herzrasen", "elapsed_seconds": 99.72936266099987, "value": {"type": "transcript.final", "session_id": "39d0d082-7520-4554-ae04-41201290441b", "sequence": 124, "segment_id": 17, "revision": 6, "text": " Es kann sein, es ist mir, ich habe ja", "granularity": "word", "items": [{"text": " Es", "start_seconds": 95.76, "end_seconds": 95.92, "confidence": null}, {"text": "kann", "start_seconds": 95.92, "end_seconds": 96.0, "confidence": null}, {"text": "sein,", "start_seconds": 96.32, "end_seconds": 96.4, "confidence": null}, {"text": "es", "start_seconds": 96.88, "end_seconds": 96.96, "confidence": null}, {"text": "ist", "start_seconds": 96.96, "end_seconds": 97.12, "confidence": null}, {"text": "mir,", "start_seconds": 97.12, "end_seconds": 97.2, "confidence": null}, {"text": "ich", "start_seconds": 97.68, "end_seconds": 97.84, "confidence": null}, {"text": "habe", "start_seconds": 97.84, "end_seconds": 97.92, "confidence": null}, {"text": "ja", "start_seconds": 98.48, "end_seconds": 98.56, "confidence": null}]}}
{"event": "live_event", "case": "de-herzrasen", "elapsed_seconds": 100.2944343229999, "value": {"type": "transcript.partial", "session_id": "39d0d082-7520-4554-ae04-41201290441b", "sequence": 125, "segment_id": 18, "revision": 1, "text": " irgendwie schon"}}
{"event": "live_event", "case": "de-herzrasen", "elapsed_seconds": 101.40880487599998, "value": {"type": "transcript.final", "session_id": "39d0d082-7520-4554-ae04-41201290441b", "sequence": 126, "segment_id": 18, "revision": 2, "text": " irgendwie schon", "granularity": "word", "items": [{"text": " irgendwie", "start_seconds": 99.68, "end_seconds": 100.08, "confidence": null}, {"text": "schon", "start_seconds": 100.08, "end_seconds": 100.16, "confidence": null}]}}
{"event": "live_event", "case": "de-herzrasen", "elapsed_seconds": 101.97639758599985, "value": {"type": "transcript.partial", "session_id": "39d0d082-7520-4554-ae04-41201290441b", "sequence": 127, "segment_id": 19, "revision": 1, "text": " ersi oder ist"}}
{"event": "live_event", "case": "de-herzrasen", "elapsed_seconds": 102.53072887199983, "value": {"type": "transcript.partial", "session_id": "39d0d082-7520-4554-ae04-41201290441b", "sequence": 128, "segment_id": 19, "revision": 2, "text": " ersi oder ist das"}}
{"event": "live_event", "case": "de-herzrasen", "elapsed_seconds": 103.09266295399993, "value": {"type": "transcript.partial", "session_id": "39d0d082-7520-4554-ae04-41201290441b", "sequence": 129, "segment_id": 19, "revision": 3, "text": " ersi oder ist das auch neu"}}
{"event": "live_event", "case": "de-herzrasen", "elapsed_seconds": 104.21046449099981, "value": {"type": "transcript.partial", "session_id": "39d0d082-7520-4554-ae04-41201290441b", "sequence": 130, "segment_id": 19, "revision": 4, "text": " ersi oder ist das auch neu das"}}
{"event": "live_event", "case": "de-herzrasen", "elapsed_seconds": 104.77518745999987, "value": {"type": "transcript.partial", "session_id": "39d0d082-7520-4554-ae04-41201290441b", "sequence": 131, "segment_id": 19, "revision": 5, "text": " ersi oder ist das auch neu das ist eher"}}
{"event": "live_event", "case": "de-herzrasen", "elapsed_seconds": 105.33267947699983, "value": {"type": "transcript.partial", "session_id": "39d0d082-7520-4554-ae04-41201290441b", "sequence": 132, "segment_id": 19, "revision": 6, "text": " ersi oder ist das auch neu das ist eher neu"}}
{"event": "live_event", "case": "de-herzrasen", "elapsed_seconds": 105.89113936699982, "value": {"type": "transcript.partial", "session_id": "39d0d082-7520-4554-ae04-41201290441b", "sequence": 133, "segment_id": 19, "revision": 7, "text": " ersi oder ist das auch neu das ist eher neu, auch"}}
{"event": "live_event", "case": "de-herzrasen", "elapsed_seconds": 106.45714345399983, "value": {"type": "transcript.partial", "session_id": "39d0d082-7520-4554-ae04-41201290441b", "sequence": 134, "segment_id": 19, "revision": 8, "text": " ersi oder ist das auch neu das ist eher neu, auch eher neu"}}
{"event": "live_event", "case": "de-herzrasen", "elapsed_seconds": 107.0183702459999, "value": {"type": "transcript.partial", "session_id": "39d0d082-7520-4554-ae04-41201290441b", "sequence": 135, "segment_id": 19, "revision": 9, "text": " ersi oder ist das auch neu das ist eher neu, auch eher neu.  Eher, ich glaube"}}
{"event": "live_event", "case": "de-herzrasen", "elapsed_seconds": 107.57436363199986, "value": {"type": "transcript.partial", "session_id": "39d0d082-7520-4554-ae04-41201290441b", "sequence": 136, "segment_id": 19, "revision": 10, "text": " ersi oder ist das auch neu das ist eher neu, auch eher neu.  Eher, ich glaube schon"}}
{"event": "live_event", "case": "de-herzrasen", "elapsed_seconds": 108.13045949399998, "value": {"type": "transcript.final", "session_id": "39d0d082-7520-4554-ae04-41201290441b", "sequence": 137, "segment_id": 19, "revision": 11, "text": " ersi oder ist das auch neu das ist eher neu, auch eher neu. Eher, ich glaube schon", "granularity": "word", "items": [{"text": " ersi", "start_seconds": 101.44, "end_seconds": 101.68, "confidence": null}, {"text": "oder", "start_seconds": 101.68, "end_seconds": 101.84, "confidence": null}, {"text": "ist", "start_seconds": 101.84, "end_seconds": 102.0, "confidence": null}, {"text": "das", "start_seconds": 102.0, "end_seconds": 102.08, "confidence": null}, {"text": "auch", "start_seconds": 102.48, "end_seconds": 102.56, "confidence": null}, {"text": "neu", "start_seconds": 102.56, "end_seconds": 102.72, "confidence": null}, {"text": "das", "start_seconds": 104.0, "end_seconds": 104.24, "confidence": null}, {"text": "ist", "start_seconds": 104.24, "end_seconds": 104.4, "confidence": null}, {"text": "eher", "start_seconds": 104.4, "end_seconds": 104.96, "confidence": null}, {"text": "neu,", "start_seconds": 104.96, "end_seconds": 105.12, "confidence": null}, {"text": "auch", "start_seconds": 105.52, "end_seconds": 105.84, "confidence": null}, {"text": "eher", "start_seconds": 105.84, "end_seconds": 106.08, "confidence": null}, {"text": "neu.", "start_seconds": 106.08, "end_seconds": 106.4, "confidence": null}, {"text": "Eher,", "start_seconds": 106.48, "end_seconds": 106.72, "confidence": null}, {"text": "ich", "start_seconds": 106.72, "end_seconds": 106.8, "confidence": null}, {"text": "glaube", "start_seconds": 106.8, "end_seconds": 107.04, "confidence": null}, {"text": "schon", "start_seconds": 107.04, "end_seconds": 107.12, "confidence": null}]}}
{"event": "live_event", "case": "de-herzrasen", "elapsed_seconds": 108.691717401, "value": {"type": "transcript.partial", "session_id": "39d0d082-7520-4554-ae04-41201290441b", "sequence": 138, "segment_id": 20, "revision": 1, "text": " hatte"}}
{"event": "live_event", "case": "de-herzrasen", "elapsed_seconds": 109.25694535699995, "value": {"type": "transcript.partial", "session_id": "39d0d082-7520-4554-ae04-41201290441b", "sequence": 139, "segment_id": 20, "revision": 2, "text": " hatten Sie nie Ide"}}
{"event": "live_event", "case": "de-herzrasen", "elapsed_seconds": 109.81330694199983, "value": {"type": "transcript.partial", "session_id": "39d0d082-7520-4554-ae04-41201290441b", "sequence": 140, "segment_id": 20, "revision": 3, "text": " hatten Sie nie Idee, was"}}
{"event": "live_event", "case": "de-herzrasen", "elapsed_seconds": 110.37684343899991, "value": {"type": "transcript.partial", "session_id": "39d0d082-7520-4554-ae04-41201290441b", "sequence": 141, "segment_id": 20, "revision": 4, "text": " hatten Sie nie Idee, was dahinter ste"}}
{"event": "live_event", "case": "de-herzrasen", "elapsed_seconds": 110.93587851099983, "value": {"type": "transcript.partial", "session_id": "39d0d082-7520-4554-ae04-41201290441b", "sequence": 142, "segment_id": 20, "revision": 5, "text": " hatten Sie nie Idee, was dahinter stecken könnte"}}
{"event": "live_event", "case": "de-herzrasen", "elapsed_seconds": 112.0504413829999, "value": {"type": "transcript.final", "session_id": "39d0d082-7520-4554-ae04-41201290441b", "sequence": 143, "segment_id": 20, "revision": 6, "text": " hatten Sie nie Idee, was dahinter stecken könnte", "granularity": "word", "items": [{"text": " hatten", "start_seconds": 108.32, "end_seconds": 108.8, "confidence": null}, {"text": "Sie", "start_seconds": 108.8, "end_seconds": 108.96, "confidence": null}, {"text": "nie", "start_seconds": 108.96, "end_seconds": 109.12, "confidence": null}, {"text": "Idee,", "start_seconds": 109.12, "end_seconds": 109.52, "confidence": null}, {"text": "was", "start_seconds": 109.52, "end_seconds": 109.84, "confidence": null}, {"text": "dahinter", "start_seconds": 109.84, "end_seconds": 110.24, "confidence": null}, {"text": "stecken", "start_seconds": 110.24, "end_seconds": 110.48, "confidence": null}, {"text": "könnte", "start_seconds": 110.48, "end_seconds": 110.56, "confidence": null}]}}
{"event": "live_event", "case": "de-herzrasen", "elapsed_seconds": 115.97604622799986, "value": {"type": "transcript.partial", "session_id": "39d0d082-7520-4554-ae04-41201290441b", "sequence": 144, "segment_id": 21, "revision": 1, "text": ".  Ich weiß"}}
{"event": "live_event", "case": "de-herzrasen", "elapsed_seconds": 116.53004885699988, "value": {"type": "transcript.partial", "session_id": "39d0d082-7520-4554-ae04-41201290441b", "sequence": 145, "segment_id": 21, "revision": 2, "text": ".  Ich weiß nicht"}}
{"event": "live_event", "case": "de-herzrasen", "elapsed_seconds": 117.08993516399983, "value": {"type": "transcript.partial", "session_id": "39d0d082-7520-4554-ae04-41201290441b", "sequence": 146, "segment_id": 21, "revision": 3, "text": ".  Ich weiß nicht einmal"}}
{"event": "live_event", "case": "de-herzrasen", "elapsed_seconds": 117.64885263699989, "value": {"type": "transcript.partial", "session_id": "39d0d082-7520-4554-ae04-41201290441b", "sequence": 147, "segment_id": 21, "revision": 4, "text": ".  Ich weiß nicht einmal mein"}}
{"event": "live_event", "case": "de-herzrasen", "elapsed_seconds": 118.21037054499993, "value": {"type": "transcript.partial", "session_id": "39d0d082-7520-4554-ae04-41201290441b", "sequence": 148, "segment_id": 21, "revision": 5, "text": ".  Ich weiß nicht einmal mein Opa hatte"}}
{"event": "live_event", "case": "de-herzrasen", "elapsed_seconds": 118.77323237399992, "value": {"type": "transcript.partial", "session_id": "39d0d082-7520-4554-ae04-41201290441b", "sequence": 149, "segment_id": 21, "revision": 6, "text": ".  Ich weiß nicht einmal mein Opa hatte drei Herzin"}}
{"event": "live_event", "case": "de-herzrasen", "elapsed_seconds": 119.33259281099981, "value": {"type": "transcript.partial", "session_id": "39d0d082-7520-4554-ae04-41201290441b", "sequence": 150, "segment_id": 21, "revision": 7, "text": ".  Ich weiß nicht einmal mein Opa hatte drei Herzinfarkte"}}
{"event": "live_event", "case": "de-herzrasen", "elapsed_seconds": 119.88963275999981, "value": {"type": "transcript.partial", "session_id": "39d0d082-7520-4554-ae04-41201290441b", "sequence": 151, "segment_id": 21, "revision": 8, "text": ".  Ich weiß nicht einmal mein Opa hatte drei Herzinfarkte und und"}}
{"event": "live_event", "case": "de-herzrasen", "elapsed_seconds": 121.01569775299981, "value": {"type": "transcript.partial", "session_id": "39d0d082-7520-4554-ae04-41201290441b", "sequence": 152, "segment_id": 21, "revision": 9, "text": ".  Ich weiß nicht einmal mein Opa hatte drei Herzinfarkte und und wo ich mich natürlich"}}
{"event": "live_event", "case": "de-herzrasen", "elapsed_seconds": 121.57192720800003, "value": {"type": "transcript.partial", "session_id": "39d0d082-7520-4554-ae04-41201290441b", "sequence": 153, "segment_id": 21, "revision": 10, "text": ".  Ich weiß nicht einmal mein Opa hatte drei Herzinfarkte und und wo ich mich natürlich fragte"}}
{"event": "live_event", "case": "de-herzrasen", "elapsed_seconds": 122.13647755900001, "value": {"type": "transcript.partial", "session_id": "39d0d082-7520-4554-ae04-41201290441b", "sequence": 154, "segment_id": 21, "revision": 11, "text": ".  Ich weiß nicht einmal mein Opa hatte drei Herzinfarkte und und wo ich mich natürlich fragte, ob das irgend"}}
{"event": "live_event", "case": "de-herzrasen", "elapsed_seconds": 122.69096803899993, "value": {"type": "transcript.partial", "session_id": "39d0d082-7520-4554-ae04-41201290441b", "sequence": 155, "segment_id": 21, "revision": 12, "text": ".  Ich weiß nicht einmal mein Opa hatte drei Herzinfarkte und und wo ich mich natürlich fragte, ob das irgendwie"}}
{"event": "live_event", "case": "de-herzrasen", "elapsed_seconds": 123.25446864299988, "value": {"type": "transcript.partial", "session_id": "39d0d082-7520-4554-ae04-41201290441b", "sequence": 156, "segment_id": 21, "revision": 13, "text": ".  Ich weiß nicht einmal mein Opa hatte drei Herzinfarkte und und wo ich mich natürlich fragte, ob das irgendwie erblich sein"}}
{"event": "live_event", "case": "de-herzrasen", "elapsed_seconds": 123.81155208699988, "value": {"type": "transcript.partial", "session_id": "39d0d082-7520-4554-ae04-41201290441b", "sequence": 157, "segment_id": 21, "revision": 14, "text": ".  Ich weiß nicht einmal mein Opa hatte drei Herzinfarkte und und wo ich mich natürlich fragte, ob das irgendwie erblich sein kann oder"}}
{"event": "live_event", "case": "de-herzrasen", "elapsed_seconds": 124.37573357999986, "value": {"type": "transcript.partial", "session_id": "39d0d082-7520-4554-ae04-41201290441b", "sequence": 158, "segment_id": 21, "revision": 15, "text": ".  Ich weiß nicht einmal mein Opa hatte drei Herzinfarkte und und wo ich mich natürlich fragte, ob das irgendwie erblich sein kann oder so und erst"}}
{"event": "live_event", "case": "de-herzrasen", "elapsed_seconds": 124.93973110899992, "value": {"type": "transcript.partial", "session_id": "39d0d082-7520-4554-ae04-41201290441b", "sequence": 159, "segment_id": 21, "revision": 16, "text": ".  Ich weiß nicht einmal mein Opa hatte drei Herzinfarkte und und wo ich mich natürlich fragte, ob das irgendwie erblich sein kann oder so und erst am dritten leider"}}
{"event": "live_event", "case": "de-herzrasen", "elapsed_seconds": 125.49613169899999, "value": {"type": "transcript.partial", "session_id": "39d0d082-7520-4554-ae04-41201290441b", "sequence": 160, "segment_id": 21, "revision": 17, "text": ".  Ich weiß nicht einmal mein Opa hatte drei Herzinfarkte und und wo ich mich natürlich fragte, ob das irgendwie erblich sein kann oder so und erst am dritten leider auch verstorben"}}
{"event": "live_event", "case": "de-herzrasen", "elapsed_seconds": 126.0509747829999, "value": {"type": "transcript.partial", "session_id": "39d0d082-7520-4554-ae04-41201290441b", "sequence": 161, "segment_id": 21, "revision": 18, "text": ".  Ich weiß nicht einmal mein Opa hatte drei Herzinfarkte und und wo ich mich natürlich fragte, ob das irgendwie erblich sein kann oder so und erst am dritten leider auch verstorben dann"}}
{"event": "live_event", "case": "de-herzrasen", "elapsed_seconds": 127.17151417599985, "value": {"type": "transcript.final", "session_id": "39d0d082-7520-4554-ae04-41201290441b", "sequence": 162, "segment_id": 21, "revision": 19, "text": "Ich weiß nicht einmal mein Opa hatte drei Herzinfarkte und und wo ich mich natürlich fragte, ob das irgendwie erblich sein kann oder so und erst am dritten leider auch verstorben dann", "granularity": "word", "items": [{"text": "Ich", "start_seconds": 115.52, "end_seconds": 115.76, "confidence": null}, {"text": "weiß", "start_seconds": 115.76, "end_seconds": 116.08, "confidence": null}, {"text": "nicht", "start_seconds": 116.08, "end_seconds": 116.16, "confidence": null}, {"text": "einmal", "start_seconds": 116.64, "end_seconds": 117.12, "confidence": null}, {"text": "mein", "start_seconds": 117.12, "end_seconds": 117.2, "confidence": null}, {"text": "Opa", "start_seconds": 117.76, "end_seconds": 117.92, "confidence": null}, {"text": "hatte", "start_seconds": 117.92, "end_seconds": 118.24, "confidence": null}, {"text": "drei", "start_seconds": 118.24, "end_seconds": 118.4, "confidence": null}, {"text": "Herzinfarkte", "start_seconds": 118.4, "end_seconds": 119.36, "confidence": null}, {"text": "und", "start_seconds": 119.36, "end_seconds": 119.44, "confidence": null}, {"text": "und", "start_seconds": 119.76, "end_seconds": 119.84, "confidence": null}, {"text": "wo", "start_seconds": 120.48, "end_seconds": 120.64, "confidence": null}, {"text": "ich", "start_seconds": 120.64, "end_seconds": 120.72, "confidence": null}, {"text": "mich", "start_seconds": 120.72, "end_seconds": 120.88, "confidence": null}, {"text": "natürlich", "start_seconds": 120.88, "end_seconds": 121.2, "confidence": null}, {"text": "fragte,", "start_seconds": 121.2, "end_seconds": 121.52, "confidence": null}, {"text": "ob", "start_seconds": 121.52, "end_seconds": 121.76, "confidence": null}, {"text": "das", "start_seconds": 121.76, "end_seconds": 121.92, "confidence": null}, {"text": "irgendwie", "start_seconds": 121.92, "end_seconds": 122.08, "confidence": null}, {"text": "erblich", "start_seconds": 122.8, "end_seconds": 123.12, "confidence": null}, {"text": "sein", "start_seconds": 123.12, "end_seconds": 123.28, "confidence": null}, {"text": "kann", "start_seconds": 123.28, "end_seconds": 123.52, "confidence": null}, {"text": "oder", "start_seconds": 123.52, "end_seconds": 123.76, "confidence": null}, {"text": "so", "start_seconds": 123.76, "end_seconds": 123.92, "confidence": null}, {"text": "und", "start_seconds": 123.92, "end_seconds": 124.08, "confidence": null}, {"text": "erst", "start_seconds": 124.08, "end_seconds": 124.32, "confidence": null}, {"text": "am", "start_seconds": 124.32, "end_seconds": 124.48, "confidence": null}, {"text": "dritten", "start_seconds": 124.48, "end_seconds": 124.72, "confidence": null}, {"text": "leider", "start_seconds": 124.72, "end_seconds": 124.96, "confidence": null}, {"text": "auch", "start_seconds": 124.96, "end_seconds": 125.12, "confidence": null}, {"text": "verstorben", "start_seconds": 125.12, "end_seconds": 125.36, "confidence": null}, {"text": "dann", "start_seconds": 125.76, "end_seconds": 125.84, "confidence": null}]}}
{"event": "live_event", "case": "de-herzrasen", "elapsed_seconds": 127.7317489059999, "value": {"type": "transcript.partial", "session_id": "39d0d082-7520-4554-ae04-41201290441b", "sequence": 163, "segment_id": 22, "revision": 1, "text": " ich"}}
{"event": "live_event", "case": "de-herzrasen", "elapsed_seconds": 128.29391430099986, "value": {"type": "transcript.partial", "session_id": "39d0d082-7520-4554-ae04-41201290441b", "sequence": 164, "segment_id": 22, "revision": 2, "text": " ich hatte auch mal"}}
{"event": "live_event", "case": "de-herzrasen", "elapsed_seconds": 129.4106170729999, "value": {"type": "transcript.final", "session_id": "39d0d082-7520-4554-ae04-41201290441b", "sequence": 165, "segment_id": 22, "revision": 3, "text": " ich hatte auch mal", "granularity": "word", "items": [{"text": " ich", "start_seconds": 127.44, "end_seconds": 127.68, "confidence": null}, {"text": "hatte", "start_seconds": 127.68, "end_seconds": 127.84, "confidence": null}, {"text": "auch", "start_seconds": 127.84, "end_seconds": 128.0, "confidence": null}, {"text": "mal", "start_seconds": 128.0, "end_seconds": 128.08, "confidence": null}]}}
{"event": "live_event", "case": "de-herzrasen", "elapsed_seconds": 129.97088609599996, "value": {"type": "transcript.partial", "session_id": "39d0d082-7520-4554-ae04-41201290441b", "sequence": 166, "segment_id": 23, "revision": 1, "text": " eine"}}
{"event": "live_event", "case": "de-herzrasen", "elapsed_seconds": 130.53207487399982, "value": {"type": "transcript.partial", "session_id": "39d0d082-7520-4554-ae04-41201290441b", "sequence": 167, "segment_id": 23, "revision": 2, "text": " eine depressi"}}
{"event": "live_event", "case": "de-herzrasen", "elapsed_seconds": 131.09305404099996, "value": {"type": "transcript.partial", "session_id": "39d0d082-7520-4554-ae04-41201290441b", "sequence": 168, "segment_id": 23, "revision": 3, "text": " eine depressive Episo"}}
{"event": "live_event", "case": "de-herzrasen", "elapsed_seconds": 131.64919949699993, "value": {"type": "transcript.partial", "session_id": "39d0d082-7520-4554-ae04-41201290441b", "sequence": 169, "segment_id": 23, "revision": 4, "text": " eine depressive Episode"}}
{"event": "live_event", "case": "de-herzrasen", "elapsed_seconds": 132.21376972500002, "value": {"type": "transcript.partial", "session_id": "39d0d082-7520-4554-ae04-41201290441b", "sequence": 170, "segment_id": 23, "revision": 5, "text": " eine depressive Episode vor ein paar Jahr"}}
{"event": "live_event", "case": "de-herzrasen", "elapsed_seconds": 132.772176833, "value": {"type": "transcript.partial", "session_id": "39d0d082-7520-4554-ae04-41201290441b", "sequence": 171, "segment_id": 23, "revision": 6, "text": " eine depressive Episode vor ein paar Jahren, da hat"}}
{"event": "live_event", "case": "de-herzrasen", "elapsed_seconds": 133.333542501, "value": {"type": "transcript.partial", "session_id": "39d0d082-7520-4554-ae04-41201290441b", "sequence": 172, "segment_id": 23, "revision": 7, "text": " eine depressive Episode vor ein paar Jahren, da hat ne aber"}}
{"event": "live_event", "case": "de-herzrasen", "elapsed_seconds": 133.89035920599986, "value": {"type": "transcript.partial", "session_id": "39d0d082-7520-4554-ae04-41201290441b", "sequence": 173, "segment_id": 23, "revision": 8, "text": " eine depressive Episode vor ein paar Jahren, da hat ne aber war"}}
{"event": "live_event", "case": "de-herzrasen", "elapsed_seconds": 134.45456235999995, "value": {"type": "transcript.partial", "session_id": "39d0d082-7520-4554-ae04-41201290441b", "sequence": 174, "segment_id": 23, "revision": 9, "text": " eine depressive Episode vor ein paar Jahren, da hat ne aber war Trennung"}}
{"event": "live_event", "case": "de-herzrasen", "elapsed_seconds": 135.01256266299993, "value": {"type": "transcript.partial", "session_id": "39d0d082-7520-4554-ae04-41201290441b", "sequence": 175, "segment_id": 23, "revision": 10, "text": " eine depressive Episode vor ein paar Jahren, da hat ne aber war Trennung und alles"}}
{"event": "live_event", "case": "de-herzrasen", "elapsed_seconds": 135.57372007699996, "value": {"type": "transcript.partial", "session_id": "39d0d082-7520-4554-ae04-41201290441b", "sequence": 176, "segment_id": 23, "revision": 11, "text": " eine depressive Episode vor ein paar Jahren, da hat ne aber war Trennung und alles Mögliche"}}
{"event": "live_event", "case": "de-herzrasen", "elapsed_seconds": 136.132082804, "value": {"type": "transcript.partial", "session_id": "39d0d082-7520-4554-ae04-41201290441b", "sequence": 177, "segment_id": 23, "revision": 12, "text": " eine depressive Episode vor ein paar Jahren, da hat ne aber war Trennung und alles Mögliche so und"}}
{"event": "live_event", "case": "de-herzrasen", "elapsed_seconds": 136.69048864899992, "value": {"type": "transcript.partial", "session_id": "39d0d082-7520-4554-ae04-41201290441b", "sequence": 178, "segment_id": 23, "revision": 13, "text": " eine depressive Episode vor ein paar Jahren, da hat ne aber war Trennung und alles Mögliche so und und"}}
{"event": "live_event", "case": "de-herzrasen", "elapsed_seconds": 137.2510381479999, "value": {"type": "transcript.partial", "session_id": "39d0d082-7520-4554-ae04-41201290441b", "sequence": 179, "segment_id": 23, "revision": 14, "text": " eine depressive Episode vor ein paar Jahren, da hat ne aber war Trennung und alles Mögliche so und und das hatte"}}
{"event": "live_event", "case": "de-herzrasen", "elapsed_seconds": 137.81526030299983, "value": {"type": "transcript.partial", "session_id": "39d0d082-7520-4554-ae04-41201290441b", "sequence": 180, "segment_id": 23, "revision": 15, "text": " eine depressive Episode vor ein paar Jahren, da hat ne aber war Trennung und alles Mögliche so und und das hatten ganz konkreten"}}
{"event": "live_event", "case": "de-herzrasen", "elapsed_seconds": 138.37064659299995, "value": {"type": "transcript.partial", "session_id": "39d0d082-7520-4554-ae04-41201290441b", "sequence": 181, "segment_id": 23, "revision": 16, "text": " eine depressive Episode vor ein paar Jahren, da hat ne aber war Trennung und alles Mögliche so und und das hatten ganz konkreten Grund"}}
{"event": "live_event", "case": "de-herzrasen", "elapsed_seconds": 138.929297615, "value": {"type": "transcript.partial", "session_id": "39d0d082-7520-4554-ae04-41201290441b", "sequence": 182, "segment_id": 23, "revision": 17, "text": " eine depressive Episode vor ein paar Jahren, da hat ne aber war Trennung und alles Mögliche so und und das hatten ganz konkreten Grund und"}}
{"event": "live_event", "case": "de-herzrasen", "elapsed_seconds": 139.49287273799996, "value": {"type": "transcript.partial", "session_id": "39d0d082-7520-4554-ae04-41201290441b", "sequence": 183, "segment_id": 23, "revision": 18, "text": " eine depressive Episode vor ein paar Jahren, da hat ne aber war Trennung und alles Mögliche so und und das hatten ganz konkreten Grund und es wurde behand"}}
{"event": "live_event", "case": "de-herzrasen", "elapsed_seconds": 140.05720774099996, "value": {"type": "transcript.partial", "session_id": "39d0d082-7520-4554-ae04-41201290441b", "sequence": 184, "segment_id": 23, "revision": 19, "text": " eine depressive Episode vor ein paar Jahren, da hat ne aber war Trennung und alles Mögliche so und und das hatten ganz konkreten Grund und es wurde behandelt und es ging"}}
{"event": "live_event", "case": "de-herzrasen", "elapsed_seconds": 140.615639611, "value": {"type": "transcript.partial", "session_id": "39d0d082-7520-4554-ae04-41201290441b", "sequence": 185, "segment_id": 23, "revision": 20, "text": " eine depressive Episode vor ein paar Jahren, da hat ne aber war Trennung und alles Mögliche so und und das hatten ganz konkreten Grund und es wurde behandelt und es ging auch wieder weg"}}
{"event": "live_event", "case": "de-herzrasen", "elapsed_seconds": 141.17392480199987, "value": {"type": "transcript.partial", "session_id": "39d0d082-7520-4554-ae04-41201290441b", "sequence": 186, "segment_id": 23, "revision": 21, "text": " eine depressive Episode vor ein paar Jahren, da hat ne aber war Trennung und alles Mögliche so und und das hatten ganz konkreten Grund und es wurde behandelt und es ging auch wieder weg und seitde"}}
{"event": "live_event", "case": "de-herzrasen", "elapsed_seconds": 141.73331155899996, "value": {"type": "transcript.partial", "session_id": "39d0d082-7520-4554-ae04-41201290441b", "sequence": 187, "segment_id": 23, "revision": 22, "text": " eine depressive Episode vor ein paar Jahren, da hat ne aber war Trennung und alles Mögliche so und und das hatten ganz konkreten Grund und es wurde behandelt und es ging auch wieder weg und seitdem ga"}}
{"event": "live_event", "case": "de-herzrasen", "elapsed_seconds": 142.293726934, "value": {"type": "transcript.partial", "session_id": "39d0d082-7520-4554-ae04-41201290441b", "sequence": 188, "segment_id": 23, "revision": 23, "text": " eine depressive Episode vor ein paar Jahren, da hat ne aber war Trennung und alles Mögliche so und und das hatten ganz konkreten Grund und es wurde behandelt und es ging auch wieder weg und seitdem gab es das nie"}}
{"event": "live_event", "case": "de-herzrasen", "elapsed_seconds": 142.856470402, "value": {"type": "transcript.partial", "session_id": "39d0d082-7520-4554-ae04-41201290441b", "sequence": 189, "segment_id": 23, "revision": 24, "text": " eine depressive Episode vor ein paar Jahren, da hat ne aber war Trennung und alles Mögliche so und und das hatten ganz konkreten Grund und es wurde behandelt und es ging auch wieder weg und seitdem gab es das nie, aber ich habe mich"}}
{"event": "live_event", "case": "de-herzrasen", "elapsed_seconds": 143.413997418, "value": {"type": "transcript.partial", "session_id": "39d0d082-7520-4554-ae04-41201290441b", "sequence": 190, "segment_id": 23, "revision": 25, "text": " eine depressive Episode vor ein paar Jahren, da hat ne aber war Trennung und alles Mögliche so und und das hatten ganz konkreten Grund und es wurde behandelt und es ging auch wieder weg und seitdem gab es das nie, aber ich habe mich gewundert"}}
{"event": "live_event", "case": "de-herzrasen", "elapsed_seconds": 143.97155961299995, "value": {"type": "transcript.partial", "session_id": "39d0d082-7520-4554-ae04-41201290441b", "sequence": 191, "segment_id": 23, "revision": 26, "text": " eine depressive Episode vor ein paar Jahren, da hat ne aber war Trennung und alles Mögliche so und und das hatten ganz konkreten Grund und es wurde behandelt und es ging auch wieder weg und seitdem gab es das nie, aber ich habe mich gewundert eben"}}
{"event": "live_event", "case": "de-herzrasen", "elapsed_seconds": 144.53257050799994, "value": {"type": "transcript.partial", "session_id": "39d0d082-7520-4554-ae04-41201290441b", "sequence": 192, "segment_id": 23, "revision": 27, "text": " eine depressive Episode vor ein paar Jahren, da hat ne aber war Trennung und alles Mögliche so und und das hatten ganz konkreten Grund und es wurde behandelt und es ging auch wieder weg und seitdem gab es das nie, aber ich habe mich gewundert eben oder habe mich"}}
{"event": "live_event", "case": "de-herzrasen", "elapsed_seconds": 145.09623580999983, "value": {"type": "transcript.partial", "session_id": "39d0d082-7520-4554-ae04-41201290441b", "sequence": 193, "segment_id": 23, "revision": 28, "text": " eine depressive Episode vor ein paar Jahren, da hat ne aber war Trennung und alles Mögliche so und und das hatten ganz konkreten Grund und es wurde behandelt und es ging auch wieder weg und seitdem gab es das nie, aber ich habe mich gewundert eben oder habe mich das gefragt"}}
{"event": "live_event", "case": "de-herzrasen", "elapsed_seconds": 145.65196492199993, "value": {"type": "transcript.partial", "session_id": "39d0d082-7520-4554-ae04-41201290441b", "sequence": 194, "segment_id": 23, "revision": 29, "text": " eine depressive Episode vor ein paar Jahren, da hat ne aber war Trennung und alles Mögliche so und und das hatten ganz konkreten Grund und es wurde behandelt und es ging auch wieder weg und seitdem gab es das nie, aber ich habe mich gewundert eben oder habe mich das gefragt, weil"}}
{"event": "live_event", "case": "de-herzrasen", "elapsed_seconds": 146.21020420699983, "value": {"type": "transcript.partial", "session_id": "39d0d082-7520-4554-ae04-41201290441b", "sequence": 195, "segment_id": 23, "revision": 30, "text": " eine depressive Episode vor ein paar Jahren, da hat ne aber war Trennung und alles Mögliche so und und das hatten ganz konkreten Grund und es wurde behandelt und es ging auch wieder weg und seitdem gab es das nie, aber ich habe mich gewundert eben oder habe mich das gefragt, weil ich"}}
{"event": "live_event", "case": "de-herzrasen", "elapsed_seconds": 146.77310641099984, "value": {"type": "transcript.partial", "session_id": "39d0d082-7520-4554-ae04-41201290441b", "sequence": 196, "segment_id": 23, "revision": 31, "text": " eine depressive Episode vor ein paar Jahren, da hat ne aber war Trennung und alles Mögliche so und und das hatten ganz konkreten Grund und es wurde behandelt und es ging auch wieder weg und seitdem gab es das nie, aber ich habe mich gewundert eben oder habe mich das gefragt, weil ich auch emo"}}
{"event": "live_event", "case": "de-herzrasen", "elapsed_seconds": 147.33600721699986, "value": {"type": "transcript.partial", "session_id": "39d0d082-7520-4554-ae04-41201290441b", "sequence": 197, "segment_id": 23, "revision": 32, "text": " eine depressive Episode vor ein paar Jahren, da hat ne aber war Trennung und alles Mögliche so und und das hatten ganz konkreten Grund und es wurde behandelt und es ging auch wieder weg und seitdem gab es das nie, aber ich habe mich gewundert eben oder habe mich das gefragt, weil ich auch emotional irgend"}}
{"event": "live_event", "case": "de-herzrasen", "elapsed_seconds": 147.89310206100004, "value": {"type": "transcript.partial", "session_id": "39d0d082-7520-4554-ae04-41201290441b", "sequence": 198, "segment_id": 23, "revision": 33, "text": " eine depressive Episode vor ein paar Jahren, da hat ne aber war Trennung und alles Mögliche so und und das hatten ganz konkreten Grund und es wurde behandelt und es ging auch wieder weg und seitdem gab es das nie, aber ich habe mich gewundert eben oder habe mich das gefragt, weil ich auch emotional irgendwie seltsam"}}
{"event": "live_event", "case": "de-herzrasen", "elapsed_seconds": 149.01893152000002, "value": {"type": "transcript.partial", "session_id": "39d0d082-7520-4554-ae04-41201290441b", "sequence": 199, "segment_id": 23, "revision": 34, "text": " eine depressive Episode vor ein paar Jahren, da hat ne aber war Trennung und alles Mögliche so und und das hatten ganz konkreten Grund und es wurde behandelt und es ging auch wieder weg und seitdem gab es das nie, aber ich habe mich gewundert eben oder habe mich das gefragt, weil ich auch emotional irgendwie seltsam unterwegs bin ger"}}
{"event": "live_event", "case": "de-herzrasen", "elapsed_seconds": 149.57227923599999, "value": {"type": "transcript.partial", "session_id": "39d0d082-7520-4554-ae04-41201290441b", "sequence": 200, "segment_id": 23, "revision": 35, "text": " eine depressive Episode vor ein paar Jahren, da hat ne aber war Trennung und alles Mögliche so und und das hatten ganz konkreten Grund und es wurde behandelt und es ging auch wieder weg und seitdem gab es das nie, aber ich habe mich gewundert eben oder habe mich das gefragt, weil ich auch emotional irgendwie seltsam unterwegs bin gerade"}}
{"event": "live_event", "case": "de-herzrasen", "elapsed_seconds": 150.133645442, "value": {"type": "transcript.final", "session_id": "39d0d082-7520-4554-ae04-41201290441b", "sequence": 201, "segment_id": 23, "revision": 36, "text": " eine depressive Episode vor ein paar Jahren, da hat ne aber war Trennung und alles Mögliche so und und das hatten ganz konkreten Grund und es wurde behandelt und es ging auch wieder weg und seitdem gab es das nie, aber ich habe mich gewundert eben oder habe mich das gefragt, weil ich auch emotional irgendwie seltsam unterwegs bin gerade.", "granularity": "word", "items": [{"text": " eine", "start_seconds": 129.36, "end_seconds": 129.44, "confidence": null}, {"text": "depressive", "start_seconds": 130.0, "end_seconds": 130.64, "confidence": null}, {"text": "Episode", "start_seconds": 130.64, "end_seconds": 131.12, "confidence": null}, {"text": "vor", "start_seconds": 131.6, "end_seconds": 131.76, "confidence": null}, {"text": "ein", "start_seconds": 131.76, "end_seconds": 131.92, "confidence": null}, {"text": "paar", "start_seconds": 131.92, "end_seconds": 132.08, "confidence": null}, {"text": "Jahren,", "start_seconds": 132.08, "end_seconds": 132.48, "confidence": null}, {"text": "da", "start_seconds": 132.48, "end_seconds": 132.64, "confidence": null}, {"text": "hat", "start_seconds": 132.64, "end_seconds": 132.88, "confidence": null}, {"text": "ne", "start_seconds": 132.88, "end_seconds": 133.12, "confidence": null}, {"text": "aber", "start_seconds": 133.12, "end_seconds": 133.2, "confidence": null}, {"text": "war", "start_seconds": 133.6, "end_seconds": 133.68, "confidence": null}, {"text": "Trennung", "start_seconds": 134.0, "end_seconds": 134.4, "confidence": null}, {"text": "und", "start_seconds": 134.4, "end_seconds": 134.56, "confidence": null}, {"text": "alles", "start_seconds": 134.56, "end_seconds": 134.96, "confidence": null}, {"text": "Mögliche", "start_seconds": 134.96, "end_seconds": 135.52, "confidence": null}, {"text": "so", "start_seconds": 135.52, "end_seconds": 135.84, "confidence": null}, {"text": "und", "start_seconds": 135.84, "end_seconds": 136.08, "confidence": null}, {"text": "und", "start_seconds": 136.08, "end_seconds": 136.16, "confidence": null}, {"text": "das", "start_seconds": 136.72, "end_seconds": 136.88, "confidence": null}, {"text": "hatten", "start_seconds": 136.88, "end_seconds": 137.36, "confidence": null}, {"text": "ganz", "start_seconds": 137.36, "end_seconds": 137.44, "confidence": null}, {"text": "konkreten", "start_seconds": 137.44, "end_seconds": 137.84, "confidence": null}, {"text": "Grund", "start_seconds": 137.84, "end_seconds": 137.92, "confidence": null}, {"text": "und", "start_seconds": 138.64, "end_seconds": 138.96, "confidence": null}, {"text": "es", "start_seconds": 138.96, "end_seconds": 139.04, "confidence": null}, {"text": "wurde", "start_seconds": 139.04, "end_seconds": 139.28, "confidence": null}, {"text": "behandelt", "start_seconds": 139.28, "end_seconds": 139.6, "confidence": null}, {"text": "und", "start_seconds": 139.6, "end_seconds": 139.76, "confidence": null}, {"text": "es", "start_seconds": 139.76, "end_seconds": 139.84, "confidence": null}, {"text": "ging", "start_seconds": 139.84, "end_seconds": 140.0, "confidence": null}, {"text": "auch", "start_seconds": 140.0, "end_seconds": 140.16, "confidence": null}, {"text": "wieder", "start_seconds": 140.16, "end_seconds": 140.32, "confidence": null}, {"text": "weg", "start_seconds": 140.32, "end_seconds": 140.64, "confidence": null}, {"text": "und", "start_seconds": 140.64, "end_seconds": 140.8, "confidence": null}, {"text": "seitdem", "start_seconds": 140.8, "end_seconds": 141.12, "confidence": null}, {"text": "gab", "start_seconds": 141.6, "end_seconds": 141.76, "confidence": null}, {"text": "es", "start_seconds": 141.76, "end_seconds": 142.0, "confidence": null}, {"text": "das", "start_seconds": 142.0, "end_seconds": 142.16, "confidence": null}, {"text": "nie,", "start_seconds": 142.16, "end_seconds": 142.4, "confidence": null}, {"text": "aber", "start_seconds": 142.4, "end_seconds": 142.56, "confidence": null}, {"text": "ich", "start_seconds": 142.56, "end_seconds": 142.64, "confidence": null}, {"text": "habe", "start_seconds": 142.64, "end_seconds": 142.72, "confidence": null}, {"text": "mich", "start_seconds": 142.72, "end_seconds": 142.88, "confidence": null}, {"text": "gewundert", "start_seconds": 142.88, "end_seconds": 143.04, "confidence": null}, {"text": "eben", "start_seconds": 143.68, "end_seconds": 143.92, "confidence": null}, {"text": "oder", "start_seconds": 143.92, "end_seconds": 144.0, "confidence": null}, {"text": "habe", "start_seconds": 144.32, "end_seconds": 144.4, "confidence": null}, {"text": "mich", "start_seconds": 144.4, "end_seconds": 144.56, "confidence": null}, {"text": "das", "start_seconds": 144.56, "end_seconds": 144.64, "confidence": null}, {"text": "gefragt,", "start_seconds": 144.64, "end_seconds": 144.88, "confidence": null}, {"text": "weil", "start_seconds": 145.28, "end_seconds": 145.36, "confidence": null}, {"text": "ich", "start_seconds": 145.68, "end_seconds": 145.76, "confidence": null}, {"text": "auch", "start_seconds": 146.24, "end_seconds": 146.56, "confidence": null}, {"text": "emotional", "start_seconds": 146.56, "end_seconds": 147.12, "confidence": null}, {"text": "irgendwie", "start_seconds": 147.12, "end_seconds": 147.52, "confidence": null}, {"text": "seltsam", "start_seconds": 147.52, "end_seconds": 147.76, "confidence": null}, {"text": "unterwegs", "start_seconds": 148.4, "end_seconds": 148.72, "confidence": null}, {"text": "bin", "start_seconds": 148.72, "end_seconds": 148.88, "confidence": null}, {"text": "gerade.", "start_seconds": 148.88, "end_seconds": 149.04, "confidence": null}]}}
{"event": "live_event", "case": "de-herzrasen", "elapsed_seconds": 151.81431763499995, "value": {"type": "transcript.partial", "session_id": "39d0d082-7520-4554-ae04-41201290441b", "sequence": 202, "segment_id": 24, "revision": 1, "text": " Seltsam"}}
{"event": "live_event", "case": "de-herzrasen", "elapsed_seconds": 152.37315699499982, "value": {"type": "transcript.partial", "session_id": "39d0d082-7520-4554-ae04-41201290441b", "sequence": 203, "segment_id": 24, "revision": 2, "text": " Seltsam unterwegs he"}}
{"event": "live_event", "case": "de-herzrasen", "elapsed_seconds": 152.93229368099992, "value": {"type": "transcript.partial", "session_id": "39d0d082-7520-4554-ae04-41201290441b", "sequence": 204, "segment_id": 24, "revision": 3, "text": " Seltsam unterwegs heißt"}}
{"event": "live_event", "case": "de-herzrasen", "elapsed_seconds": 154.053377899, "value": {"type": "transcript.partial", "session_id": "39d0d082-7520-4554-ae04-41201290441b", "sequence": 205, "segment_id": 24, "revision": 4, "text": " Seltsam unterwegs heißt dün"}}
{"event": "live_event", "case": "de-herzrasen", "elapsed_seconds": 154.61611958799995, "value": {"type": "transcript.partial", "session_id": "39d0d082-7520-4554-ae04-41201290441b", "sequence": 206, "segment_id": 24, "revision": 5, "text": " Seltsam unterwegs heißt dünn häufi"}}
{"event": "live_event", "case": "de-herzrasen", "elapsed_seconds": 155.17082115099993, "value": {"type": "transcript.partial", "session_id": "39d0d082-7520-4554-ae04-41201290441b", "sequence": 207, "segment_id": 24, "revision": 6, "text": " Seltsam unterwegs heißt dünn häufig"}}
{"event": "live_event", "case": "de-herzrasen", "elapsed_seconds": 155.7296769909999, "value": {"type": "transcript.final", "session_id": "39d0d082-7520-4554-ae04-41201290441b", "sequence": 208, "segment_id": 24, "revision": 7, "text": " Seltsam unterwegs heißt dünn häufig", "granularity": "word", "items": [{"text": " Seltsam", "start_seconds": 151.28, "end_seconds": 151.84, "confidence": null}, {"text": "unterwegs", "start_seconds": 151.84, "end_seconds": 152.24, "confidence": null}, {"text": "heißt", "start_seconds": 152.24, "end_seconds": 152.56, "confidence": null}, {"text": "dünn", "start_seconds": 153.84, "end_seconds": 154.24, "confidence": null}, {"text": "häufig", "start_seconds": 154.24, "end_seconds": 154.56, "confidence": null}]}}
{"event": "live_event", "case": "de-herzrasen", "elapsed_seconds": 157.41324398400002, "value": {"type": "transcript.partial", "session_id": "39d0d082-7520-4554-ae04-41201290441b", "sequence": 209, "segment_id": 25, "revision": 1, "text": " gereizt"}}
{"event": "live_event", "case": "de-herzrasen", "elapsed_seconds": 158.52955536299987, "value": {"type": "transcript.final", "session_id": "39d0d082-7520-4554-ae04-41201290441b", "sequence": 210, "segment_id": 25, "revision": 2, "text": " gereizt", "granularity": "word", "items": [{"text": " gereizt", "start_seconds": 156.8, "end_seconds": 157.2, "confidence": null}]}}
{"event": "live_event", "case": "de-herzrasen", "elapsed_seconds": 159.09212473699995, "value": {"type": "transcript.partial", "session_id": "39d0d082-7520-4554-ae04-41201290441b", "sequence": 211, "segment_id": 26, "revision": 1, "text": ", also"}}
{"event": "live_event", "case": "de-herzrasen", "elapsed_seconds": 159.65175189, "value": {"type": "transcript.partial", "session_id": "39d0d082-7520-4554-ae04-41201290441b", "sequence": 212, "segment_id": 26, "revision": 2, "text": ", also ganz ganz"}}
{"event": "live_event", "case": "de-herzrasen", "elapsed_seconds": 160.21222293899996, "value": {"type": "transcript.partial", "session_id": "39d0d082-7520-4554-ae04-41201290441b", "sequence": 213, "segment_id": 26, "revision": 3, "text": ", also ganz ganz wenig"}}
{"event": "live_event", "case": "de-herzrasen", "elapsed_seconds": 160.77562946299986, "value": {"type": "transcript.partial", "session_id": "39d0d082-7520-4554-ae04-41201290441b", "sequence": 214, "segment_id": 26, "revision": 4, "text": ", also ganz ganz wenig Kapazität"}}
{"event": "live_event", "case": "de-herzrasen", "elapsed_seconds": 161.33341683699996, "value": {"type": "transcript.partial", "session_id": "39d0d082-7520-4554-ae04-41201290441b", "sequence": 215, "segment_id": 26, "revision": 5, "text": ", also ganz ganz wenig Kapazität für irgendwie"}}
{"event": "live_event", "case": "de-herzrasen", "elapsed_seconds": 162.45558642599985, "value": {"type": "transcript.partial", "session_id": "39d0d082-7520-4554-ae04-41201290441b", "sequence": 216, "segment_id": 26, "revision": 6, "text": ", also ganz ganz wenig Kapazität für irgendwie Stress oder so"}}
{"event": "live_event", "case": "de-herzrasen", "elapsed_seconds": 163.57026346499993, "value": {"type": "transcript.final", "session_id": "39d0d082-7520-4554-ae04-41201290441b", "sequence": 217, "segment_id": 26, "revision": 7, "text": "also ganz ganz wenig Kapazität für irgendwie Stress oder so", "granularity": "word", "items": [{"text": "also", "start_seconds": 158.56, "end_seconds": 158.64, "confidence": null}, {"text": "ganz", "start_seconds": 159.12, "end_seconds": 159.2, "confidence": null}, {"text": "ganz", "start_seconds": 159.52, "end_seconds": 159.84, "confidence": null}, {"text": "wenig", "start_seconds": 159.84, "end_seconds": 160.16, "confidence": null}, {"text": "Kapazität", "start_seconds": 160.16, "end_seconds": 160.8, "confidence": null}, {"text": "für", "start_seconds": 160.8, "end_seconds": 160.96, "confidence": null}, {"text": "irgendwie", "start_seconds": 160.96, "end_seconds": 161.12, "confidence": null}, {"text": "Stress", "start_seconds": 161.84, "end_seconds": 162.0, "confidence": null}, {"text": "oder", "start_seconds": 162.0, "end_seconds": 162.24, "confidence": null}, {"text": "so", "start_seconds": 162.24, "end_seconds": 162.32, "confidence": null}]}}
{"event": "live_event", "case": "de-herzrasen", "elapsed_seconds": 164.13390545999982, "value": {"type": "transcript.partial", "session_id": "39d0d082-7520-4554-ae04-41201290441b", "sequence": 218, "segment_id": 27, "revision": 1, "text": " emotion"}}
{"event": "live_event", "case": "de-herzrasen", "elapsed_seconds": 164.69208028100002, "value": {"type": "transcript.partial", "session_id": "39d0d082-7520-4554-ae04-41201290441b", "sequence": 219, "segment_id": 27, "revision": 2, "text": " emotional"}}
{"event": "live_event", "case": "de-herzrasen", "elapsed_seconds": 165.2502824369999, "value": {"type": "transcript.final", "session_id": "39d0d082-7520-4554-ae04-41201290441b", "sequence": 220, "segment_id": 27, "revision": 3, "text": " emotional", "granularity": "word", "items": [{"text": " emotional", "start_seconds": 163.52, "end_seconds": 164.08, "confidence": null}]}}
{"event": "live_event", "case": "de-herzrasen", "elapsed_seconds": 168.05294638299983, "value": {"type": "transcript.partial", "session_id": "39d0d082-7520-4554-ae04-41201290441b", "sequence": 221, "segment_id": 28, "revision": 1, "text": " so ein bisschen"}}
{"event": "live_event", "case": "de-herzrasen", "elapsed_seconds": 168.61480912699994, "value": {"type": "transcript.partial", "session_id": "39d0d082-7520-4554-ae04-41201290441b", "sequence": 222, "segment_id": 28, "revision": 2, "text": " so ein bisschen von der Rolle"}}
{"event": "live_event", "case": "de-herzrasen", "elapsed_seconds": 169.1734772159998, "value": {"type": "transcript.partial", "session_id": "39d0d082-7520-4554-ae04-41201290441b", "sequence": 223, "segment_id": 28, "revision": 3, "text": " so ein bisschen von der Rolle damals"}}
{"event": "live_event", "case": "de-herzrasen", "elapsed_seconds": 170.28923114199984, "value": {"type": "transcript.final", "session_id": "39d0d082-7520-4554-ae04-41201290441b", "sequence": 224, "segment_id": 28, "revision": 4, "text": " so ein bisschen von der Rolle damals", "granularity": "word", "items": [{"text": " so", "start_seconds": 167.52, "end_seconds": 167.68, "confidence": null}, {"text": "ein", "start_seconds": 167.68, "end_seconds": 167.76, "confidence": null}, {"text": "bisschen", "start_seconds": 167.76, "end_seconds": 168.0, "confidence": null}, {"text": "von", "start_seconds": 168.0, "end_seconds": 168.08, "confidence": null}, {"text": "der", "start_seconds": 168.08, "end_seconds": 168.16, "confidence": null}, {"text": "Rolle", "start_seconds": 168.16, "end_seconds": 168.56, "confidence": null}, {"text": "damals", "start_seconds": 168.56, "end_seconds": 168.88, "confidence": null}]}}
{"event": "live_event", "case": "de-herzrasen", "elapsed_seconds": 170.85219078799992, "value": {"type": "transcript.final", "session_id": "39d0d082-7520-4554-ae04-41201290441b", "sequence": 225, "segment_id": 29, "revision": 1, "text": " hat", "granularity": "word", "items": [{"text": " hat", "start_seconds": 170.72, "end_seconds": 170.8, "confidence": null}]}}
{"event": "live_event", "case": "de-herzrasen", "elapsed_seconds": 171.41791413700003, "value": {"type": "transcript.partial", "session_id": "39d0d082-7520-4554-ae04-41201290441b", "sequence": 226, "segment_id": 30, "revision": 1, "text": " sich irgendwas"}}
{"event": "live_event", "case": "de-herzrasen", "elapsed_seconds": 171.97470547699982, "value": {"type": "transcript.partial", "session_id": "39d0d082-7520-4554-ae04-41201290441b", "sequence": 227, "segment_id": 30, "revision": 2, "text": " sich irgendwas verändert"}}
{"event": "live_event", "case": "de-herzrasen", "elapsed_seconds": 172.53186240399987, "value": {"type": "transcript.partial", "session_id": "39d0d082-7520-4554-ae04-41201290441b", "sequence": 228, "segment_id": 30, "revision": 3, "text": " sich irgendwas verändert vor se"}}
{"event": "live_event", "case": "de-herzrasen", "elapsed_seconds": 173.09517410900003, "value": {"type": "transcript.partial", "session_id": "39d0d082-7520-4554-ae04-41201290441b", "sequence": 229, "segment_id": 30, "revision": 4, "text": " sich irgendwas verändert vor sechs Wochen"}}
{"event": "live_event", "case": "de-herzrasen", "elapsed_seconds": 174.21247138599983, "value": {"type": "transcript.partial", "session_id": "39d0d082-7520-4554-ae04-41201290441b", "sequence": 230, "segment_id": 30, "revision": 5, "text": " sich irgendwas verändert vor sechs Wochen, was sie"}}
{"event": "live_event", "case": "de-herzrasen", "elapsed_seconds": 174.77749704999997, "value": {"type": "transcript.partial", "session_id": "39d0d082-7520-4554-ae04-41201290441b", "sequence": 231, "segment_id": 30, "revision": 6, "text": " sich irgendwas verändert vor sechs Wochen, was sie nicht so richtig"}}
{"event": "live_event", "case": "de-herzrasen", "elapsed_seconds": 175.33518207999987, "value": {"type": "transcript.partial", "session_id": "39d0d082-7520-4554-ae04-41201290441b", "sequence": 232, "segment_id": 30, "revision": 7, "text": " sich irgendwas verändert vor sechs Wochen, was sie nicht so richtig benennen können"}}
{"event": "live_event", "case": "de-herzrasen", "elapsed_seconds": 176.4507570379999, "value": {"type": "transcript.partial", "session_id": "39d0d082-7520-4554-ae04-41201290441b", "sequence": 233, "segment_id": 30, "revision": 8, "text": " sich irgendwas verändert vor sechs Wochen, was sie nicht so richtig benennen können und was"}}
{"event": "live_event", "case": "de-herzrasen", "elapsed_seconds": 177.011218204, "value": {"type": "transcript.partial", "session_id": "39d0d082-7520-4554-ae04-41201290441b", "sequence": 234, "segment_id": 30, "revision": 9, "text": " sich irgendwas verändert vor sechs Wochen, was sie nicht so richtig benennen können und was sich auch and"}}
{"event": "live_event", "case": "de-herzrasen", "elapsed_seconds": 177.57513695299986, "value": {"type": "transcript.partial", "session_id": "39d0d082-7520-4554-ae04-41201290441b", "sequence": 235, "segment_id": 30, "revision": 10, "text": " sich irgendwas verändert vor sechs Wochen, was sie nicht so richtig benennen können und was sich auch anders anfü"}}
{"event": "live_event", "case": "de-herzrasen", "elapsed_seconds": 178.13310394799987, "value": {"type": "transcript.partial", "session_id": "39d0d082-7520-4554-ae04-41201290441b", "sequence": 236, "segment_id": 30, "revision": 11, "text": " sich irgendwas verändert vor sechs Wochen, was sie nicht so richtig benennen können und was sich auch anders anfühlt als die"}}
{"event": "live_event", "case": "de-herzrasen", "elapsed_seconds": 178.69046507400003, "value": {"type": "transcript.partial", "session_id": "39d0d082-7520-4554-ae04-41201290441b", "sequence": 237, "segment_id": 30, "revision": 12, "text": " sich irgendwas verändert vor sechs Wochen, was sie nicht so richtig benennen können und was sich auch anders anfühlt als die Depression"}}
{"event": "live_event", "case": "de-herzrasen", "elapsed_seconds": 179.2542011339999, "value": {"type": "transcript.partial", "session_id": "39d0d082-7520-4554-ae04-41201290441b", "sequence": 238, "segment_id": 30, "revision": 13, "text": " sich irgendwas verändert vor sechs Wochen, was sie nicht so richtig benennen können und was sich auch anders anfühlt als die Depression vor einigen Jahr"}}
{"event": "live_event", "case": "de-herzrasen", "elapsed_seconds": 179.80972202399994, "value": {"type": "transcript.partial", "session_id": "39d0d082-7520-4554-ae04-41201290441b", "sequence": 239, "segment_id": 30, "revision": 14, "text": " sich irgendwas verändert vor sechs Wochen, was sie nicht so richtig benennen können und was sich auch anders anfühlt als die Depression vor einigen Jahren"}}
{"event": "live_event", "case": "de-herzrasen", "elapsed_seconds": 180.37014218799982, "value": {"type": "transcript.final", "session_id": "39d0d082-7520-4554-ae04-41201290441b", "sequence": 240, "segment_id": 30, "revision": 15, "text": " sich irgendwas verändert vor sechs Wochen, was sie nicht so richtig benennen können und was sich auch anders anfühlt als die Depression vor einigen Jahren", "granularity": "word", "items": [{"text": " sich", "start_seconds": 170.8, "end_seconds": 170.96, "confidence": null}, {"text": "irgendwas", "start_seconds": 170.96, "end_seconds": 171.36, "confidence": null}, {"text": "verändert", "start_seconds": 171.36, "end_seconds": 171.52, "confidence": null}, {"text": "vor", "start_seconds": 172.08, "end_seconds": 172.4, "confidence": null}, {"text": "sechs", "start_seconds": 172.4, "end_seconds": 172.64, "confidence": null}, {"text": "Wochen,", "start_seconds": 172.64, "end_seconds": 172.72, "confidence": null}, {"text": "was", "start_seconds": 173.68, "end_seconds": 173.92, "confidence": null}, {"text": "sie", "start_seconds": 173.92, "end_seconds": 174.16, "confidence": null}, {"text": "nicht", "start_seconds": 174.16, "end_seconds": 174.24, "confidence": null}, {"text": "so", "start_seconds": 174.24, "end_seconds": 174.32, "confidence": null}, {"text": "richtig", "start_seconds": 174.32, "end_seconds": 174.72, "confidence": null}, {"text": "benennen", "start_seconds": 174.72, "end_seconds": 175.12, "confidence": null}, {"text": "können", "start_seconds": 175.12, "end_seconds": 175.2, "confidence": null}, {"text": "und", "start_seconds": 175.92, "end_seconds": 176.16, "confidence": null}, {"text": "was", "start_seconds": 176.16, "end_seconds": 176.4, "confidence": null}, {"text": "sich", "start_seconds": 176.4, "end_seconds": 176.56, "confidence": null}, {"text": "auch", "start_seconds": 176.56, "end_seconds": 176.8, "confidence": null}, {"text": "anders", "start_seconds": 176.8, "end_seconds": 177.2, "confidence": null}, {"text": "anfühlt", "start_seconds": 177.2, "end_seconds": 177.76, "confidence": null}, {"text": "als", "start_seconds": 177.76, "end_seconds": 177.92, "confidence": null}, {"text": "die", "start_seconds": 177.92, "end_seconds": 178.08, "confidence": null}, {"text": "Depression", "start_seconds": 178.08, "end_seconds": 178.32, "confidence": null}, {"text": "vor", "start_seconds": 178.72, "end_seconds": 178.8, "confidence": null}, {"text": "einigen", "start_seconds": 178.8, "end_seconds": 179.04, "confidence": null}, {"text": "Jahren", "start_seconds": 179.04, "end_seconds": 179.2, "confidence": null}]}}
{"event": "live_event", "case": "de-herzrasen", "elapsed_seconds": 181.492607227, "value": {"type": "transcript.partial", "session_id": "39d0d082-7520-4554-ae04-41201290441b", "sequence": 241, "segment_id": 31, "revision": 1, "text": " und sie haben"}}
{"event": "live_event", "case": "de-herzrasen", "elapsed_seconds": 182.0546588289999, "value": {"type": "transcript.partial", "session_id": "39d0d082-7520-4554-ae04-41201290441b", "sequence": 242, "segment_id": 31, "revision": 2, "text": " und sie haben sich Sorge"}}
{"event": "live_event", "case": "de-herzrasen", "elapsed_seconds": 182.613995015, "value": {"type": "transcript.partial", "session_id": "39d0d082-7520-4554-ae04-41201290441b", "sequence": 243, "segment_id": 31, "revision": 3, "text": " und sie haben sich Sorge um ihr Herz"}}
{"event": "live_event", "case": "de-herzrasen", "elapsed_seconds": 183.17301542899986, "value": {"type": "transcript.partial", "session_id": "39d0d082-7520-4554-ae04-41201290441b", "sequence": 244, "segment_id": 31, "revision": 4, "text": " und sie haben sich Sorge um ihr Herz gemacht"}}
{"event": "live_event", "case": "de-herzrasen", "elapsed_seconds": 184.28916996999988, "value": {"type": "transcript.final", "session_id": "39d0d082-7520-4554-ae04-41201290441b", "sequence": 245, "segment_id": 31, "revision": 5, "text": " und sie haben sich Sorge um ihr Herz gemacht", "granularity": "word", "items": [{"text": " und", "start_seconds": 181.04, "end_seconds": 181.2, "confidence": null}, {"text": "sie", "start_seconds": 181.2, "end_seconds": 181.36, "confidence": null}, {"text": "haben", "start_seconds": 181.36, "end_seconds": 181.52, "confidence": null}, {"text": "sich", "start_seconds": 181.52, "end_seconds": 181.68, "confidence": null}, {"text": "Sorge", "start_seconds": 181.68, "end_seconds": 182.08, "confidence": null}, {"text": "um", "start_seconds": 182.08, "end_seconds": 182.24, "confidence": null}, {"text": "ihr", "start_seconds": 182.24, "end_seconds": 182.4, "confidence": null}, {"text": "Herz", "start_seconds": 182.4, "end_seconds": 182.64, "confidence": null}, {"text": "gemacht", "start_seconds": 182.64, "end_seconds": 182.72, "confidence": null}]}}
{"event": "live_event", "case": "de-herzrasen", "elapsed_seconds": 185.41860145700002, "value": {"type": "transcript.partial", "session_id": "39d0d082-7520-4554-ae04-41201290441b", "sequence": 246, "segment_id": 32, "revision": 1, "text": ", sonst irgendwel"}}
{"event": "live_event", "case": "de-herzrasen", "elapsed_seconds": 185.97481517899996, "value": {"type": "transcript.partial", "session_id": "39d0d082-7520-4554-ae04-41201290441b", "sequence": 247, "segment_id": 32, "revision": 2, "text": ", sonst irgendwelche Ideen"}}
{"event": "live_event", "case": "de-herzrasen", "elapsed_seconds": 187.0901547399999, "value": {"type": "transcript.final", "session_id": "39d0d082-7520-4554-ae04-41201290441b", "sequence": 248, "segment_id": 32, "revision": 3, "text": "sonst irgendwelche Ideen", "granularity": "word", "items": [{"text": "sonst", "start_seconds": 184.96, "end_seconds": 185.12, "confidence": null}, {"text": "irgendwelche", "start_seconds": 185.12, "end_seconds": 185.52, "confidence": null}, {"text": "Ideen", "start_seconds": 185.52, "end_seconds": 185.84, "confidence": null}]}}
{"event": "live_event", "case": "de-herzrasen", "elapsed_seconds": 192.133056571, "value": {"type": "transcript.partial", "session_id": "39d0d082-7520-4554-ae04-41201290441b", "sequence": 249, "segment_id": 33, "revision": 1, "text": ".  Okay"}}
{"event": "live_event", "case": "de-herzrasen", "elapsed_seconds": 192.69383982199997, "value": {"type": "transcript.partial", "session_id": "39d0d082-7520-4554-ae04-41201290441b", "sequence": 250, "segment_id": 33, "revision": 2, "text": ".  Okay, also um ihr"}}
{"event": "live_event", "case": "de-herzrasen", "elapsed_seconds": 193.25629162999985, "value": {"type": "transcript.partial", "session_id": "39d0d082-7520-4554-ae04-41201290441b", "sequence": 251, "segment_id": 33, "revision": 3, "text": ".  Okay, also um ihr Herz sollten"}}
{"event": "live_event", "case": "de-herzrasen", "elapsed_seconds": 193.81102455899986, "value": {"type": "transcript.partial", "session_id": "39d0d082-7520-4554-ae04-41201290441b", "sequence": 252, "segment_id": 33, "revision": 4, "text": ".  Okay, also um ihr Herz sollten wir"}}
{"event": "live_event", "case": "de-herzrasen", "elapsed_seconds": 194.371293682, "value": {"type": "transcript.partial", "session_id": "39d0d082-7520-4554-ae04-41201290441b", "sequence": 253, "segment_id": 33, "revision": 5, "text": ".  Okay, also um ihr Herz sollten wir uns"}}
{"event": "live_event", "case": "de-herzrasen", "elapsed_seconds": 194.93500407199986, "value": {"type": "transcript.partial", "session_id": "39d0d082-7520-4554-ae04-41201290441b", "sequence": 254, "segment_id": 33, "revision": 6, "text": ".  Okay, also um ihr Herz sollten wir uns kümmern"}}
{"event": "live_event", "case": "de-herzrasen", "elapsed_seconds": 196.04851992199997, "value": {"type": "transcript.final", "session_id": "39d0d082-7520-4554-ae04-41201290441b", "sequence": 255, "segment_id": 33, "revision": 7, "text": "Okay, also um ihr Herz sollten wir uns kümmern", "granularity": "word", "items": [{"text": "Okay,", "start_seconds": 191.68, "end_seconds": 191.76, "confidence": null}, {"text": "also", "start_seconds": 192.08, "end_seconds": 192.4, "confidence": null}, {"text": "um", "start_seconds": 192.4, "end_seconds": 192.56, "confidence": null}, {"text": "ihr", "start_seconds": 192.56, "end_seconds": 192.72, "confidence": null}, {"text": "Herz", "start_seconds": 192.72, "end_seconds": 192.96, "confidence": null}, {"text": "sollten", "start_seconds": 192.96, "end_seconds": 193.2, "confidence": null}, {"text": "wir", "start_seconds": 193.2, "end_seconds": 193.28, "confidence": null}, {"text": "uns", "start_seconds": 194.08, "end_seconds": 194.4, "confidence": null}, {"text": "kümmern", "start_seconds": 194.4, "end_seconds": 194.56, "confidence": null}]}}
{"event": "live_event", "case": "de-herzrasen", "elapsed_seconds": 196.61031776699997, "value": {"type": "transcript.partial", "session_id": "39d0d082-7520-4554-ae04-41201290441b", "sequence": 256, "segment_id": 34, "revision": 1, "text": " und"}}
{"event": "live_event", "case": "de-herzrasen", "elapsed_seconds": 197.17461901599995, "value": {"type": "transcript.partial", "session_id": "39d0d082-7520-4554-ae04-41201290441b", "sequence": 257, "segment_id": 34, "revision": 2, "text": " und möglichst"}}
{"event": "live_event", "case": "de-herzrasen", "elapsed_seconds": 197.73613101599994, "value": {"type": "transcript.partial", "session_id": "39d0d082-7520-4554-ae04-41201290441b", "sequence": 258, "segment_id": 34, "revision": 3, "text": " und möglichst eine Erklärung"}}
{"event": "live_event", "case": "de-herzrasen", "elapsed_seconds": 198.2926558459999, "value": {"type": "transcript.partial", "session_id": "39d0d082-7520-4554-ae04-41201290441b", "sequence": 259, "segment_id": 34, "revision": 4, "text": " und möglichst eine Erklärung finden"}}
{"event": "live_event", "case": "de-herzrasen", "elapsed_seconds": 198.85345553899992, "value": {"type": "transcript.partial", "session_id": "39d0d082-7520-4554-ae04-41201290441b", "sequence": 260, "segment_id": 34, "revision": 5, "text": " und möglichst eine Erklärung finden, wie es"}}
{"event": "live_event", "case": "de-herzrasen", "elapsed_seconds": 199.4115367259999, "value": {"type": "transcript.partial", "session_id": "39d0d082-7520-4554-ae04-41201290441b", "sequence": 261, "segment_id": 34, "revision": 6, "text": " und möglichst eine Erklärung finden, wie es mit"}}
{"event": "live_event", "case": "de-herzrasen", "elapsed_seconds": 200.53436934299998, "value": {"type": "transcript.partial", "session_id": "39d0d082-7520-4554-ae04-41201290441b", "sequence": 262, "segment_id": 34, "revision": 7, "text": " und möglichst eine Erklärung finden, wie es mit Ihrem"}}
{"event": "live_event", "case": "de-herzrasen", "elapsed_seconds": 201.09200524799985, "value": {"type": "transcript.partial", "session_id": "39d0d082-7520-4554-ae04-41201290441b", "sequence": 263, "segment_id": 34, "revision": 8, "text": " und möglichst eine Erklärung finden, wie es mit Ihrem Schlaf"}}
{"event": "live_event", "case": "de-herzrasen", "elapsed_seconds": 201.65017057699993, "value": {"type": "transcript.final", "session_id": "39d0d082-7520-4554-ae04-41201290441b", "sequence": 264, "segment_id": 34, "revision": 9, "text": " und möglichst eine Erklärung finden, wie es mit Ihrem Schlaf", "granularity": "word", "items": [{"text": " und", "start_seconds": 196.0, "end_seconds": 196.08, "confidence": null}, {"text": "möglichst", "start_seconds": 196.64, "end_seconds": 197.12, "confidence": null}, {"text": "eine", "start_seconds": 197.12, "end_seconds": 197.2, "confidence": null}, {"text": "Erklärung", "start_seconds": 197.2, "end_seconds": 197.68, "confidence": null}, {"text": "finden,", "start_seconds": 197.68, "end_seconds": 197.76, "confidence": null}, {"text": "wie", "start_seconds": 198.4, "end_seconds": 198.72, "confidence": null}, {"text": "es", "start_seconds": 198.72, "end_seconds": 199.04, "confidence": null}, {"text": "mit", "start_seconds": 199.04, "end_seconds": 199.12, "confidence": null}, {"text": "Ihrem", "start_seconds": 200.08, "end_seconds": 200.48, "confidence": null}, {"text": "Schlaf", "start_seconds": 200.48, "end_seconds": 200.56, "confidence": null}]}}
{"event": "live_event", "case": "de-herzrasen", "elapsed_seconds": 203.33418303099984, "value": {"type": "transcript.partial", "session_id": "39d0d082-7520-4554-ae04-41201290441b", "sequence": 265, "segment_id": 35, "revision": 1, "text": " schlecht"}}
{"event": "live_event", "case": "de-herzrasen", "elapsed_seconds": 204.4495573669999, "value": {"type": "transcript.final", "session_id": "39d0d082-7520-4554-ae04-41201290441b", "sequence": 266, "segment_id": 35, "revision": 2, "text": " schlecht", "granularity": "word", "items": [{"text": " schlecht", "start_seconds": 202.8, "end_seconds": 202.96, "confidence": null}]}}
{"event": "live_event", "case": "de-herzrasen", "elapsed_seconds": 205.57543587399982, "value": {"type": "transcript.partial", "session_id": "39d0d082-7520-4554-ae04-41201290441b", "sequence": 267, "segment_id": 36, "revision": 1, "text": ".  Ich weiß"}}
{"event": "live_event", "case": "de-herzrasen", "elapsed_seconds": 206.13574598299988, "value": {"type": "transcript.partial", "session_id": "39d0d082-7520-4554-ae04-41201290441b", "sequence": 268, "segment_id": 36, "revision": 2, "text": ".  Ich weiß nicht, wann"}}
{"event": "live_event", "case": "de-herzrasen", "elapsed_seconds": 206.6971181209999, "value": {"type": "transcript.partial", "session_id": "39d0d082-7520-4554-ae04-41201290441b", "sequence": 269, "segment_id": 36, "revision": 3, "text": ".  Ich weiß nicht, wann ich es letzte Mal mehr"}}
{"event": "live_event", "case": "de-herzrasen", "elapsed_seconds": 207.25776083899996, "value": {"type": "transcript.partial", "session_id": "39d0d082-7520-4554-ae04-41201290441b", "sequence": 270, "segment_id": 36, "revision": 4, "text": ".  Ich weiß nicht, wann ich es letzte Mal mehr als fünf Stund"}}
{"event": "live_event", "case": "de-herzrasen", "elapsed_seconds": 207.81436178499985, "value": {"type": "transcript.partial", "session_id": "39d0d082-7520-4554-ae04-41201290441b", "sequence": 271, "segment_id": 36, "revision": 5, "text": ".  Ich weiß nicht, wann ich es letzte Mal mehr als fünf Stunden ein Stück"}}
{"event": "live_event", "case": "de-herzrasen", "elapsed_seconds": 208.37518856099996, "value": {"type": "transcript.partial", "session_id": "39d0d082-7520-4554-ae04-41201290441b", "sequence": 272, "segment_id": 36, "revision": 6, "text": ".  Ich weiß nicht, wann ich es letzte Mal mehr als fünf Stunden ein Stück geschlafen habe"}}
{"event": "live_event", "case": "de-herzrasen", "elapsed_seconds": 209.49164909599995, "value": {"type": "transcript.final", "session_id": "39d0d082-7520-4554-ae04-41201290441b", "sequence": 273, "segment_id": 36, "revision": 7, "text": "Ich weiß nicht, wann ich es letzte Mal mehr als fünf Stunden ein Stück geschlafen habe", "granularity": "word", "items": [{"text": "Ich", "start_seconds": 205.12, "end_seconds": 205.28, "confidence": null}, {"text": "weiß", "start_seconds": 205.28, "end_seconds": 205.6, "confidence": null}, {"text": "nicht,", "start_seconds": 205.6, "end_seconds": 205.84, "confidence": null}, {"text": "wann", "start_seconds": 205.84, "end_seconds": 206.08, "confidence": null}, {"text": "ich", "start_seconds": 206.08, "end_seconds": 206.16, "confidence": null}, {"text": "es", "start_seconds": 206.16, "end_seconds": 206.24, "confidence": null}, {"text": "letzte", "start_seconds": 206.24, "end_seconds": 206.4, "confidence": null}, {"text": "Mal", "start_seconds": 206.4, "end_seconds": 206.56, "confidence": null}, {"text": "mehr", "start_seconds": 206.56, "end_seconds": 206.72, "confidence": null}, {"text": "als", "start_seconds": 206.72, "end_seconds": 206.88, "confidence": null}, {"text": "fünf", "start_seconds": 206.88, "end_seconds": 207.04, "confidence": null}, {"text": "Stunden", "start_seconds": 207.04, "end_seconds": 207.44, "confidence": null}, {"text": "ein", "start_seconds": 207.44, "end_seconds": 207.6, "confidence": null}, {"text": "Stück", "start_seconds": 207.6, "end_seconds": 207.76, "confidence": null}, {"text": "geschlafen", "start_seconds": 207.76, "end_seconds": 208.16, "confidence": null}, {"text": "habe", "start_seconds": 208.16, "end_seconds": 208.24, "confidence": null}]}}
{"event": "live_event", "case": "de-herzrasen", "elapsed_seconds": 211.17577723199997, "value": {"type": "transcript.partial", "session_id": "39d0d082-7520-4554-ae04-41201290441b", "sequence": 274, "segment_id": 37, "revision": 1, "text": " und ich schwitze"}}
{"event": "live_event", "case": "de-herzrasen", "elapsed_seconds": 211.731538644, "value": {"type": "transcript.partial", "session_id": "39d0d082-7520-4554-ae04-41201290441b", "sequence": 275, "segment_id": 37, "revision": 2, "text": " und ich schwitze auch"}}
{"event": "live_event", "case": "de-herzrasen", "elapsed_seconds": 212.85571826, "value": {"type": "transcript.partial", "session_id": "39d0d082-7520-4554-ae04-41201290441b", "sequence": 276, "segment_id": 37, "revision": 3, "text": " und ich schwitze auch absurd viel"}}
{"event": "live_event", "case": "de-herzrasen", "elapsed_seconds": 213.41371605299992, "value": {"type": "transcript.partial", "session_id": "39d0d082-7520-4554-ae04-41201290441b", "sequence": 277, "segment_id": 37, "revision": 4, "text": " und ich schwitze auch absurd viel nachts"}}
{"event": "live_event", "case": "de-herzrasen", "elapsed_seconds": 214.53446064599984, "value": {"type": "transcript.partial", "session_id": "39d0d082-7520-4554-ae04-41201290441b", "sequence": 278, "segment_id": 37, "revision": 5, "text": " und ich schwitze auch absurd viel nachts.  Ich kann"}}
{"event": "live_event", "case": "de-herzrasen", "elapsed_seconds": 215.09506998999996, "value": {"type": "transcript.partial", "session_id": "39d0d082-7520-4554-ae04-41201290441b", "sequence": 279, "segment_id": 37, "revision": 6, "text": " und ich schwitze auch absurd viel nachts.  Ich kann mein T Shirt"}}
{"event": "live_event", "case": "de-herzrasen", "elapsed_seconds": 215.65683838199993, "value": {"type": "transcript.partial", "session_id": "39d0d082-7520-4554-ae04-41201290441b", "sequence": 280, "segment_id": 37, "revision": 7, "text": " und ich schwitze auch absurd viel nachts.  Ich kann mein T Shirt morgens aus"}}
{"event": "live_event", "case": "de-herzrasen", "elapsed_seconds": 216.21344448499985, "value": {"type": "transcript.partial", "session_id": "39d0d082-7520-4554-ae04-41201290441b", "sequence": 281, "segment_id": 37, "revision": 8, "text": " und ich schwitze auch absurd viel nachts.  Ich kann mein T Shirt morgens ausbringen"}}
{"event": "live_event", "case": "de-herzrasen", "elapsed_seconds": 216.77497622199985, "value": {"type": "transcript.partial", "session_id": "39d0d082-7520-4554-ae04-41201290441b", "sequence": 282, "segment_id": 37, "revision": 9, "text": " und ich schwitze auch absurd viel nachts.  Ich kann mein T Shirt morgens ausbringen, damit"}}
{"event": "live_event", "case": "de-herzrasen", "elapsed_seconds": 217.33317764799995, "value": {"type": "transcript.partial", "session_id": "39d0d082-7520-4554-ae04-41201290441b", "sequence": 283, "segment_id": 37, "revision": 10, "text": " und ich schwitze auch absurd viel nachts.  Ich kann mein T Shirt morgens ausbringen, damit die Wo"}}
{"event": "live_event", "case": "de-herzrasen", "elapsed_seconds": 217.8941948659999, "value": {"type": "transcript.partial", "session_id": "39d0d082-7520-4554-ae04-41201290441b", "sequence": 284, "segment_id": 37, "revision": 11, "text": " und ich schwitze auch absurd viel nachts.  Ich kann mein T Shirt morgens ausbringen, damit die Wohnung putz"}}
{"event": "live_event", "case": "de-herzrasen", "elapsed_seconds": 218.45138232699992, "value": {"type": "transcript.partial", "session_id": "39d0d082-7520-4554-ae04-41201290441b", "sequence": 285, "segment_id": 37, "revision": 12, "text": " und ich schwitze auch absurd viel nachts.  Ich kann mein T Shirt morgens ausbringen, damit die Wohnung putzen"}}
{"event": "live_event", "case": "de-herzrasen", "elapsed_seconds": 219.011117882, "value": {"type": "transcript.final", "session_id": "39d0d082-7520-4554-ae04-41201290441b", "sequence": 286, "segment_id": 37, "revision": 13, "text": " und ich schwitze auch absurd viel nachts. Ich kann mein T Shirt morgens ausbringen, damit die Wohnung putzen", "granularity": "word", "items": [{"text": " und", "start_seconds": 210.56, "end_seconds": 210.72, "confidence": null}, {"text": "ich", "start_seconds": 210.72, "end_seconds": 210.8, "confidence": null}, {"text": "schwitze", "start_seconds": 210.8, "end_seconds": 211.28, "confidence": null}, {"text": "auch", "start_seconds": 211.28, "end_seconds": 211.36, "confidence": null}, {"text": "absurd", "start_seconds": 212.24, "end_seconds": 212.64, "confidence": null}, {"text": "viel", "start_seconds": 212.64, "end_seconds": 212.72, "confidence": null}, {"text": "nachts.", "start_seconds": 213.2, "end_seconds": 213.28, "confidence": null}, {"text": "Ich", "start_seconds": 214.24, "end_seconds": 214.4, "confidence": null}, {"text": "kann", "start_seconds": 214.4, "end_seconds": 214.56, "confidence": null}, {"text": "mein", "start_seconds": 214.56, "end_seconds": 214.72, "confidence": null}, {"text": "T", "start_seconds": 214.72, "end_seconds": 214.88, "confidence": null}, {"text": "Shirt", "start_seconds": 214.88, "end_seconds": 215.12, "confidence": null}, {"text": "morgens", "start_seconds": 215.12, "end_seconds": 215.52, "confidence": null}, {"text": "ausbringen,", "start_seconds": 215.52, "end_seconds": 215.84, "confidence": null}, {"text": "damit", "start_seconds": 216.48, "end_seconds": 216.96, "confidence": null}, {"text": "die", "start_seconds": 216.96, "end_seconds": 217.12, "confidence": null}, {"text": "Wohnung", "start_seconds": 217.12, "end_seconds": 217.6, "confidence": null}, {"text": "putzen", "start_seconds": 217.6, "end_seconds": 217.84, "confidence": null}]}}
{"event": "live_event", "case": "de-herzrasen", "elapsed_seconds": 220.69287948099986, "value": {"type": "transcript.partial", "session_id": "39d0d082-7520-4554-ae04-41201290441b", "sequence": 287, "segment_id": 38, "revision": 1, "text": ", wie"}}
{"event": "live_event", "case": "de-herzrasen", "elapsed_seconds": 221.2542724079999, "value": {"type": "transcript.partial", "session_id": "39d0d082-7520-4554-ae04-41201290441b", "sequence": 288, "segment_id": 38, "revision": 2, "text": ", wie ist der Appet"}}
{"event": "live_event", "case": "de-herzrasen", "elapsed_seconds": 221.81419598899993, "value": {"type": "transcript.partial", "session_id": "39d0d082-7520-4554-ae04-41201290441b", "sequence": 289, "segment_id": 38, "revision": 3, "text": ", wie ist der Appetit? "}}
{"event": "live_event", "case": "de-herzrasen", "elapsed_seconds": 222.37523899899998, "value": {"type": "transcript.partial", "session_id": "39d0d082-7520-4554-ae04-41201290441b", "sequence": 290, "segment_id": 38, "revision": 4, "text": ", wie ist der Appetit?  Gut, gut, ich"}}
{"event": "live_event", "case": "de-herzrasen", "elapsed_seconds": 222.934144823, "value": {"type": "transcript.partial", "session_id": "39d0d082-7520-4554-ae04-41201290441b", "sequence": 291, "segment_id": 38, "revision": 5, "text": ", wie ist der Appetit?  Gut, gut, ich hab ich habe"}}
{"event": "live_event", "case": "de-herzrasen", "elapsed_seconds": 224.05453930199997, "value": {"type": "transcript.partial", "session_id": "39d0d082-7520-4554-ae04-41201290441b", "sequence": 292, "segment_id": 38, "revision": 6, "text": ", wie ist der Appetit?  Gut, gut, ich hab ich habe viel Hunger"}}
{"event": "live_event", "case": "de-herzrasen", "elapsed_seconds": 225.17036854899993, "value": {"type": "transcript.final", "session_id": "39d0d082-7520-4554-ae04-41201290441b", "sequence": 293, "segment_id": 38, "revision": 7, "text": "wie ist der Appetit? Gut, gut, ich hab ich habe viel Hunger", "granularity": "word", "items": [{"text": "wie", "start_seconds": 220.4, "end_seconds": 220.72, "confidence": null}, {"text": "ist", "start_seconds": 220.72, "end_seconds": 220.88, "confidence": null}, {"text": "der", "start_seconds": 220.88, "end_seconds": 220.96, "confidence": null}, {"text": "Appetit?", "start_seconds": 220.96, "end_seconds": 221.52, "confidence": null}, {"text": "Gut,", "start_seconds": 221.76, "end_seconds": 222.0, "confidence": null}, {"text": "gut,", "start_seconds": 222.0, "end_seconds": 222.24, "confidence": null}, {"text": "ich", "start_seconds": 222.24, "end_seconds": 222.4, "confidence": null}, {"text": "hab", "start_seconds": 222.4, "end_seconds": 222.64, "confidence": null}, {"text": "ich", "start_seconds": 222.64, "end_seconds": 222.72, "confidence": null}, {"text": "habe", "start_seconds": 222.72, "end_seconds": 222.8, "confidence": null}, {"text": "viel", "start_seconds": 223.6, "end_seconds": 223.84, "confidence": null}, {"text": "Hunger", "start_seconds": 223.84, "end_seconds": 223.92, "confidence": null}]}}
{"event": "live_event", "case": "de-herzrasen", "elapsed_seconds": 225.73445704899996, "value": {"type": "transcript.partial", "session_id": "39d0d082-7520-4554-ae04-41201290441b", "sequence": 294, "segment_id": 39, "revision": 1, "text": " und das Gewicht"}}
{"event": "live_event", "case": "de-herzrasen", "elapsed_seconds": 226.85115668899994, "value": {"type": "transcript.final", "session_id": "39d0d082-7520-4554-ae04-41201290441b", "sequence": 295, "segment_id": 39, "revision": 2, "text": " und das Gewicht", "granularity": "word", "items": [{"text": " und", "start_seconds": 225.12, "end_seconds": 225.2, "confidence": null}, {"text": "das", "start_seconds": 225.2, "end_seconds": 225.36, "confidence": null}, {"text": "Gewicht", "start_seconds": 225.36, "end_seconds": 225.6, "confidence": null}]}}
{"event": "live_event", "case": "de-herzrasen", "elapsed_seconds": 227.41449806899982, "value": {"type": "transcript.partial", "session_id": "39d0d082-7520-4554-ae04-41201290441b", "sequence": 296, "segment_id": 40, "revision": 1, "text": ".  Es sind"}}
{"event": "live_event", "case": "de-herzrasen", "elapsed_seconds": 227.97511108799995, "value": {"type": "transcript.partial", "session_id": "39d0d082-7520-4554-ae04-41201290441b", "sequence": 297, "segment_id": 40, "revision": 2, "text": ".  Es sind vier Kilo we"}}
{"event": "live_event", "case": "de-herzrasen", "elapsed_seconds": 228.53698713199992, "value": {"type": "transcript.partial", "session_id": "39d0d082-7520-4554-ae04-41201290441b", "sequence": 298, "segment_id": 40, "revision": 3, "text": ".  Es sind vier Kilo weg in den letz"}}
{"event": "live_event", "case": "de-herzrasen", "elapsed_seconds": 229.09777040599988, "value": {"type": "transcript.partial", "session_id": "39d0d082-7520-4554-ae04-41201290441b", "sequence": 299, "segment_id": 40, "revision": 4, "text": ".  Es sind vier Kilo weg in den letzten sechs Wochen"}}
{"event": "live_event", "case": "de-herzrasen", "elapsed_seconds": 230.21602107199988, "value": {"type": "transcript.partial", "session_id": "39d0d082-7520-4554-ae04-41201290441b", "sequence": 300, "segment_id": 40, "revision": 5, "text": ".  Es sind vier Kilo weg in den letzten sechs Wochen, obwohl sie"}}
{"event": "live_event", "case": "de-herzrasen", "elapsed_seconds": 230.77530731000002, "value": {"type": "transcript.partial", "session_id": "39d0d082-7520-4554-ae04-41201290441b", "sequence": 301, "segment_id": 40, "revision": 6, "text": ".  Es sind vier Kilo weg in den letzten sechs Wochen, obwohl sie viel Appetit"}}
{"event": "live_event", "case": "de-herzrasen", "elapsed_seconds": 231.88982643399981, "value": {"type": "transcript.final", "session_id": "39d0d082-7520-4554-ae04-41201290441b", "sequence": 302, "segment_id": 40, "revision": 7, "text": "Es sind vier Kilo weg in den letzten sechs Wochen, obwohl sie viel Appetit", "granularity": "word", "items": [{"text": "Es", "start_seconds": 226.96, "end_seconds": 227.12, "confidence": null}, {"text": "sind", "start_seconds": 227.12, "end_seconds": 227.36, "confidence": null}, {"text": "vier", "start_seconds": 227.36, "end_seconds": 227.52, "confidence": null}, {"text": "Kilo", "start_seconds": 227.52, "end_seconds": 227.84, "confidence": null}, {"text": "weg", "start_seconds": 227.84, "end_seconds": 228.24, "confidence": null}, {"text": "in", "start_seconds": 228.24, "end_seconds": 228.32, "confidence": null}, {"text": "den", "start_seconds": 228.32, "end_seconds": 228.4, "confidence": null}, {"text": "letzten", "start_seconds": 228.4, "end_seconds": 228.64, "confidence": null}, {"text": "sechs", "start_seconds": 228.64, "end_seconds": 228.88, "confidence": null}, {"text": "Wochen,", "start_seconds": 228.88, "end_seconds": 228.96, "confidence": null}, {"text": "obwohl", "start_seconds": 229.76, "end_seconds": 230.08, "confidence": null}, {"text": "sie", "start_seconds": 230.08, "end_seconds": 230.24, "confidence": null}, {"text": "viel", "start_seconds": 230.24, "end_seconds": 230.48, "confidence": null}, {"text": "Appetit", "start_seconds": 230.48, "end_seconds": 230.64, "confidence": null}]}}
{"event": "live_event", "case": "de-herzrasen", "elapsed_seconds": 235.25351823899996, "value": {"type": "transcript.partial", "session_id": "39d0d082-7520-4554-ae04-41201290441b", "sequence": 303, "segment_id": 41, "revision": 1, "text": " und vier"}}
{"event": "live_event", "case": "de-herzrasen", "elapsed_seconds": 235.814758064, "value": {"type": "transcript.partial", "session_id": "39d0d082-7520-4554-ae04-41201290441b", "sequence": 304, "segment_id": 41, "revision": 2, "text": " und vier Kilo sind für"}}
{"event": "live_event", "case": "de-herzrasen", "elapsed_seconds": 236.37870583699987, "value": {"type": "transcript.partial", "session_id": "39d0d082-7520-4554-ae04-41201290441b", "sequence": 305, "segment_id": 41, "revision": 3, "text": " und vier Kilo sind für mich eine ganze Menge"}}
{"event": "live_event", "case": "de-herzrasen", "elapsed_seconds": 236.939040901, "value": {"type": "transcript.partial", "session_id": "39d0d082-7520-4554-ae04-41201290441b", "sequence": 306, "segment_id": 41, "revision": 4, "text": " und vier Kilo sind für mich eine ganze Menge ehrlich gesagt"}}
{"event": "live_event", "case": "de-herzrasen", "elapsed_seconds": 238.05016812099984, "value": {"type": "transcript.final", "session_id": "39d0d082-7520-4554-ae04-41201290441b", "sequence": 307, "segment_id": 41, "revision": 5, "text": " und vier Kilo sind für mich eine ganze Menge ehrlich gesagt", "granularity": "word", "items": [{"text": " und", "start_seconds": 234.72, "end_seconds": 235.04, "confidence": null}, {"text": "vier", "start_seconds": 235.04, "end_seconds": 235.2, "confidence": null}, {"text": "Kilo", "start_seconds": 235.2, "end_seconds": 235.52, "confidence": null}, {"text": "sind", "start_seconds": 235.52, "end_seconds": 235.68, "confidence": null}, {"text": "für", "start_seconds": 235.68, "end_seconds": 235.76, "confidence": null}, {"text": "mich", "start_seconds": 235.76, "end_seconds": 235.84, "confidence": null}, {"text": "eine", "start_seconds": 235.84, "end_seconds": 236.0, "confidence": null}, {"text": "ganze", "start_seconds": 236.0, "end_seconds": 236.16, "confidence": null}, {"text": "Menge", "start_seconds": 236.16, "end_seconds": 236.4, "confidence": null}, {"text": "ehrlich", "start_seconds": 236.4, "end_seconds": 236.72, "confidence": null}, {"text": "gesagt", "start_seconds": 236.72, "end_seconds": 236.8, "confidence": null}]}}
{"event": "live_event", "case": "de-herzrasen", "elapsed_seconds": 238.61335494399987, "value": {"type": "transcript.partial", "session_id": "39d0d082-7520-4554-ae04-41201290441b", "sequence": 308, "segment_id": 42, "revision": 1, "text": ".  Ja"}}
{"event": "live_event", "case": "de-herzrasen", "elapsed_seconds": 239.72909443899994, "value": {"type": "transcript.final", "session_id": "39d0d082-7520-4554-ae04-41201290441b", "sequence": 309, "segment_id": 42, "revision": 2, "text": "Ja", "granularity": "word", "items": [{"text": "Ja", "start_seconds": 238.4, "end_seconds": 238.48, "confidence": null}]}}
{"event": "live_event", "case": "de-herzrasen", "elapsed_seconds": 240.85410656599993, "value": {"type": "transcript.partial", "session_id": "39d0d082-7520-4554-ae04-41201290441b", "sequence": 310, "segment_id": 43, "revision": 1, "text": " vielleicht"}}
{"event": "live_event", "case": "de-herzrasen", "elapsed_seconds": 241.41778379699986, "value": {"type": "transcript.partial", "session_id": "39d0d082-7520-4554-ae04-41201290441b", "sequence": 311, "segment_id": 43, "revision": 2, "text": " vielleicht erzählen Sie mir"}}
{"event": "live_event", "case": "de-herzrasen", "elapsed_seconds": 241.975789288, "value": {"type": "transcript.partial", "session_id": "39d0d082-7520-4554-ae04-41201290441b", "sequence": 312, "segment_id": 43, "revision": 3, "text": " vielleicht erzählen Sie mir noch zwei, drei"}}
{"event": "live_event", "case": "de-herzrasen", "elapsed_seconds": 242.53297596899984, "value": {"type": "transcript.partial", "session_id": "39d0d082-7520-4554-ae04-41201290441b", "sequence": 313, "segment_id": 43, "revision": 4, "text": " vielleicht erzählen Sie mir noch zwei, drei Dinge"}}
{"event": "live_event", "case": "de-herzrasen", "elapsed_seconds": 243.092872146, "value": {"type": "transcript.partial", "session_id": "39d0d082-7520-4554-ae04-41201290441b", "sequence": 314, "segment_id": 43, "revision": 5, "text": " vielleicht erzählen Sie mir noch zwei, drei Dinge aus Ihr"}}
{"event": "live_event", "case": "de-herzrasen", "elapsed_seconds": 243.65565524299996, "value": {"type": "transcript.partial", "session_id": "39d0d082-7520-4554-ae04-41201290441b", "sequence": 315, "segment_id": 43, "revision": 6, "text": " vielleicht erzählen Sie mir noch zwei, drei Dinge aus Ihrem sonstigen Le"}}
{"event": "live_event", "case": "de-herzrasen", "elapsed_seconds": 244.21359245999997, "value": {"type": "transcript.partial", "session_id": "39d0d082-7520-4554-ae04-41201290441b", "sequence": 316, "segment_id": 43, "revision": 7, "text": " vielleicht erzählen Sie mir noch zwei, drei Dinge aus Ihrem sonstigen Leben, wenn Sie"}}
{"event": "live_event", "case": "de-herzrasen", "elapsed_seconds": 244.77224287499985, "value": {"type": "transcript.partial", "session_id": "39d0d082-7520-4554-ae04-41201290441b", "sequence": 317, "segment_id": 43, "revision": 8, "text": " vielleicht erzählen Sie mir noch zwei, drei Dinge aus Ihrem sonstigen Leben, wenn Sie mögen"}}
{"event": "live_event", "case": "de-herzrasen", "elapsed_seconds": 245.33018733699987, "value": {"type": "transcript.final", "session_id": "39d0d082-7520-4554-ae04-41201290441b", "sequence": 318, "segment_id": 43, "revision": 9, "text": " vielleicht erzählen Sie mir noch zwei, drei Dinge aus Ihrem sonstigen Leben, wenn Sie mögen", "granularity": "word", "items": [{"text": " vielleicht", "start_seconds": 240.4, "end_seconds": 240.48, "confidence": null}, {"text": "erzählen", "start_seconds": 240.88, "end_seconds": 241.2, "confidence": null}, {"text": "Sie", "start_seconds": 241.2, "end_seconds": 241.28, "confidence": null}, {"text": "mir", "start_seconds": 241.28, "end_seconds": 241.44, "confidence": null}, {"text": "noch", "start_seconds": 241.44, "end_seconds": 241.52, "confidence": null}, {"text": "zwei,", "start_seconds": 241.52, "end_seconds": 241.76, "confidence": null}, {"text": "drei", "start_seconds": 241.76, "end_seconds": 241.92, "confidence": null}, {"text": "Dinge", "start_seconds": 241.92, "end_seconds": 242.0, "confidence": null}, {"text": "aus", "start_seconds": 242.56, "end_seconds": 242.8, "confidence": null}, {"text": "Ihrem", "start_seconds": 242.8, "end_seconds": 243.12, "confidence": null}, {"text": "sonstigen", "start_seconds": 243.12, "end_seconds": 243.44, "confidence": null}, {"text": "Leben,", "start_seconds": 243.44, "end_seconds": 243.76, "confidence": null}, {"text": "wenn", "start_seconds": 243.76, "end_seconds": 243.92, "confidence": null}, {"text": "Sie", "start_seconds": 243.92, "end_seconds": 244.16, "confidence": null}, {"text": "mögen", "start_seconds": 244.16, "end_seconds": 244.24, "confidence": null}]}}
{"event": "live_event", "case": "de-herzrasen", "elapsed_seconds": 246.45577759499997, "value": {"type": "transcript.partial", "session_id": "39d0d082-7520-4554-ae04-41201290441b", "sequence": 319, "segment_id": 44, "revision": 1, "text": ".  Was machen Sie"}}
{"event": "live_event", "case": "de-herzrasen", "elapsed_seconds": 247.01233578999995, "value": {"type": "transcript.partial", "session_id": "39d0d082-7520-4554-ae04-41201290441b", "sequence": 320, "segment_id": 44, "revision": 2, "text": ".  Was machen Sie genau"}}
{"event": "live_event", "case": "de-herzrasen", "elapsed_seconds": 247.57267528800003, "value": {"type": "transcript.partial", "session_id": "39d0d082-7520-4554-ae04-41201290441b", "sequence": 321, "segment_id": 44, "revision": 3, "text": ".  Was machen Sie genau beruflich"}}
{"event": "live_event", "case": "de-herzrasen", "elapsed_seconds": 248.69197336499997, "value": {"type": "transcript.partial", "session_id": "39d0d082-7520-4554-ae04-41201290441b", "sequence": 322, "segment_id": 44, "revision": 4, "text": ".  Was machen Sie genau beruflich?  Ich"}}
{"event": "live_event", "case": "de-herzrasen", "elapsed_seconds": 249.25321475600003, "value": {"type": "transcript.partial", "session_id": "39d0d082-7520-4554-ae04-41201290441b", "sequence": 323, "segment_id": 44, "revision": 5, "text": ".  Was machen Sie genau beruflich?  Ich studiere"}}
{"event": "live_event", "case": "de-herzrasen", "elapsed_seconds": 250.370888959, "value": {"type": "transcript.final", "session_id": "39d0d082-7520-4554-ae04-41201290441b", "sequence": 324, "segment_id": 44, "revision": 6, "text": "Was machen Sie genau beruflich? Ich studiere", "granularity": "word", "items": [{"text": "Was", "start_seconds": 245.92, "end_seconds": 246.16, "confidence": null}, {"text": "machen", "start_seconds": 246.16, "end_seconds": 246.32, "confidence": null}, {"text": "Sie", "start_seconds": 246.32, "end_seconds": 246.48, "confidence": null}, {"text": "genau", "start_seconds": 246.48, "end_seconds": 246.56, "confidence": null}, {"text": "beruflich?", "start_seconds": 246.96, "end_seconds": 247.28, "confidence": null}, {"text": "Ich", "start_seconds": 248.4, "end_seconds": 248.72, "confidence": null}, {"text": "studiere", "start_seconds": 248.72, "end_seconds": 249.04, "confidence": null}]}}
{"event": "live_event", "case": "de-herzrasen", "elapsed_seconds": 250.93245617799994, "value": {"type": "transcript.partial", "session_id": "39d0d082-7520-4554-ae04-41201290441b", "sequence": 325, "segment_id": 45, "revision": 1, "text": " Maschinen"}}
{"event": "live_event", "case": "de-herzrasen", "elapsed_seconds": 251.49169493399995, "value": {"type": "transcript.partial", "session_id": "39d0d082-7520-4554-ae04-41201290441b", "sequence": 326, "segment_id": 45, "revision": 2, "text": " Maschinenbau"}}
{"event": "live_event", "case": "de-herzrasen", "elapsed_seconds": 252.05304939099983, "value": {"type": "transcript.partial", "session_id": "39d0d082-7520-4554-ae04-41201290441b", "sequence": 327, "segment_id": 45, "revision": 3, "text": " Maschinenbau, ich habe"}}
{"event": "live_event", "case": "de-herzrasen", "elapsed_seconds": 252.61357084799988, "value": {"type": "transcript.partial", "session_id": "39d0d082-7520-4554-ae04-41201290441b", "sequence": 328, "segment_id": 45, "revision": 4, "text": " Maschinenbau, ich habe gerade"}}
{"event": "live_event", "case": "de-herzrasen", "elapsed_seconds": 253.175654871, "value": {"type": "transcript.partial", "session_id": "39d0d082-7520-4554-ae04-41201290441b", "sequence": 329, "segment_id": 45, "revision": 5, "text": " Maschinenbau, ich habe gerade Prüfung"}}
{"event": "live_event", "case": "de-herzrasen", "elapsed_seconds": 253.73324832499998, "value": {"type": "transcript.partial", "session_id": "39d0d082-7520-4554-ae04-41201290441b", "sequence": 330, "segment_id": 45, "revision": 6, "text": " Maschinenbau, ich habe gerade Prüfungsphase"}}
{"event": "live_event", "case": "de-herzrasen", "elapsed_seconds": 254.29209180099997, "value": {"type": "transcript.partial", "session_id": "39d0d082-7520-4554-ae04-41201290441b", "sequence": 331, "segment_id": 45, "revision": 7, "text": " Maschinenbau, ich habe gerade Prüfungsphase, muss ich"}}
{"event": "live_event", "case": "de-herzrasen", "elapsed_seconds": 254.85361567999985, "value": {"type": "transcript.partial", "session_id": "39d0d082-7520-4554-ae04-41201290441b", "sequence": 332, "segment_id": 45, "revision": 8, "text": " Maschinenbau, ich habe gerade Prüfungsphase, muss ich ein bisschen mehr"}}
{"event": "live_event", "case": "de-herzrasen", "elapsed_seconds": 255.41155512, "value": {"type": "transcript.partial", "session_id": "39d0d082-7520-4554-ae04-41201290441b", "sequence": 333, "segment_id": 45, "revision": 9, "text": " Maschinenbau, ich habe gerade Prüfungsphase, muss ich ein bisschen mehr machen als"}}
{"event": "live_event", "case": "de-herzrasen", "elapsed_seconds": 255.9760174769999, "value": {"type": "transcript.partial", "session_id": "39d0d082-7520-4554-ae04-41201290441b", "sequence": 334, "segment_id": 45, "revision": 10, "text": " Maschinenbau, ich habe gerade Prüfungsphase, muss ich ein bisschen mehr machen als sonst, aber es ist"}}
{"event": "live_event", "case": "de-herzrasen", "elapsed_seconds": 256.531467174, "value": {"type": "transcript.partial", "session_id": "39d0d082-7520-4554-ae04-41201290441b", "sequence": 335, "segment_id": 45, "revision": 11, "text": " Maschinenbau, ich habe gerade Prüfungsphase, muss ich ein bisschen mehr machen als sonst, aber es ist nicht"}}
{"event": "live_event", "case": "de-herzrasen", "elapsed_seconds": 257.095554624, "value": {"type": "transcript.partial", "session_id": "39d0d082-7520-4554-ae04-41201290441b", "sequence": 336, "segment_id": 45, "revision": 12, "text": " Maschinenbau, ich habe gerade Prüfungsphase, muss ich ein bisschen mehr machen als sonst, aber es ist nicht hier wirklich dran"}}
{"event": "live_event", "case": "de-herzrasen", "elapsed_seconds": 257.65380733999996, "value": {"type": "transcript.partial", "session_id": "39d0d082-7520-4554-ae04-41201290441b", "sequence": 337, "segment_id": 45, "revision": 13, "text": " Maschinenbau, ich habe gerade Prüfungsphase, muss ich ein bisschen mehr machen als sonst, aber es ist nicht hier wirklich dranmatisch"}}
{"event": "live_event", "case": "de-herzrasen", "elapsed_seconds": 258.7706940359999, "value": {"type": "transcript.final", "session_id": "39d0d082-7520-4554-ae04-41201290441b", "sequence": 338, "segment_id": 45, "revision": 14, "text": " Maschinenbau, ich habe gerade Prüfungsphase, muss ich ein bisschen mehr machen als sonst, aber es ist nicht hier wirklich dranmatisch", "granularity": "word", "items": [{"text": " Maschinenbau,", "start_seconds": 250.4, "end_seconds": 251.04, "confidence": null}, {"text": "ich", "start_seconds": 251.68, "end_seconds": 251.84, "confidence": null}, {"text": "habe", "start_seconds": 251.84, "end_seconds": 252.16, "confidence": null}, {"text": "gerade", "start_seconds": 252.16, "end_seconds": 252.24, "confidence": null}, {"text": "Prüfungsphase,", "start_seconds": 252.72, "end_seconds": 253.36, "confidence": null}, {"text": "muss", "start_seconds": 254.0, "end_seconds": 254.16, "confidence": null}, {"text": "ich", "start_seconds": 254.16, "end_seconds": 254.4, "confidence": null}, {"text": "ein", "start_seconds": 254.4, "end_seconds": 254.48, "confidence": null}, {"text": "bisschen", "start_seconds": 254.48, "end_seconds": 254.64, "confidence": null}, {"text": "mehr", "start_seconds": 254.64, "end_seconds": 254.88, "confidence": null}, {"text": "machen", "start_seconds": 254.88, "end_seconds": 254.96, "confidence": null}, {"text": "als", "start_seconds": 255.28, "end_seconds": 255.44, "confidence": null}, {"text": "sonst,", "start_seconds": 255.44, "end_seconds": 255.68, "confidence": null}, {"text": "aber", "start_seconds": 255.68, "end_seconds": 255.84, "confidence": null}, {"text": "es", "start_seconds": 255.84, "end_seconds": 255.92, "confidence": null}, {"text": "ist", "start_seconds": 255.92, "end_seconds": 256.08, "confidence": null}, {"text": "nicht", "start_seconds": 256.08, "end_seconds": 256.16, "confidence": null}, {"text": "hier", "start_seconds": 256.56, "end_seconds": 256.64, "confidence": null}, {"text": "wirklich", "start_seconds": 256.64, "end_seconds": 256.8, "confidence": null}, {"text": "dranmatisch", "start_seconds": 256.8, "end_seconds": 257.36, "confidence": null}]}}
{"event": "live_event", "case": "de-herzrasen", "elapsed_seconds": 259.890359106, "value": {"type": "transcript.partial", "session_id": "39d0d082-7520-4554-ae04-41201290441b", "sequence": 339, "segment_id": 46, "revision": 1, "text": " ver"}}
{"event": "live_event", "case": "de-herzrasen", "elapsed_seconds": 260.45593186299993, "value": {"type": "transcript.partial", "session_id": "39d0d082-7520-4554-ae04-41201290441b", "sequence": 340, "segment_id": 46, "revision": 2, "text": " verdiene mir ein bisschen"}}
{"event": "live_event", "case": "de-herzrasen", "elapsed_seconds": 261.01054570099996, "value": {"type": "transcript.partial", "session_id": "39d0d082-7520-4554-ae04-41201290441b", "sequence": 341, "segment_id": 46, "revision": 3, "text": " verdiene mir ein bisschen was"}}
{"event": "live_event", "case": "de-herzrasen", "elapsed_seconds": 261.574983597, "value": {"type": "transcript.partial", "session_id": "39d0d082-7520-4554-ae04-41201290441b", "sequence": 342, "segment_id": 46, "revision": 4, "text": " verdiene mir ein bisschen was neben mir"}}
{"event": "live_event", "case": "de-herzrasen", "elapsed_seconds": 262.1334741769999, "value": {"type": "transcript.partial", "session_id": "39d0d082-7520-4554-ae04-41201290441b", "sequence": 343, "segment_id": 46, "revision": 5, "text": " verdiene mir ein bisschen was neben mir dazu"}}
{"event": "live_event", "case": "de-herzrasen", "elapsed_seconds": 262.704837257, "value": {"type": "transcript.partial", "session_id": "39d0d082-7520-4554-ae04-41201290441b", "sequence": 344, "segment_id": 46, "revision": 6, "text": " verdiene mir ein bisschen was neben mir dazu, bisschen"}}
{"event": "live_event", "case": "de-herzrasen", "elapsed_seconds": 263.81146402599984, "value": {"type": "transcript.final", "session_id": "39d0d082-7520-4554-ae04-41201290441b", "sequence": 345, "segment_id": 46, "revision": 7, "text": " verdiene mir ein bisschen was neben mir dazu, bisschen Au", "granularity": "word", "items": [{"text": " verdiene", "start_seconds": 259.6, "end_seconds": 260.08, "confidence": null}, {"text": "mir", "start_seconds": 260.08, "end_seconds": 260.16, "confidence": null}, {"text": "ein", "start_seconds": 260.16, "end_seconds": 260.32, "confidence": null}, {"text": "bisschen", "start_seconds": 260.32, "end_seconds": 260.56, "confidence": null}, {"text": "was", "start_seconds": 260.56, "end_seconds": 260.64, "confidence": null}, {"text": "neben", "start_seconds": 261.04, "end_seconds": 261.36, "confidence": null}, {"text": "mir", "start_seconds": 261.36, "end_seconds": 261.44, "confidence": null}, {"text": "dazu,", "start_seconds": 261.76, "end_seconds": 261.92, "confidence": null}, {"text": "bisschen", "start_seconds": 262.48, "end_seconds": 262.56, "confidence": null}, {"text": "Au", "start_seconds": 263.68, "end_seconds": 263.76, "confidence": null}]}}
{"event": "live_event", "case": "de-herzrasen", "elapsed_seconds": 264.37405304799995, "value": {"type": "transcript.partial", "session_id": "39d0d082-7520-4554-ae04-41201290441b", "sequence": 346, "segment_id": 47, "revision": 1, "text": "toschrauben"}}
{"event": "live_event", "case": "de-herzrasen", "elapsed_seconds": 264.93233477399986, "value": {"type": "transcript.partial", "session_id": "39d0d082-7520-4554-ae04-41201290441b", "sequence": 347, "segment_id": 47, "revision": 2, "text": "toschrauben oder"}}
{"event": "live_event", "case": "de-herzrasen", "elapsed_seconds": 265.4955834299999, "value": {"type": "transcript.partial", "session_id": "39d0d082-7520-4554-ae04-41201290441b", "sequence": 348, "segment_id": 47, "revision": 3, "text": "toschrauben oder Fahrräder"}}
{"event": "live_event", "case": "de-herzrasen", "elapsed_seconds": 266.05383667, "value": {"type": "transcript.partial", "session_id": "39d0d082-7520-4554-ae04-41201290441b", "sequence": 349, "segment_id": 47, "revision": 4, "text": "toschrauben oder Fahrräder oder so"}}
{"event": "live_event", "case": "de-herzrasen", "elapsed_seconds": 266.6127062129999, "value": {"type": "transcript.partial", "session_id": "39d0d082-7520-4554-ae04-41201290441b", "sequence": 350, "segment_id": 47, "revision": 5, "text": "toschrauben oder Fahrräder oder so, was was"}}
{"event": "live_event", "case": "de-herzrasen", "elapsed_seconds": 267.17738508799994, "value": {"type": "transcript.partial", "session_id": "39d0d082-7520-4554-ae04-41201290441b", "sequence": 351, "segment_id": 47, "revision": 6, "text": "toschrauben oder Fahrräder oder so, was was mich eher"}}
{"event": "live_event", "case": "de-herzrasen", "elapsed_seconds": 267.73721269199996, "value": {"type": "transcript.partial", "session_id": "39d0d082-7520-4554-ae04-41201290441b", "sequence": 352, "segment_id": 47, "revision": 7, "text": "toschrauben oder Fahrräder oder so, was was mich eher entspannt als"}}
{"event": "live_event", "case": "de-herzrasen", "elapsed_seconds": 268.84931393399984, "value": {"type": "transcript.final", "session_id": "39d0d082-7520-4554-ae04-41201290441b", "sequence": 353, "segment_id": 47, "revision": 8, "text": "toschrauben oder Fahrräder oder so, was was mich eher entspannt als", "granularity": "word", "items": [{"text": "toschrauben", "start_seconds": 263.76, "end_seconds": 264.4, "confidence": null}, {"text": "oder", "start_seconds": 264.4, "end_seconds": 264.48, "confidence": null}, {"text": "Fahrräder", "start_seconds": 264.88, "end_seconds": 265.52, "confidence": null}, {"text": "oder", "start_seconds": 265.52, "end_seconds": 265.68, "confidence": null}, {"text": "so,", "start_seconds": 265.68, "end_seconds": 265.76, "confidence": null}, {"text": "was", "start_seconds": 266.08, "end_seconds": 266.32, "confidence": null}, {"text": "was", "start_seconds": 266.32, "end_seconds": 266.56, "confidence": null}, {"text": "mich", "start_seconds": 266.56, "end_seconds": 266.72, "confidence": null}, {"text": "eher", "start_seconds": 266.72, "end_seconds": 267.12, "confidence": null}, {"text": "entspannt", "start_seconds": 267.12, "end_seconds": 267.52, "confidence": null}, {"text": "als", "start_seconds": 267.52, "end_seconds": 267.6, "confidence": null}]}}
{"event": "live_event", "case": "de-herzrasen", "elapsed_seconds": 269.41377033899994, "value": {"type": "transcript.partial", "session_id": "39d0d082-7520-4554-ae04-41201290441b", "sequence": 354, "segment_id": 48, "revision": 1, "text": " stresst"}}
{"event": "live_event", "case": "de-herzrasen", "elapsed_seconds": 270.52932128299994, "value": {"type": "transcript.final", "session_id": "39d0d082-7520-4554-ae04-41201290441b", "sequence": 355, "segment_id": 48, "revision": 2, "text": " stresst", "granularity": "word", "items": [{"text": " stresst", "start_seconds": 268.88, "end_seconds": 269.2, "confidence": null}]}}
{"event": "live_event", "case": "de-herzrasen", "elapsed_seconds": 271.0913758739998, "value": {"type": "transcript.partial", "session_id": "39d0d082-7520-4554-ae04-41201290441b", "sequence": 356, "segment_id": 49, "revision": 1, "text": " mit meine"}}
{"event": "live_event", "case": "de-herzrasen", "elapsed_seconds": 271.65892789500003, "value": {"type": "transcript.partial", "session_id": "39d0d082-7520-4554-ae04-41201290441b", "sequence": 357, "segment_id": 49, "revision": 2, "text": " mit meiner Freundin lä"}}
{"event": "live_event", "case": "de-herzrasen", "elapsed_seconds": 272.2132625319998, "value": {"type": "transcript.partial", "session_id": "39d0d082-7520-4554-ae04-41201290441b", "sequence": 358, "segment_id": 49, "revision": 3, "text": " mit meiner Freundin läuft alles"}}
{"event": "live_event", "case": "de-herzrasen", "elapsed_seconds": 272.7739283249998, "value": {"type": "transcript.partial", "session_id": "39d0d082-7520-4554-ae04-41201290441b", "sequence": 359, "segment_id": 49, "revision": 4, "text": " mit meiner Freundin läuft alles prima, also"}}
{"event": "live_event", "case": "de-herzrasen", "elapsed_seconds": 273.8903811179998, "value": {"type": "transcript.final", "session_id": "39d0d082-7520-4554-ae04-41201290441b", "sequence": 360, "segment_id": 49, "revision": 5, "text": " mit meiner Freundin läuft alles prima, also", "granularity": "word", "items": [{"text": " mit", "start_seconds": 270.64, "end_seconds": 270.96, "confidence": null}, {"text": "meiner", "start_seconds": 270.96, "end_seconds": 271.2, "confidence": null}, {"text": "Freundin", "start_seconds": 271.2, "end_seconds": 271.52, "confidence": null}, {"text": "läuft", "start_seconds": 271.52, "end_seconds": 271.84, "confidence": null}, {"text": "alles", "start_seconds": 271.84, "end_seconds": 272.16, "confidence": null}, {"text": "prima,", "start_seconds": 272.16, "end_seconds": 272.24, "confidence": null}, {"text": "also", "start_seconds": 272.56, "end_seconds": 272.64, "confidence": null}]}}
{"event": "live_event", "case": "de-herzrasen", "elapsed_seconds": 275.5753123689999, "value": {"type": "transcript.partial", "session_id": "39d0d082-7520-4554-ae04-41201290441b", "sequence": 361, "segment_id": 50, "revision": 1, "text": " eigentlich alles"}}
{"event": "live_event", "case": "de-herzrasen", "elapsed_seconds": 276.13234251799986, "value": {"type": "transcript.partial", "session_id": "39d0d082-7520-4554-ae04-41201290441b", "sequence": 362, "segment_id": 50, "revision": 2, "text": " eigentlich alles super"}}
{"event": "live_event", "case": "de-herzrasen", "elapsed_seconds": 277.25102702799995, "value": {"type": "transcript.final", "session_id": "39d0d082-7520-4554-ae04-41201290441b", "sequence": 363, "segment_id": 50, "revision": 3, "text": " eigentlich alles super", "granularity": "word", "items": [{"text": " eigentlich", "start_seconds": 274.96, "end_seconds": 275.28, "confidence": null}, {"text": "alles", "start_seconds": 275.28, "end_seconds": 275.6, "confidence": null}, {"text": "super", "start_seconds": 275.6, "end_seconds": 275.68, "confidence": null}]}}
{"event": "live_event", "case": "de-herzrasen", "elapsed_seconds": 279.49593661799986, "value": {"type": "transcript.partial", "session_id": "39d0d082-7520-4554-ae04-41201290441b", "sequence": 364, "segment_id": 51, "revision": 1, "text": " Sexualität"}}
{"event": "live_event", "case": "de-herzrasen", "elapsed_seconds": 280.6135098509999, "value": {"type": "transcript.partial", "session_id": "39d0d082-7520-4554-ae04-41201290441b", "sequence": 365, "segment_id": 51, "revision": 2, "text": " Sexualität alles gut"}}
{"event": "live_event", "case": "de-herzrasen", "elapsed_seconds": 281.7306195429999, "value": {"type": "transcript.final", "session_id": "39d0d082-7520-4554-ae04-41201290441b", "sequence": 366, "segment_id": 51, "revision": 3, "text": " Sexualität alles gut", "granularity": "word", "items": [{"text": " Sexualität", "start_seconds": 278.88, "end_seconds": 279.36, "confidence": null}, {"text": "alles", "start_seconds": 280.16, "end_seconds": 280.4, "confidence": null}, {"text": "gut", "start_seconds": 280.4, "end_seconds": 280.48, "confidence": null}]}}
{"event": "live_event", "case": "de-herzrasen", "elapsed_seconds": 283.9730426819999, "value": {"type": "transcript.partial", "session_id": "39d0d082-7520-4554-ae04-41201290441b", "sequence": 367, "segment_id": 52, "revision": 1, "text": ".  Okay"}}
{"event": "live_event", "case": "de-herzrasen", "elapsed_seconds": 284.543812054, "value": {"type": "transcript.partial", "session_id": "39d0d082-7520-4554-ae04-41201290441b", "sequence": 368, "segment_id": 52, "revision": 2, "text": ".  Okay, ich höre"}}
{"event": "live_event", "case": "de-herzrasen", "elapsed_seconds": 285.09228176700003, "value": {"type": "transcript.partial", "session_id": "39d0d082-7520-4554-ae04-41201290441b", "sequence": 369, "segment_id": 52, "revision": 3, "text": ".  Okay, ich höre raus"}}
{"event": "live_event", "case": "de-herzrasen", "elapsed_seconds": 286.21209738699986, "value": {"type": "transcript.partial", "session_id": "39d0d082-7520-4554-ae04-41201290441b", "sequence": 370, "segment_id": 52, "revision": 4, "text": ".  Okay, ich höre raus vor"}}
{"event": "live_event", "case": "de-herzrasen", "elapsed_seconds": 286.77747120999993, "value": {"type": "transcript.partial", "session_id": "39d0d082-7520-4554-ae04-41201290441b", "sequence": 371, "segment_id": 52, "revision": 5, "text": ".  Okay, ich höre raus vor sechs Wochen"}}
{"event": "live_event", "case": "de-herzrasen", "elapsed_seconds": 287.334827144, "value": {"type": "transcript.partial", "session_id": "39d0d082-7520-4554-ae04-41201290441b", "sequence": 372, "segment_id": 52, "revision": 6, "text": ".  Okay, ich höre raus vor sechs Wochen fangen plö"}}
{"event": "live_event", "case": "de-herzrasen", "elapsed_seconds": 287.8908531269999, "value": {"type": "transcript.partial", "session_id": "39d0d082-7520-4554-ae04-41201290441b", "sequence": 373, "segment_id": 52, "revision": 7, "text": ".  Okay, ich höre raus vor sechs Wochen fangen plötzlich diese"}}
{"event": "live_event", "case": "de-herzrasen", "elapsed_seconds": 288.455511116, "value": {"type": "transcript.partial", "session_id": "39d0d082-7520-4554-ae04-41201290441b", "sequence": 374, "segment_id": 52, "revision": 8, "text": ".  Okay, ich höre raus vor sechs Wochen fangen plötzlich diese Beschwerden an"}}
{"event": "live_event", "case": "de-herzrasen", "elapsed_seconds": 289.5726253989999, "value": {"type": "transcript.partial", "session_id": "39d0d082-7520-4554-ae04-41201290441b", "sequence": 375, "segment_id": 52, "revision": 9, "text": ".  Okay, ich höre raus vor sechs Wochen fangen plötzlich diese Beschwerden an Herz"}}
{"event": "live_event", "case": "de-herzrasen", "elapsed_seconds": 290.133911077, "value": {"type": "transcript.partial", "session_id": "39d0d082-7520-4554-ae04-41201290441b", "sequence": 376, "segment_id": 52, "revision": 10, "text": ".  Okay, ich höre raus vor sechs Wochen fangen plötzlich diese Beschwerden an Herzklopfen"}}
{"event": "live_event", "case": "de-herzrasen", "elapsed_seconds": 291.2505949199999, "value": {"type": "transcript.final", "session_id": "39d0d082-7520-4554-ae04-41201290441b", "sequence": 377, "segment_id": 52, "revision": 11, "text": "Okay, ich höre raus vor sechs Wochen fangen plötzlich diese Beschwerden an Herzklopfen", "granularity": "word", "items": [{"text": "Okay,", "start_seconds": 283.52, "end_seconds": 283.6, "confidence": null}, {"text": "ich", "start_seconds": 284.0, "end_seconds": 284.16, "confidence": null}, {"text": "höre", "start_seconds": 284.16, "end_seconds": 284.64, "confidence": null}, {"text": "raus", "start_seconds": 284.64, "end_seconds": 284.72, "confidence": null}, {"text": "vor", "start_seconds": 286.0, "end_seconds": 286.32, "confidence": null}, {"text": "sechs", "start_seconds": 286.32, "end_seconds": 286.48, "confidence": null}, {"text": "Wochen", "start_seconds": 286.48, "end_seconds": 286.8, "confidence": null}, {"text": "fangen", "start_seconds": 286.8, "end_seconds": 287.2, "confidence": null}, {"text": "plötzlich", "start_seconds": 287.2, "end_seconds": 287.52, "confidence": null}, {"text": "diese", "start_seconds": 287.52, "end_seconds": 287.84, "confidence": null}, {"text": "Beschwerden", "start_seconds": 287.84, "end_seconds": 288.24, "confidence": null}, {"text": "an", "start_seconds": 288.24, "end_seconds": 288.32, "confidence": null}, {"text": "Herzklopfen", "start_seconds": 289.2, "end_seconds": 289.92, "confidence": null}]}}
{"event": "live_event", "case": "de-herzrasen", "elapsed_seconds": 291.81467914799987, "value": {"type": "transcript.partial", "session_id": "39d0d082-7520-4554-ae04-41201290441b", "sequence": 378, "segment_id": 53, "revision": 1, "text": " viel Appetit"}}
{"event": "live_event", "case": "de-herzrasen", "elapsed_seconds": 292.37407300799987, "value": {"type": "transcript.partial", "session_id": "39d0d082-7520-4554-ae04-41201290441b", "sequence": 379, "segment_id": 53, "revision": 2, "text": " viel Appetit trotzdem"}}
{"event": "live_event", "case": "de-herzrasen", "elapsed_seconds": 292.93582936099983, "value": {"type": "transcript.partial", "session_id": "39d0d082-7520-4554-ae04-41201290441b", "sequence": 380, "segment_id": 53, "revision": 3, "text": " viel Appetit trotzdem Gewichtsab"}}
{"event": "live_event", "case": "de-herzrasen", "elapsed_seconds": 293.4929248799999, "value": {"type": "transcript.partial", "session_id": "39d0d082-7520-4554-ae04-41201290441b", "sequence": 381, "segment_id": 53, "revision": 4, "text": " viel Appetit trotzdem Gewichtsabnahme"}}
{"event": "live_event", "case": "de-herzrasen", "elapsed_seconds": 294.053220281, "value": {"type": "transcript.partial", "session_id": "39d0d082-7520-4554-ae04-41201290441b", "sequence": 382, "segment_id": 53, "revision": 5, "text": " viel Appetit trotzdem Gewichtsabnahme, Schlaf"}}
{"event": "live_event", "case": "de-herzrasen", "elapsed_seconds": 294.61298704, "value": {"type": "transcript.partial", "session_id": "39d0d082-7520-4554-ae04-41201290441b", "sequence": 383, "segment_id": 53, "revision": 6, "text": " viel Appetit trotzdem Gewichtsabnahme, Schlafstörung"}}
{"event": "live_event", "case": "de-herzrasen", "elapsed_seconds": 295.7304514959999, "value": {"type": "transcript.final", "session_id": "39d0d082-7520-4554-ae04-41201290441b", "sequence": 384, "segment_id": 53, "revision": 7, "text": " viel Appetit trotzdem Gewichtsabnahme, Schlafstörung", "granularity": "word", "items": [{"text": " viel", "start_seconds": 291.2, "end_seconds": 291.36, "confidence": null}, {"text": "Appetit", "start_seconds": 291.36, "end_seconds": 292.0, "confidence": null}, {"text": "trotzdem", "start_seconds": 292.0, "end_seconds": 292.4, "confidence": null}, {"text": "Gewichtsabnahme,", "start_seconds": 292.4, "end_seconds": 293.12, "confidence": null}, {"text": "Schlafstörung", "start_seconds": 293.6, "end_seconds": 294.16, "confidence": null}]}}
{"event": "live_event", "case": "de-herzrasen", "elapsed_seconds": 296.29328676299997, "value": {"type": "transcript.partial", "session_id": "39d0d082-7520-4554-ae04-41201290441b", "sequence": 385, "segment_id": 54, "revision": 1, "text": ", nächtliches"}}
{"event": "live_event", "case": "de-herzrasen", "elapsed_seconds": 296.860484974, "value": {"type": "transcript.partial", "session_id": "39d0d082-7520-4554-ae04-41201290441b", "sequence": 386, "segment_id": 54, "revision": 2, "text": ", nächtliches, vor allen Dingen nä"}}
{"event": "live_event", "case": "de-herzrasen", "elapsed_seconds": 297.415236735, "value": {"type": "transcript.partial", "session_id": "39d0d082-7520-4554-ae04-41201290441b", "sequence": 387, "segment_id": 54, "revision": 3, "text": ", nächtliches, vor allen Dingen nächtliches Schwitzen"}}
{"event": "live_event", "case": "de-herzrasen", "elapsed_seconds": 298.53509623399987, "value": {"type": "transcript.partial", "session_id": "39d0d082-7520-4554-ae04-41201290441b", "sequence": 388, "segment_id": 54, "revision": 4, "text": ", nächtliches, vor allen Dingen nächtliches Schwitzen, eine große"}}
{"event": "live_event", "case": "de-herzrasen", "elapsed_seconds": 299.091748841, "value": {"type": "transcript.partial", "session_id": "39d0d082-7520-4554-ae04-41201290441b", "sequence": 389, "segment_id": 54, "revision": 5, "text": ", nächtliches, vor allen Dingen nächtliches Schwitzen, eine große Unruhe"}}
{"event": "live_event", "case": "de-herzrasen", "elapsed_seconds": 299.65482074399984, "value": {"type": "transcript.partial", "session_id": "39d0d082-7520-4554-ae04-41201290441b", "sequence": 390, "segment_id": 54, "revision": 6, "text": ", nächtliches, vor allen Dingen nächtliches Schwitzen, eine große Unruhe, die auf"}}
{"event": "live_event", "case": "de-herzrasen", "elapsed_seconds": 300.2149995909999, "value": {"type": "transcript.partial", "session_id": "39d0d082-7520-4554-ae04-41201290441b", "sequence": 391, "segment_id": 54, "revision": 7, "text": ", nächtliches, vor allen Dingen nächtliches Schwitzen, eine große Unruhe, die auf mit einer Wesens"}}
{"event": "live_event", "case": "de-herzrasen", "elapsed_seconds": 300.772785481, "value": {"type": "transcript.partial", "session_id": "39d0d082-7520-4554-ae04-41201290441b", "sequence": 392, "segment_id": 54, "revision": 8, "text": ", nächtliches, vor allen Dingen nächtliches Schwitzen, eine große Unruhe, die auf mit einer Wesensveränderung"}}
{"event": "live_event", "case": "de-herzrasen", "elapsed_seconds": 301.3318819609999, "value": {"type": "transcript.partial", "session_id": "39d0d082-7520-4554-ae04-41201290441b", "sequence": 393, "segment_id": 54, "revision": 9, "text": ", nächtliches, vor allen Dingen nächtliches Schwitzen, eine große Unruhe, die auf mit einer Wesensveränderung irgendwie"}}
{"event": "live_event", "case": "de-herzrasen", "elapsed_seconds": 301.89246621999996, "value": {"type": "transcript.partial", "session_id": "39d0d082-7520-4554-ae04-41201290441b", "sequence": 394, "segment_id": 54, "revision": 10, "text": ", nächtliches, vor allen Dingen nächtliches Schwitzen, eine große Unruhe, die auf mit einer Wesensveränderung irgendwie einhergeht"}}
{"event": "live_event", "case": "de-herzrasen", "elapsed_seconds": 303.0151357259999, "value": {"type": "transcript.partial", "session_id": "39d0d082-7520-4554-ae04-41201290441b", "sequence": 395, "segment_id": 54, "revision": 11, "text": ", nächtliches, vor allen Dingen nächtliches Schwitzen, eine große Unruhe, die auf mit einer Wesensveränderung irgendwie einhergeht, ohne dass sie"}}
{"event": "live_event", "case": "de-herzrasen", "elapsed_seconds": 303.5706325189999, "value": {"type": "transcript.partial", "session_id": "39d0d082-7520-4554-ae04-41201290441b", "sequence": 396, "segment_id": 54, "revision": 12, "text": ", nächtliches, vor allen Dingen nächtliches Schwitzen, eine große Unruhe, die auf mit einer Wesensveränderung irgendwie einhergeht, ohne dass sie so wirklich"}}
{"event": "live_event", "case": "de-herzrasen", "elapsed_seconds": 304.133912218, "value": {"type": "transcript.partial", "session_id": "39d0d082-7520-4554-ae04-41201290441b", "sequence": 397, "segment_id": 54, "revision": 13, "text": ", nächtliches, vor allen Dingen nächtliches Schwitzen, eine große Unruhe, die auf mit einer Wesensveränderung irgendwie einhergeht, ohne dass sie so wirklich eine Erklärung"}}
{"event": "live_event", "case": "de-herzrasen", "elapsed_seconds": 304.6916663919999, "value": {"type": "transcript.partial", "session_id": "39d0d082-7520-4554-ae04-41201290441b", "sequence": 398, "segment_id": 54, "revision": 14, "text": ", nächtliches, vor allen Dingen nächtliches Schwitzen, eine große Unruhe, die auf mit einer Wesensveränderung irgendwie einhergeht, ohne dass sie so wirklich eine Erklärung finden"}}
{"event": "live_event", "case": "de-herzrasen", "elapsed_seconds": 305.2492296129999, "value": {"type": "transcript.final", "session_id": "39d0d082-7520-4554-ae04-41201290441b", "sequence": 399, "segment_id": 54, "revision": 15, "text": "nächtliches, vor allen Dingen nächtliches Schwitzen, eine große Unruhe, die auf mit einer Wesensveränderung irgendwie einhergeht, ohne dass sie so wirklich eine Erklärung finden", "granularity": "word", "items": [{"text": "nächtliches,", "start_seconds": 295.84, "end_seconds": 296.32, "confidence": null}, {"text": "vor", "start_seconds": 296.32, "end_seconds": 296.4, "confidence": null}, {"text": "allen", "start_seconds": 296.4, "end_seconds": 296.56, "confidence": null}, {"text": "Dingen", "start_seconds": 296.56, "end_seconds": 296.72, "confidence": null}, {"text": "nächtliches", "start_seconds": 296.72, "end_seconds": 297.12, "confidence": null}, {"text": "Schwitzen,", "start_seconds": 297.12, "end_seconds": 297.28, "confidence": null}, {"text": "eine", "start_seconds": 298.08, "end_seconds": 298.24, "confidence": null}, {"text": "große", "start_seconds": 298.24, "end_seconds": 298.48, "confidence": null}, {"text": "Unruhe,", "start_seconds": 298.48, "end_seconds": 299.04, "confidence": null}, {"text": "die", "start_seconds": 299.04, "end_seconds": 299.2, "confidence": null}, {"text": "auf", "start_seconds": 299.2, "end_seconds": 299.28, "confidence": null}, {"text": "mit", "start_seconds": 299.6, "end_seconds": 299.68, "confidence": null}, {"text": "einer", "start_seconds": 299.68, "end_seconds": 299.92, "confidence": null}, {"text": "Wesensveränderung", "start_seconds": 299.92, "end_seconds": 300.8, "confidence": null}, {"text": "irgendwie", "start_seconds": 300.8, "end_seconds": 301.28, "confidence": null}, {"text": "einhergeht,", "start_seconds": 301.28, "end_seconds": 301.6, "confidence": null}, {"text": "ohne", "start_seconds": 302.48, "end_seconds": 302.72, "confidence": null}, {"text": "dass", "start_seconds": 302.72, "end_seconds": 302.88, "confidence": null}, {"text": "sie", "start_seconds": 302.88, "end_seconds": 303.04, "confidence": null}, {"text": "so", "start_seconds": 303.04, "end_seconds": 303.2, "confidence": null}, {"text": "wirklich", "start_seconds": 303.2, "end_seconds": 303.52, "confidence": null}, {"text": "eine", "start_seconds": 303.52, "end_seconds": 303.6, "confidence": null}, {"text": "Erklärung", "start_seconds": 303.6, "end_seconds": 304.08, "confidence": null}, {"text": "finden", "start_seconds": 304.08, "end_seconds": 304.16, "confidence": null}]}}
{"event": "live_event", "case": "de-herzrasen", "elapsed_seconds": 306.3756225499999, "value": {"type": "transcript.partial", "session_id": "39d0d082-7520-4554-ae04-41201290441b", "sequence": 400, "segment_id": 55, "revision": 1, "text": " in ihrem Leben"}}
{"event": "live_event", "case": "de-herzrasen", "elapsed_seconds": 306.93184089099987, "value": {"type": "transcript.partial", "session_id": "39d0d082-7520-4554-ae04-41201290441b", "sequence": 401, "segment_id": 55, "revision": 2, "text": " in ihrem Leben, wo alle"}}
{"event": "live_event", "case": "de-herzrasen", "elapsed_seconds": 307.4910726549999, "value": {"type": "transcript.partial", "session_id": "39d0d082-7520-4554-ae04-41201290441b", "sequence": 402, "segment_id": 55, "revision": 3, "text": " in ihrem Leben, wo alles sonst"}}
{"event": "live_event", "case": "de-herzrasen", "elapsed_seconds": 308.052850173, "value": {"type": "transcript.partial", "session_id": "39d0d082-7520-4554-ae04-41201290441b", "sequence": 403, "segment_id": 55, "revision": 4, "text": " in ihrem Leben, wo alles sonst ganz rund"}}
{"event": "live_event", "case": "de-herzrasen", "elapsed_seconds": 308.61266866200003, "value": {"type": "transcript.partial", "session_id": "39d0d082-7520-4554-ae04-41201290441b", "sequence": 404, "segment_id": 55, "revision": 5, "text": " in ihrem Leben, wo alles sonst ganz rund läuft"}}
{"event": "live_event", "case": "de-herzrasen", "elapsed_seconds": 309.172703686, "value": {"type": "transcript.partial", "session_id": "39d0d082-7520-4554-ae04-41201290441b", "sequence": 405, "segment_id": 55, "revision": 6, "text": " in ihrem Leben, wo alles sonst ganz rund läuft im Moment"}}
{"event": "live_event", "case": "de-herzrasen", "elapsed_seconds": 310.291136823, "value": {"type": "transcript.partial", "session_id": "39d0d082-7520-4554-ae04-41201290441b", "sequence": 406, "segment_id": 55, "revision": 7, "text": " in ihrem Leben, wo alles sonst ganz rund läuft im Moment Studium"}}
{"event": "live_event", "case": "de-herzrasen", "elapsed_seconds": 310.85331692399996, "value": {"type": "transcript.partial", "session_id": "39d0d082-7520-4554-ae04-41201290441b", "sequence": 407, "segment_id": 55, "revision": 8, "text": " in ihrem Leben, wo alles sonst ganz rund läuft im Moment Studium, Arbeit,"}}
{"event": "live_event", "case": "de-herzrasen", "elapsed_seconds": 311.41200181, "value": {"type": "transcript.partial", "session_id": "39d0d082-7520-4554-ae04-41201290441b", "sequence": 408, "segment_id": 55, "revision": 9, "text": " in ihrem Leben, wo alles sonst ganz rund läuft im Moment Studium, Arbeit, Beziehung"}}
{"event": "live_event", "case": "de-herzrasen", "elapsed_seconds": 312.52689281899984, "value": {"type": "transcript.final", "session_id": "39d0d082-7520-4554-ae04-41201290441b", "sequence": 409, "segment_id": 55, "revision": 10, "text": " in ihrem Leben, wo alles sonst ganz rund läuft im Moment Studium, Arbeit, Beziehung", "granularity": "word", "items": [{"text": " in", "start_seconds": 305.76, "end_seconds": 305.92, "confidence": null}, {"text": "ihrem", "start_seconds": 305.92, "end_seconds": 306.08, "confidence": null}, {"text": "Leben,", "start_seconds": 306.08, "end_seconds": 306.48, "confidence": null}, {"text": "wo", "start_seconds": 306.48, "end_seconds": 306.72, "confidence": null}, {"text": "alles", "start_seconds": 306.72, "end_seconds": 307.04, "confidence": null}, {"text": "sonst", "start_seconds": 307.04, "end_seconds": 307.44, "confidence": null}, {"text": "ganz", "start_seconds": 307.44, "end_seconds": 307.52, "confidence": null}, {"text": "rund", "start_seconds": 307.84, "end_seconds": 308.08, "confidence": null}, {"text": "läuft", "start_seconds": 308.08, "end_seconds": 308.16, "confidence": null}, {"text": "im", "start_seconds": 308.56, "end_seconds": 308.72, "confidence": null}, {"text": "Moment", "start_seconds": 308.72, "end_seconds": 308.8, "confidence": null}, {"text": "Studium,", "start_seconds": 309.68, "end_seconds": 310.32, "confidence": null}, {"text": "Arbeit,", "start_seconds": 310.32, "end_seconds": 310.4, "confidence": null}, {"text": "Beziehung", "start_seconds": 310.88, "end_seconds": 311.04, "confidence": null}]}}
{"event": "live_event", "case": "de-herzrasen", "elapsed_seconds": 313.65159890099994, "value": {"type": "transcript.partial", "session_id": "39d0d082-7520-4554-ae04-41201290441b", "sequence": 410, "segment_id": 56, "revision": 1, "text": ".  Da gibt es"}}
{"event": "live_event", "case": "de-herzrasen", "elapsed_seconds": 314.20767430399997, "value": {"type": "transcript.partial", "session_id": "39d0d082-7520-4554-ae04-41201290441b", "sequence": 411, "segment_id": 56, "revision": 2, "text": ".  Da gibt es eigentlich nicht"}}
{"event": "live_event", "case": "de-herzrasen", "elapsed_seconds": 314.77351504499984, "value": {"type": "transcript.partial", "session_id": "39d0d082-7520-4554-ae04-41201290441b", "sequence": 412, "segment_id": 56, "revision": 3, "text": ".  Da gibt es eigentlich nichts, wo Sie jetzt"}}
{"event": "live_event", "case": "de-herzrasen", "elapsed_seconds": 315.332031682, "value": {"type": "transcript.partial", "session_id": "39d0d082-7520-4554-ae04-41201290441b", "sequence": 413, "segment_id": 56, "revision": 4, "text": ".  Da gibt es eigentlich nichts, wo Sie jetzt spontan sagen"}}
{"event": "live_event", "case": "de-herzrasen", "elapsed_seconds": 315.893528868, "value": {"type": "transcript.partial", "session_id": "39d0d082-7520-4554-ae04-41201290441b", "sequence": 414, "segment_id": 56, "revision": 5, "text": ".  Da gibt es eigentlich nichts, wo Sie jetzt spontan sagen würden"}}
{"event": "live_event", "case": "de-herzrasen", "elapsed_seconds": 316.45680044799997, "value": {"type": "transcript.partial", "session_id": "39d0d082-7520-4554-ae04-41201290441b", "sequence": 415, "segment_id": 56, "revision": 6, "text": ".  Da gibt es eigentlich nichts, wo Sie jetzt spontan sagen würden.  Das erklärt"}}
{"event": "live_event", "case": "de-herzrasen", "elapsed_seconds": 317.0114456439999, "value": {"type": "transcript.partial", "session_id": "39d0d082-7520-4554-ae04-41201290441b", "sequence": 416, "segment_id": 56, "revision": 7, "text": ".  Da gibt es eigentlich nichts, wo Sie jetzt spontan sagen würden.  Das erklärt das anders"}}
{"event": "live_event", "case": "de-herzrasen", "elapsed_seconds": 317.57265341599987, "value": {"type": "transcript.partial", "session_id": "39d0d082-7520-4554-ae04-41201290441b", "sequence": 417, "segment_id": 56, "revision": 8, "text": ".  Da gibt es eigentlich nichts, wo Sie jetzt spontan sagen würden.  Das erklärt das anders als damal"}}
{"event": "live_event", "case": "de-herzrasen", "elapsed_seconds": 318.12718477, "value": {"type": "transcript.partial", "session_id": "39d0d082-7520-4554-ae04-41201290441b", "sequence": 418, "segment_id": 56, "revision": 9, "text": ".  Da gibt es eigentlich nichts, wo Sie jetzt spontan sagen würden.  Das erklärt das anders als damals"}}
{"event": "live_event", "case": "de-herzrasen", "elapsed_seconds": 318.6908205909999, "value": {"type": "transcript.partial", "session_id": "39d0d082-7520-4554-ae04-41201290441b", "sequence": 419, "segment_id": 56, "revision": 10, "text": ".  Da gibt es eigentlich nichts, wo Sie jetzt spontan sagen würden.  Das erklärt das anders als damals, als Sie diese"}}
{"event": "live_event", "case": "de-herzrasen", "elapsed_seconds": 319.249486551, "value": {"type": "transcript.partial", "session_id": "39d0d082-7520-4554-ae04-41201290441b", "sequence": 420, "segment_id": 56, "revision": 11, "text": ".  Da gibt es eigentlich nichts, wo Sie jetzt spontan sagen würden.  Das erklärt das anders als damals, als Sie diese depressive"}}
{"event": "live_event", "case": "de-herzrasen", "elapsed_seconds": 319.8095642159999, "value": {"type": "transcript.partial", "session_id": "39d0d082-7520-4554-ae04-41201290441b", "sequence": 421, "segment_id": 56, "revision": 12, "text": ".  Da gibt es eigentlich nichts, wo Sie jetzt spontan sagen würden.  Das erklärt das anders als damals, als Sie diese depressive Episode"}}
{"event": "live_event", "case": "de-herzrasen", "elapsed_seconds": 320.3674947259999, "value": {"type": "transcript.partial", "session_id": "39d0d082-7520-4554-ae04-41201290441b", "sequence": 422, "segment_id": 56, "revision": 13, "text": ".  Da gibt es eigentlich nichts, wo Sie jetzt spontan sagen würden.  Das erklärt das anders als damals, als Sie diese depressive Episode hatten"}}
{"event": "live_event", "case": "de-herzrasen", "elapsed_seconds": 321.49058050400004, "value": {"type": "transcript.partial", "session_id": "39d0d082-7520-4554-ae04-41201290441b", "sequence": 423, "segment_id": 56, "revision": 14, "text": ".  Da gibt es eigentlich nichts, wo Sie jetzt spontan sagen würden.  Das erklärt das anders als damals, als Sie diese depressive Episode hatten, dann haben Sie"}}
{"event": "live_event", "case": "de-herzrasen", "elapsed_seconds": 322.0502836799999, "value": {"type": "transcript.partial", "session_id": "39d0d082-7520-4554-ae04-41201290441b", "sequence": 424, "segment_id": 56, "revision": 15, "text": ".  Da gibt es eigentlich nichts, wo Sie jetzt spontan sagen würden.  Das erklärt das anders als damals, als Sie diese depressive Episode hatten, dann haben Sie die Sorge"}}
{"event": "live_event", "case": "de-herzrasen", "elapsed_seconds": 322.61144396500003, "value": {"type": "transcript.partial", "session_id": "39d0d082-7520-4554-ae04-41201290441b", "sequence": 425, "segment_id": 56, "revision": 16, "text": ".  Da gibt es eigentlich nichts, wo Sie jetzt spontan sagen würden.  Das erklärt das anders als damals, als Sie diese depressive Episode hatten, dann haben Sie die Sorge, dass mit dem"}}
{"event": "live_event", "case": "de-herzrasen", "elapsed_seconds": 323.17347155699986, "value": {"type": "transcript.partial", "session_id": "39d0d082-7520-4554-ae04-41201290441b", "sequence": 426, "segment_id": 56, "revision": 17, "text": ".  Da gibt es eigentlich nichts, wo Sie jetzt spontan sagen würden.  Das erklärt das anders als damals, als Sie diese depressive Episode hatten, dann haben Sie die Sorge, dass mit dem Herzen das"}}
{"event": "live_event", "case": "de-herzrasen", "elapsed_seconds": 323.73098356499986, "value": {"type": "transcript.partial", "session_id": "39d0d082-7520-4554-ae04-41201290441b", "sequence": 427, "segment_id": 56, "revision": 18, "text": ".  Da gibt es eigentlich nichts, wo Sie jetzt spontan sagen würden.  Das erklärt das anders als damals, als Sie diese depressive Episode hatten, dann haben Sie die Sorge, dass mit dem Herzen das nicht stimmen"}}
{"event": "live_event", "case": "de-herzrasen", "elapsed_seconds": 324.291624943, "value": {"type": "transcript.partial", "session_id": "39d0d082-7520-4554-ae04-41201290441b", "sequence": 428, "segment_id": 56, "revision": 19, "text": ".  Da gibt es eigentlich nichts, wo Sie jetzt spontan sagen würden.  Das erklärt das anders als damals, als Sie diese depressive Episode hatten, dann haben Sie die Sorge, dass mit dem Herzen das nicht stimmen kön"}}
{"event": "live_event", "case": "de-herzrasen", "elapsed_seconds": 324.8511827909999, "value": {"type": "transcript.partial", "session_id": "39d0d082-7520-4554-ae04-41201290441b", "sequence": 429, "segment_id": 56, "revision": 20, "text": ".  Da gibt es eigentlich nichts, wo Sie jetzt spontan sagen würden.  Das erklärt das anders als damals, als Sie diese depressive Episode hatten, dann haben Sie die Sorge, dass mit dem Herzen das nicht stimmen könnte, weil in"}}
{"event": "live_event", "case": "de-herzrasen", "elapsed_seconds": 325.41302264599994, "value": {"type": "transcript.partial", "session_id": "39d0d082-7520-4554-ae04-41201290441b", "sequence": 430, "segment_id": 56, "revision": 21, "text": ".  Da gibt es eigentlich nichts, wo Sie jetzt spontan sagen würden.  Das erklärt das anders als damals, als Sie diese depressive Episode hatten, dann haben Sie die Sorge, dass mit dem Herzen das nicht stimmen könnte, weil in der Familie"}}
{"event": "live_event", "case": "de-herzrasen", "elapsed_seconds": 326.528168111, "value": {"type": "transcript.final", "session_id": "39d0d082-7520-4554-ae04-41201290441b", "sequence": 431, "segment_id": 56, "revision": 22, "text": "Da gibt es eigentlich nichts, wo Sie jetzt spontan sagen würden. Das erklärt das anders als damals, als Sie diese depressive Episode hatten, dann haben Sie die Sorge, dass mit dem Herzen das nicht stimmen könnte, weil in der Familie", "granularity": "word", "items": [{"text": "Da", "start_seconds": 313.12, "end_seconds": 313.28, "confidence": null}, {"text": "gibt", "start_seconds": 313.28, "end_seconds": 313.36, "confidence": null}, {"text": "es", "start_seconds": 313.36, "end_seconds": 313.6, "confidence": null}, {"text": "eigentlich", "start_seconds": 313.6, "end_seconds": 313.84, "confidence": null}, {"text": "nichts,", "start_seconds": 313.84, "end_seconds": 314.24, "confidence": null}, {"text": "wo", "start_seconds": 314.24, "end_seconds": 314.4, "confidence": null}, {"text": "Sie", "start_seconds": 314.4, "end_seconds": 314.56, "confidence": null}, {"text": "jetzt", "start_seconds": 314.56, "end_seconds": 314.8, "confidence": null}, {"text": "spontan", "start_seconds": 314.8, "end_seconds": 315.2, "confidence": null}, {"text": "sagen", "start_seconds": 315.2, "end_seconds": 315.36, "confidence": null}, {"text": "würden.", "start_seconds": 315.36, "end_seconds": 315.44, "confidence": null}, {"text": "Das", "start_seconds": 315.84, "end_seconds": 315.92, "confidence": null}, {"text": "erklärt", "start_seconds": 315.92, "end_seconds": 316.4, "confidence": null}, {"text": "das", "start_seconds": 316.4, "end_seconds": 316.64, "confidence": null}, {"text": "anders", "start_seconds": 316.64, "end_seconds": 316.96, "confidence": null}, {"text": "als", "start_seconds": 316.96, "end_seconds": 317.2, "confidence": null}, {"text": "damals,", "start_seconds": 317.2, "end_seconds": 317.52, "confidence": null}, {"text": "als", "start_seconds": 318.16, "end_seconds": 318.4, "confidence": null}, {"text": "Sie", "start_seconds": 318.4, "end_seconds": 318.56, "confidence": null}, {"text": "diese", "start_seconds": 318.56, "end_seconds": 318.8, "confidence": null}, {"text": "depressive", "start_seconds": 318.8, "end_seconds": 319.28, "confidence": null}, {"text": "Episode", "start_seconds": 319.28, "end_seconds": 319.84, "confidence": null}, {"text": "hatten,", "start_seconds": 319.84, "end_seconds": 320.0, "confidence": null}, {"text": "dann", "start_seconds": 320.88, "end_seconds": 321.04, "confidence": null}, {"text": "haben", "start_seconds": 321.04, "end_seconds": 321.2, "confidence": null}, {"text": "Sie", "start_seconds": 321.2, "end_seconds": 321.44, "confidence": null}, {"text": "die", "start_seconds": 321.44, "end_seconds": 321.52, "confidence": null}, {"text": "Sorge,", "start_seconds": 321.52, "end_seconds": 321.68, "confidence": null}, {"text": "dass", "start_seconds": 322.16, "end_seconds": 322.4, "confidence": null}, {"text": "mit", "start_seconds": 322.4, "end_seconds": 322.48, "confidence": null}, {"text": "dem", "start_seconds": 322.48, "end_seconds": 322.64, "confidence": null}, {"text": "Herzen", "start_seconds": 322.64, "end_seconds": 323.04, "confidence": null}, {"text": "das", "start_seconds": 323.04, "end_seconds": 323.2, "confidence": null}, {"text": "nicht", "start_seconds": 323.2, "end_seconds": 323.36, "confidence": null}, {"text": "stimmen", "start_seconds": 323.36, "end_seconds": 323.52, "confidence": null}, {"text": "könnte,", "start_seconds": 323.92, "end_seconds": 324.4, "confidence": null}, {"text": "weil", "start_seconds": 324.4, "end_seconds": 324.72, "confidence": null}, {"text": "in", "start_seconds": 324.72, "end_seconds": 324.88, "confidence": null}, {"text": "der", "start_seconds": 324.88, "end_seconds": 324.96, "confidence": null}, {"text": "Familie", "start_seconds": 324.96, "end_seconds": 325.04, "confidence": null}]}}
{"event": "live_event", "case": "de-herzrasen", "elapsed_seconds": 327.090038671, "value": {"type": "transcript.partial", "session_id": "39d0d082-7520-4554-ae04-41201290441b", "sequence": 432, "segment_id": 57, "revision": 1, "text": " diese"}}
{"event": "live_event", "case": "de-herzrasen", "elapsed_seconds": 327.65225918399983, "value": {"type": "transcript.partial", "session_id": "39d0d082-7520-4554-ae04-41201290441b", "sequence": 433, "segment_id": 57, "revision": 2, "text": " diese Beschwerden"}}
{"event": "live_event", "case": "de-herzrasen", "elapsed_seconds": 328.2087485279999, "value": {"type": "transcript.partial", "session_id": "39d0d082-7520-4554-ae04-41201290441b", "sequence": 434, "segment_id": 57, "revision": 3, "text": " diese Beschwerden vor"}}
{"event": "live_event", "case": "de-herzrasen", "elapsed_seconds": 328.769386747, "value": {"type": "transcript.partial", "session_id": "39d0d082-7520-4554-ae04-41201290441b", "sequence": 435, "segment_id": 57, "revision": 4, "text": " diese Beschwerden vorgekommen sind"}}
{"event": "live_event", "case": "de-herzrasen", "elapsed_seconds": 329.3360498499999, "value": {"type": "transcript.partial", "session_id": "39d0d082-7520-4554-ae04-41201290441b", "sequence": 436, "segment_id": 57, "revision": 5, "text": " diese Beschwerden vorgekommen sind, vor allen Dingen bei"}}
{"event": "live_event", "case": "de-herzrasen", "elapsed_seconds": 329.8922756129998, "value": {"type": "transcript.partial", "session_id": "39d0d082-7520-4554-ae04-41201290441b", "sequence": 437, "segment_id": 57, "revision": 6, "text": " diese Beschwerden vorgekommen sind, vor allen Dingen bei ihrem Groß"}}
{"event": "live_event", "case": "de-herzrasen", "elapsed_seconds": 330.4497651089998, "value": {"type": "transcript.partial", "session_id": "39d0d082-7520-4554-ae04-41201290441b", "sequence": 438, "segment_id": 57, "revision": 7, "text": " diese Beschwerden vorgekommen sind, vor allen Dingen bei ihrem Großvater"}}
{"event": "live_event", "case": "de-herzrasen", "elapsed_seconds": 331.57033770199996, "value": {"type": "transcript.partial", "session_id": "39d0d082-7520-4554-ae04-41201290441b", "sequence": 439, "segment_id": 57, "revision": 8, "text": " diese Beschwerden vorgekommen sind, vor allen Dingen bei ihrem Großvater, so dass"}}
{"event": "live_event", "case": "de-herzrasen", "elapsed_seconds": 332.133775216, "value": {"type": "transcript.partial", "session_id": "39d0d082-7520-4554-ae04-41201290441b", "sequence": 440, "segment_id": 57, "revision": 9, "text": " diese Beschwerden vorgekommen sind, vor allen Dingen bei ihrem Großvater, so dass ich Ihnen jetzt"}}
{"event": "live_event", "case": "de-herzrasen", "elapsed_seconds": 332.69378547199995, "value": {"type": "transcript.partial", "session_id": "39d0d082-7520-4554-ae04-41201290441b", "sequence": 441, "segment_id": 57, "revision": 10, "text": " diese Beschwerden vorgekommen sind, vor allen Dingen bei ihrem Großvater, so dass ich Ihnen jetzt vorschlagen mö"}}
{"event": "live_event", "case": "de-herzrasen", "elapsed_seconds": 333.2506083139999, "value": {"type": "transcript.partial", "session_id": "39d0d082-7520-4554-ae04-41201290441b", "sequence": 442, "segment_id": 57, "revision": 11, "text": " diese Beschwerden vorgekommen sind, vor allen Dingen bei ihrem Großvater, so dass ich Ihnen jetzt vorschlagen möchte, dass"}}
{"event": "live_event", "case": "de-herzrasen", "elapsed_seconds": 333.8084980259998, "value": {"type": "transcript.partial", "session_id": "39d0d082-7520-4554-ae04-41201290441b", "sequence": 443, "segment_id": 57, "revision": 12, "text": " diese Beschwerden vorgekommen sind, vor allen Dingen bei ihrem Großvater, so dass ich Ihnen jetzt vorschlagen möchte, dass wir"}}
{"event": "live_event", "case": "de-herzrasen", "elapsed_seconds": 334.3684947739998, "value": {"type": "transcript.final", "session_id": "39d0d082-7520-4554-ae04-41201290441b", "sequence": 444, "segment_id": 57, "revision": 13, "text": " diese Beschwerden vorgekommen sind, vor allen Dingen bei ihrem Großvater, so dass ich Ihnen jetzt vorschlagen möchte, dass wir", "granularity": "word", "items": [{"text": " diese", "start_seconds": 326.64, "end_seconds": 326.72, "confidence": null}, {"text": "Beschwerden", "start_seconds": 327.04, "end_seconds": 327.36, "confidence": null}, {"text": "vorgekommen", "start_seconds": 328.0, "end_seconds": 328.56, "confidence": null}, {"text": "sind,", "start_seconds": 328.56, "end_seconds": 328.88, "confidence": null}, {"text": "vor", "start_seconds": 328.88, "end_seconds": 329.04, "confidence": null}, {"text": "allen", "start_seconds": 329.04, "end_seconds": 329.12, "confidence": null}, {"text": "Dingen", "start_seconds": 329.12, "end_seconds": 329.2, "confidence": null}, {"text": "bei", "start_seconds": 329.2, "end_seconds": 329.36, "confidence": null}, {"text": "ihrem", "start_seconds": 329.36, "end_seconds": 329.6, "confidence": null}, {"text": "Großvater,", "start_seconds": 329.6, "end_seconds": 330.0, "confidence": null}, {"text": "so", "start_seconds": 331.28, "end_seconds": 331.44, "confidence": null}, {"text": "dass", "start_seconds": 331.44, "end_seconds": 331.6, "confidence": null}, {"text": "ich", "start_seconds": 331.6, "end_seconds": 331.76, "confidence": null}, {"text": "Ihnen", "start_seconds": 331.76, "end_seconds": 332.0, "confidence": null}, {"text": "jetzt", "start_seconds": 332.0, "end_seconds": 332.16, "confidence": null}, {"text": "vorschlagen", "start_seconds": 332.16, "end_seconds": 332.56, "confidence": null}, {"text": "möchte,", "start_seconds": 332.56, "end_seconds": 332.96, "confidence": null}, {"text": "dass", "start_seconds": 332.96, "end_seconds": 333.28, "confidence": null}, {"text": "wir", "start_seconds": 333.28, "end_seconds": 333.36, "confidence": null}]}}
{"event": "live_event", "case": "de-herzrasen", "elapsed_seconds": 335.4926963349999, "value": {"type": "transcript.partial", "session_id": "39d0d082-7520-4554-ae04-41201290441b", "sequence": 445, "segment_id": 58, "revision": 1, "text": " eine sorgfä"}}
{"event": "live_event", "case": "de-herzrasen", "elapsed_seconds": 336.054511501, "value": {"type": "transcript.partial", "session_id": "39d0d082-7520-4554-ae04-41201290441b", "sequence": 446, "segment_id": 58, "revision": 2, "text": " eine sorgfältige körperliche"}}
{"event": "live_event", "case": "de-herzrasen", "elapsed_seconds": 336.61460507899983, "value": {"type": "transcript.partial", "session_id": "39d0d082-7520-4554-ae04-41201290441b", "sequence": 447, "segment_id": 58, "revision": 3, "text": " eine sorgfältige körperliche Untersuchung machen"}}
{"event": "live_event", "case": "de-herzrasen", "elapsed_seconds": 337.17015861799996, "value": {"type": "transcript.partial", "session_id": "39d0d082-7520-4554-ae04-41201290441b", "sequence": 448, "segment_id": 58, "revision": 4, "text": " eine sorgfältige körperliche Untersuchung machen, das machen wir"}}
{"event": "live_event", "case": "de-herzrasen", "elapsed_seconds": 337.73044397599983, "value": {"type": "transcript.partial", "session_id": "39d0d082-7520-4554-ae04-41201290441b", "sequence": 449, "segment_id": 58, "revision": 5, "text": " eine sorgfältige körperliche Untersuchung machen, das machen wir gleich"}}
{"event": "live_event", "case": "de-herzrasen", "elapsed_seconds": 338.28905017299985, "value": {"type": "transcript.partial", "session_id": "39d0d082-7520-4554-ae04-41201290441b", "sequence": 450, "segment_id": 58, "revision": 6, "text": " eine sorgfältige körperliche Untersuchung machen, das machen wir gleich hinte"}}
{"event": "live_event", "case": "de-herzrasen", "elapsed_seconds": 338.84714007499997, "value": {"type": "transcript.partial", "session_id": "39d0d082-7520-4554-ae04-41201290441b", "sequence": 451, "segment_id": 58, "revision": 7, "text": " eine sorgfältige körperliche Untersuchung machen, das machen wir gleich hinten"}}
{"event": "live_event", "case": "de-herzrasen", "elapsed_seconds": 339.41098951999993, "value": {"type": "transcript.partial", "session_id": "39d0d082-7520-4554-ae04-41201290441b", "sequence": 452, "segment_id": 58, "revision": 8, "text": " eine sorgfältige körperliche Untersuchung machen, das machen wir gleich hinten im Nachbar"}}
{"event": "live_event", "case": "de-herzrasen", "elapsed_seconds": 339.97054469499994, "value": {"type": "transcript.partial", "session_id": "39d0d082-7520-4554-ae04-41201290441b", "sequence": 453, "segment_id": 58, "revision": 9, "text": " eine sorgfältige körperliche Untersuchung machen, das machen wir gleich hinten im Nachbarzimmer"}}
{"event": "live_event", "case": "de-herzrasen", "elapsed_seconds": 341.0884423099999, "value": {"type": "transcript.final", "session_id": "39d0d082-7520-4554-ae04-41201290441b", "sequence": 454, "segment_id": 58, "revision": 10, "text": " eine sorgfältige körperliche Untersuchung machen, das machen wir gleich hinten im Nachbarzimmer", "granularity": "word", "items": [{"text": " eine", "start_seconds": 334.88, "end_seconds": 335.12, "confidence": null}, {"text": "sorgfältige", "start_seconds": 335.12, "end_seconds": 335.6, "confidence": null}, {"text": "körperliche", "start_seconds": 335.6, "end_seconds": 336.0, "confidence": null}, {"text": "Untersuchung", "start_seconds": 336.0, "end_seconds": 336.32, "confidence": null}, {"text": "machen,", "start_seconds": 336.32, "end_seconds": 336.64, "confidence": null}, {"text": "das", "start_seconds": 336.64, "end_seconds": 336.8, "confidence": null}, {"text": "machen", "start_seconds": 336.8, "end_seconds": 336.96, "confidence": null}, {"text": "wir", "start_seconds": 336.96, "end_seconds": 337.12, "confidence": null}, {"text": "gleich", "start_seconds": 337.12, "end_seconds": 337.28, "confidence": null}, {"text": "hinten", "start_seconds": 338.0, "end_seconds": 338.32, "confidence": null}, {"text": "im", "start_seconds": 338.8, "end_seconds": 338.96, "confidence": null}, {"text": "Nachbarzimmer", "start_seconds": 338.96, "end_seconds": 339.6, "confidence": null}]}}
{"event": "live_event", "case": "de-herzrasen", "elapsed_seconds": 341.6473514889999, "value": {"type": "transcript.partial", "session_id": "39d0d082-7520-4554-ae04-41201290441b", "sequence": 455, "segment_id": 59, "revision": 1, "text": " und"}}
{"event": "live_event", "case": "de-herzrasen", "elapsed_seconds": 342.211556987, "value": {"type": "transcript.partial", "session_id": "39d0d082-7520-4554-ae04-41201290441b", "sequence": 456, "segment_id": 59, "revision": 2, "text": " und dabe"}}
{"event": "live_event", "case": "de-herzrasen", "elapsed_seconds": 342.7683920489999, "value": {"type": "transcript.partial", "session_id": "39d0d082-7520-4554-ae04-41201290441b", "sequence": 457, "segment_id": 59, "revision": 3, "text": " und dabei"}}
{"event": "live_event", "case": "de-herzrasen", "elapsed_seconds": 343.3350731549999, "value": {"type": "transcript.partial", "session_id": "39d0d082-7520-4554-ae04-41201290441b", "sequence": 458, "segment_id": 59, "revision": 4, "text": " und dabei insbesondere"}}
{"event": "live_event", "case": "de-herzrasen", "elapsed_seconds": 343.8895406869999, "value": {"type": "transcript.partial", "session_id": "39d0d082-7520-4554-ae04-41201290441b", "sequence": 459, "segment_id": 59, "revision": 5, "text": " und dabei insbesondere auf ihr"}}
{"event": "live_event", "case": "de-herzrasen", "elapsed_seconds": 344.4543066269998, "value": {"type": "transcript.partial", "session_id": "39d0d082-7520-4554-ae04-41201290441b", "sequence": 460, "segment_id": 59, "revision": 6, "text": " und dabei insbesondere auf ihr Herz schauen"}}
{"event": "live_event", "case": "de-herzrasen", "elapsed_seconds": 345.5751606219999, "value": {"type": "transcript.partial", "session_id": "39d0d082-7520-4554-ae04-41201290441b", "sequence": 461, "segment_id": 59, "revision": 7, "text": " und dabei insbesondere auf ihr Herz schauen.  Die Beschwerden"}}
{"event": "live_event", "case": "de-herzrasen", "elapsed_seconds": 346.1330656609998, "value": {"type": "transcript.partial", "session_id": "39d0d082-7520-4554-ae04-41201290441b", "sequence": 462, "segment_id": 59, "revision": 8, "text": " und dabei insbesondere auf ihr Herz schauen.  Die Beschwerden, die sich schil"}}
{"event": "live_event", "case": "de-herzrasen", "elapsed_seconds": 346.690878485, "value": {"type": "transcript.partial", "session_id": "39d0d082-7520-4554-ae04-41201290441b", "sequence": 463, "segment_id": 59, "revision": 9, "text": " und dabei insbesondere auf ihr Herz schauen.  Die Beschwerden, die sich schildern,"}}
{"event": "live_event", "case": "de-herzrasen", "elapsed_seconds": 347.250470081, "value": {"type": "transcript.partial", "session_id": "39d0d082-7520-4554-ae04-41201290441b", "sequence": 464, "segment_id": 59, "revision": 10, "text": " und dabei insbesondere auf ihr Herz schauen.  Die Beschwerden, die sich schildern, lassen"}}
{"event": "live_event", "case": "de-herzrasen", "elapsed_seconds": 347.810460013, "value": {"type": "transcript.partial", "session_id": "39d0d082-7520-4554-ae04-41201290441b", "sequence": 465, "segment_id": 59, "revision": 11, "text": " und dabei insbesondere auf ihr Herz schauen.  Die Beschwerden, die sich schildern, lassen mich"}}
{"event": "live_event", "case": "de-herzrasen", "elapsed_seconds": 348.368184465, "value": {"type": "transcript.final", "session_id": "39d0d082-7520-4554-ae04-41201290441b", "sequence": 466, "segment_id": 59, "revision": 12, "text": " und dabei insbesondere auf ihr Herz schauen. Die Beschwerden, die sich schildern, lassen mich", "granularity": "word", "items": [{"text": " und", "start_seconds": 341.12, "end_seconds": 341.2, "confidence": null}, {"text": "dabei", "start_seconds": 341.92, "end_seconds": 342.16, "confidence": null}, {"text": "insbesondere", "start_seconds": 342.8, "end_seconds": 343.36, "confidence": null}, {"text": "auf", "start_seconds": 343.36, "end_seconds": 343.6, "confidence": null}, {"text": "ihr", "start_seconds": 343.6, "end_seconds": 343.84, "confidence": null}, {"text": "Herz", "start_seconds": 343.84, "end_seconds": 344.16, "confidence": null}, {"text": "schauen.", "start_seconds": 344.16, "end_seconds": 344.24, "confidence": null}, {"text": "Die", "start_seconds": 344.96, "end_seconds": 345.12, "confidence": null}, {"text": "Beschwerden,", "start_seconds": 345.12, "end_seconds": 345.52, "confidence": null}, {"text": "die", "start_seconds": 345.52, "end_seconds": 345.68, "confidence": null}, {"text": "sich", "start_seconds": 345.68, "end_seconds": 345.84, "confidence": null}, {"text": "schildern,", "start_seconds": 345.84, "end_seconds": 346.24, "confidence": null}, {"text": "lassen", "start_seconds": 346.72, "end_seconds": 346.8, "confidence": null}, {"text": "mich", "start_seconds": 347.2, "end_seconds": 347.28, "confidence": null}]}}
{"event": "live_event", "case": "de-herzrasen", "elapsed_seconds": 348.93668343699983, "value": {"type": "transcript.partial", "session_id": "39d0d082-7520-4554-ae04-41201290441b", "sequence": 467, "segment_id": 60, "revision": 1, "text": " eine Schilddrüsen"}}
{"event": "live_event", "case": "de-herzrasen", "elapsed_seconds": 349.491981571, "value": {"type": "transcript.partial", "session_id": "39d0d082-7520-4554-ae04-41201290441b", "sequence": 468, "segment_id": 60, "revision": 2, "text": " eine Schilddrüsenüberfunktion"}}
{"event": "live_event", "case": "de-herzrasen", "elapsed_seconds": 350.04995924399987, "value": {"type": "transcript.partial", "session_id": "39d0d082-7520-4554-ae04-41201290441b", "sequence": 469, "segment_id": 60, "revision": 3, "text": " eine Schilddrüsenüberfunktion denken"}}
{"event": "live_event", "case": "de-herzrasen", "elapsed_seconds": 350.6171085599999, "value": {"type": "transcript.partial", "session_id": "39d0d082-7520-4554-ae04-41201290441b", "sequence": 470, "segment_id": 60, "revision": 4, "text": " eine Schilddrüsenüberfunktion denken, deswegen würde ich"}}
{"event": "live_event", "case": "de-herzrasen", "elapsed_seconds": 351.17447519899997, "value": {"type": "transcript.partial", "session_id": "39d0d082-7520-4554-ae04-41201290441b", "sequence": 471, "segment_id": 60, "revision": 5, "text": " eine Schilddrüsenüberfunktion denken, deswegen würde ich Ihnen gerne"}}
{"event": "live_event", "case": "de-herzrasen", "elapsed_seconds": 352.29297619399995, "value": {"type": "transcript.partial", "session_id": "39d0d082-7520-4554-ae04-41201290441b", "sequence": 472, "segment_id": 60, "revision": 6, "text": " eine Schilddrüsenüberfunktion denken, deswegen würde ich Ihnen gerne Blut ab"}}
{"event": "live_event", "case": "de-herzrasen", "elapsed_seconds": 352.8500328179998, "value": {"type": "transcript.partial", "session_id": "39d0d082-7520-4554-ae04-41201290441b", "sequence": 473, "segment_id": 60, "revision": 7, "text": " eine Schilddrüsenüberfunktion denken, deswegen würde ich Ihnen gerne Blut abnehmen"}}
{"event": "live_event", "case": "de-herzrasen", "elapsed_seconds": 353.4099399879999, "value": {"type": "transcript.partial", "session_id": "39d0d082-7520-4554-ae04-41201290441b", "sequence": 474, "segment_id": 60, "revision": 8, "text": " eine Schilddrüsenüberfunktion denken, deswegen würde ich Ihnen gerne Blut abnehmen, um"}}
{"event": "live_event", "case": "de-herzrasen", "elapsed_seconds": 353.9736338959999, "value": {"type": "transcript.partial", "session_id": "39d0d082-7520-4554-ae04-41201290441b", "sequence": 475, "segment_id": 60, "revision": 9, "text": " eine Schilddrüsenüberfunktion denken, deswegen würde ich Ihnen gerne Blut abnehmen, um zu klären"}}
{"event": "live_event", "case": "de-herzrasen", "elapsed_seconds": 355.092656929, "value": {"type": "transcript.partial", "session_id": "39d0d082-7520-4554-ae04-41201290441b", "sequence": 476, "segment_id": 60, "revision": 10, "text": " eine Schilddrüsenüberfunktion denken, deswegen würde ich Ihnen gerne Blut abnehmen, um zu klären, ob mit"}}
{"event": "live_event", "case": "de-herzrasen", "elapsed_seconds": 355.6548645529999, "value": {"type": "transcript.partial", "session_id": "39d0d082-7520-4554-ae04-41201290441b", "sequence": 477, "segment_id": 60, "revision": 11, "text": " eine Schilddrüsenüberfunktion denken, deswegen würde ich Ihnen gerne Blut abnehmen, um zu klären, ob mit der Schilddrö"}}
{"event": "live_event", "case": "de-herzrasen", "elapsed_seconds": 356.2169111149999, "value": {"type": "transcript.partial", "session_id": "39d0d082-7520-4554-ae04-41201290441b", "sequence": 478, "segment_id": 60, "revision": 12, "text": " eine Schilddrüsenüberfunktion denken, deswegen würde ich Ihnen gerne Blut abnehmen, um zu klären, ob mit der Schilddröse alles in Ordnung"}}
{"event": "live_event", "case": "de-herzrasen", "elapsed_seconds": 356.769125239, "value": {"type": "transcript.partial", "session_id": "39d0d082-7520-4554-ae04-41201290441b", "sequence": 479, "segment_id": 60, "revision": 13, "text": " eine Schilddrüsenüberfunktion denken, deswegen würde ich Ihnen gerne Blut abnehmen, um zu klären, ob mit der Schilddröse alles in Ordnung ist"}}
{"event": "live_event", "case": "de-herzrasen", "elapsed_seconds": 357.33075229999986, "value": {"type": "transcript.partial", "session_id": "39d0d082-7520-4554-ae04-41201290441b", "sequence": 480, "segment_id": 60, "revision": 14, "text": " eine Schilddrüsenüberfunktion denken, deswegen würde ich Ihnen gerne Blut abnehmen, um zu klären, ob mit der Schilddröse alles in Ordnung ist, wenn"}}
{"event": "live_event", "case": "de-herzrasen", "elapsed_seconds": 357.89166631800003, "value": {"type": "transcript.partial", "session_id": "39d0d082-7520-4554-ae04-41201290441b", "sequence": 481, "segment_id": 60, "revision": 15, "text": " eine Schilddrüsenüberfunktion denken, deswegen würde ich Ihnen gerne Blut abnehmen, um zu klären, ob mit der Schilddröse alles in Ordnung ist, wenn das so"}}
{"event": "live_event", "case": "de-herzrasen", "elapsed_seconds": 358.451341127, "value": {"type": "transcript.partial", "session_id": "39d0d082-7520-4554-ae04-41201290441b", "sequence": 482, "segment_id": 60, "revision": 16, "text": " eine Schilddrüsenüberfunktion denken, deswegen würde ich Ihnen gerne Blut abnehmen, um zu klären, ob mit der Schilddröse alles in Ordnung ist, wenn das so wäre"}}
{"event": "live_event", "case": "de-herzrasen", "elapsed_seconds": 359.0141147489999, "value": {"type": "transcript.partial", "session_id": "39d0d082-7520-4554-ae04-41201290441b", "sequence": 483, "segment_id": 60, "revision": 17, "text": " eine Schilddrüsenüberfunktion denken, deswegen würde ich Ihnen gerne Blut abnehmen, um zu klären, ob mit der Schilddröse alles in Ordnung ist, wenn das so wäre, könnte man"}}
{"event": "live_event", "case": "de-herzrasen", "elapsed_seconds": 359.57077423199985, "value": {"type": "transcript.partial", "session_id": "39d0d082-7520-4554-ae04-41201290441b", "sequence": 484, "segment_id": 60, "revision": 18, "text": " eine Schilddrüsenüberfunktion denken, deswegen würde ich Ihnen gerne Blut abnehmen, um zu klären, ob mit der Schilddröse alles in Ordnung ist, wenn das so wäre, könnte man das gut be"}}
{"event": "live_event", "case": "de-herzrasen", "elapsed_seconds": 360.13146554499986, "value": {"type": "transcript.partial", "session_id": "39d0d082-7520-4554-ae04-41201290441b", "sequence": 485, "segment_id": 60, "revision": 19, "text": " eine Schilddrüsenüberfunktion denken, deswegen würde ich Ihnen gerne Blut abnehmen, um zu klären, ob mit der Schilddröse alles in Ordnung ist, wenn das so wäre, könnte man das gut behandeln"}}
{"event": "live_event", "case": "de-herzrasen", "elapsed_seconds": 361.25179224399994, "value": {"type": "transcript.partial", "session_id": "39d0d082-7520-4554-ae04-41201290441b", "sequence": 486, "segment_id": 60, "revision": 20, "text": " eine Schilddrüsenüberfunktion denken, deswegen würde ich Ihnen gerne Blut abnehmen, um zu klären, ob mit der Schilddröse alles in Ordnung ist, wenn das so wäre, könnte man das gut behandeln, bis wir"}}
{"event": "live_event", "case": "de-herzrasen", "elapsed_seconds": 361.81460598499984, "value": {"type": "transcript.partial", "session_id": "39d0d082-7520-4554-ae04-41201290441b", "sequence": 487, "segment_id": 60, "revision": 21, "text": " eine Schilddrüsenüberfunktion denken, deswegen würde ich Ihnen gerne Blut abnehmen, um zu klären, ob mit der Schilddröse alles in Ordnung ist, wenn das so wäre, könnte man das gut behandeln, bis wir uns das nächste"}}
{"event": "live_event", "case": "de-herzrasen", "elapsed_seconds": 362.37259784899993, "value": {"type": "transcript.partial", "session_id": "39d0d082-7520-4554-ae04-41201290441b", "sequence": 488, "segment_id": 60, "revision": 22, "text": " eine Schilddrüsenüberfunktion denken, deswegen würde ich Ihnen gerne Blut abnehmen, um zu klären, ob mit der Schilddröse alles in Ordnung ist, wenn das so wäre, könnte man das gut behandeln, bis wir uns das nächste Mal sehen"}}
{"event": "live_event", "case": "de-herzrasen", "elapsed_seconds": 362.93276200499986, "value": {"type": "transcript.partial", "session_id": "39d0d082-7520-4554-ae04-41201290441b", "sequence": 489, "segment_id": 60, "revision": 23, "text": " eine Schilddrüsenüberfunktion denken, deswegen würde ich Ihnen gerne Blut abnehmen, um zu klären, ob mit der Schilddröse alles in Ordnung ist, wenn das so wäre, könnte man das gut behandeln, bis wir uns das nächste Mal sehen in einigen Ta"}}
{"event": "live_event", "case": "de-herzrasen", "elapsed_seconds": 363.48933107899984, "value": {"type": "transcript.partial", "session_id": "39d0d082-7520-4554-ae04-41201290441b", "sequence": 490, "segment_id": 60, "revision": 24, "text": " eine Schilddrüsenüberfunktion denken, deswegen würde ich Ihnen gerne Blut abnehmen, um zu klären, ob mit der Schilddröse alles in Ordnung ist, wenn das so wäre, könnte man das gut behandeln, bis wir uns das nächste Mal sehen in einigen Tagen können"}}
{"event": "live_event", "case": "de-herzrasen", "elapsed_seconds": 364.0516972979999, "value": {"type": "transcript.partial", "session_id": "39d0d082-7520-4554-ae04-41201290441b", "sequence": 491, "segment_id": 60, "revision": 25, "text": " eine Schilddrüsenüberfunktion denken, deswegen würde ich Ihnen gerne Blut abnehmen, um zu klären, ob mit der Schilddröse alles in Ordnung ist, wenn das so wäre, könnte man das gut behandeln, bis wir uns das nächste Mal sehen in einigen Tagen können Sie ja nochmal"}}
{"event": "live_event", "case": "de-herzrasen", "elapsed_seconds": 365.1699174849998, "value": {"type": "transcript.partial", "session_id": "39d0d082-7520-4554-ae04-41201290441b", "sequence": 492, "segment_id": 60, "revision": 26, "text": " eine Schilddrüsenüberfunktion denken, deswegen würde ich Ihnen gerne Blut abnehmen, um zu klären, ob mit der Schilddröse alles in Ordnung ist, wenn das so wäre, könnte man das gut behandeln, bis wir uns das nächste Mal sehen in einigen Tagen können Sie ja nochmal ein bisschen"}}
{"event": "live_event", "case": "de-herzrasen", "elapsed_seconds": 365.7334500239999, "value": {"type": "transcript.partial", "session_id": "39d0d082-7520-4554-ae04-41201290441b", "sequence": 493, "segment_id": 60, "revision": 27, "text": " eine Schilddrüsenüberfunktion denken, deswegen würde ich Ihnen gerne Blut abnehmen, um zu klären, ob mit der Schilddröse alles in Ordnung ist, wenn das so wäre, könnte man das gut behandeln, bis wir uns das nächste Mal sehen in einigen Tagen können Sie ja nochmal ein bisschen schauen,"}}
{"event": "live_event", "case": "de-herzrasen", "elapsed_seconds": 366.29690769499985, "value": {"type": "transcript.partial", "session_id": "39d0d082-7520-4554-ae04-41201290441b", "sequence": 494, "segment_id": 60, "revision": 28, "text": " eine Schilddrüsenüberfunktion denken, deswegen würde ich Ihnen gerne Blut abnehmen, um zu klären, ob mit der Schilddröse alles in Ordnung ist, wenn das so wäre, könnte man das gut behandeln, bis wir uns das nächste Mal sehen in einigen Tagen können Sie ja nochmal ein bisschen schauen, ob Ihnen sonst"}}
{"event": "live_event", "case": "de-herzrasen", "elapsed_seconds": 366.850718957, "value": {"type": "transcript.partial", "session_id": "39d0d082-7520-4554-ae04-41201290441b", "sequence": 495, "segment_id": 60, "revision": 29, "text": " eine Schilddrüsenüberfunktion denken, deswegen würde ich Ihnen gerne Blut abnehmen, um zu klären, ob mit der Schilddröse alles in Ordnung ist, wenn das so wäre, könnte man das gut behandeln, bis wir uns das nächste Mal sehen in einigen Tagen können Sie ja nochmal ein bisschen schauen, ob Ihnen sonst noch was ein"}}
{"event": "live_event", "case": "de-herzrasen", "elapsed_seconds": 367.41024436199996, "value": {"type": "transcript.partial", "session_id": "39d0d082-7520-4554-ae04-41201290441b", "sequence": 496, "segment_id": 60, "revision": 30, "text": " eine Schilddrüsenüberfunktion denken, deswegen würde ich Ihnen gerne Blut abnehmen, um zu klären, ob mit der Schilddröse alles in Ordnung ist, wenn das so wäre, könnte man das gut behandeln, bis wir uns das nächste Mal sehen in einigen Tagen können Sie ja nochmal ein bisschen schauen, ob Ihnen sonst noch was einfällt"}}
{"event": "live_event", "case": "de-herzrasen", "elapsed_seconds": 368.53478352799993, "value": {"type": "transcript.partial", "session_id": "39d0d082-7520-4554-ae04-41201290441b", "sequence": 497, "segment_id": 60, "revision": 31, "text": " eine Schilddrüsenüberfunktion denken, deswegen würde ich Ihnen gerne Blut abnehmen, um zu klären, ob mit der Schilddröse alles in Ordnung ist, wenn das so wäre, könnte man das gut behandeln, bis wir uns das nächste Mal sehen in einigen Tagen können Sie ja nochmal ein bisschen schauen, ob Ihnen sonst noch was einfällt, und dann würden"}}
{"event": "live_event", "case": "de-herzrasen", "elapsed_seconds": 369.0879026309999, "value": {"type": "transcript.partial", "session_id": "39d0d082-7520-4554-ae04-41201290441b", "sequence": 498, "segment_id": 60, "revision": 32, "text": " eine Schilddrüsenüberfunktion denken, deswegen würde ich Ihnen gerne Blut abnehmen, um zu klären, ob mit der Schilddröse alles in Ordnung ist, wenn das so wäre, könnte man das gut behandeln, bis wir uns das nächste Mal sehen in einigen Tagen können Sie ja nochmal ein bisschen schauen, ob Ihnen sonst noch was einfällt, und dann würden wir"}}
{"event": "live_event", "case": "de-herzrasen", "elapsed_seconds": 369.6508693569999, "value": {"type": "transcript.partial", "session_id": "39d0d082-7520-4554-ae04-41201290441b", "sequence": 499, "segment_id": 60, "revision": 33, "text": " eine Schilddrüsenüberfunktion denken, deswegen würde ich Ihnen gerne Blut abnehmen, um zu klären, ob mit der Schilddröse alles in Ordnung ist, wenn das so wäre, könnte man das gut behandeln, bis wir uns das nächste Mal sehen in einigen Tagen können Sie ja nochmal ein bisschen schauen, ob Ihnen sonst noch was einfällt, und dann würden wir in zwei"}}
{"event": "live_event", "case": "de-herzrasen", "elapsed_seconds": 370.213857425, "value": {"type": "transcript.partial", "session_id": "39d0d082-7520-4554-ae04-41201290441b", "sequence": 500, "segment_id": 60, "revision": 34, "text": " eine Schilddrüsenüberfunktion denken, deswegen würde ich Ihnen gerne Blut abnehmen, um zu klären, ob mit der Schilddröse alles in Ordnung ist, wenn das so wäre, könnte man das gut behandeln, bis wir uns das nächste Mal sehen in einigen Tagen können Sie ja nochmal ein bisschen schauen, ob Ihnen sonst noch was einfällt, und dann würden wir in zwei, drei Tagen"}}
{"event": "live_event", "case": "de-herzrasen", "elapsed_seconds": 370.77097259599987, "value": {"type": "transcript.partial", "session_id": "39d0d082-7520-4554-ae04-41201290441b", "sequence": 501, "segment_id": 60, "revision": 35, "text": " eine Schilddrüsenüberfunktion denken, deswegen würde ich Ihnen gerne Blut abnehmen, um zu klären, ob mit der Schilddröse alles in Ordnung ist, wenn das so wäre, könnte man das gut behandeln, bis wir uns das nächste Mal sehen in einigen Tagen können Sie ja nochmal ein bisschen schauen, ob Ihnen sonst noch was einfällt, und dann würden wir in zwei, drei Tagen uns nochmal"}}
{"event": "live_event", "case": "de-herzrasen", "elapsed_seconds": 371.330686969, "value": {"type": "transcript.partial", "session_id": "39d0d082-7520-4554-ae04-41201290441b", "sequence": 502, "segment_id": 60, "revision": 36, "text": " eine Schilddrüsenüberfunktion denken, deswegen würde ich Ihnen gerne Blut abnehmen, um zu klären, ob mit der Schilddröse alles in Ordnung ist, wenn das so wäre, könnte man das gut behandeln, bis wir uns das nächste Mal sehen in einigen Tagen können Sie ja nochmal ein bisschen schauen, ob Ihnen sonst noch was einfällt, und dann würden wir in zwei, drei Tagen uns nochmal wiedersehen"}}
{"event": "live_event", "case": "de-herzrasen", "elapsed_seconds": 371.8885716309999, "value": {"type": "transcript.partial", "session_id": "39d0d082-7520-4554-ae04-41201290441b", "sequence": 503, "segment_id": 60, "revision": 37, "text": " eine Schilddrüsenüberfunktion denken, deswegen würde ich Ihnen gerne Blut abnehmen, um zu klären, ob mit der Schilddröse alles in Ordnung ist, wenn das so wäre, könnte man das gut behandeln, bis wir uns das nächste Mal sehen in einigen Tagen können Sie ja nochmal ein bisschen schauen, ob Ihnen sonst noch was einfällt, und dann würden wir in zwei, drei Tagen uns nochmal wiedersehen und"}}
{"event": "live_event", "case": "de-herzrasen", "elapsed_seconds": 373.009205328, "value": {"type": "transcript.final", "session_id": "39d0d082-7520-4554-ae04-41201290441b", "sequence": 504, "segment_id": 60, "revision": 38, "text": " eine Schilddrüsenüberfunktion denken, deswegen würde ich Ihnen gerne Blut abnehmen, um zu klären, ob mit der Schilddröse alles in Ordnung ist, wenn das so wäre, könnte man das gut behandeln, bis wir uns das nächste Mal sehen in einigen Tagen können Sie ja nochmal ein bisschen schauen, ob Ihnen sonst noch was einfällt, und dann würden wir in zwei, drei Tagen uns nochmal wiedersehen und", "granularity": "word", "items": [{"text": " eine", "start_seconds": 348.32, "end_seconds": 348.4, "confidence": null}, {"text": "Schilddrüsenüberfunktion", "start_seconds": 348.4, "end_seconds": 349.28, "confidence": null}, {"text": "denken,", "start_seconds": 349.68, "end_seconds": 350.08, "confidence": null}, {"text": "deswegen", "start_seconds": 350.08, "end_seconds": 350.4, "confidence": null}, {"text": "würde", "start_seconds": 350.4, "end_seconds": 350.48, "confidence": null}, {"text": "ich", "start_seconds": 350.48, "end_seconds": 350.64, "confidence": null}, {"text": "Ihnen", "start_seconds": 350.64, "end_seconds": 350.88, "confidence": null}, {"text": "gerne", "start_seconds": 350.88, "end_seconds": 350.96, "confidence": null}, {"text": "Blut", "start_seconds": 351.84, "end_seconds": 352.16, "confidence": null}, {"text": "abnehmen,", "start_seconds": 352.16, "end_seconds": 352.48, "confidence": null}, {"text": "um", "start_seconds": 353.2, "end_seconds": 353.52, "confidence": null}, {"text": "zu", "start_seconds": 353.52, "end_seconds": 353.6, "confidence": null}, {"text": "klären,", "start_seconds": 353.6, "end_seconds": 353.68, "confidence": null}, {"text": "ob", "start_seconds": 354.8, "end_seconds": 354.96, "confidence": null}, {"text": "mit", "start_seconds": 354.96, "end_seconds": 355.12, "confidence": null}, {"text": "der", "start_seconds": 355.12, "end_seconds": 355.2, "confidence": null}, {"text": "Schilddröse", "start_seconds": 355.2, "end_seconds": 355.68, "confidence": null}, {"text": "alles", "start_seconds": 355.68, "end_seconds": 355.84, "confidence": null}, {"text": "in", "start_seconds": 355.84, "end_seconds": 356.0, "confidence": null}, {"text": "Ordnung", "start_seconds": 356.0, "end_seconds": 356.32, "confidence": null}, {"text": "ist,", "start_seconds": 356.32, "end_seconds": 356.4, "confidence": null}, {"text": "wenn", "start_seconds": 357.12, "end_seconds": 357.36, "confidence": null}, {"text": "das", "start_seconds": 357.36, "end_seconds": 357.52, "confidence": null}, {"text": "so", "start_seconds": 357.52, "end_seconds": 357.84, "confidence": null}, {"text": "wäre,", "start_seconds": 357.84, "end_seconds": 358.0, "confidence": null}, {"text": "könnte", "start_seconds": 358.56, "end_seconds": 358.8, "confidence": null}, {"text": "man", "start_seconds": 358.8, "end_seconds": 359.04, "confidence": null}, {"text": "das", "start_seconds": 359.04, "end_seconds": 359.2, "confidence": null}, {"text": "gut", "start_seconds": 359.2, "end_seconds": 359.44, "confidence": null}, {"text": "behandeln,", "start_seconds": 359.44, "end_seconds": 359.68, "confidence": null}, {"text": "bis", "start_seconds": 360.8, "end_seconds": 361.04, "confidence": null}, {"text": "wir", "start_seconds": 361.04, "end_seconds": 361.2, "confidence": null}, {"text": "uns", "start_seconds": 361.2, "end_seconds": 361.36, "confidence": null}, {"text": "das", "start_seconds": 361.36, "end_seconds": 361.44, "confidence": null}, {"text": "nächste", "start_seconds": 361.44, "end_seconds": 361.76, "confidence": null}, {"text": "Mal", "start_seconds": 361.76, "end_seconds": 361.92, "confidence": null}, {"text": "sehen", "start_seconds": 361.92, "end_seconds": 362.0, "confidence": null}, {"text": "in", "start_seconds": 362.32, "end_seconds": 362.4, "confidence": null}, {"text": "einigen", "start_seconds": 362.4, "end_seconds": 362.72, "confidence": null}, {"text": "Tagen", "start_seconds": 362.72, "end_seconds": 363.28, "confidence": null}, {"text": "können", "start_seconds": 363.28, "end_seconds": 363.52, "confidence": null}, {"text": "Sie", "start_seconds": 363.52, "end_seconds": 363.68, "confidence": null}, {"text": "ja", "start_seconds": 363.68, "end_seconds": 363.84, "confidence": null}, {"text": "nochmal", "start_seconds": 363.84, "end_seconds": 363.92, "confidence": null}, {"text": "ein", "start_seconds": 364.72, "end_seconds": 364.96, "confidence": null}, {"text": "bisschen", "start_seconds": 364.96, "end_seconds": 365.2, "confidence": null}, {"text": "schauen,", "start_seconds": 365.2, "end_seconds": 365.68, "confidence": null}, {"text": "ob", "start_seconds": 365.68, "end_seconds": 365.84, "confidence": null}, {"text": "Ihnen", "start_seconds": 365.84, "end_seconds": 366.0, "confidence": null}, {"text": "sonst", "start_seconds": 366.0, "end_seconds": 366.24, "confidence": null}, {"text": "noch", "start_seconds": 366.24, "end_seconds": 366.32, "confidence": null}, {"text": "was", "start_seconds": 366.32, "end_seconds": 366.56, "confidence": null}, {"text": "einfällt,", "start_seconds": 366.56, "end_seconds": 366.96, "confidence": null}, {"text": "und", "start_seconds": 368.0, "end_seconds": 368.16, "confidence": null}, {"text": "dann", "start_seconds": 368.16, "end_seconds": 368.32, "confidence": null}, {"text": "würden", "start_seconds": 368.32, "end_seconds": 368.56, "confidence": null}, {"text": "wir", "start_seconds": 368.56, "end_seconds": 368.64, "confidence": null}, {"text": "in", "start_seconds": 369.04, "end_seconds": 369.12, "confidence": null}, {"text": "zwei,", "start_seconds": 369.52, "end_seconds": 369.84, "confidence": null}, {"text": "drei", "start_seconds": 369.84, "end_seconds": 370.0, "confidence": null}, {"text": "Tagen", "start_seconds": 370.0, "end_seconds": 370.24, "confidence": null}, {"text": "uns", "start_seconds": 370.24, "end_seconds": 370.48, "confidence": null}, {"text": "nochmal", "start_seconds": 370.48, "end_seconds": 370.72, "confidence": null}, {"text": "wiedersehen", "start_seconds": 370.72, "end_seconds": 370.96, "confidence": null}, {"text": "und", "start_seconds": 371.52, "end_seconds": 371.6, "confidence": null}]}}
{"event": "live_event", "case": "de-herzrasen", "elapsed_seconds": 373.572377966, "value": {"type": "transcript.partial", "session_id": "39d0d082-7520-4554-ae04-41201290441b", "sequence": 505, "segment_id": 61, "revision": 1, "text": " die Laborw"}}
{"event": "live_event", "case": "de-herzrasen", "elapsed_seconds": 374.1336351509999, "value": {"type": "transcript.partial", "session_id": "39d0d082-7520-4554-ae04-41201290441b", "sequence": 506, "segment_id": 61, "revision": 2, "text": " die Laborwerte besprechen"}}
{"event": "live_event", "case": "de-herzrasen", "elapsed_seconds": 375.250843026, "value": {"type": "transcript.partial", "session_id": "39d0d082-7520-4554-ae04-41201290441b", "sequence": 507, "segment_id": 61, "revision": 3, "text": " die Laborwerte besprechen und jetzt aber"}}
{"event": "live_event", "case": "de-herzrasen", "elapsed_seconds": 375.81165483899986, "value": {"type": "transcript.partial", "session_id": "39d0d082-7520-4554-ae04-41201290441b", "sequence": 508, "segment_id": 61, "revision": 4, "text": " die Laborwerte besprechen und jetzt aber zuerst"}}
{"event": "live_event", "case": "de-herzrasen", "elapsed_seconds": 376.36871519700003, "value": {"type": "transcript.partial", "session_id": "39d0d082-7520-4554-ae04-41201290441b", "sequence": 509, "segment_id": 61, "revision": 5, "text": " die Laborwerte besprechen und jetzt aber zuerst uns"}}
{"event": "live_event", "case": "de-herzrasen", "elapsed_seconds": 376.93061602199987, "value": {"type": "transcript.partial", "session_id": "39d0d082-7520-4554-ae04-41201290441b", "sequence": 510, "segment_id": 61, "revision": 6, "text": " die Laborwerte besprechen und jetzt aber zuerst uns neben"}}
{"event": "live_event", "case": "de-herzrasen", "elapsed_seconds": 377.48996659, "value": {"type": "transcript.partial", "session_id": "39d0d082-7520-4554-ae04-41201290441b", "sequence": 511, "segment_id": 61, "revision": 7, "text": " die Laborwerte besprechen und jetzt aber zuerst uns nebenan nochmal für"}}
{"event": "live_event", "case": "de-herzrasen", "elapsed_seconds": 378.0542070729998, "value": {"type": "transcript.partial", "session_id": "39d0d082-7520-4554-ae04-41201290441b", "sequence": 512, "segment_id": 61, "revision": 8, "text": " die Laborwerte besprechen und jetzt aber zuerst uns nebenan nochmal für eine Untersuchung"}}
{"event": "live_event", "case": "de-herzrasen", "elapsed_seconds": 378.611202566, "value": {"type": "transcript.partial", "session_id": "39d0d082-7520-4554-ae04-41201290441b", "sequence": 513, "segment_id": 61, "revision": 9, "text": " die Laborwerte besprechen und jetzt aber zuerst uns nebenan nochmal für eine Untersuchung sehen"}}
{"event": "live_event", "case": "de-herzrasen", "elapsed_seconds": 379.17144500799986, "value": {"type": "transcript.partial", "session_id": "39d0d082-7520-4554-ae04-41201290441b", "sequence": 514, "segment_id": 61, "revision": 10, "text": " die Laborwerte besprechen und jetzt aber zuerst uns nebenan nochmal für eine Untersuchung sehen.  Wen"}}
{"event": "live_event", "case": "de-herzrasen", "elapsed_seconds": 379.73267432800003, "value": {"type": "transcript.partial", "session_id": "39d0d082-7520-4554-ae04-41201290441b", "sequence": 515, "segment_id": 61, "revision": 11, "text": " die Laborwerte besprechen und jetzt aber zuerst uns nebenan nochmal für eine Untersuchung sehen.  Wenn Sie damit"}}
{"event": "live_event", "case": "de-herzrasen", "elapsed_seconds": 380.291801074, "value": {"type": "transcript.partial", "session_id": "39d0d082-7520-4554-ae04-41201290441b", "sequence": 516, "segment_id": 61, "revision": 12, "text": " die Laborwerte besprechen und jetzt aber zuerst uns nebenan nochmal für eine Untersuchung sehen.  Wenn Sie damit einverstanden"}}
{"event": "live_event", "case": "de-herzrasen", "elapsed_seconds": 380.85470648699993, "value": {"type": "transcript.partial", "session_id": "39d0d082-7520-4554-ae04-41201290441b", "sequence": 517, "segment_id": 61, "revision": 13, "text": " die Laborwerte besprechen und jetzt aber zuerst uns nebenan nochmal für eine Untersuchung sehen.  Wenn Sie damit einverstanden, das klingt"}}
{"event": "live_event", "case": "de-herzrasen", "elapsed_seconds": 381.4129417459999, "value": {"type": "transcript.partial", "session_id": "39d0d082-7520-4554-ae04-41201290441b", "sequence": 518, "segment_id": 61, "revision": 14, "text": " die Laborwerte besprechen und jetzt aber zuerst uns nebenan nochmal für eine Untersuchung sehen.  Wenn Sie damit einverstanden, das klingt nach einem Plan"}}
{"event": "live_event", "case": "de-herzrasen", "elapsed_seconds": 382.53425898499995, "value": {"type": "transcript.partial", "session_id": "39d0d082-7520-4554-ae04-41201290441b", "sequence": 519, "segment_id": 61, "revision": 15, "text": " die Laborwerte besprechen und jetzt aber zuerst uns nebenan nochmal für eine Untersuchung sehen.  Wenn Sie damit einverstanden, das klingt nach einem Plan.  Ja schön"}}
{"event": "live_event", "case": "de-herzrasen", "elapsed_seconds": 383.64860397300004, "value": {"type": "transcript.final", "session_id": "39d0d082-7520-4554-ae04-41201290441b", "sequence": 520, "segment_id": 61, "revision": 16, "text": " die Laborwerte besprechen und jetzt aber zuerst uns nebenan nochmal für eine Untersuchung sehen. Wenn Sie damit einverstanden, das klingt nach einem Plan. Ja schön", "granularity": "word", "items": [{"text": " die", "start_seconds": 372.96, "end_seconds": 373.12, "confidence": null}, {"text": "Laborwerte", "start_seconds": 373.12, "end_seconds": 373.76, "confidence": null}, {"text": "besprechen", "start_seconds": 373.76, "end_seconds": 373.92, "confidence": null}, {"text": "und", "start_seconds": 374.64, "end_seconds": 374.8, "confidence": null}, {"text": "jetzt", "start_seconds": 374.8, "end_seconds": 374.96, "confidence": null}, {"text": "aber", "start_seconds": 374.96, "end_seconds": 375.2, "confidence": null}, {"text": "zuerst", "start_seconds": 375.2, "end_seconds": 375.36, "confidence": null}, {"text": "uns", "start_seconds": 375.84, "end_seconds": 375.92, "confidence": null}, {"text": "nebenan", "start_seconds": 376.48, "end_seconds": 377.04, "confidence": null}, {"text": "nochmal", "start_seconds": 377.04, "end_seconds": 377.28, "confidence": null}, {"text": "für", "start_seconds": 377.28, "end_seconds": 377.52, "confidence": null}, {"text": "eine", "start_seconds": 377.52, "end_seconds": 377.6, "confidence": null}, {"text": "Untersuchung", "start_seconds": 377.6, "end_seconds": 378.0, "confidence": null}, {"text": "sehen.", "start_seconds": 378.0, "end_seconds": 378.08, "confidence": null}, {"text": "Wenn", "start_seconds": 378.88, "end_seconds": 379.2, "confidence": null}, {"text": "Sie", "start_seconds": 379.2, "end_seconds": 379.28, "confidence": null}, {"text": "damit", "start_seconds": 379.28, "end_seconds": 379.68, "confidence": null}, {"text": "einverstanden,", "start_seconds": 379.68, "end_seconds": 379.92, "confidence": null}, {"text": "das", "start_seconds": 380.32, "end_seconds": 380.4, "confidence": null}, {"text": "klingt", "start_seconds": 380.4, "end_seconds": 380.8, "confidence": null}, {"text": "nach", "start_seconds": 380.8, "end_seconds": 380.96, "confidence": null}, {"text": "einem", "start_seconds": 380.96, "end_seconds": 381.2, "confidence": null}, {"text": "Plan.", "start_seconds": 381.2, "end_seconds": 381.28, "confidence": null}, {"text": "Ja", "start_seconds": 382.0, "end_seconds": 382.16, "confidence": null}, {"text": "schön", "start_seconds": 382.16, "end_seconds": 382.24, "confidence": null}]}}
{"event": "live_event", "case": "de-herzrasen", "elapsed_seconds": 384.2142493229999, "value": {"type": "transcript.partial", "session_id": "39d0d082-7520-4554-ae04-41201290441b", "sequence": 521, "segment_id": 62, "revision": 1, "text": ", dann bis gle"}}
{"event": "live_event", "case": "de-herzrasen", "elapsed_seconds": 384.770199347, "value": {"type": "transcript.partial", "session_id": "39d0d082-7520-4554-ae04-41201290441b", "sequence": 522, "segment_id": 62, "revision": 2, "text": ", dann bis gleich"}}
{"event": "live_event", "case": "de-herzrasen", "elapsed_seconds": 385.3293744980001, "value": {"type": "transcript.final", "session_id": "39d0d082-7520-4554-ae04-41201290441b", "sequence": 523, "segment_id": 62, "revision": 3, "text": "dann bis gleich", "granularity": "word", "items": [{"text": "dann", "start_seconds": 383.68, "end_seconds": 383.84, "confidence": null}, {"text": "bis", "start_seconds": 383.84, "end_seconds": 384.08, "confidence": null}, {"text": "gleich", "start_seconds": 384.08, "end_seconds": 384.24, "confidence": null}]}}
{"event": "live_event", "case": "de-herzrasen", "elapsed_seconds": 421.8898860579998, "value": {"type": "session.completed", "session_id": "39d0d082-7520-4554-ae04-41201290441b", "audio_seconds": 421.860125, "last_sequence": 523}}
{"event": "medical_measurement", "case": "de-herzrasen", "mode": "paced-stream", "sha256": "573a2c92bf726012808ca1188b4d105c343ef1998297b3d8fc5abbe177182357", "expected_audio_seconds": 421.860125, "all_samples_processed": true, "nonempty": true, "peak_gpu_allocated_bytes": 5332897280, "real_time_factor": 1.0000707789104262, "text": "Sie arbeiten als Vertretung des Hausarztes in der Praxis von Doktor Berg. Der Patient Jens Mager stellt sich heute mit Herzbeschwerden bei Ihnen vor. Vor der körperlichen Untersuchung möchten Sie mit ihm eingespräch führen. Was führt Sie herIch habe seit einer Weile immer Herzrasen und zwar total heftig, also das pumpt wie verrückt und und und ein ganzer Brustkorb zittert, das fühlt sich auch nicht so gut an, als müsste das irgendwie gegen ein Widerstand irgendwie kämpfen und und jetzt nicht wenn ich gerannt bin oder so. Ich sitze auf dem Sofa und plötzlich gebe das los, also so bisschen bringt unangenehm in der Tat, also in Ruhe pocht ihr Herz wie gegen einen Widerstand und und heftig sehr sehr schnell. Ja, haben Sie mal gemessenJa hundertsechzig Schläge pro MinuteSeit wann sagen Sie sechs Wochen vielleicht, ich kann es nicht genau sagen, aber so seit einer Weile fällt mir das auf, also auch abends, wenn ich verso einzuschlafen oder so plötzlich nehme ich das richtig wahr, dass auch sonst eine gewisse Unruhe in ihnen steckt. Es kann sein, es ist mir, ich habe ja irgendwie schon ersi oder ist das auch neu das ist eher neu, auch eher neu. Eher, ich glaube schon hatten Sie nie Idee, was dahinter stecken könnteIch weiß nicht einmal mein Opa hatte drei Herzinfarkte und und wo ich mich natürlich fragte, ob das irgendwie erblich sein kann oder so und erst am dritten leider auch verstorben dann ich hatte auch mal eine depressive Episode vor ein paar Jahren, da hat ne aber war Trennung und alles Mögliche so und und das hatten ganz konkreten Grund und es wurde behandelt und es ging auch wieder weg und seitdem gab es das nie, aber ich habe mich gewundert eben oder habe mich das gefragt, weil ich auch emotional irgendwie seltsam unterwegs bin gerade. Seltsam unterwegs heißt dünn häufig gereiztalso ganz ganz wenig Kapazität für irgendwie Stress oder so emotional so ein bisschen von der Rolle damals hat sich irgendwas verändert vor sechs Wochen, was sie nicht so richtig benennen können und was sich auch anders anfühlt als die Depression vor einigen Jahren und sie haben sich Sorge um ihr Herz gemachtsonst irgendwelche IdeenOkay, also um ihr Herz sollten wir uns kümmern und möglichst eine Erklärung finden, wie es mit Ihrem Schlaf schlechtIch weiß nicht, wann ich es letzte Mal mehr als fünf Stunden ein Stück geschlafen habe und ich schwitze auch absurd viel nachts. Ich kann mein T Shirt morgens ausbringen, damit die Wohnung putzenwie ist der Appetit? Gut, gut, ich hab ich habe viel Hunger und das GewichtEs sind vier Kilo weg in den letzten sechs Wochen, obwohl sie viel Appetit und vier Kilo sind für mich eine ganze Menge ehrlich gesagtJa vielleicht erzählen Sie mir noch zwei, drei Dinge aus Ihrem sonstigen Leben, wenn Sie mögenWas machen Sie genau beruflich? Ich studiere Maschinenbau, ich habe gerade Prüfungsphase, muss ich ein bisschen mehr machen als sonst, aber es ist nicht hier wirklich dranmatisch verdiene mir ein bisschen was neben mir dazu, bisschen Autoschrauben oder Fahrräder oder so, was was mich eher entspannt als stresst mit meiner Freundin läuft alles prima, also eigentlich alles super Sexualität alles gutOkay, ich höre raus vor sechs Wochen fangen plötzlich diese Beschwerden an Herzklopfen viel Appetit trotzdem Gewichtsabnahme, Schlafstörungnächtliches, vor allen Dingen nächtliches Schwitzen, eine große Unruhe, die auf mit einer Wesensveränderung irgendwie einhergeht, ohne dass sie so wirklich eine Erklärung finden in ihrem Leben, wo alles sonst ganz rund läuft im Moment Studium, Arbeit, BeziehungDa gibt es eigentlich nichts, wo Sie jetzt spontan sagen würden. Das erklärt das anders als damals, als Sie diese depressive Episode hatten, dann haben Sie die Sorge, dass mit dem Herzen das nicht stimmen könnte, weil in der Familie diese Beschwerden vorgekommen sind, vor allen Dingen bei ihrem Großvater, so dass ich Ihnen jetzt vorschlagen möchte, dass wir eine sorgfältige körperliche Untersuchung machen, das machen wir gleich hinten im Nachbarzimmer und dabei insbesondere auf ihr Herz schauen. Die Beschwerden, die sich schildern, lassen mich eine Schilddrüsenüberfunktion denken, deswegen würde ich Ihnen gerne Blut abnehmen, um zu klären, ob mit der Schilddröse alles in Ordnung ist, wenn das so wäre, könnte man das gut behandeln, bis wir uns das nächste Mal sehen in einigen Tagen können Sie ja nochmal ein bisschen schauen, ob Ihnen sonst noch was einfällt, und dann würden wir in zwei, drei Tagen uns nochmal wiedersehen und die Laborwerte besprechen und jetzt aber zuerst uns nebenan nochmal für eine Untersuchung sehen. Wenn Sie damit einverstanden, das klingt nach einem Plan. Ja schöndann bis gleich", "segments": [{"type": "transcript.final", "session_id": "39d0d082-7520-4554-ae04-41201290441b", "sequence": 8, "segment_id": 0, "revision": 8, "text": " Sie arbeiten als Vertretung des Hausarztes in der Praxis von Doktor Berg.", "granularity": "word", "items": [{"text": " Sie", "start_seconds": 8.4, "end_seconds": 8.56, "confidence": null}, {"text": "arbeiten", "start_seconds": 8.56, "end_seconds": 8.96, "confidence": null}, {"text": "als", "start_seconds": 8.96, "end_seconds": 9.2, "confidence": null}, {"text": "Vertretung", "start_seconds": 9.2, "end_seconds": 9.68, "confidence": null}, {"text": "des", "start_seconds": 9.68, "end_seconds": 9.76, "confidence": null}, {"text": "Hausarztes", "start_seconds": 10.08, "end_seconds": 10.88, "confidence": null}, {"text": "in", "start_seconds": 10.88, "end_seconds": 11.04, "confidence": null}, {"text": "der", "start_seconds": 11.04, "end_seconds": 11.2, "confidence": null}, {"text": "Praxis", "start_seconds": 11.2, "end_seconds": 11.52, "confidence": null}, {"text": "von", "start_seconds": 11.52, "end_seconds": 11.76, "confidence": null}, {"text": "Doktor", "start_seconds": 11.76, "end_seconds": 12.08, "confidence": null}, {"text": "Berg.", "start_seconds": 12.08, "end_seconds": 12.24, "confidence": null}]}, {"type": "transcript.final", "session_id": "39d0d082-7520-4554-ae04-41201290441b", "sequence": 16, "segment_id": 1, "revision": 8, "text": " Der Patient Jens Mager stellt sich heute mit Herzbeschwerden bei Ihnen vor. Vor", "granularity": "word", "items": [{"text": " Der", "start_seconds": 13.44, "end_seconds": 13.52, "confidence": null}, {"text": "Patient", "start_seconds": 13.52, "end_seconds": 14.0, "confidence": null}, {"text": "Jens", "start_seconds": 14.0, "end_seconds": 14.32, "confidence": null}, {"text": "Mager", "start_seconds": 14.32, "end_seconds": 14.72, "confidence": null}, {"text": "stellt", "start_seconds": 14.72, "end_seconds": 14.96, "confidence": null}, {"text": "sich", "start_seconds": 14.96, "end_seconds": 15.04, "confidence": null}, {"text": "heute", "start_seconds": 15.04, "end_seconds": 15.12, "confidence": null}, {"text": "mit", "start_seconds": 15.68, "end_seconds": 15.76, "confidence": null}, {"text": "Herzbeschwerden", "start_seconds": 15.76, "end_seconds": 16.48, "confidence": null}, {"text": "bei", "start_seconds": 16.48, "end_seconds": 16.64, "confidence": null}, {"text": "Ihnen", "start_seconds": 16.64, "end_seconds": 16.8, "confidence": null}, {"text": "vor.", "start_seconds": 16.8, "end_seconds": 16.88, "confidence": null}, {"text": "Vor", "start_seconds": 17.84, "end_seconds": 17.92, "confidence": null}]}, {"type": "transcript.final", "session_id": "39d0d082-7520-4554-ae04-41201290441b", "sequence": 22, "segment_id": 2, "revision": 6, "text": " der körperlichen Untersuchung möchten Sie mit ihm eingespräch führen.", "granularity": "word", "items": [{"text": " der", "start_seconds": 18.0, "end_seconds": 18.08, "confidence": null}, {"text": "körperlichen", "start_seconds": 18.08, "end_seconds": 18.56, "confidence": null}, {"text": "Untersuchung", "start_seconds": 18.56, "end_seconds": 18.88, "confidence": null}, {"text": "möchten", "start_seconds": 19.28, "end_seconds": 19.52, "confidence": null}, {"text": "Sie", "start_seconds": 19.52, "end_seconds": 19.68, "confidence": null}, {"text": "mit", "start_seconds": 19.68, "end_seconds": 19.76, "confidence": null}, {"text": "ihm", "start_seconds": 19.76, "end_seconds": 20.0, "confidence": null}, {"text": "eingespräch", "start_seconds": 20.0, "end_seconds": 20.48, "confidence": null}, {"text": "führen.", "start_seconds": 20.48, "end_seconds": 20.64, "confidence": null}]}, {"type": "transcript.final", "session_id": "39d0d082-7520-4554-ae04-41201290441b", "sequence": 24, "segment_id": 3, "revision": 2, "text": " Was führt Sie her", "granularity": "word", "items": [{"text": " Was", "start_seconds": 25.76, "end_seconds": 25.84, "confidence": null}, {"text": "führt", "start_seconds": 25.84, "end_seconds": 26.08, "confidence": null}, {"text": "Sie", "start_seconds": 26.08, "end_seconds": 26.24, "confidence": null}, {"text": "her", "start_seconds": 26.24, "end_seconds": 26.32, "confidence": null}]}, {"type": "transcript.final", "session_id": "39d0d082-7520-4554-ae04-41201290441b", "sequence": 28, "segment_id": 4, "revision": 4, "text": "Ich habe seit einer Weile", "granularity": "word", "items": [{"text": "Ich", "start_seconds": 27.76, "end_seconds": 28.0, "confidence": null}, {"text": "habe", "start_seconds": 28.0, "end_seconds": 28.24, "confidence": null}, {"text": "seit", "start_seconds": 28.24, "end_seconds": 28.56, "confidence": null}, {"text": "einer", "start_seconds": 28.56, "end_seconds": 28.72, "confidence": null}, {"text": "Weile", "start_seconds": 28.72, "end_seconds": 28.8, "confidence": null}]}, {"type": "transcript.final", "session_id": "39d0d082-7520-4554-ae04-41201290441b", "sequence": 37, "segment_id": 5, "revision": 9, "text": " immer Herzrasen und zwar total heftig, also das", "granularity": "word", "items": [{"text": " immer", "start_seconds": 30.24, "end_seconds": 30.4, "confidence": null}, {"text": "Herzrasen", "start_seconds": 30.4, "end_seconds": 30.88, "confidence": null}, {"text": "und", "start_seconds": 31.76, "end_seconds": 32.0, "confidence": null}, {"text": "zwar", "start_seconds": 32.0, "end_seconds": 32.08, "confidence": null}, {"text": "total", "start_seconds": 32.72, "end_seconds": 33.12, "confidence": null}, {"text": "heftig,", "start_seconds": 33.12, "end_seconds": 33.68, "confidence": null}, {"text": "also", "start_seconds": 33.68, "end_seconds": 33.76, "confidence": null}, {"text": "das", "start_seconds": 34.16, "end_seconds": 34.24, "confidence": null}]}, {"type": "transcript.final", "session_id": "39d0d082-7520-4554-ae04-41201290441b", "sequence": 41, "segment_id": 6, "revision": 4, "text": " pumpt wie verrückt und und und", "granularity": "word", "items": [{"text": " pumpt", "start_seconds": 35.84, "end_seconds": 36.08, "confidence": null}, {"text": "wie", "start_seconds": 36.08, "end_seconds": 36.4, "confidence": null}, {"text": "verrückt", "start_seconds": 36.4, "end_seconds": 36.56, "confidence": null}, {"text": "und", "start_seconds": 36.96, "end_seconds": 37.2, "confidence": null}, {"text": "und", "start_seconds": 37.2, "end_seconds": 37.44, "confidence": null}, {"text": "und", "start_seconds": 37.44, "end_seconds": 37.52, "confidence": null}]}, {"type": "transcript.final", "session_id": "39d0d082-7520-4554-ae04-41201290441b", "sequence": 51, "segment_id": 7, "revision": 10, "text": " ein ganzer Brustkorb zittert, das fühlt sich auch nicht so gut an, als müsste das irgendwie gegen ein", "granularity": "word", "items": [{"text": " ein", "start_seconds": 38.8, "end_seconds": 38.96, "confidence": null}, {"text": "ganzer", "start_seconds": 38.96, "end_seconds": 39.36, "confidence": null}, {"text": "Brustkorb", "start_seconds": 39.36, "end_seconds": 40.08, "confidence": null}, {"text": "zittert,", "start_seconds": 40.08, "end_seconds": 40.64, "confidence": null}, {"text": "das", "start_seconds": 40.64, "end_seconds": 40.88, "confidence": null}, {"text": "fühlt", "start_seconds": 40.88, "end_seconds": 41.2, "confidence": null}, {"text": "sich", "start_seconds": 41.2, "end_seconds": 41.28, "confidence": null}, {"text": "auch", "start_seconds": 41.28, "end_seconds": 41.36, "confidence": null}, {"text": "nicht", "start_seconds": 41.36, "end_seconds": 41.44, "confidence": null}, {"text": "so", "start_seconds": 41.44, "end_seconds": 41.6, "confidence": null}, {"text": "gut", "start_seconds": 41.6, "end_seconds": 41.76, "confidence": null}, {"text": "an,", "start_seconds": 41.76, "end_seconds": 42.08, "confidence": null}, {"text": "als", "start_seconds": 42.08, "end_seconds": 42.32, "confidence": null}, {"text": "müsste", "start_seconds": 42.32, "end_seconds": 42.64, "confidence": null}, {"text": "das", "start_seconds": 42.64, "end_seconds": 42.88, "confidence": null}, {"text": "irgendwie", "start_seconds": 42.88, "end_seconds": 43.12, "confidence": null}, {"text": "gegen", "start_seconds": 43.12, "end_seconds": 43.52, "confidence": null}, {"text": "ein", "start_seconds": 43.52, "end_seconds": 43.6, "confidence": null}]}, {"type": "transcript.final", "session_id": "39d0d082-7520-4554-ae04-41201290441b", "sequence": 55, "segment_id": 8, "revision": 4, "text": " Widerstand irgendwie kämpfen und und", "granularity": "word", "items": [{"text": " Widerstand", "start_seconds": 44.8, "end_seconds": 45.2, "confidence": null}, {"text": "irgendwie", "start_seconds": 45.2, "end_seconds": 45.52, "confidence": null}, {"text": "kämpfen", "start_seconds": 45.52, "end_seconds": 45.68, "confidence": null}, {"text": "und", "start_seconds": 46.48, "end_seconds": 46.64, "confidence": null}, {"text": "und", "start_seconds": 46.64, "end_seconds": 46.72, "confidence": null}]}, {"type": "transcript.final", "session_id": "39d0d082-7520-4554-ae04-41201290441b", "sequence": 64, "segment_id": 9, "revision": 9, "text": " jetzt nicht wenn ich gerannt bin oder so. Ich sitze auf dem Sofa und plötzlich gebe das los, also", "granularity": "word", "items": [{"text": " jetzt", "start_seconds": 48.24, "end_seconds": 48.4, "confidence": null}, {"text": "nicht", "start_seconds": 48.4, "end_seconds": 48.56, "confidence": null}, {"text": "wenn", "start_seconds": 48.56, "end_seconds": 48.72, "confidence": null}, {"text": "ich", "start_seconds": 48.72, "end_seconds": 48.8, "confidence": null}, {"text": "gerannt", "start_seconds": 48.8, "end_seconds": 49.12, "confidence": null}, {"text": "bin", "start_seconds": 49.12, "end_seconds": 49.36, "confidence": null}, {"text": "oder", "start_seconds": 49.36, "end_seconds": 49.52, "confidence": null}, {"text": "so.", "start_seconds": 49.52, "end_seconds": 49.84, "confidence": null}, {"text": "Ich", "start_seconds": 49.92, "end_seconds": 50.0, "confidence": null}, {"text": "sitze", "start_seconds": 50.0, "end_seconds": 50.4, "confidence": null}, {"text": "auf", "start_seconds": 50.4, "end_seconds": 50.48, "confidence": null}, {"text": "dem", "start_seconds": 50.48, "end_seconds": 50.56, "confidence": null}, {"text": "Sofa", "start_seconds": 50.56, "end_seconds": 50.88, "confidence": null}, {"text": "und", "start_seconds": 50.88, "end_seconds": 51.04, "confidence": null}, {"text": "plötzlich", "start_seconds": 51.04, "end_seconds": 51.36, "confidence": null}, {"text": "gebe", "start_seconds": 51.36, "end_seconds": 51.52, "confidence": null}, {"text": "das", "start_seconds": 51.52, "end_seconds": 51.76, "confidence": null}, {"text": "los,", "start_seconds": 51.76, "end_seconds": 51.84, "confidence": null}, {"text": "also", "start_seconds": 52.16, "end_seconds": 52.24, "confidence": null}]}, {"type": "transcript.final", "session_id": "39d0d082-7520-4554-ae04-41201290441b", "sequence": 67, "segment_id": 10, "revision": 3, "text": " so bisschen", "granularity": "word", "items": [{"text": " so", "start_seconds": 53.92, "end_seconds": 54.0, "confidence": null}, {"text": "bisschen", "start_seconds": 54.4, "end_seconds": 54.48, "confidence": null}]}, {"type": "transcript.final", "session_id": "39d0d082-7520-4554-ae04-41201290441b", "sequence": 71, "segment_id": 11, "revision": 4, "text": " bringt unangenehm", "granularity": "word", "items": [{"text": " bringt", "start_seconds": 58.64, "end_seconds": 59.04, "confidence": null}, {"text": "unangenehm", "start_seconds": 59.04, "end_seconds": 59.44, "confidence": null}]}, {"type": "transcript.final", "session_id": "39d0d082-7520-4554-ae04-41201290441b", "sequence": 86, "segment_id": 12, "revision": 15, "text": " in der Tat, also in Ruhe pocht ihr Herz wie gegen einen Widerstand und und heftig sehr sehr schnell. Ja, haben Sie mal gemessen", "granularity": "word", "items": [{"text": " in", "start_seconds": 60.64, "end_seconds": 60.88, "confidence": null}, {"text": "der", "start_seconds": 60.88, "end_seconds": 60.96, "confidence": null}, {"text": "Tat,", "start_seconds": 60.96, "end_seconds": 61.2, "confidence": null}, {"text": "also", "start_seconds": 62.32, "end_seconds": 62.4, "confidence": null}, {"text": "in", "start_seconds": 62.8, "end_seconds": 63.12, "confidence": null}, {"text": "Ruhe", "start_seconds": 63.12, "end_seconds": 63.52, "confidence": null}, {"text": "pocht", "start_seconds": 63.52, "end_seconds": 63.92, "confidence": null}, {"text": "ihr", "start_seconds": 63.92, "end_seconds": 64.16, "confidence": null}, {"text": "Herz", "start_seconds": 64.16, "end_seconds": 64.24, "confidence": null}, {"text": "wie", "start_seconds": 65.04, "end_seconds": 65.28, "confidence": null}, {"text": "gegen", "start_seconds": 65.28, "end_seconds": 65.52, "confidence": null}, {"text": "einen", "start_seconds": 65.52, "end_seconds": 65.68, "confidence": null}, {"text": "Widerstand", "start_seconds": 65.68, "end_seconds": 65.92, "confidence": null}, {"text": "und", "start_seconds": 66.8, "end_seconds": 66.96, "confidence": null}, {"text": "und", "start_seconds": 66.96, "end_seconds": 67.2, "confidence": null}, {"text": "heftig", "start_seconds": 67.2, "end_seconds": 67.52, "confidence": null}, {"text": "sehr", "start_seconds": 67.52, "end_seconds": 67.68, "confidence": null}, {"text": "sehr", "start_seconds": 67.68, "end_seconds": 67.84, "confidence": null}, {"text": "schnell.", "start_seconds": 67.84, "end_seconds": 67.92, "confidence": null}, {"text": "Ja,", "start_seconds": 68.64, "end_seconds": 68.96, "confidence": null}, {"text": "haben", "start_seconds": 68.96, "end_seconds": 69.12, "confidence": null}, {"text": "Sie", "start_seconds": 69.12, "end_seconds": 69.2, "confidence": null}, {"text": "mal", "start_seconds": 69.2, "end_seconds": 69.28, "confidence": null}, {"text": "gemessen", "start_seconds": 69.28, "end_seconds": 69.52, "confidence": null}]}, {"type": "transcript.final", "session_id": "39d0d082-7520-4554-ae04-41201290441b", "sequence": 92, "segment_id": 13, "revision": 6, "text": "Ja hundertsechzig Schläge pro Minute", "granularity": "word", "items": [{"text": "Ja", "start_seconds": 70.64, "end_seconds": 70.72, "confidence": null}, {"text": "hundertsechzig", "start_seconds": 71.2, "end_seconds": 71.84, "confidence": null}, {"text": "Schläge", "start_seconds": 71.84, "end_seconds": 72.32, "confidence": null}, {"text": "pro", "start_seconds": 72.32, "end_seconds": 72.4, "confidence": null}, {"text": "Minute", "start_seconds": 72.72, "end_seconds": 72.88, "confidence": null}]}, {"type": "transcript.final", "session_id": "39d0d082-7520-4554-ae04-41201290441b", "sequence": 95, "segment_id": 14, "revision": 3, "text": "Seit wann sagen Sie", "granularity": "word", "items": [{"text": "Seit", "start_seconds": 76.88, "end_seconds": 77.2, "confidence": null}, {"text": "wann", "start_seconds": 77.2, "end_seconds": 77.52, "confidence": null}, {"text": "sagen", "start_seconds": 77.52, "end_seconds": 77.76, "confidence": null}, {"text": "Sie", "start_seconds": 77.76, "end_seconds": 77.84, "confidence": null}]}, {"type": "transcript.final", "session_id": "39d0d082-7520-4554-ae04-41201290441b", "sequence": 109, "segment_id": 15, "revision": 14, "text": " sechs Wochen vielleicht, ich kann es nicht genau sagen, aber so seit einer Weile fällt mir das auf, also auch abends, wenn ich verso einzuschlafen oder so plötzlich", "granularity": "word", "items": [{"text": " sechs", "start_seconds": 80.16, "end_seconds": 80.4, "confidence": null}, {"text": "Wochen", "start_seconds": 80.4, "end_seconds": 80.72, "confidence": null}, {"text": "vielleicht,", "start_seconds": 80.72, "end_seconds": 80.8, "confidence": null}, {"text": "ich", "start_seconds": 81.36, "end_seconds": 81.44, "confidence": null}, {"text": "kann", "start_seconds": 81.44, "end_seconds": 81.52, "confidence": null}, {"text": "es", "start_seconds": 81.52, "end_seconds": 81.68, "confidence": null}, {"text": "nicht", "start_seconds": 81.68, "end_seconds": 81.84, "confidence": null}, {"text": "genau", "start_seconds": 81.84, "end_seconds": 82.08, "confidence": null}, {"text": "sagen,", "start_seconds": 82.08, "end_seconds": 82.4, "confidence": null}, {"text": "aber", "start_seconds": 82.4, "end_seconds": 82.56, "confidence": null}, {"text": "so", "start_seconds": 82.56, "end_seconds": 82.8, "confidence": null}, {"text": "seit", "start_seconds": 82.8, "end_seconds": 82.96, "confidence": null}, {"text": "einer", "start_seconds": 82.96, "end_seconds": 83.12, "confidence": null}, {"text": "Weile", "start_seconds": 83.12, "end_seconds": 83.36, "confidence": null}, {"text": "fällt", "start_seconds": 83.36, "end_seconds": 83.6, "confidence": null}, {"text": "mir", "start_seconds": 83.6, "end_seconds": 83.76, "confidence": null}, {"text": "das", "start_seconds": 83.76, "end_seconds": 83.92, "confidence": null}, {"text": "auf,", "start_seconds": 83.92, "end_seconds": 84.24, "confidence": null}, {"text": "also", "start_seconds": 84.24, "end_seconds": 84.48, "confidence": null}, {"text": "auch", "start_seconds": 84.48, "end_seconds": 84.64, "confidence": null}, {"text": "abends,", "start_seconds": 84.64, "end_seconds": 85.12, "confidence": null}, {"text": "wenn", "start_seconds": 85.12, "end_seconds": 85.28, "confidence": null}, {"text": "ich", "start_seconds": 85.28, "end_seconds": 85.36, "confidence": null}, {"text": "verso", "start_seconds": 85.36, "end_seconds": 85.6, "confidence": null}, {"text": "einzuschlafen", "start_seconds": 85.6, "end_seconds": 86.32, "confidence": null}, {"text": "oder", "start_seconds": 86.32, "end_seconds": 86.48, "confidence": null}, {"text": "so", "start_seconds": 86.48, "end_seconds": 86.56, "confidence": null}, {"text": "plötzlich", "start_seconds": 86.88, "end_seconds": 86.96, "confidence": null}]}, {"type": "transcript.final", "session_id": "39d0d082-7520-4554-ae04-41201290441b", "sequence": 118, "segment_id": 16, "revision": 9, "text": " nehme ich das richtig wahr, dass auch sonst eine gewisse Unruhe in ihnen steckt.", "granularity": "word", "items": [{"text": " nehme", "start_seconds": 90.4, "end_seconds": 90.72, "confidence": null}, {"text": "ich", "start_seconds": 90.72, "end_seconds": 90.8, "confidence": null}, {"text": "das", "start_seconds": 90.8, "end_seconds": 90.96, "confidence": null}, {"text": "richtig", "start_seconds": 90.96, "end_seconds": 91.36, "confidence": null}, {"text": "wahr,", "start_seconds": 91.36, "end_seconds": 91.6, "confidence": null}, {"text": "dass", "start_seconds": 91.6, "end_seconds": 91.76, "confidence": null}, {"text": "auch", "start_seconds": 91.76, "end_seconds": 91.92, "confidence": null}, {"text": "sonst", "start_seconds": 91.92, "end_seconds": 92.08, "confidence": null}, {"text": "eine", "start_seconds": 92.48, "end_seconds": 92.8, "confidence": null}, {"text": "gewisse", "start_seconds": 92.8, "end_seconds": 93.2, "confidence": null}, {"text": "Unruhe", "start_seconds": 93.2, "end_seconds": 93.68, "confidence": null}, {"text": "in", "start_seconds": 93.68, "end_seconds": 93.76, "confidence": null}, {"text": "ihnen", "start_seconds": 94.08, "end_seconds": 94.32, "confidence": null}, {"text": "steckt.", "start_seconds": 94.32, "end_seconds": 94.4, "confidence": null}]}, {"type": "transcript.final", "session_id": "39d0d082-7520-4554-ae04-41201290441b", "sequence": 124, "segment_id": 17, "revision": 6, "text": " Es kann sein, es ist mir, ich habe ja", "granularity": "word", "items": [{"text": " Es", "start_seconds": 95.76, "end_seconds": 95.92, "confidence": null}, {"text": "kann", "start_seconds": 95.92, "end_seconds": 96.0, "confidence": null}, {"text": "sein,", "start_seconds": 96.32, "end_seconds": 96.4, "confidence": null}, {"text": "es", "start_seconds": 96.88, "end_seconds": 96.96, "confidence": null}, {"text": "ist", "start_seconds": 96.96, "end_seconds": 97.12, "confidence": null}, {"text": "mir,", "start_seconds": 97.12, "end_seconds": 97.2, "confidence": null}, {"text": "ich", "start_seconds": 97.68, "end_seconds": 97.84, "confidence": null}, {"text": "habe", "start_seconds": 97.84, "end_seconds": 97.92, "confidence": null}, {"text": "ja", "start_seconds": 98.48, "end_seconds": 98.56, "confidence": null}]}, {"type": "transcript.final", "session_id": "39d0d082-7520-4554-ae04-41201290441b", "sequence": 126, "segment_id": 18, "revision": 2, "text": " irgendwie schon", "granularity": "word", "items": [{"text": " irgendwie", "start_seconds": 99.68, "end_seconds": 100.08, "confidence": null}, {"text": "schon", "start_seconds": 100.08, "end_seconds": 100.16, "confidence": null}]}, {"type": "transcript.final", "session_id": "39d0d082-7520-4554-ae04-41201290441b", "sequence": 137, "segment_id": 19, "revision": 11, "text": " ersi oder ist das auch neu das ist eher neu, auch eher neu. Eher, ich glaube schon", "granularity": "word", "items": [{"text": " ersi", "start_seconds": 101.44, "end_seconds": 101.68, "confidence": null}, {"text": "oder", "start_seconds": 101.68, "end_seconds": 101.84, "confidence": null}, {"text": "ist", "start_seconds": 101.84, "end_seconds": 102.0, "confidence": null}, {"text": "das", "start_seconds": 102.0, "end_seconds": 102.08, "confidence": null}, {"text": "auch", "start_seconds": 102.48, "end_seconds": 102.56, "confidence": null}, {"text": "neu", "start_seconds": 102.56, "end_seconds": 102.72, "confidence": null}, {"text": "das", "start_seconds": 104.0, "end_seconds": 104.24, "confidence": null}, {"text": "ist", "start_seconds": 104.24, "end_seconds": 104.4, "confidence": null}, {"text": "eher", "start_seconds": 104.4, "end_seconds": 104.96, "confidence": null}, {"text": "neu,", "start_seconds": 104.96, "end_seconds": 105.12, "confidence": null}, {"text": "auch", "start_seconds": 105.52, "end_seconds": 105.84, "confidence": null}, {"text": "eher", "start_seconds": 105.84, "end_seconds": 106.08, "confidence": null}, {"text": "neu.", "start_seconds": 106.08, "end_seconds": 106.4, "confidence": null}, {"text": "Eher,", "start_seconds": 106.48, "end_seconds": 106.72, "confidence": null}, {"text": "ich", "start_seconds": 106.72, "end_seconds": 106.8, "confidence": null}, {"text": "glaube", "start_seconds": 106.8, "end_seconds": 107.04, "confidence": null}, {"text": "schon", "start_seconds": 107.04, "end_seconds": 107.12, "confidence": null}]}, {"type": "transcript.final", "session_id": "39d0d082-7520-4554-ae04-41201290441b", "sequence": 143, "segment_id": 20, "revision": 6, "text": " hatten Sie nie Idee, was dahinter stecken könnte", "granularity": "word", "items": [{"text": " hatten", "start_seconds": 108.32, "end_seconds": 108.8, "confidence": null}, {"text": "Sie", "start_seconds": 108.8, "end_seconds": 108.96, "confidence": null}, {"text": "nie", "start_seconds": 108.96, "end_seconds": 109.12, "confidence": null}, {"text": "Idee,", "start_seconds": 109.12, "end_seconds": 109.52, "confidence": null}, {"text": "was", "start_seconds": 109.52, "end_seconds": 109.84, "confidence": null}, {"text": "dahinter", "start_seconds": 109.84, "end_seconds": 110.24, "confidence": null}, {"text": "stecken", "start_seconds": 110.24, "end_seconds": 110.48, "confidence": null}, {"text": "könnte", "start_seconds": 110.48, "end_seconds": 110.56, "confidence": null}]}, {"type": "transcript.final", "session_id": "39d0d082-7520-4554-ae04-41201290441b", "sequence": 162, "segment_id": 21, "revision": 19, "text": "Ich weiß nicht einmal mein Opa hatte drei Herzinfarkte und und wo ich mich natürlich fragte, ob das irgendwie erblich sein kann oder so und erst am dritten leider auch verstorben dann", "granularity": "word", "items": [{"text": "Ich", "start_seconds": 115.52, "end_seconds": 115.76, "confidence": null}, {"text": "weiß", "start_seconds": 115.76, "end_seconds": 116.08, "confidence": null}, {"text": "nicht", "start_seconds": 116.08, "end_seconds": 116.16, "confidence": null}, {"text": "einmal", "start_seconds": 116.64, "end_seconds": 117.12, "confidence": null}, {"text": "mein", "start_seconds": 117.12, "end_seconds": 117.2, "confidence": null}, {"text": "Opa", "start_seconds": 117.76, "end_seconds": 117.92, "confidence": null}, {"text": "hatte", "start_seconds": 117.92, "end_seconds": 118.24, "confidence": null}, {"text": "drei", "start_seconds": 118.24, "end_seconds": 118.4, "confidence": null}, {"text": "Herzinfarkte", "start_seconds": 118.4, "end_seconds": 119.36, "confidence": null}, {"text": "und", "start_seconds": 119.36, "end_seconds": 119.44, "confidence": null}, {"text": "und", "start_seconds": 119.76, "end_seconds": 119.84, "confidence": null}, {"text": "wo", "start_seconds": 120.48, "end_seconds": 120.64, "confidence": null}, {"text": "ich", "start_seconds": 120.64, "end_seconds": 120.72, "confidence": null}, {"text": "mich", "start_seconds": 120.72, "end_seconds": 120.88, "confidence": null}, {"text": "natürlich", "start_seconds": 120.88, "end_seconds": 121.2, "confidence": null}, {"text": "fragte,", "start_seconds": 121.2, "end_seconds": 121.52, "confidence": null}, {"text": "ob", "start_seconds": 121.52, "end_seconds": 121.76, "confidence": null}, {"text": "das", "start_seconds": 121.76, "end_seconds": 121.92, "confidence": null}, {"text": "irgendwie", "start_seconds": 121.92, "end_seconds": 122.08, "confidence": null}, {"text": "erblich", "start_seconds": 122.8, "end_seconds": 123.12, "confidence": null}, {"text": "sein", "start_seconds": 123.12, "end_seconds": 123.28, "confidence": null}, {"text": "kann", "start_seconds": 123.28, "end_seconds": 123.52, "confidence": null}, {"text": "oder", "start_seconds": 123.52, "end_seconds": 123.76, "confidence": null}, {"text": "so", "start_seconds": 123.76, "end_seconds": 123.92, "confidence": null}, {"text": "und", "start_seconds": 123.92, "end_seconds": 124.08, "confidence": null}, {"text": "erst", "start_seconds": 124.08, "end_seconds": 124.32, "confidence": null}, {"text": "am", "start_seconds": 124.32, "end_seconds": 124.48, "confidence": null}, {"text": "dritten", "start_seconds": 124.48, "end_seconds": 124.72, "confidence": null}, {"text": "leider", "start_seconds": 124.72, "end_seconds": 124.96, "confidence": null}, {"text": "auch", "start_seconds": 124.96, "end_seconds": 125.12, "confidence": null}, {"text": "verstorben", "start_seconds": 125.12, "end_seconds": 125.36, "confidence": null}, {"text": "dann", "start_seconds": 125.76, "end_seconds": 125.84, "confidence": null}]}, {"type": "transcript.final", "session_id": "39d0d082-7520-4554-ae04-41201290441b", "sequence": 165, "segment_id": 22, "revision": 3, "text": " ich hatte auch mal", "granularity": "word", "items": [{"text": " ich", "start_seconds": 127.44, "end_seconds": 127.68, "confidence": null}, {"text": "hatte", "start_seconds": 127.68, "end_seconds": 127.84, "confidence": null}, {"text": "auch", "start_seconds": 127.84, "end_seconds": 128.0, "confidence": null}, {"text": "mal", "start_seconds": 128.0, "end_seconds": 128.08, "confidence": null}]}, {"type": "transcript.final", "session_id": "39d0d082-7520-4554-ae04-41201290441b", "sequence": 201, "segment_id": 23, "revision": 36, "text": " eine depressive Episode vor ein paar Jahren, da hat ne aber war Trennung und alles Mögliche so und und das hatten ganz konkreten Grund und es wurde behandelt und es ging auch wieder weg und seitdem gab es das nie, aber ich habe mich gewundert eben oder habe mich das gefragt, weil ich auch emotional irgendwie seltsam unterwegs bin gerade.", "granularity": "word", "items": [{"text": " eine", "start_seconds": 129.36, "end_seconds": 129.44, "confidence": null}, {"text": "depressive", "start_seconds": 130.0, "end_seconds": 130.64, "confidence": null}, {"text": "Episode", "start_seconds": 130.64, "end_seconds": 131.12, "confidence": null}, {"text": "vor", "start_seconds": 131.6, "end_seconds": 131.76, "confidence": null}, {"text": "ein", "start_seconds": 131.76, "end_seconds": 131.92, "confidence": null}, {"text": "paar", "start_seconds": 131.92, "end_seconds": 132.08, "confidence": null}, {"text": "Jahren,", "start_seconds": 132.08, "end_seconds": 132.48, "confidence": null}, {"text": "da", "start_seconds": 132.48, "end_seconds": 132.64, "confidence": null}, {"text": "hat", "start_seconds": 132.64, "end_seconds": 132.88, "confidence": null}, {"text": "ne", "start_seconds": 132.88, "end_seconds": 133.12, "confidence": null}, {"text": "aber", "start_seconds": 133.12, "end_seconds": 133.2, "confidence": null}, {"text": "war", "start_seconds": 133.6, "end_seconds": 133.68, "confidence": null}, {"text": "Trennung", "start_seconds": 134.0, "end_seconds": 134.4, "confidence": null}, {"text": "und", "start_seconds": 134.4, "end_seconds": 134.56, "confidence": null}, {"text": "alles", "start_seconds": 134.56, "end_seconds": 134.96, "confidence": null}, {"text": "Mögliche", "start_seconds": 134.96, "end_seconds": 135.52, "confidence": null}, {"text": "so", "start_seconds": 135.52, "end_seconds": 135.84, "confidence": null}, {"text": "und", "start_seconds": 135.84, "end_seconds": 136.08, "confidence": null}, {"text": "und", "start_seconds": 136.08, "end_seconds": 136.16, "confidence": null}, {"text": "das", "start_seconds": 136.72, "end_seconds": 136.88, "confidence": null}, {"text": "hatten", "start_seconds": 136.88, "end_seconds": 137.36, "confidence": null}, {"text": "ganz", "start_seconds": 137.36, "end_seconds": 137.44, "confidence": null}, {"text": "konkreten", "start_seconds": 137.44, "end_seconds": 137.84, "confidence": null}, {"text": "Grund", "start_seconds": 137.84, "end_seconds": 137.92, "confidence": null}, {"text": "und", "start_seconds": 138.64, "end_seconds": 138.96, "confidence": null}, {"text": "es", "start_seconds": 138.96, "end_seconds": 139.04, "confidence": null}, {"text": "wurde", "start_seconds": 139.04, "end_seconds": 139.28, "confidence": null}, {"text": "behandelt", "start_seconds": 139.28, "end_seconds": 139.6, "confidence": null}, {"text": "und", "start_seconds": 139.6, "end_seconds": 139.76, "confidence": null}, {"text": "es", "start_seconds": 139.76, "end_seconds": 139.84, "confidence": null}, {"text": "ging", "start_seconds": 139.84, "end_seconds": 140.0, "confidence": null}, {"text": "auch", "start_seconds": 140.0, "end_seconds": 140.16, "confidence": null}, {"text": "wieder", "start_seconds": 140.16, "end_seconds": 140.32, "confidence": null}, {"text": "weg", "start_seconds": 140.32, "end_seconds": 140.64, "confidence": null}, {"text": "und", "start_seconds": 140.64, "end_seconds": 140.8, "confidence": null}, {"text": "seitdem", "start_seconds": 140.8, "end_seconds": 141.12, "confidence": null}, {"text": "gab", "start_seconds": 141.6, "end_seconds": 141.76, "confidence": null}, {"text": "es", "start_seconds": 141.76, "end_seconds": 142.0, "confidence": null}, {"text": "das", "start_seconds": 142.0, "end_seconds": 142.16, "confidence": null}, {"text": "nie,", "start_seconds": 142.16, "end_seconds": 142.4, "confidence": null}, {"text": "aber", "start_seconds": 142.4, "end_seconds": 142.56, "confidence": null}, {"text": "ich", "start_seconds": 142.56, "end_seconds": 142.64, "confidence": null}, {"text": "habe", "start_seconds": 142.64, "end_seconds": 142.72, "confidence": null}, {"text": "mich", "start_seconds": 142.72, "end_seconds": 142.88, "confidence": null}, {"text": "gewundert", "start_seconds": 142.88, "end_seconds": 143.04, "confidence": null}, {"text": "eben", "start_seconds": 143.68, "end_seconds": 143.92, "confidence": null}, {"text": "oder", "start_seconds": 143.92, "end_seconds": 144.0, "confidence": null}, {"text": "habe", "start_seconds": 144.32, "end_seconds": 144.4, "confidence": null}, {"text": "mich", "start_seconds": 144.4, "end_seconds": 144.56, "confidence": null}, {"text": "das", "start_seconds": 144.56, "end_seconds": 144.64, "confidence": null}, {"text": "gefragt,", "start_seconds": 144.64, "end_seconds": 144.88, "confidence": null}, {"text": "weil", "start_seconds": 145.28, "end_seconds": 145.36, "confidence": null}, {"text": "ich", "start_seconds": 145.68, "end_seconds": 145.76, "confidence": null}, {"text": "auch", "start_seconds": 146.24, "end_seconds": 146.56, "confidence": null}, {"text": "emotional", "start_seconds": 146.56, "end_seconds": 147.12, "confidence": null}, {"text": "irgendwie", "start_seconds": 147.12, "end_seconds": 147.52, "confidence": null}, {"text": "seltsam", "start_seconds": 147.52, "end_seconds": 147.76, "confidence": null}, {"text": "unterwegs", "start_seconds": 148.4, "end_seconds": 148.72, "confidence": null}, {"text": "bin", "start_seconds": 148.72, "end_seconds": 148.88, "confidence": null}, {"text": "gerade.", "start_seconds": 148.88, "end_seconds": 149.04, "confidence": null}]}, {"type": "transcript.final", "session_id": "39d0d082-7520-4554-ae04-41201290441b", "sequence": 208, "segment_id": 24, "revision": 7, "text": " Seltsam unterwegs heißt dünn häufig", "granularity": "word", "items": [{"text": " Seltsam", "start_seconds": 151.28, "end_seconds": 151.84, "confidence": null}, {"text": "unterwegs", "start_seconds": 151.84, "end_seconds": 152.24, "confidence": null}, {"text": "heißt", "start_seconds": 152.24, "end_seconds": 152.56, "confidence": null}, {"text": "dünn", "start_seconds": 153.84, "end_seconds": 154.24, "confidence": null}, {"text": "häufig", "start_seconds": 154.24, "end_seconds": 154.56, "confidence": null}]}, {"type": "transcript.final", "session_id": "39d0d082-7520-4554-ae04-41201290441b", "sequence": 210, "segment_id": 25, "revision": 2, "text": " gereizt", "granularity": "word", "items": [{"text": " gereizt", "start_seconds": 156.8, "end_seconds": 157.2, "confidence": null}]}, {"type": "transcript.final", "session_id": "39d0d082-7520-4554-ae04-41201290441b", "sequence": 217, "segment_id": 26, "revision": 7, "text": "also ganz ganz wenig Kapazität für irgendwie Stress oder so", "granularity": "word", "items": [{"text": "also", "start_seconds": 158.56, "end_seconds": 158.64, "confidence": null}, {"text": "ganz", "start_seconds": 159.12, "end_seconds": 159.2, "confidence": null}, {"text": "ganz", "start_seconds": 159.52, "end_seconds": 159.84, "confidence": null}, {"text": "wenig", "start_seconds": 159.84, "end_seconds": 160.16, "confidence": null}, {"text": "Kapazität", "start_seconds": 160.16, "end_seconds": 160.8, "confidence": null}, {"text": "für", "start_seconds": 160.8, "end_seconds": 160.96, "confidence": null}, {"text": "irgendwie", "start_seconds": 160.96, "end_seconds": 161.12, "confidence": null}, {"text": "Stress", "start_seconds": 161.84, "end_seconds": 162.0, "confidence": null}, {"text": "oder", "start_seconds": 162.0, "end_seconds": 162.24, "confidence": null}, {"text": "so", "start_seconds": 162.24, "end_seconds": 162.32, "confidence": null}]}, {"type": "transcript.final", "session_id": "39d0d082-7520-4554-ae04-41201290441b", "sequence": 220, "segment_id": 27, "revision": 3, "text": " emotional", "granularity": "word", "items": [{"text": " emotional", "start_seconds": 163.52, "end_seconds": 164.08, "confidence": null}]}, {"type": "transcript.final", "session_id": "39d0d082-7520-4554-ae04-41201290441b", "sequence": 224, "segment_id": 28, "revision": 4, "text": " so ein bisschen von der Rolle damals", "granularity": "word", "items": [{"text": " so", "start_seconds": 167.52, "end_seconds": 167.68, "confidence": null}, {"text": "ein", "start_seconds": 167.68, "end_seconds": 167.76, "confidence": null}, {"text": "bisschen", "start_seconds": 167.76, "end_seconds": 168.0, "confidence": null}, {"text": "von", "start_seconds": 168.0, "end_seconds": 168.08, "confidence": null}, {"text": "der", "start_seconds": 168.08, "end_seconds": 168.16, "confidence": null}, {"text": "Rolle", "start_seconds": 168.16, "end_seconds": 168.56, "confidence": null}, {"text": "damals", "start_seconds": 168.56, "end_seconds": 168.88, "confidence": null}]}, {"type": "transcript.final", "session_id": "39d0d082-7520-4554-ae04-41201290441b", "sequence": 225, "segment_id": 29, "revision": 1, "text": " hat", "granularity": "word", "items": [{"text": " hat", "start_seconds": 170.72, "end_seconds": 170.8, "confidence": null}]}, {"type": "transcript.final", "session_id": "39d0d082-7520-4554-ae04-41201290441b", "sequence": 240, "segment_id": 30, "revision": 15, "text": " sich irgendwas verändert vor sechs Wochen, was sie nicht so richtig benennen können und was sich auch anders anfühlt als die Depression vor einigen Jahren", "granularity": "word", "items": [{"text": " sich", "start_seconds": 170.8, "end_seconds": 170.96, "confidence": null}, {"text": "irgendwas", "start_seconds": 170.96, "end_seconds": 171.36, "confidence": null}, {"text": "verändert", "start_seconds": 171.36, "end_seconds": 171.52, "confidence": null}, {"text": "vor", "start_seconds": 172.08, "end_seconds": 172.4, "confidence": null}, {"text": "sechs", "start_seconds": 172.4, "end_seconds": 172.64, "confidence": null}, {"text": "Wochen,", "start_seconds": 172.64, "end_seconds": 172.72, "confidence": null}, {"text": "was", "start_seconds": 173.68, "end_seconds": 173.92, "confidence": null}, {"text": "sie", "start_seconds": 173.92, "end_seconds": 174.16, "confidence": null}, {"text": "nicht", "start_seconds": 174.16, "end_seconds": 174.24, "confidence": null}, {"text": "so", "start_seconds": 174.24, "end_seconds": 174.32, "confidence": null}, {"text": "richtig", "start_seconds": 174.32, "end_seconds": 174.72, "confidence": null}, {"text": "benennen", "start_seconds": 174.72, "end_seconds": 175.12, "confidence": null}, {"text": "können", "start_seconds": 175.12, "end_seconds": 175.2, "confidence": null}, {"text": "und", "start_seconds": 175.92, "end_seconds": 176.16, "confidence": null}, {"text": "was", "start_seconds": 176.16, "end_seconds": 176.4, "confidence": null}, {"text": "sich", "start_seconds": 176.4, "end_seconds": 176.56, "confidence": null}, {"text": "auch", "start_seconds": 176.56, "end_seconds": 176.8, "confidence": null}, {"text": "anders", "start_seconds": 176.8, "end_seconds": 177.2, "confidence": null}, {"text": "anfühlt", "start_seconds": 177.2, "end_seconds": 177.76, "confidence": null}, {"text": "als", "start_seconds": 177.76, "end_seconds": 177.92, "confidence": null}, {"text": "die", "start_seconds": 177.92, "end_seconds": 178.08, "confidence": null}, {"text": "Depression", "start_seconds": 178.08, "end_seconds": 178.32, "confidence": null}, {"text": "vor", "start_seconds": 178.72, "end_seconds": 178.8, "confidence": null}, {"text": "einigen", "start_seconds": 178.8, "end_seconds": 179.04, "confidence": null}, {"text": "Jahren", "start_seconds": 179.04, "end_seconds": 179.2, "confidence": null}]}, {"type": "transcript.final", "session_id": "39d0d082-7520-4554-ae04-41201290441b", "sequence": 245, "segment_id": 31, "revision": 5, "text": " und sie haben sich Sorge um ihr Herz gemacht", "granularity": "word", "items": [{"text": " und", "start_seconds": 181.04, "end_seconds": 181.2, "confidence": null}, {"text": "sie", "start_seconds": 181.2, "end_seconds": 181.36, "confidence": null}, {"text": "haben", "start_seconds": 181.36, "end_seconds": 181.52, "confidence": null}, {"text": "sich", "start_seconds": 181.52, "end_seconds": 181.68, "confidence": null}, {"text": "Sorge", "start_seconds": 181.68, "end_seconds": 182.08, "confidence": null}, {"text": "um", "start_seconds": 182.08, "end_seconds": 182.24, "confidence": null}, {"text": "ihr", "start_seconds": 182.24, "end_seconds": 182.4, "confidence": null}, {"text": "Herz", "start_seconds": 182.4, "end_seconds": 182.64, "confidence": null}, {"text": "gemacht", "start_seconds": 182.64, "end_seconds": 182.72, "confidence": null}]}, {"type": "transcript.final", "session_id": "39d0d082-7520-4554-ae04-41201290441b", "sequence": 248, "segment_id": 32, "revision": 3, "text": "sonst irgendwelche Ideen", "granularity": "word", "items": [{"text": "sonst", "start_seconds": 184.96, "end_seconds": 185.12, "confidence": null}, {"text": "irgendwelche", "start_seconds": 185.12, "end_seconds": 185.52, "confidence": null}, {"text": "Ideen", "start_seconds": 185.52, "end_seconds": 185.84, "confidence": null}]}, {"type": "transcript.final", "session_id": "39d0d082-7520-4554-ae04-41201290441b", "sequence": 255, "segment_id": 33, "revision": 7, "text": "Okay, also um ihr Herz sollten wir uns kümmern", "granularity": "word", "items": [{"text": "Okay,", "start_seconds": 191.68, "end_seconds": 191.76, "confidence": null}, {"text": "also", "start_seconds": 192.08, "end_seconds": 192.4, "confidence": null}, {"text": "um", "start_seconds": 192.4, "end_seconds": 192.56, "confidence": null}, {"text": "ihr", "start_seconds": 192.56, "end_seconds": 192.72, "confidence": null}, {"text": "Herz", "start_seconds": 192.72, "end_seconds": 192.96, "confidence": null}, {"text": "sollten", "start_seconds": 192.96, "end_seconds": 193.2, "confidence": null}, {"text": "wir", "start_seconds": 193.2, "end_seconds": 193.28, "confidence": null}, {"text": "uns", "start_seconds": 194.08, "end_seconds": 194.4, "confidence": null}, {"text": "kümmern", "start_seconds": 194.4, "end_seconds": 194.56, "confidence": null}]}, {"type": "transcript.final", "session_id": "39d0d082-7520-4554-ae04-41201290441b", "sequence": 264, "segment_id": 34, "revision": 9, "text": " und möglichst eine Erklärung finden, wie es mit Ihrem Schlaf", "granularity": "word", "items": [{"text": " und", "start_seconds": 196.0, "end_seconds": 196.08, "confidence": null}, {"text": "möglichst", "start_seconds": 196.64, "end_seconds": 197.12, "confidence": null}, {"text": "eine", "start_seconds": 197.12, "end_seconds": 197.2, "confidence": null}, {"text": "Erklärung", "start_seconds": 197.2, "end_seconds": 197.68, "confidence": null}, {"text": "finden,", "start_seconds": 197.68, "end_seconds": 197.76, "confidence": null}, {"text": "wie", "start_seconds": 198.4, "end_seconds": 198.72, "confidence": null}, {"text": "es", "start_seconds": 198.72, "end_seconds": 199.04, "confidence": null}, {"text": "mit", "start_seconds": 199.04, "end_seconds": 199.12, "confidence": null}, {"text": "Ihrem", "start_seconds": 200.08, "end_seconds": 200.48, "confidence": null}, {"text": "Schlaf", "start_seconds": 200.48, "end_seconds": 200.56, "confidence": null}]}, {"type": "transcript.final", "session_id": "39d0d082-7520-4554-ae04-41201290441b", "sequence": 266, "segment_id": 35, "revision": 2, "text": " schlecht", "granularity": "word", "items": [{"text": " schlecht", "start_seconds": 202.8, "end_seconds": 202.96, "confidence": null}]}, {"type": "transcript.final", "session_id": "39d0d082-7520-4554-ae04-41201290441b", "sequence": 273, "segment_id": 36, "revision": 7, "text": "Ich weiß nicht, wann ich es letzte Mal mehr als fünf Stunden ein Stück geschlafen habe", "granularity": "word", "items": [{"text": "Ich", "start_seconds": 205.12, "end_seconds": 205.28, "confidence": null}, {"text": "weiß", "start_seconds": 205.28, "end_seconds": 205.6, "confidence": null}, {"text": "nicht,", "start_seconds": 205.6, "end_seconds": 205.84, "confidence": null}, {"text": "wann", "start_seconds": 205.84, "end_seconds": 206.08, "confidence": null}, {"text": "ich", "start_seconds": 206.08, "end_seconds": 206.16, "confidence": null}, {"text": "es", "start_seconds": 206.16, "end_seconds": 206.24, "confidence": null}, {"text": "letzte", "start_seconds": 206.24, "end_seconds": 206.4, "confidence": null}, {"text": "Mal", "start_seconds": 206.4, "end_seconds": 206.56, "confidence": null}, {"text": "mehr", "start_seconds": 206.56, "end_seconds": 206.72, "confidence": null}, {"text": "als", "start_seconds": 206.72, "end_seconds": 206.88, "confidence": null}, {"text": "fünf", "start_seconds": 206.88, "end_seconds": 207.04, "confidence": null}, {"text": "Stunden", "start_seconds": 207.04, "end_seconds": 207.44, "confidence": null}, {"text": "ein", "start_seconds": 207.44, "end_seconds": 207.6, "confidence": null}, {"text": "Stück", "start_seconds": 207.6, "end_seconds": 207.76, "confidence": null}, {"text": "geschlafen", "start_seconds": 207.76, "end_seconds": 208.16, "confidence": null}, {"text": "habe", "start_seconds": 208.16, "end_seconds": 208.24, "confidence": null}]}, {"type": "transcript.final", "session_id": "39d0d082-7520-4554-ae04-41201290441b", "sequence": 286, "segment_id": 37, "revision": 13, "text": " und ich schwitze auch absurd viel nachts. Ich kann mein T Shirt morgens ausbringen, damit die Wohnung putzen", "granularity": "word", "items": [{"text": " und", "start_seconds": 210.56, "end_seconds": 210.72, "confidence": null}, {"text": "ich", "start_seconds": 210.72, "end_seconds": 210.8, "confidence": null}, {"text": "schwitze", "start_seconds": 210.8, "end_seconds": 211.28, "confidence": null}, {"text": "auch", "start_seconds": 211.28, "end_seconds": 211.36, "confidence": null}, {"text": "absurd", "start_seconds": 212.24, "end_seconds": 212.64, "confidence": null}, {"text": "viel", "start_seconds": 212.64, "end_seconds": 212.72, "confidence": null}, {"text": "nachts.", "start_seconds": 213.2, "end_seconds": 213.28, "confidence": null}, {"text": "Ich", "start_seconds": 214.24, "end_seconds": 214.4, "confidence": null}, {"text": "kann", "start_seconds": 214.4, "end_seconds": 214.56, "confidence": null}, {"text": "mein", "start_seconds": 214.56, "end_seconds": 214.72, "confidence": null}, {"text": "T", "start_seconds": 214.72, "end_seconds": 214.88, "confidence": null}, {"text": "Shirt", "start_seconds": 214.88, "end_seconds": 215.12, "confidence": null}, {"text": "morgens", "start_seconds": 215.12, "end_seconds": 215.52, "confidence": null}, {"text": "ausbringen,", "start_seconds": 215.52, "end_seconds": 215.84, "confidence": null}, {"text": "damit", "start_seconds": 216.48, "end_seconds": 216.96, "confidence": null}, {"text": "die", "start_seconds": 216.96, "end_seconds": 217.12, "confidence": null}, {"text": "Wohnung", "start_seconds": 217.12, "end_seconds": 217.6, "confidence": null}, {"text": "putzen", "start_seconds": 217.6, "end_seconds": 217.84, "confidence": null}]}, {"type": "transcript.final", "session_id": "39d0d082-7520-4554-ae04-41201290441b", "sequence": 293, "segment_id": 38, "revision": 7, "text": "wie ist der Appetit? Gut, gut, ich hab ich habe viel Hunger", "granularity": "word", "items": [{"text": "wie", "start_seconds": 220.4, "end_seconds": 220.72, "confidence": null}, {"text": "ist", "start_seconds": 220.72, "end_seconds": 220.88, "confidence": null}, {"text": "der", "start_seconds": 220.88, "end_seconds": 220.96, "confidence": null}, {"text": "Appetit?", "start_seconds": 220.96, "end_seconds": 221.52, "confidence": null}, {"text": "Gut,", "start_seconds": 221.76, "end_seconds": 222.0, "confidence": null}, {"text": "gut,", "start_seconds": 222.0, "end_seconds": 222.24, "confidence": null}, {"text": "ich", "start_seconds": 222.24, "end_seconds": 222.4, "confidence": null}, {"text": "hab", "start_seconds": 222.4, "end_seconds": 222.64, "confidence": null}, {"text": "ich", "start_seconds": 222.64, "end_seconds": 222.72, "confidence": null}, {"text": "habe", "start_seconds": 222.72, "end_seconds": 222.8, "confidence": null}, {"text": "viel", "start_seconds": 223.6, "end_seconds": 223.84, "confidence": null}, {"text": "Hunger", "start_seconds": 223.84, "end_seconds": 223.92, "confidence": null}]}, {"type": "transcript.final", "session_id": "39d0d082-7520-4554-ae04-41201290441b", "sequence": 295, "segment_id": 39, "revision": 2, "text": " und das Gewicht", "granularity": "word", "items": [{"text": " und", "start_seconds": 225.12, "end_seconds": 225.2, "confidence": null}, {"text": "das", "start_seconds": 225.2, "end_seconds": 225.36, "confidence": null}, {"text": "Gewicht", "start_seconds": 225.36, "end_seconds": 225.6, "confidence": null}]}, {"type": "transcript.final", "session_id": "39d0d082-7520-4554-ae04-41201290441b", "sequence": 302, "segment_id": 40, "revision": 7, "text": "Es sind vier Kilo weg in den letzten sechs Wochen, obwohl sie viel Appetit", "granularity": "word", "items": [{"text": "Es", "start_seconds": 226.96, "end_seconds": 227.12, "confidence": null}, {"text": "sind", "start_seconds": 227.12, "end_seconds": 227.36, "confidence": null}, {"text": "vier", "start_seconds": 227.36, "end_seconds": 227.52, "confidence": null}, {"text": "Kilo", "start_seconds": 227.52, "end_seconds": 227.84, "confidence": null}, {"text": "weg", "start_seconds": 227.84, "end_seconds": 228.24, "confidence": null}, {"text": "in", "start_seconds": 228.24, "end_seconds": 228.32, "confidence": null}, {"text": "den", "start_seconds": 228.32, "end_seconds": 228.4, "confidence": null}, {"text": "letzten", "start_seconds": 228.4, "end_seconds": 228.64, "confidence": null}, {"text": "sechs", "start_seconds": 228.64, "end_seconds": 228.88, "confidence": null}, {"text": "Wochen,", "start_seconds": 228.88, "end_seconds": 228.96, "confidence": null}, {"text": "obwohl", "start_seconds": 229.76, "end_seconds": 230.08, "confidence": null}, {"text": "sie", "start_seconds": 230.08, "end_seconds": 230.24, "confidence": null}, {"text": "viel", "start_seconds": 230.24, "end_seconds": 230.48, "confidence": null}, {"text": "Appetit", "start_seconds": 230.48, "end_seconds": 230.64, "confidence": null}]}, {"type": "transcript.final", "session_id": "39d0d082-7520-4554-ae04-41201290441b", "sequence": 307, "segment_id": 41, "revision": 5, "text": " und vier Kilo sind für mich eine ganze Menge ehrlich gesagt", "granularity": "word", "items": [{"text": " und", "start_seconds": 234.72, "end_seconds": 235.04, "confidence": null}, {"text": "vier", "start_seconds": 235.04, "end_seconds": 235.2, "confidence": null}, {"text": "Kilo", "start_seconds": 235.2, "end_seconds": 235.52, "confidence": null}, {"text": "sind", "start_seconds": 235.52, "end_seconds": 235.68, "confidence": null}, {"text": "für", "start_seconds": 235.68, "end_seconds": 235.76, "confidence": null}, {"text": "mich", "start_seconds": 235.76, "end_seconds": 235.84, "confidence": null}, {"text": "eine", "start_seconds": 235.84, "end_seconds": 236.0, "confidence": null}, {"text": "ganze", "start_seconds": 236.0, "end_seconds": 236.16, "confidence": null}, {"text": "Menge", "start_seconds": 236.16, "end_seconds": 236.4, "confidence": null}, {"text": "ehrlich", "start_seconds": 236.4, "end_seconds": 236.72, "confidence": null}, {"text": "gesagt", "start_seconds": 236.72, "end_seconds": 236.8, "confidence": null}]}, {"type": "transcript.final", "session_id": "39d0d082-7520-4554-ae04-41201290441b", "sequence": 309, "segment_id": 42, "revision": 2, "text": "Ja", "granularity": "word", "items": [{"text": "Ja", "start_seconds": 238.4, "end_seconds": 238.48, "confidence": null}]}, {"type": "transcript.final", "session_id": "39d0d082-7520-4554-ae04-41201290441b", "sequence": 318, "segment_id": 43, "revision": 9, "text": " vielleicht erzählen Sie mir noch zwei, drei Dinge aus Ihrem sonstigen Leben, wenn Sie mögen", "granularity": "word", "items": [{"text": " vielleicht", "start_seconds": 240.4, "end_seconds": 240.48, "confidence": null}, {"text": "erzählen", "start_seconds": 240.88, "end_seconds": 241.2, "confidence": null}, {"text": "Sie", "start_seconds": 241.2, "end_seconds": 241.28, "confidence": null}, {"text": "mir", "start_seconds": 241.28, "end_seconds": 241.44, "confidence": null}, {"text": "noch", "start_seconds": 241.44, "end_seconds": 241.52, "confidence": null}, {"text": "zwei,", "start_seconds": 241.52, "end_seconds": 241.76, "confidence": null}, {"text": "drei", "start_seconds": 241.76, "end_seconds": 241.92, "confidence": null}, {"text": "Dinge", "start_seconds": 241.92, "end_seconds": 242.0, "confidence": null}, {"text": "aus", "start_seconds": 242.56, "end_seconds": 242.8, "confidence": null}, {"text": "Ihrem", "start_seconds": 242.8, "end_seconds": 243.12, "confidence": null}, {"text": "sonstigen", "start_seconds": 243.12, "end_seconds": 243.44, "confidence": null}, {"text": "Leben,", "start_seconds": 243.44, "end_seconds": 243.76, "confidence": null}, {"text": "wenn", "start_seconds": 243.76, "end_seconds": 243.92, "confidence": null}, {"text": "Sie", "start_seconds": 243.92, "end_seconds": 244.16, "confidence": null}, {"text": "mögen", "start_seconds": 244.16, "end_seconds": 244.24, "confidence": null}]}, {"type": "transcript.final", "session_id": "39d0d082-7520-4554-ae04-41201290441b", "sequence": 324, "segment_id": 44, "revision": 6, "text": "Was machen Sie genau beruflich? Ich studiere", "granularity": "word", "items": [{"text": "Was", "start_seconds": 245.92, "end_seconds": 246.16, "confidence": null}, {"text": "machen", "start_seconds": 246.16, "end_seconds": 246.32, "confidence": null}, {"text": "Sie", "start_seconds": 246.32, "end_seconds": 246.48, "confidence": null}, {"text": "genau", "start_seconds": 246.48, "end_seconds": 246.56, "confidence": null}, {"text": "beruflich?", "start_seconds": 246.96, "end_seconds": 247.28, "confidence": null}, {"text": "Ich", "start_seconds": 248.4, "end_seconds": 248.72, "confidence": null}, {"text": "studiere", "start_seconds": 248.72, "end_seconds": 249.04, "confidence": null}]}, {"type": "transcript.final", "session_id": "39d0d082-7520-4554-ae04-41201290441b", "sequence": 338, "segment_id": 45, "revision": 14, "text": " Maschinenbau, ich habe gerade Prüfungsphase, muss ich ein bisschen mehr machen als sonst, aber es ist nicht hier wirklich dranmatisch", "granularity": "word", "items": [{"text": " Maschinenbau,", "start_seconds": 250.4, "end_seconds": 251.04, "confidence": null}, {"text": "ich", "start_seconds": 251.68, "end_seconds": 251.84, "confidence": null}, {"text": "habe", "start_seconds": 251.84, "end_seconds": 252.16, "confidence": null}, {"text": "gerade", "start_seconds": 252.16, "end_seconds": 252.24, "confidence": null}, {"text": "Prüfungsphase,", "start_seconds": 252.72, "end_seconds": 253.36, "confidence": null}, {"text": "muss", "start_seconds": 254.0, "end_seconds": 254.16, "confidence": null}, {"text": "ich", "start_seconds": 254.16, "end_seconds": 254.4, "confidence": null}, {"text": "ein", "start_seconds": 254.4, "end_seconds": 254.48, "confidence": null}, {"text": "bisschen", "start_seconds": 254.48, "end_seconds": 254.64, "confidence": null}, {"text": "mehr", "start_seconds": 254.64, "end_seconds": 254.88, "confidence": null}, {"text": "machen", "start_seconds": 254.88, "end_seconds": 254.96, "confidence": null}, {"text": "als", "start_seconds": 255.28, "end_seconds": 255.44, "confidence": null}, {"text": "sonst,", "start_seconds": 255.44, "end_seconds": 255.68, "confidence": null}, {"text": "aber", "start_seconds": 255.68, "end_seconds": 255.84, "confidence": null}, {"text": "es", "start_seconds": 255.84, "end_seconds": 255.92, "confidence": null}, {"text": "ist", "start_seconds": 255.92, "end_seconds": 256.08, "confidence": null}, {"text": "nicht", "start_seconds": 256.08, "end_seconds": 256.16, "confidence": null}, {"text": "hier", "start_seconds": 256.56, "end_seconds": 256.64, "confidence": null}, {"text": "wirklich", "start_seconds": 256.64, "end_seconds": 256.8, "confidence": null}, {"text": "dranmatisch", "start_seconds": 256.8, "end_seconds": 257.36, "confidence": null}]}, {"type": "transcript.final", "session_id": "39d0d082-7520-4554-ae04-41201290441b", "sequence": 345, "segment_id": 46, "revision": 7, "text": " verdiene mir ein bisschen was neben mir dazu, bisschen Au", "granularity": "word", "items": [{"text": " verdiene", "start_seconds": 259.6, "end_seconds": 260.08, "confidence": null}, {"text": "mir", "start_seconds": 260.08, "end_seconds": 260.16, "confidence": null}, {"text": "ein", "start_seconds": 260.16, "end_seconds": 260.32, "confidence": null}, {"text": "bisschen", "start_seconds": 260.32, "end_seconds": 260.56, "confidence": null}, {"text": "was", "start_seconds": 260.56, "end_seconds": 260.64, "confidence": null}, {"text": "neben", "start_seconds": 261.04, "end_seconds": 261.36, "confidence": null}, {"text": "mir", "start_seconds": 261.36, "end_seconds": 261.44, "confidence": null}, {"text": "dazu,", "start_seconds": 261.76, "end_seconds": 261.92, "confidence": null}, {"text": "bisschen", "start_seconds": 262.48, "end_seconds": 262.56, "confidence": null}, {"text": "Au", "start_seconds": 263.68, "end_seconds": 263.76, "confidence": null}]}, {"type": "transcript.final", "session_id": "39d0d082-7520-4554-ae04-41201290441b", "sequence": 353, "segment_id": 47, "revision": 8, "text": "toschrauben oder Fahrräder oder so, was was mich eher entspannt als", "granularity": "word", "items": [{"text": "toschrauben", "start_seconds": 263.76, "end_seconds": 264.4, "confidence": null}, {"text": "oder", "start_seconds": 264.4, "end_seconds": 264.48, "confidence": null}, {"text": "Fahrräder", "start_seconds": 264.88, "end_seconds": 265.52, "confidence": null}, {"text": "oder", "start_seconds": 265.52, "end_seconds": 265.68, "confidence": null}, {"text": "so,", "start_seconds": 265.68, "end_seconds": 265.76, "confidence": null}, {"text": "was", "start_seconds": 266.08, "end_seconds": 266.32, "confidence": null}, {"text": "was", "start_seconds": 266.32, "end_seconds": 266.56, "confidence": null}, {"text": "mich", "start_seconds": 266.56, "end_seconds": 266.72, "confidence": null}, {"text": "eher", "start_seconds": 266.72, "end_seconds": 267.12, "confidence": null}, {"text": "entspannt", "start_seconds": 267.12, "end_seconds": 267.52, "confidence": null}, {"text": "als", "start_seconds": 267.52, "end_seconds": 267.6, "confidence": null}]}, {"type": "transcript.final", "session_id": "39d0d082-7520-4554-ae04-41201290441b", "sequence": 355, "segment_id": 48, "revision": 2, "text": " stresst", "granularity": "word", "items": [{"text": " stresst", "start_seconds": 268.88, "end_seconds": 269.2, "confidence": null}]}, {"type": "transcript.final", "session_id": "39d0d082-7520-4554-ae04-41201290441b", "sequence": 360, "segment_id": 49, "revision": 5, "text": " mit meiner Freundin läuft alles prima, also", "granularity": "word", "items": [{"text": " mit", "start_seconds": 270.64, "end_seconds": 270.96, "confidence": null}, {"text": "meiner", "start_seconds": 270.96, "end_seconds": 271.2, "confidence": null}, {"text": "Freundin", "start_seconds": 271.2, "end_seconds": 271.52, "confidence": null}, {"text": "läuft", "start_seconds": 271.52, "end_seconds": 271.84, "confidence": null}, {"text": "alles", "start_seconds": 271.84, "end_seconds": 272.16, "confidence": null}, {"text": "prima,", "start_seconds": 272.16, "end_seconds": 272.24, "confidence": null}, {"text": "also", "start_seconds": 272.56, "end_seconds": 272.64, "confidence": null}]}, {"type": "transcript.final", "session_id": "39d0d082-7520-4554-ae04-41201290441b", "sequence": 363, "segment_id": 50, "revision": 3, "text": " eigentlich alles super", "granularity": "word", "items": [{"text": " eigentlich", "start_seconds": 274.96, "end_seconds": 275.28, "confidence": null}, {"text": "alles", "start_seconds": 275.28, "end_seconds": 275.6, "confidence": null}, {"text": "super", "start_seconds": 275.6, "end_seconds": 275.68, "confidence": null}]}, {"type": "transcript.final", "session_id": "39d0d082-7520-4554-ae04-41201290441b", "sequence": 366, "segment_id": 51, "revision": 3, "text": " Sexualität alles gut", "granularity": "word", "items": [{"text": " Sexualität", "start_seconds": 278.88, "end_seconds": 279.36, "confidence": null}, {"text": "alles", "start_seconds": 280.16, "end_seconds": 280.4, "confidence": null}, {"text": "gut", "start_seconds": 280.4, "end_seconds": 280.48, "confidence": null}]}, {"type": "transcript.final", "session_id": "39d0d082-7520-4554-ae04-41201290441b", "sequence": 377, "segment_id": 52, "revision": 11, "text": "Okay, ich höre raus vor sechs Wochen fangen plötzlich diese Beschwerden an Herzklopfen", "granularity": "word", "items": [{"text": "Okay,", "start_seconds": 283.52, "end_seconds": 283.6, "confidence": null}, {"text": "ich", "start_seconds": 284.0, "end_seconds": 284.16, "confidence": null}, {"text": "höre", "start_seconds": 284.16, "end_seconds": 284.64, "confidence": null}, {"text": "raus", "start_seconds": 284.64, "end_seconds": 284.72, "confidence": null}, {"text": "vor", "start_seconds": 286.0, "end_seconds": 286.32, "confidence": null}, {"text": "sechs", "start_seconds": 286.32, "end_seconds": 286.48, "confidence": null}, {"text": "Wochen", "start_seconds": 286.48, "end_seconds": 286.8, "confidence": null}, {"text": "fangen", "start_seconds": 286.8, "end_seconds": 287.2, "confidence": null}, {"text": "plötzlich", "start_seconds": 287.2, "end_seconds": 287.52, "confidence": null}, {"text": "diese", "start_seconds": 287.52, "end_seconds": 287.84, "confidence": null}, {"text": "Beschwerden", "start_seconds": 287.84, "end_seconds": 288.24, "confidence": null}, {"text": "an", "start_seconds": 288.24, "end_seconds": 288.32, "confidence": null}, {"text": "Herzklopfen", "start_seconds": 289.2, "end_seconds": 289.92, "confidence": null}]}, {"type": "transcript.final", "session_id": "39d0d082-7520-4554-ae04-41201290441b", "sequence": 384, "segment_id": 53, "revision": 7, "text": " viel Appetit trotzdem Gewichtsabnahme, Schlafstörung", "granularity": "word", "items": [{"text": " viel", "start_seconds": 291.2, "end_seconds": 291.36, "confidence": null}, {"text": "Appetit", "start_seconds": 291.36, "end_seconds": 292.0, "confidence": null}, {"text": "trotzdem", "start_seconds": 292.0, "end_seconds": 292.4, "confidence": null}, {"text": "Gewichtsabnahme,", "start_seconds": 292.4, "end_seconds": 293.12, "confidence": null}, {"text": "Schlafstörung", "start_seconds": 293.6, "end_seconds": 294.16, "confidence": null}]}, {"type": "transcript.final", "session_id": "39d0d082-7520-4554-ae04-41201290441b", "sequence": 399, "segment_id": 54, "revision": 15, "text": "nächtliches, vor allen Dingen nächtliches Schwitzen, eine große Unruhe, die auf mit einer Wesensveränderung irgendwie einhergeht, ohne dass sie so wirklich eine Erklärung finden", "granularity": "word", "items": [{"text": "nächtliches,", "start_seconds": 295.84, "end_seconds": 296.32, "confidence": null}, {"text": "vor", "start_seconds": 296.32, "end_seconds": 296.4, "confidence": null}, {"text": "allen", "start_seconds": 296.4, "end_seconds": 296.56, "confidence": null}, {"text": "Dingen", "start_seconds": 296.56, "end_seconds": 296.72, "confidence": null}, {"text": "nächtliches", "start_seconds": 296.72, "end_seconds": 297.12, "confidence": null}, {"text": "Schwitzen,", "start_seconds": 297.12, "end_seconds": 297.28, "confidence": null}, {"text": "eine", "start_seconds": 298.08, "end_seconds": 298.24, "confidence": null}, {"text": "große", "start_seconds": 298.24, "end_seconds": 298.48, "confidence": null}, {"text": "Unruhe,", "start_seconds": 298.48, "end_seconds": 299.04, "confidence": null}, {"text": "die", "start_seconds": 299.04, "end_seconds": 299.2, "confidence": null}, {"text": "auf", "start_seconds": 299.2, "end_seconds": 299.28, "confidence": null}, {"text": "mit", "start_seconds": 299.6, "end_seconds": 299.68, "confidence": null}, {"text": "einer", "start_seconds": 299.68, "end_seconds": 299.92, "confidence": null}, {"text": "Wesensveränderung", "start_seconds": 299.92, "end_seconds": 300.8, "confidence": null}, {"text": "irgendwie", "start_seconds": 300.8, "end_seconds": 301.28, "confidence": null}, {"text": "einhergeht,", "start_seconds": 301.28, "end_seconds": 301.6, "confidence": null}, {"text": "ohne", "start_seconds": 302.48, "end_seconds": 302.72, "confidence": null}, {"text": "dass", "start_seconds": 302.72, "end_seconds": 302.88, "confidence": null}, {"text": "sie", "start_seconds": 302.88, "end_seconds": 303.04, "confidence": null}, {"text": "so", "start_seconds": 303.04, "end_seconds": 303.2, "confidence": null}, {"text": "wirklich", "start_seconds": 303.2, "end_seconds": 303.52, "confidence": null}, {"text": "eine", "start_seconds": 303.52, "end_seconds": 303.6, "confidence": null}, {"text": "Erklärung", "start_seconds": 303.6, "end_seconds": 304.08, "confidence": null}, {"text": "finden", "start_seconds": 304.08, "end_seconds": 304.16, "confidence": null}]}, {"type": "transcript.final", "session_id": "39d0d082-7520-4554-ae04-41201290441b", "sequence": 409, "segment_id": 55, "revision": 10, "text": " in ihrem Leben, wo alles sonst ganz rund läuft im Moment Studium, Arbeit, Beziehung", "granularity": "word", "items": [{"text": " in", "start_seconds": 305.76, "end_seconds": 305.92, "confidence": null}, {"text": "ihrem", "start_seconds": 305.92, "end_seconds": 306.08, "confidence": null}, {"text": "Leben,", "start_seconds": 306.08, "end_seconds": 306.48, "confidence": null}, {"text": "wo", "start_seconds": 306.48, "end_seconds": 306.72, "confidence": null}, {"text": "alles", "start_seconds": 306.72, "end_seconds": 307.04, "confidence": null}, {"text": "sonst", "start_seconds": 307.04, "end_seconds": 307.44, "confidence": null}, {"text": "ganz", "start_seconds": 307.44, "end_seconds": 307.52, "confidence": null}, {"text": "rund", "start_seconds": 307.84, "end_seconds": 308.08, "confidence": null}, {"text": "läuft", "start_seconds": 308.08, "end_seconds": 308.16, "confidence": null}, {"text": "im", "start_seconds": 308.56, "end_seconds": 308.72, "confidence": null}, {"text": "Moment", "start_seconds": 308.72, "end_seconds": 308.8, "confidence": null}, {"text": "Studium,", "start_seconds": 309.68, "end_seconds": 310.32, "confidence": null}, {"text": "Arbeit,", "start_seconds": 310.32, "end_seconds": 310.4, "confidence": null}, {"text": "Beziehung", "start_seconds": 310.88, "end_seconds": 311.04, "confidence": null}]}, {"type": "transcript.final", "session_id": "39d0d082-7520-4554-ae04-41201290441b", "sequence": 431, "segment_id": 56, "revision": 22, "text": "Da gibt es eigentlich nichts, wo Sie jetzt spontan sagen würden. Das erklärt das anders als damals, als Sie diese depressive Episode hatten, dann haben Sie die Sorge, dass mit dem Herzen das nicht stimmen könnte, weil in der Familie", "granularity": "word", "items": [{"text": "Da", "start_seconds": 313.12, "end_seconds": 313.28, "confidence": null}, {"text": "gibt", "start_seconds": 313.28, "end_seconds": 313.36, "confidence": null}, {"text": "es", "start_seconds": 313.36, "end_seconds": 313.6, "confidence": null}, {"text": "eigentlich", "start_seconds": 313.6, "end_seconds": 313.84, "confidence": null}, {"text": "nichts,", "start_seconds": 313.84, "end_seconds": 314.24, "confidence": null}, {"text": "wo", "start_seconds": 314.24, "end_seconds": 314.4, "confidence": null}, {"text": "Sie", "start_seconds": 314.4, "end_seconds": 314.56, "confidence": null}, {"text": "jetzt", "start_seconds": 314.56, "end_seconds": 314.8, "confidence": null}, {"text": "spontan", "start_seconds": 314.8, "end_seconds": 315.2, "confidence": null}, {"text": "sagen", "start_seconds": 315.2, "end_seconds": 315.36, "confidence": null}, {"text": "würden.", "start_seconds": 315.36, "end_seconds": 315.44, "confidence": null}, {"text": "Das", "start_seconds": 315.84, "end_seconds": 315.92, "confidence": null}, {"text": "erklärt", "start_seconds": 315.92, "end_seconds": 316.4, "confidence": null}, {"text": "das", "start_seconds": 316.4, "end_seconds": 316.64, "confidence": null}, {"text": "anders", "start_seconds": 316.64, "end_seconds": 316.96, "confidence": null}, {"text": "als", "start_seconds": 316.96, "end_seconds": 317.2, "confidence": null}, {"text": "damals,", "start_seconds": 317.2, "end_seconds": 317.52, "confidence": null}, {"text": "als", "start_seconds": 318.16, "end_seconds": 318.4, "confidence": null}, {"text": "Sie", "start_seconds": 318.4, "end_seconds": 318.56, "confidence": null}, {"text": "diese", "start_seconds": 318.56, "end_seconds": 318.8, "confidence": null}, {"text": "depressive", "start_seconds": 318.8, "end_seconds": 319.28, "confidence": null}, {"text": "Episode", "start_seconds": 319.28, "end_seconds": 319.84, "confidence": null}, {"text": "hatten,", "start_seconds": 319.84, "end_seconds": 320.0, "confidence": null}, {"text": "dann", "start_seconds": 320.88, "end_seconds": 321.04, "confidence": null}, {"text": "haben", "start_seconds": 321.04, "end_seconds": 321.2, "confidence": null}, {"text": "Sie", "start_seconds": 321.2, "end_seconds": 321.44, "confidence": null}, {"text": "die", "start_seconds": 321.44, "end_seconds": 321.52, "confidence": null}, {"text": "Sorge,", "start_seconds": 321.52, "end_seconds": 321.68, "confidence": null}, {"text": "dass", "start_seconds": 322.16, "end_seconds": 322.4, "confidence": null}, {"text": "mit", "start_seconds": 322.4, "end_seconds": 322.48, "confidence": null}, {"text": "dem", "start_seconds": 322.48, "end_seconds": 322.64, "confidence": null}, {"text": "Herzen", "start_seconds": 322.64, "end_seconds": 323.04, "confidence": null}, {"text": "das", "start_seconds": 323.04, "end_seconds": 323.2, "confidence": null}, {"text": "nicht", "start_seconds": 323.2, "end_seconds": 323.36, "confidence": null}, {"text": "stimmen", "start_seconds": 323.36, "end_seconds": 323.52, "confidence": null}, {"text": "könnte,", "start_seconds": 323.92, "end_seconds": 324.4, "confidence": null}, {"text": "weil", "start_seconds": 324.4, "end_seconds": 324.72, "confidence": null}, {"text": "in", "start_seconds": 324.72, "end_seconds": 324.88, "confidence": null}, {"text": "der", "start_seconds": 324.88, "end_seconds": 324.96, "confidence": null}, {"text": "Familie", "start_seconds": 324.96, "end_seconds": 325.04, "confidence": null}]}, {"type": "transcript.final", "session_id": "39d0d082-7520-4554-ae04-41201290441b", "sequence": 444, "segment_id": 57, "revision": 13, "text": " diese Beschwerden vorgekommen sind, vor allen Dingen bei ihrem Großvater, so dass ich Ihnen jetzt vorschlagen möchte, dass wir", "granularity": "word", "items": [{"text": " diese", "start_seconds": 326.64, "end_seconds": 326.72, "confidence": null}, {"text": "Beschwerden", "start_seconds": 327.04, "end_seconds": 327.36, "confidence": null}, {"text": "vorgekommen", "start_seconds": 328.0, "end_seconds": 328.56, "confidence": null}, {"text": "sind,", "start_seconds": 328.56, "end_seconds": 328.88, "confidence": null}, {"text": "vor", "start_seconds": 328.88, "end_seconds": 329.04, "confidence": null}, {"text": "allen", "start_seconds": 329.04, "end_seconds": 329.12, "confidence": null}, {"text": "Dingen", "start_seconds": 329.12, "end_seconds": 329.2, "confidence": null}, {"text": "bei", "start_seconds": 329.2, "end_seconds": 329.36, "confidence": null}, {"text": "ihrem", "start_seconds": 329.36, "end_seconds": 329.6, "confidence": null}, {"text": "Großvater,", "start_seconds": 329.6, "end_seconds": 330.0, "confidence": null}, {"text": "so", "start_seconds": 331.28, "end_seconds": 331.44, "confidence": null}, {"text": "dass", "start_seconds": 331.44, "end_seconds": 331.6, "confidence": null}, {"text": "ich", "start_seconds": 331.6, "end_seconds": 331.76, "confidence": null}, {"text": "Ihnen", "start_seconds": 331.76, "end_seconds": 332.0, "confidence": null}, {"text": "jetzt", "start_seconds": 332.0, "end_seconds": 332.16, "confidence": null}, {"text": "vorschlagen", "start_seconds": 332.16, "end_seconds": 332.56, "confidence": null}, {"text": "möchte,", "start_seconds": 332.56, "end_seconds": 332.96, "confidence": null}, {"text": "dass", "start_seconds": 332.96, "end_seconds": 333.28, "confidence": null}, {"text": "wir", "start_seconds": 333.28, "end_seconds": 333.36, "confidence": null}]}, {"type": "transcript.final", "session_id": "39d0d082-7520-4554-ae04-41201290441b", "sequence": 454, "segment_id": 58, "revision": 10, "text": " eine sorgfältige körperliche Untersuchung machen, das machen wir gleich hinten im Nachbarzimmer", "granularity": "word", "items": [{"text": " eine", "start_seconds": 334.88, "end_seconds": 335.12, "confidence": null}, {"text": "sorgfältige", "start_seconds": 335.12, "end_seconds": 335.6, "confidence": null}, {"text": "körperliche", "start_seconds": 335.6, "end_seconds": 336.0, "confidence": null}, {"text": "Untersuchung", "start_seconds": 336.0, "end_seconds": 336.32, "confidence": null}, {"text": "machen,", "start_seconds": 336.32, "end_seconds": 336.64, "confidence": null}, {"text": "das", "start_seconds": 336.64, "end_seconds": 336.8, "confidence": null}, {"text": "machen", "start_seconds": 336.8, "end_seconds": 336.96, "confidence": null}, {"text": "wir", "start_seconds": 336.96, "end_seconds": 337.12, "confidence": null}, {"text": "gleich", "start_seconds": 337.12, "end_seconds": 337.28, "confidence": null}, {"text": "hinten", "start_seconds": 338.0, "end_seconds": 338.32, "confidence": null}, {"text": "im", "start_seconds": 338.8, "end_seconds": 338.96, "confidence": null}, {"text": "Nachbarzimmer", "start_seconds": 338.96, "end_seconds": 339.6, "confidence": null}]}, {"type": "transcript.final", "session_id": "39d0d082-7520-4554-ae04-41201290441b", "sequence": 466, "segment_id": 59, "revision": 12, "text": " und dabei insbesondere auf ihr Herz schauen. Die Beschwerden, die sich schildern, lassen mich", "granularity": "word", "items": [{"text": " und", "start_seconds": 341.12, "end_seconds": 341.2, "confidence": null}, {"text": "dabei", "start_seconds": 341.92, "end_seconds": 342.16, "confidence": null}, {"text": "insbesondere", "start_seconds": 342.8, "end_seconds": 343.36, "confidence": null}, {"text": "auf", "start_seconds": 343.36, "end_seconds": 343.6, "confidence": null}, {"text": "ihr", "start_seconds": 343.6, "end_seconds": 343.84, "confidence": null}, {"text": "Herz", "start_seconds": 343.84, "end_seconds": 344.16, "confidence": null}, {"text": "schauen.", "start_seconds": 344.16, "end_seconds": 344.24, "confidence": null}, {"text": "Die", "start_seconds": 344.96, "end_seconds": 345.12, "confidence": null}, {"text": "Beschwerden,", "start_seconds": 345.12, "end_seconds": 345.52, "confidence": null}, {"text": "die", "start_seconds": 345.52, "end_seconds": 345.68, "confidence": null}, {"text": "sich", "start_seconds": 345.68, "end_seconds": 345.84, "confidence": null}, {"text": "schildern,", "start_seconds": 345.84, "end_seconds": 346.24, "confidence": null}, {"text": "lassen", "start_seconds": 346.72, "end_seconds": 346.8, "confidence": null}, {"text": "mich", "start_seconds": 347.2, "end_seconds": 347.28, "confidence": null}]}, {"type": "transcript.final", "session_id": "39d0d082-7520-4554-ae04-41201290441b", "sequence": 504, "segment_id": 60, "revision": 38, "text": " eine Schilddrüsenüberfunktion denken, deswegen würde ich Ihnen gerne Blut abnehmen, um zu klären, ob mit der Schilddröse alles in Ordnung ist, wenn das so wäre, könnte man das gut behandeln, bis wir uns das nächste Mal sehen in einigen Tagen können Sie ja nochmal ein bisschen schauen, ob Ihnen sonst noch was einfällt, und dann würden wir in zwei, drei Tagen uns nochmal wiedersehen und", "granularity": "word", "items": [{"text": " eine", "start_seconds": 348.32, "end_seconds": 348.4, "confidence": null}, {"text": "Schilddrüsenüberfunktion", "start_seconds": 348.4, "end_seconds": 349.28, "confidence": null}, {"text": "denken,", "start_seconds": 349.68, "end_seconds": 350.08, "confidence": null}, {"text": "deswegen", "start_seconds": 350.08, "end_seconds": 350.4, "confidence": null}, {"text": "würde", "start_seconds": 350.4, "end_seconds": 350.48, "confidence": null}, {"text": "ich", "start_seconds": 350.48, "end_seconds": 350.64, "confidence": null}, {"text": "Ihnen", "start_seconds": 350.64, "end_seconds": 350.88, "confidence": null}, {"text": "gerne", "start_seconds": 350.88, "end_seconds": 350.96, "confidence": null}, {"text": "Blut", "start_seconds": 351.84, "end_seconds": 352.16, "confidence": null}, {"text": "abnehmen,", "start_seconds": 352.16, "end_seconds": 352.48, "confidence": null}, {"text": "um", "start_seconds": 353.2, "end_seconds": 353.52, "confidence": null}, {"text": "zu", "start_seconds": 353.52, "end_seconds": 353.6, "confidence": null}, {"text": "klären,", "start_seconds": 353.6, "end_seconds": 353.68, "confidence": null}, {"text": "ob", "start_seconds": 354.8, "end_seconds": 354.96, "confidence": null}, {"text": "mit", "start_seconds": 354.96, "end_seconds": 355.12, "confidence": null}, {"text": "der", "start_seconds": 355.12, "end_seconds": 355.2, "confidence": null}, {"text": "Schilddröse", "start_seconds": 355.2, "end_seconds": 355.68, "confidence": null}, {"text": "alles", "start_seconds": 355.68, "end_seconds": 355.84, "confidence": null}, {"text": "in", "start_seconds": 355.84, "end_seconds": 356.0, "confidence": null}, {"text": "Ordnung", "start_seconds": 356.0, "end_seconds": 356.32, "confidence": null}, {"text": "ist,", "start_seconds": 356.32, "end_seconds": 356.4, "confidence": null}, {"text": "wenn", "start_seconds": 357.12, "end_seconds": 357.36, "confidence": null}, {"text": "das", "start_seconds": 357.36, "end_seconds": 357.52, "confidence": null}, {"text": "so", "start_seconds": 357.52, "end_seconds": 357.84, "confidence": null}, {"text": "wäre,", "start_seconds": 357.84, "end_seconds": 358.0, "confidence": null}, {"text": "könnte", "start_seconds": 358.56, "end_seconds": 358.8, "confidence": null}, {"text": "man", "start_seconds": 358.8, "end_seconds": 359.04, "confidence": null}, {"text": "das", "start_seconds": 359.04, "end_seconds": 359.2, "confidence": null}, {"text": "gut", "start_seconds": 359.2, "end_seconds": 359.44, "confidence": null}, {"text": "behandeln,", "start_seconds": 359.44, "end_seconds": 359.68, "confidence": null}, {"text": "bis", "start_seconds": 360.8, "end_seconds": 361.04, "confidence": null}, {"text": "wir", "start_seconds": 361.04, "end_seconds": 361.2, "confidence": null}, {"text": "uns", "start_seconds": 361.2, "end_seconds": 361.36, "confidence": null}, {"text": "das", "start_seconds": 361.36, "end_seconds": 361.44, "confidence": null}, {"text": "nächste", "start_seconds": 361.44, "end_seconds": 361.76, "confidence": null}, {"text": "Mal", "start_seconds": 361.76, "end_seconds": 361.92, "confidence": null}, {"text": "sehen", "start_seconds": 361.92, "end_seconds": 362.0, "confidence": null}, {"text": "in", "start_seconds": 362.32, "end_seconds": 362.4, "confidence": null}, {"text": "einigen", "start_seconds": 362.4, "end_seconds": 362.72, "confidence": null}, {"text": "Tagen", "start_seconds": 362.72, "end_seconds": 363.28, "confidence": null}, {"text": "können", "start_seconds": 363.28, "end_seconds": 363.52, "confidence": null}, {"text": "Sie", "start_seconds": 363.52, "end_seconds": 363.68, "confidence": null}, {"text": "ja", "start_seconds": 363.68, "end_seconds": 363.84, "confidence": null}, {"text": "nochmal", "start_seconds": 363.84, "end_seconds": 363.92, "confidence": null}, {"text": "ein", "start_seconds": 364.72, "end_seconds": 364.96, "confidence": null}, {"text": "bisschen", "start_seconds": 364.96, "end_seconds": 365.2, "confidence": null}, {"text": "schauen,", "start_seconds": 365.2, "end_seconds": 365.68, "confidence": null}, {"text": "ob", "start_seconds": 365.68, "end_seconds": 365.84, "confidence": null}, {"text": "Ihnen", "start_seconds": 365.84, "end_seconds": 366.0, "confidence": null}, {"text": "sonst", "start_seconds": 366.0, "end_seconds": 366.24, "confidence": null}, {"text": "noch", "start_seconds": 366.24, "end_seconds": 366.32, "confidence": null}, {"text": "was", "start_seconds": 366.32, "end_seconds": 366.56, "confidence": null}, {"text": "einfällt,", "start_seconds": 366.56, "end_seconds": 366.96, "confidence": null}, {"text": "und", "start_seconds": 368.0, "end_seconds": 368.16, "confidence": null}, {"text": "dann", "start_seconds": 368.16, "end_seconds": 368.32, "confidence": null}, {"text": "würden", "start_seconds": 368.32, "end_seconds": 368.56, "confidence": null}, {"text": "wir", "start_seconds": 368.56, "end_seconds": 368.64, "confidence": null}, {"text": "in", "start_seconds": 369.04, "end_seconds": 369.12, "confidence": null}, {"text": "zwei,", "start_seconds": 369.52, "end_seconds": 369.84, "confidence": null}, {"text": "drei", "start_seconds": 369.84, "end_seconds": 370.0, "confidence": null}, {"text": "Tagen", "start_seconds": 370.0, "end_seconds": 370.24, "confidence": null}, {"text": "uns", "start_seconds": 370.24, "end_seconds": 370.48, "confidence": null}, {"text": "nochmal", "start_seconds": 370.48, "end_seconds": 370.72, "confidence": null}, {"text": "wiedersehen", "start_seconds": 370.72, "end_seconds": 370.96, "confidence": null}, {"text": "und", "start_seconds": 371.52, "end_seconds": 371.6, "confidence": null}]}, {"type": "transcript.final", "session_id": "39d0d082-7520-4554-ae04-41201290441b", "sequence": 520, "segment_id": 61, "revision": 16, "text": " die Laborwerte besprechen und jetzt aber zuerst uns nebenan nochmal für eine Untersuchung sehen. Wenn Sie damit einverstanden, das klingt nach einem Plan. Ja schön", "granularity": "word", "items": [{"text": " die", "start_seconds": 372.96, "end_seconds": 373.12, "confidence": null}, {"text": "Laborwerte", "start_seconds": 373.12, "end_seconds": 373.76, "confidence": null}, {"text": "besprechen", "start_seconds": 373.76, "end_seconds": 373.92, "confidence": null}, {"text": "und", "start_seconds": 374.64, "end_seconds": 374.8, "confidence": null}, {"text": "jetzt", "start_seconds": 374.8, "end_seconds": 374.96, "confidence": null}, {"text": "aber", "start_seconds": 374.96, "end_seconds": 375.2, "confidence": null}, {"text": "zuerst", "start_seconds": 375.2, "end_seconds": 375.36, "confidence": null}, {"text": "uns", "start_seconds": 375.84, "end_seconds": 375.92, "confidence": null}, {"text": "nebenan", "start_seconds": 376.48, "end_seconds": 377.04, "confidence": null}, {"text": "nochmal", "start_seconds": 377.04, "end_seconds": 377.28, "confidence": null}, {"text": "für", "start_seconds": 377.28, "end_seconds": 377.52, "confidence": null}, {"text": "eine", "start_seconds": 377.52, "end_seconds": 377.6, "confidence": null}, {"text": "Untersuchung", "start_seconds": 377.6, "end_seconds": 378.0, "confidence": null}, {"text": "sehen.", "start_seconds": 378.0, "end_seconds": 378.08, "confidence": null}, {"text": "Wenn", "start_seconds": 378.88, "end_seconds": 379.2, "confidence": null}, {"text": "Sie", "start_seconds": 379.2, "end_seconds": 379.28, "confidence": null}, {"text": "damit", "start_seconds": 379.28, "end_seconds": 379.68, "confidence": null}, {"text": "einverstanden,", "start_seconds": 379.68, "end_seconds": 379.92, "confidence": null}, {"text": "das", "start_seconds": 380.32, "end_seconds": 380.4, "confidence": null}, {"text": "klingt", "start_seconds": 380.4, "end_seconds": 380.8, "confidence": null}, {"text": "nach", "start_seconds": 380.8, "end_seconds": 380.96, "confidence": null}, {"text": "einem", "start_seconds": 380.96, "end_seconds": 381.2, "confidence": null}, {"text": "Plan.", "start_seconds": 381.2, "end_seconds": 381.28, "confidence": null}, {"text": "Ja", "start_seconds": 382.0, "end_seconds": 382.16, "confidence": null}, {"text": "schön", "start_seconds": 382.16, "end_seconds": 382.24, "confidence": null}]}, {"type": "transcript.final", "session_id": "39d0d082-7520-4554-ae04-41201290441b", "sequence": 523, "segment_id": 62, "revision": 3, "text": "dann bis gleich", "granularity": "word", "items": [{"text": "dann", "start_seconds": 383.68, "end_seconds": 383.84, "confidence": null}, {"text": "bis", "start_seconds": 383.84, "end_seconds": 384.08, "confidence": null}, {"text": "gleich", "start_seconds": 384.08, "end_seconds": 384.24, "confidence": null}]}], "audio_seconds": 421.860125, "processing_seconds": 421.88998379999975, "first_partial_seconds": 9.01498641299986, "first_final_seconds": 13.491696479999973, "finalization_seconds": 0.02834054200002356}
{"event": "medical_case_start", "case": "de-grippaler-infekt", "mode": "complete-file", "file": "ready/de/hhu-grippaler-infekt.wav", "sha256": "7d47eb278116704b31ba62430a162a9dea5fa4da72158d642b3b96ef3fd5160c", "expected_audio_seconds": 629.2608125, "options": {"model": "nemotron-speech-multilingual-0.6b", "language": "de-DE", "chunk_size_ms": 560, "strip_language_tags": true, "output_granularity": "word", "stop_history_eou_ms": 800}}
{"event": "medical_measurement", "case": "de-grippaler-infekt", "mode": "complete-file", "sha256": "7d47eb278116704b31ba62430a162a9dea5fa4da72158d642b3b96ef3fd5160c", "expected_audio_seconds": 629.2608125, "all_samples_processed": true, "nonempty": true, "peak_gpu_allocated_bytes": 5332897280, "real_time_factor": 0.04833140176673569, "text": "Sie arbeiten als Vertretung des Hausarztes in der Praxis von Doktor Berg. Der Patient Jonas Neu stellt sich heute mit Symptomen eines gripalen Infekts bei Ihnen vor. Vor der körperlichen Untersuchung möchten Sie mit ihm ein Gespräch über seine aktuellen Beschwerden führen. Hallo, was führt Sie herIch bin seit drei Monaten erkältet mitten im Sommer, und zwar heftig mein Kopf tut dauernd weh meine Nasennebenhöhlen sind eigentlich ständig zu ab und zu, denke ich, dass ich Fieber habe und das nervt ohne Ende. Ich habe da auch keine Zeit zu kurz gesagt, das muss aufhören und deswegen bin ich hier seit drei Monaten in Fekt. Ja das nervt, das nervt Sie haben weder Lust noch Zeit dazu, haben Sie gesagtWomit würden Sie Ihre Zeit lieber verbringenAlso ich verbringe meine Zeit momentan überwiegend mit Arbeiten. Das tue ich auch trotzdem, aber es bremst mich natürlich so ein bisschen aus. Ich bin nicht so leistungsfähig, ich bin auch nicht so motiviert wie sonst, habe mühemorgens in die Gänge zu kommen Ja, ist halt nicht so toll richtig ausgebremst. Ja, was heißt ausgebremst? Ich funktioniere schon, aber unter Schmerzen sozusagen, also ich nehme ab und zu ein bisschen Iboprofen um das zu lindern, aber ich versuche halt nicht zu übertreiben, weil ich weiß, dass ja auch belastet den Körper. Haben Sie die Idee, wie es dazu kam Ja ich habe in der Besprechung gesessen den ganzen Tag, wo zwei Leuten zu heiß war und deswegen musste den ganzen Tag die Klimaanlage voll laufen und alle anderen haben gefroren mitunter ich und nur mit einem T Shirt an und eigentlich ging es da los. Ja also klassisch erkältetWas ich spüre ist, dass da schon relativ viel Druck ist bei Ihnen. Ja was heißt Druck, ich habe halt, ich bin halt gerade an einem Projekt, das geht nur in sechs Monat, man hatte geht das, wir sind jetzt gut halb durch und erzählt halt jeder Tag, ne da machen wir auch Überstunden und das muss halt laufen, das ist die Zeit des E knapp bemessen und das muss halt durchgezogen werden einfach eine Projekt, wo arbeiten die in der Forschung an der freien Uni Berlin. Da ist viel Druck. Der Vertrag dauert so lange wie das Projekt und danach kommt dann hoffentlich der nächste. Von daher ja also es geht quasi von halbem Jahr zu halben Jahr immer. Also sie haben die klassischen Symptome einer typischen Präpareninfektion beschrieben mit Nasennebenhöhlen beschwerden, halschmerzen, Kopf, Schmerzen abgeschlagenheit, die sich jetzt lange hinziehen und auch ziemlich typisch begonnen habenwas ich jetzt nicht gehört habe, ist, dass Sie zwischendrin mal irgendwie eine Pause gemacht haben. Sie sprechen von Ebo Prophäen und anderen Hilfsmitteln, aber Pause wann also ich arbeite jetzt nicht jedes Wochenende durch oder so, aber unsere Arbeitstage dauernd zehn elf Stunden manchmal auch noch mit Unterlagen danach sichten und soAlso für Pause ist gerade nicht so wirklich Platzalso ich habe die Hoffnung, sie würden mir halt was geben, was irgendwie aufräumten Antibiotikum oder wenigstens was die Symptome lindert. Ibuprofen hilft einigermaßen, aber wie gesagt, ich will das halt auch nicht da entnehmen. Jaalso ich möchte Sie natürlich gleich auf jeden Fall noch untersuchenAber wenn ich das finde, was ich erwarte, dann haben Sie ein jetzt sehr lange sich hinziehenden viralen Infektwo außer Ruhe und Schonung eigentlich kein Kraut gegen Gewachsen istDie Antibiotika schaden mehr als dass sie nützen, weil die natürlich nur gegen bakterielle Infekte helfenUnd das eigentliche, worum es geht, nämlich dem Körper Ruhe zu verschaffenwird natürlich durch die Tablette sowieso nicht gelöst. Ja, aber das Meter Ruhe klappt halt im Moment nichtwas würde passieren Naja, erstmal ist das Zeit, die dann einfach fehlt, wie gesagt hier ist eh sehr knapp gemessen. Zweitensich will meinen nächsten Vertrag kriegen und ehrlich gesagt, ich habe auch schon lange nicht mehr gehört, dass man sich wegen Erkältung krank schreiben lässt, dass er scheint mir doch ein bisschen übertrieben einfach Ja also ich habe ja nicht irgendwie die Masern oder so und ich habe eine Erkältung die anderen in ihrem Jobden scheint gerade nix zu fehlenWie sieht es denn sonst in ihrem Leben aus? Also ich habe jetzt viel über die Arbeit gehört über diesen Infekte einiges erfahrenDas tun Sie sonst so, wie leben Sie sonst so? Meine Freundin wohnt hier, das heißt Wochenendes ab und zu dann hierher fahren es natürlich auch ein bisschen eng für zwei Tage dann. Ich glaube es auch jetzt nicht dauernd, aber zu viel anderen komme ich gerade nicht, also Hobby Solar Sport so ist jetzt gerade nicht die Gelegenheit und auch nicht die Energie für vorhanden brauchen Sie nehmen wir an, das Einzige, was ich Ihnen wirklich guten Gewissensempfehlen könnte wäre, sie krank zu schreiben für zwei, drei Tage um sich zu schonen ganz ungünstigAlso das einzige meinen SieJa man kann natürlich symptomatisch viel tun, wie sie es ja auch schon machen mit Ibopoffee, das beseitigt halt die Symptome und der Körper kriegt halt, dass das er braucht, nämlich Ruhe nichtTja und das ist das ist schon was, was ich spür an kann, dass sie sehrdass da sehr viel Spannung ist und einfach Druck und ich sehe das oftdass dann irgendwann einfach zu viel ist natürlich auch schwierig verstehe, was Sie sagen, aber es ist irgendwie das einzige, was ich mir im Prinzip nicht leisten kannDeswegen bin ich jetzt ein bisschen in einer Zwickmühle da. Ja, das ist ein Dilemma, neAlso ihn leuchtet aber schon ein, was ich ihnen empfehle theoretisch ja, was würden Sie Ihrem besten Freund empfehlen bei bei anderen Leuten ist es immer anders, ne, ja ich gebe zu, ich würde sagen, dass ich krank schreiben auch mit dem Quatsch, wenn ihre Freundin versuche das nicht so sehr zu thematisieren, ehrlich gesagt, aber deckt jetzt auch nicht den Eindruck, als ob sie das total gut findet, wie es mir geht. Tjajetzt spüre ich außer diesem gewissen Druck, den ich ja schon erwähnt habe, auch noch eine gewisse Hilflosigkeit Jawas könnten Ihrer Meinung nach gute Auswege sein aus diesem DilemmaVielleicht muss ich das mal versuchen zu klären damit ihrem Themen oder mit meinem Profil zu tun, der sehr lange gehtder klassisch angefangen hat und nicht vergehen willUnd Sie wünschen sich eine Lösung und ich schlage Ihnen vorsich mal ein bisschen rauszunehmen, weil ich den Eindruck habe, dass es vor allen Dingen mit diesem Stress zu tun hatUnd es ist für wichtig halte, dass sie sich sozusagen dieser Herausforderung stellen. Sie merken, es ist ein bisschen schwierig und wollen sich jetzt auch nicht krank schreiben lassen, höre ich raus. Aber nehmen vielleicht die Idee mit mal zu gucken, was geht die Frage wäre ja auch, wie lang muss ich krank geschrieben sein, dass das weggehtJa man würde mit einigen wenigen Tagen anfangenMit dem Wochenende hätten Sie dann ja jetzt von heute ausgerechnet fast eine Woche fünf Tage sich zu erholen und mal zu gucken, wie sie ein bisschen den Druck aus dem System nehmenkönnten mal telefonierenGut, dann würden wir jetzt die Anukündigkeit untersuchung noch vornehmen und treffen uns dann gleich vorne an der Liege.", "segments": [{"type": "transcript.final", "session_id": "9bd79f8f-87ca-43a4-9f61-0c6ff05b627f", "sequence": 29, "segment_id": 0, "revision": 29, "text": " Sie arbeiten als Vertretung des Hausarztes in der Praxis von Doktor Berg. Der Patient Jonas Neu stellt sich heute mit Symptomen eines gripalen Infekts bei Ihnen vor. Vor der körperlichen Untersuchung möchten Sie mit ihm ein Gespräch über seine aktuellen Beschwerden führen.", "granularity": "word", "items": [{"text": " Sie", "start_seconds": 8.48, "end_seconds": 8.64, "confidence": null}, {"text": "arbeiten", "start_seconds": 8.64, "end_seconds": 9.12, "confidence": null}, {"text": "als", "start_seconds": 9.12, "end_seconds": 9.2, "confidence": null}, {"text": "Vertretung", "start_seconds": 9.52, "end_seconds": 9.92, "confidence": null}, {"text": "des", "start_seconds": 9.92, "end_seconds": 10.08, "confidence": null}, {"text": "Hausarztes", "start_seconds": 10.08, "end_seconds": 11.04, "confidence": null}, {"text": "in", "start_seconds": 11.04, "end_seconds": 11.28, "confidence": null}, {"text": "der", "start_seconds": 11.28, "end_seconds": 11.36, "confidence": null}, {"text": "Praxis", "start_seconds": 11.36, "end_seconds": 11.68, "confidence": null}, {"text": "von", "start_seconds": 11.68, "end_seconds": 11.84, "confidence": null}, {"text": "Doktor", "start_seconds": 11.84, "end_seconds": 12.24, "confidence": null}, {"text": "Berg.", "start_seconds": 12.24, "end_seconds": 12.48, "confidence": null}, {"text": "Der", "start_seconds": 13.52, "end_seconds": 13.68, "confidence": null}, {"text": "Patient", "start_seconds": 13.68, "end_seconds": 14.24, "confidence": null}, {"text": "Jonas", "start_seconds": 14.24, "end_seconds": 14.72, "confidence": null}, {"text": "Neu", "start_seconds": 14.72, "end_seconds": 15.12, "confidence": null}, {"text": "stellt", "start_seconds": 15.12, "end_seconds": 15.36, "confidence": null}, {"text": "sich", "start_seconds": 15.36, "end_seconds": 15.44, "confidence": null}, {"text": "heute", "start_seconds": 15.44, "end_seconds": 15.68, "confidence": null}, {"text": "mit", "start_seconds": 15.68, "end_seconds": 15.92, "confidence": null}, {"text": "Symptomen", "start_seconds": 15.92, "end_seconds": 16.48, "confidence": null}, {"text": "eines", "start_seconds": 16.48, "end_seconds": 16.88, "confidence": null}, {"text": "gripalen", "start_seconds": 16.88, "end_seconds": 17.36, "confidence": null}, {"text": "Infekts", "start_seconds": 17.36, "end_seconds": 17.68, "confidence": null}, {"text": "bei", "start_seconds": 17.68, "end_seconds": 18.0, "confidence": null}, {"text": "Ihnen", "start_seconds": 18.0, "end_seconds": 18.16, "confidence": null}, {"text": "vor.", "start_seconds": 18.16, "end_seconds": 18.48, "confidence": null}, {"text": "Vor", "start_seconds": 19.28, "end_seconds": 19.44, "confidence": null}, {"text": "der", "start_seconds": 19.44, "end_seconds": 19.68, "confidence": null}, {"text": "körperlichen", "start_seconds": 19.68, "end_seconds": 20.16, "confidence": null}, {"text": "Untersuchung", "start_seconds": 20.16, "end_seconds": 20.48, "confidence": null}, {"text": "möchten", "start_seconds": 21.04, "end_seconds": 21.44, "confidence": null}, {"text": "Sie", "start_seconds": 21.44, "end_seconds": 21.6, "confidence": null}, {"text": "mit", "start_seconds": 21.6, "end_seconds": 21.84, "confidence": null}, {"text": "ihm", "start_seconds": 21.84, "end_seconds": 22.08, "confidence": null}, {"text": "ein", "start_seconds": 22.08, "end_seconds": 22.4, "confidence": null}, {"text": "Gespräch", "start_seconds": 22.4, "end_seconds": 22.8, "confidence": null}, {"text": "über", "start_seconds": 22.8, "end_seconds": 23.04, "confidence": null}, {"text": "seine", "start_seconds": 23.04, "end_seconds": 23.28, "confidence": null}, {"text": "aktuellen", "start_seconds": 23.28, "end_seconds": 23.84, "confidence": null}, {"text": "Beschwerden", "start_seconds": 23.84, "end_seconds": 24.24, "confidence": null}, {"text": "führen.", "start_seconds": 24.24, "end_seconds": 24.32, "confidence": null}]}, {"type": "transcript.final", "session_id": "9bd79f8f-87ca-43a4-9f61-0c6ff05b627f", "sequence": 31, "segment_id": 1, "revision": 2, "text": " Hallo,", "granularity": "word", "items": [{"text": " Hallo,", "start_seconds": 29.76, "end_seconds": 29.92, "confidence": null}]}, {"type": "transcript.final", "session_id": "9bd79f8f-87ca-43a4-9f61-0c6ff05b627f", "sequence": 34, "segment_id": 2, "revision": 3, "text": " was führt Sie her", "granularity": "word", "items": [{"text": " was", "start_seconds": 31.44, "end_seconds": 31.6, "confidence": null}, {"text": "führt", "start_seconds": 31.6, "end_seconds": 31.76, "confidence": null}, {"text": "Sie", "start_seconds": 31.76, "end_seconds": 31.92, "confidence": null}, {"text": "her", "start_seconds": 31.92, "end_seconds": 32.0, "confidence": null}]}, {"type": "transcript.final", "session_id": "9bd79f8f-87ca-43a4-9f61-0c6ff05b627f", "sequence": 48, "segment_id": 3, "revision": 14, "text": "Ich bin seit drei Monaten erkältet mitten im Sommer, und zwar heftig mein Kopf tut dauernd weh", "granularity": "word", "items": [{"text": "Ich", "start_seconds": 33.76, "end_seconds": 33.92, "confidence": null}, {"text": "bin", "start_seconds": 33.92, "end_seconds": 34.0, "confidence": null}, {"text": "seit", "start_seconds": 34.4, "end_seconds": 34.72, "confidence": null}, {"text": "drei", "start_seconds": 34.72, "end_seconds": 35.04, "confidence": null}, {"text": "Monaten", "start_seconds": 35.04, "end_seconds": 35.36, "confidence": null}, {"text": "erkältet", "start_seconds": 35.84, "end_seconds": 36.32, "confidence": null}, {"text": "mitten", "start_seconds": 36.72, "end_seconds": 37.04, "confidence": null}, {"text": "im", "start_seconds": 37.04, "end_seconds": 37.2, "confidence": null}, {"text": "Sommer,", "start_seconds": 37.2, "end_seconds": 37.52, "confidence": null}, {"text": "und", "start_seconds": 37.52, "end_seconds": 37.68, "confidence": null}, {"text": "zwar", "start_seconds": 37.68, "end_seconds": 37.92, "confidence": null}, {"text": "heftig", "start_seconds": 37.92, "end_seconds": 38.16, "confidence": null}, {"text": "mein", "start_seconds": 39.04, "end_seconds": 39.28, "confidence": null}, {"text": "Kopf", "start_seconds": 39.28, "end_seconds": 39.52, "confidence": null}, {"text": "tut", "start_seconds": 39.52, "end_seconds": 39.76, "confidence": null}, {"text": "dauernd", "start_seconds": 39.76, "end_seconds": 40.16, "confidence": null}, {"text": "weh", "start_seconds": 40.16, "end_seconds": 40.4, "confidence": null}]}, {"type": "transcript.final", "session_id": "9bd79f8f-87ca-43a4-9f61-0c6ff05b627f", "sequence": 58, "segment_id": 4, "revision": 10, "text": " meine Nasennebenhöhlen sind eigentlich ständig zu ab und zu, denke ich, dass ich Fieber habe", "granularity": "word", "items": [{"text": " meine", "start_seconds": 41.44, "end_seconds": 41.6, "confidence": null}, {"text": "Nasennebenhöhlen", "start_seconds": 41.6, "end_seconds": 42.48, "confidence": null}, {"text": "sind", "start_seconds": 42.48, "end_seconds": 42.64, "confidence": null}, {"text": "eigentlich", "start_seconds": 42.64, "end_seconds": 42.72, "confidence": null}, {"text": "ständig", "start_seconds": 43.12, "end_seconds": 43.28, "confidence": null}, {"text": "zu", "start_seconds": 43.68, "end_seconds": 43.76, "confidence": null}, {"text": "ab", "start_seconds": 44.32, "end_seconds": 44.4, "confidence": null}, {"text": "und", "start_seconds": 44.4, "end_seconds": 44.56, "confidence": null}, {"text": "zu,", "start_seconds": 44.56, "end_seconds": 44.88, "confidence": null}, {"text": "denke", "start_seconds": 44.88, "end_seconds": 45.04, "confidence": null}, {"text": "ich,", "start_seconds": 45.04, "end_seconds": 45.12, "confidence": null}, {"text": "dass", "start_seconds": 45.12, "end_seconds": 45.28, "confidence": null}, {"text": "ich", "start_seconds": 45.28, "end_seconds": 45.44, "confidence": null}, {"text": "Fieber", "start_seconds": 45.44, "end_seconds": 45.92, "confidence": null}, {"text": "habe", "start_seconds": 45.92, "end_seconds": 46.0, "confidence": null}]}, {"type": "transcript.final", "session_id": "9bd79f8f-87ca-43a4-9f61-0c6ff05b627f", "sequence": 69, "segment_id": 5, "revision": 11, "text": " und das nervt ohne Ende. Ich habe da auch keine Zeit zu kurz gesagt, das muss aufhören und deswegen bin ich hier", "granularity": "word", "items": [{"text": " und", "start_seconds": 48.16, "end_seconds": 48.48, "confidence": null}, {"text": "das", "start_seconds": 48.48, "end_seconds": 48.72, "confidence": null}, {"text": "nervt", "start_seconds": 48.72, "end_seconds": 49.28, "confidence": null}, {"text": "ohne", "start_seconds": 49.28, "end_seconds": 49.52, "confidence": null}, {"text": "Ende.", "start_seconds": 49.52, "end_seconds": 49.92, "confidence": null}, {"text": "Ich", "start_seconds": 50.08, "end_seconds": 50.16, "confidence": null}, {"text": "habe", "start_seconds": 50.16, "end_seconds": 50.4, "confidence": null}, {"text": "da", "start_seconds": 50.4, "end_seconds": 50.48, "confidence": null}, {"text": "auch", "start_seconds": 50.48, "end_seconds": 50.56, "confidence": null}, {"text": "keine", "start_seconds": 50.56, "end_seconds": 50.8, "confidence": null}, {"text": "Zeit", "start_seconds": 50.8, "end_seconds": 51.12, "confidence": null}, {"text": "zu", "start_seconds": 51.12, "end_seconds": 51.2, "confidence": null}, {"text": "kurz", "start_seconds": 52.16, "end_seconds": 52.4, "confidence": null}, {"text": "gesagt,", "start_seconds": 52.4, "end_seconds": 52.72, "confidence": null}, {"text": "das", "start_seconds": 52.72, "end_seconds": 52.8, "confidence": null}, {"text": "muss", "start_seconds": 52.8, "end_seconds": 52.96, "confidence": null}, {"text": "aufhören", "start_seconds": 52.96, "end_seconds": 53.36, "confidence": null}, {"text": "und", "start_seconds": 53.36, "end_seconds": 53.52, "confidence": null}, {"text": "deswegen", "start_seconds": 53.52, "end_seconds": 53.76, "confidence": null}, {"text": "bin", "start_seconds": 53.76, "end_seconds": 54.0, "confidence": null}, {"text": "ich", "start_seconds": 54.0, "end_seconds": 54.08, "confidence": null}, {"text": "hier", "start_seconds": 54.08, "end_seconds": 54.16, "confidence": null}]}, {"type": "transcript.final", "session_id": "9bd79f8f-87ca-43a4-9f61-0c6ff05b627f", "sequence": 76, "segment_id": 6, "revision": 7, "text": " seit drei Monaten in Fekt. Ja das nervt, das nervt", "granularity": "word", "items": [{"text": " seit", "start_seconds": 55.52, "end_seconds": 55.84, "confidence": null}, {"text": "drei", "start_seconds": 55.84, "end_seconds": 56.0, "confidence": null}, {"text": "Monaten", "start_seconds": 56.0, "end_seconds": 56.24, "confidence": null}, {"text": "in", "start_seconds": 56.72, "end_seconds": 56.88, "confidence": null}, {"text": "Fekt.", "start_seconds": 56.88, "end_seconds": 56.96, "confidence": null}, {"text": "Ja", "start_seconds": 58.0, "end_seconds": 58.32, "confidence": null}, {"text": "das", "start_seconds": 58.32, "end_seconds": 58.56, "confidence": null}, {"text": "nervt,", "start_seconds": 58.56, "end_seconds": 58.72, "confidence": null}, {"text": "das", "start_seconds": 59.44, "end_seconds": 59.68, "confidence": null}, {"text": "nervt", "start_seconds": 59.68, "end_seconds": 59.84, "confidence": null}]}, {"type": "transcript.final", "session_id": "9bd79f8f-87ca-43a4-9f61-0c6ff05b627f", "sequence": 81, "segment_id": 7, "revision": 5, "text": " Sie haben weder Lust noch Zeit dazu, haben Sie gesagt", "granularity": "word", "items": [{"text": " Sie", "start_seconds": 62.16, "end_seconds": 62.32, "confidence": null}, {"text": "haben", "start_seconds": 62.32, "end_seconds": 62.4, "confidence": null}, {"text": "weder", "start_seconds": 62.4, "end_seconds": 62.64, "confidence": null}, {"text": "Lust", "start_seconds": 62.64, "end_seconds": 62.88, "confidence": null}, {"text": "noch", "start_seconds": 62.88, "end_seconds": 63.04, "confidence": null}, {"text": "Zeit", "start_seconds": 63.04, "end_seconds": 63.36, "confidence": null}, {"text": "dazu,", "start_seconds": 63.36, "end_seconds": 63.68, "confidence": null}, {"text": "haben", "start_seconds": 63.68, "end_seconds": 63.84, "confidence": null}, {"text": "Sie", "start_seconds": 63.84, "end_seconds": 63.92, "confidence": null}, {"text": "gesagt", "start_seconds": 63.92, "end_seconds": 64.0, "confidence": null}]}, {"type": "transcript.final", "session_id": "9bd79f8f-87ca-43a4-9f61-0c6ff05b627f", "sequence": 85, "segment_id": 8, "revision": 4, "text": "Womit würden Sie Ihre Zeit lieber verbringen", "granularity": "word", "items": [{"text": "Womit", "start_seconds": 65.6, "end_seconds": 65.92, "confidence": null}, {"text": "würden", "start_seconds": 65.92, "end_seconds": 66.16, "confidence": null}, {"text": "Sie", "start_seconds": 66.16, "end_seconds": 66.24, "confidence": null}, {"text": "Ihre", "start_seconds": 66.24, "end_seconds": 66.48, "confidence": null}, {"text": "Zeit", "start_seconds": 66.48, "end_seconds": 66.64, "confidence": null}, {"text": "lieber", "start_seconds": 66.64, "end_seconds": 66.96, "confidence": null}, {"text": "verbringen", "start_seconds": 66.96, "end_seconds": 67.2, "confidence": null}]}, {"type": "transcript.final", "session_id": "9bd79f8f-87ca-43a4-9f61-0c6ff05b627f", "sequence": 97, "segment_id": 9, "revision": 12, "text": "Also ich verbringe meine Zeit momentan überwiegend mit Arbeiten. Das tue ich auch trotzdem, aber", "granularity": "word", "items": [{"text": "Also", "start_seconds": 68.4, "end_seconds": 68.48, "confidence": null}, {"text": "ich", "start_seconds": 68.96, "end_seconds": 69.04, "confidence": null}, {"text": "verbringe", "start_seconds": 69.52, "end_seconds": 69.76, "confidence": null}, {"text": "meine", "start_seconds": 70.16, "end_seconds": 70.24, "confidence": null}, {"text": "Zeit", "start_seconds": 70.56, "end_seconds": 70.8, "confidence": null}, {"text": "momentan", "start_seconds": 70.8, "end_seconds": 71.28, "confidence": null}, {"text": "überwiegend", "start_seconds": 71.28, "end_seconds": 71.76, "confidence": null}, {"text": "mit", "start_seconds": 71.76, "end_seconds": 71.84, "confidence": null}, {"text": "Arbeiten.", "start_seconds": 71.84, "end_seconds": 72.08, "confidence": null}, {"text": "Das", "start_seconds": 72.8, "end_seconds": 73.04, "confidence": null}, {"text": "tue", "start_seconds": 73.04, "end_seconds": 73.2, "confidence": null}, {"text": "ich", "start_seconds": 73.2, "end_seconds": 73.28, "confidence": null}, {"text": "auch", "start_seconds": 73.28, "end_seconds": 73.52, "confidence": null}, {"text": "trotzdem,", "start_seconds": 73.52, "end_seconds": 73.92, "confidence": null}, {"text": "aber", "start_seconds": 74.48, "end_seconds": 74.56, "confidence": null}]}, {"type": "transcript.final", "session_id": "9bd79f8f-87ca-43a4-9f61-0c6ff05b627f", "sequence": 114, "segment_id": 10, "revision": 17, "text": " es bremst mich natürlich so ein bisschen aus. Ich bin nicht so leistungsfähig, ich bin auch nicht so motiviert wie sonst, habe mühemorgens in die Gänge zu kommen", "granularity": "word", "items": [{"text": " es", "start_seconds": 75.84, "end_seconds": 76.16, "confidence": null}, {"text": "bremst", "start_seconds": 76.16, "end_seconds": 76.48, "confidence": null}, {"text": "mich", "start_seconds": 76.48, "end_seconds": 76.64, "confidence": null}, {"text": "natürlich", "start_seconds": 76.64, "end_seconds": 76.88, "confidence": null}, {"text": "so", "start_seconds": 76.88, "end_seconds": 76.96, "confidence": null}, {"text": "ein", "start_seconds": 76.96, "end_seconds": 77.12, "confidence": null}, {"text": "bisschen", "start_seconds": 77.12, "end_seconds": 77.28, "confidence": null}, {"text": "aus.", "start_seconds": 77.28, "end_seconds": 77.6, "confidence": null}, {"text": "Ich", "start_seconds": 77.92, "end_seconds": 78.08, "confidence": null}, {"text": "bin", "start_seconds": 78.08, "end_seconds": 78.24, "confidence": null}, {"text": "nicht", "start_seconds": 78.24, "end_seconds": 78.4, "confidence": null}, {"text": "so", "start_seconds": 78.4, "end_seconds": 78.56, "confidence": null}, {"text": "leistungsfähig,", "start_seconds": 78.56, "end_seconds": 79.12, "confidence": null}, {"text": "ich", "start_seconds": 79.6, "end_seconds": 79.76, "confidence": null}, {"text": "bin", "start_seconds": 79.76, "end_seconds": 79.92, "confidence": null}, {"text": "auch", "start_seconds": 79.92, "end_seconds": 80.08, "confidence": null}, {"text": "nicht", "start_seconds": 80.08, "end_seconds": 80.16, "confidence": null}, {"text": "so", "start_seconds": 81.04, "end_seconds": 81.36, "confidence": null}, {"text": "motiviert", "start_seconds": 81.36, "end_seconds": 81.92, "confidence": null}, {"text": "wie", "start_seconds": 81.92, "end_seconds": 82.16, "confidence": null}, {"text": "sonst,", "start_seconds": 82.16, "end_seconds": 82.32, "confidence": null}, {"text": "habe", "start_seconds": 82.8, "end_seconds": 83.04, "confidence": null}, {"text": "mühemorgens", "start_seconds": 83.04, "end_seconds": 83.68, "confidence": null}, {"text": "in", "start_seconds": 83.68, "end_seconds": 83.84, "confidence": null}, {"text": "die", "start_seconds": 83.84, "end_seconds": 83.92, "confidence": null}, {"text": "Gänge", "start_seconds": 83.92, "end_seconds": 84.32, "confidence": null}, {"text": "zu", "start_seconds": 84.32, "end_seconds": 84.4, "confidence": null}, {"text": "kommen", "start_seconds": 84.4, "end_seconds": 84.48, "confidence": null}]}, {"type": "transcript.final", "session_id": "9bd79f8f-87ca-43a4-9f61-0c6ff05b627f", "sequence": 118, "segment_id": 11, "revision": 4, "text": " Ja, ist halt nicht so toll", "granularity": "word", "items": [{"text": " Ja,", "start_seconds": 87.52, "end_seconds": 87.6, "confidence": null}, {"text": "ist", "start_seconds": 88.0, "end_seconds": 88.24, "confidence": null}, {"text": "halt", "start_seconds": 88.24, "end_seconds": 88.32, "confidence": null}, {"text": "nicht", "start_seconds": 88.32, "end_seconds": 88.48, "confidence": null}, {"text": "so", "start_seconds": 88.48, "end_seconds": 88.64, "confidence": null}, {"text": "toll", "start_seconds": 88.64, "end_seconds": 88.8, "confidence": null}]}, {"type": "transcript.final", "session_id": "9bd79f8f-87ca-43a4-9f61-0c6ff05b627f", "sequence": 127, "segment_id": 12, "revision": 9, "text": " richtig ausgebremst. Ja, was heißt ausgebremst? Ich funktioniere schon, aber", "granularity": "word", "items": [{"text": " richtig", "start_seconds": 92.56, "end_seconds": 92.88, "confidence": null}, {"text": "ausgebremst.", "start_seconds": 92.88, "end_seconds": 93.36, "confidence": null}, {"text": "Ja,", "start_seconds": 94.08, "end_seconds": 94.24, "confidence": null}, {"text": "was", "start_seconds": 94.24, "end_seconds": 94.4, "confidence": null}, {"text": "heißt", "start_seconds": 94.4, "end_seconds": 94.64, "confidence": null}, {"text": "ausgebremst?", "start_seconds": 94.64, "end_seconds": 95.2, "confidence": null}, {"text": "Ich", "start_seconds": 95.36, "end_seconds": 95.44, "confidence": null}, {"text": "funktioniere", "start_seconds": 95.44, "end_seconds": 96.0, "confidence": null}, {"text": "schon,", "start_seconds": 96.0, "end_seconds": 96.32, "confidence": null}, {"text": "aber", "start_seconds": 96.32, "end_seconds": 96.4, "confidence": null}]}, {"type": "transcript.final", "session_id": "9bd79f8f-87ca-43a4-9f61-0c6ff05b627f", "sequence": 145, "segment_id": 13, "revision": 18, "text": " unter Schmerzen sozusagen, also ich nehme ab und zu ein bisschen Iboprofen um das zu lindern, aber ich versuche halt nicht zu übertreiben, weil ich weiß, dass ja auch belastet den Körper.", "granularity": "word", "items": [{"text": " unter", "start_seconds": 97.44, "end_seconds": 97.76, "confidence": null}, {"text": "Schmerzen", "start_seconds": 97.76, "end_seconds": 98.24, "confidence": null}, {"text": "sozusagen,", "start_seconds": 98.24, "end_seconds": 98.48, "confidence": null}, {"text": "also", "start_seconds": 99.12, "end_seconds": 99.2, "confidence": null}, {"text": "ich", "start_seconds": 99.76, "end_seconds": 99.92, "confidence": null}, {"text": "nehme", "start_seconds": 99.92, "end_seconds": 100.4, "confidence": null}, {"text": "ab", "start_seconds": 100.4, "end_seconds": 100.56, "confidence": null}, {"text": "und", "start_seconds": 100.56, "end_seconds": 100.64, "confidence": null}, {"text": "zu", "start_seconds": 100.64, "end_seconds": 100.88, "confidence": null}, {"text": "ein", "start_seconds": 100.88, "end_seconds": 100.96, "confidence": null}, {"text": "bisschen", "start_seconds": 100.96, "end_seconds": 101.04, "confidence": null}, {"text": "Iboprofen", "start_seconds": 101.36, "end_seconds": 102.08, "confidence": null}, {"text": "um", "start_seconds": 102.08, "end_seconds": 102.24, "confidence": null}, {"text": "das", "start_seconds": 102.24, "end_seconds": 102.4, "confidence": null}, {"text": "zu", "start_seconds": 102.4, "end_seconds": 102.56, "confidence": null}, {"text": "lindern,", "start_seconds": 102.56, "end_seconds": 102.96, "confidence": null}, {"text": "aber", "start_seconds": 102.96, "end_seconds": 103.12, "confidence": null}, {"text": "ich", "start_seconds": 103.12, "end_seconds": 103.28, "confidence": null}, {"text": "versuche", "start_seconds": 103.28, "end_seconds": 103.44, "confidence": null}, {"text": "halt", "start_seconds": 103.44, "end_seconds": 103.6, "confidence": null}, {"text": "nicht", "start_seconds": 103.6, "end_seconds": 103.76, "confidence": null}, {"text": "zu", "start_seconds": 103.76, "end_seconds": 103.92, "confidence": null}, {"text": "übertreiben,", "start_seconds": 103.92, "end_seconds": 104.32, "confidence": null}, {"text": "weil", "start_seconds": 104.72, "end_seconds": 104.8, "confidence": null}, {"text": "ich", "start_seconds": 104.8, "end_seconds": 104.96, "confidence": null}, {"text": "weiß,", "start_seconds": 104.96, "end_seconds": 105.2, "confidence": null}, {"text": "dass", "start_seconds": 105.2, "end_seconds": 105.44, "confidence": null}, {"text": "ja", "start_seconds": 105.44, "end_seconds": 105.52, "confidence": null}, {"text": "auch", "start_seconds": 105.52, "end_seconds": 105.6, "confidence": null}, {"text": "belastet", "start_seconds": 106.56, "end_seconds": 107.2, "confidence": null}, {"text": "den", "start_seconds": 107.2, "end_seconds": 107.44, "confidence": null}, {"text": "Körper.", "start_seconds": 107.44, "end_seconds": 107.6, "confidence": null}]}, {"type": "transcript.final", "session_id": "9bd79f8f-87ca-43a4-9f61-0c6ff05b627f", "sequence": 150, "segment_id": 14, "revision": 5, "text": " Haben Sie die Idee, wie es dazu kam", "granularity": "word", "items": [{"text": " Haben", "start_seconds": 108.64, "end_seconds": 108.88, "confidence": null}, {"text": "Sie", "start_seconds": 108.88, "end_seconds": 109.2, "confidence": null}, {"text": "die", "start_seconds": 109.2, "end_seconds": 109.36, "confidence": null}, {"text": "Idee,", "start_seconds": 109.36, "end_seconds": 109.68, "confidence": null}, {"text": "wie", "start_seconds": 109.68, "end_seconds": 109.92, "confidence": null}, {"text": "es", "start_seconds": 109.92, "end_seconds": 110.0, "confidence": null}, {"text": "dazu", "start_seconds": 110.32, "end_seconds": 110.56, "confidence": null}, {"text": "kam", "start_seconds": 110.56, "end_seconds": 110.8, "confidence": null}]}, {"type": "transcript.final", "session_id": "9bd79f8f-87ca-43a4-9f61-0c6ff05b627f", "sequence": 177, "segment_id": 15, "revision": 27, "text": " Ja ich habe in der Besprechung gesessen den ganzen Tag, wo zwei Leuten zu heiß war und deswegen musste den ganzen Tag die Klimaanlage voll laufen und alle anderen haben gefroren mitunter ich und nur mit einem T Shirt an und eigentlich ging es da los.", "granularity": "word", "items": [{"text": " Ja", "start_seconds": 112.56, "end_seconds": 112.64, "confidence": null}, {"text": "ich", "start_seconds": 113.52, "end_seconds": 113.68, "confidence": null}, {"text": "habe", "start_seconds": 113.68, "end_seconds": 113.92, "confidence": null}, {"text": "in", "start_seconds": 113.92, "end_seconds": 114.24, "confidence": null}, {"text": "der", "start_seconds": 114.24, "end_seconds": 114.32, "confidence": null}, {"text": "Besprechung", "start_seconds": 114.32, "end_seconds": 114.8, "confidence": null}, {"text": "gesessen", "start_seconds": 114.8, "end_seconds": 115.04, "confidence": null}, {"text": "den", "start_seconds": 115.44, "end_seconds": 115.6, "confidence": null}, {"text": "ganzen", "start_seconds": 115.6, "end_seconds": 115.76, "confidence": null}, {"text": "Tag,", "start_seconds": 115.76, "end_seconds": 116.16, "confidence": null}, {"text": "wo", "start_seconds": 116.16, "end_seconds": 116.24, "confidence": null}, {"text": "zwei", "start_seconds": 116.88, "end_seconds": 117.2, "confidence": null}, {"text": "Leuten", "start_seconds": 117.2, "end_seconds": 117.6, "confidence": null}, {"text": "zu", "start_seconds": 117.6, "end_seconds": 117.76, "confidence": null}, {"text": "heiß", "start_seconds": 117.76, "end_seconds": 118.08, "confidence": null}, {"text": "war", "start_seconds": 118.08, "end_seconds": 118.16, "confidence": null}, {"text": "und", "start_seconds": 118.72, "end_seconds": 118.8, "confidence": null}, {"text": "deswegen", "start_seconds": 118.8, "end_seconds": 119.2, "confidence": null}, {"text": "musste", "start_seconds": 119.2, "end_seconds": 119.6, "confidence": null}, {"text": "den", "start_seconds": 119.6, "end_seconds": 119.76, "confidence": null}, {"text": "ganzen", "start_seconds": 119.76, "end_seconds": 120.0, "confidence": null}, {"text": "Tag", "start_seconds": 120.0, "end_seconds": 120.4, "confidence": null}, {"text": "die", "start_seconds": 120.4, "end_seconds": 120.56, "confidence": null}, {"text": "Klimaanlage", "start_seconds": 120.56, "end_seconds": 121.2, "confidence": null}, {"text": "voll", "start_seconds": 122.08, "end_seconds": 122.24, "confidence": null}, {"text": "laufen", "start_seconds": 122.24, "end_seconds": 122.32, "confidence": null}, {"text": "und", "start_seconds": 123.28, "end_seconds": 123.52, "confidence": null}, {"text": "alle", "start_seconds": 123.52, "end_seconds": 123.84, "confidence": null}, {"text": "anderen", "start_seconds": 123.84, "end_seconds": 124.08, "confidence": null}, {"text": "haben", "start_seconds": 124.08, "end_seconds": 124.24, "confidence": null}, {"text": "gefroren", "start_seconds": 124.24, "end_seconds": 124.72, "confidence": null}, {"text": "mitunter", "start_seconds": 124.72, "end_seconds": 125.2, "confidence": null}, {"text": "ich", "start_seconds": 125.2, "end_seconds": 125.52, "confidence": null}, {"text": "und", "start_seconds": 125.52, "end_seconds": 125.76, "confidence": null}, {"text": "nur", "start_seconds": 125.76, "end_seconds": 126.08, "confidence": null}, {"text": "mit", "start_seconds": 126.08, "end_seconds": 126.24, "confidence": null}, {"text": "einem", "start_seconds": 126.24, "end_seconds": 126.48, "confidence": null}, {"text": "T", "start_seconds": 126.48, "end_seconds": 126.64, "confidence": null}, {"text": "Shirt", "start_seconds": 126.64, "end_seconds": 126.88, "confidence": null}, {"text": "an", "start_seconds": 126.88, "end_seconds": 127.12, "confidence": null}, {"text": "und", "start_seconds": 127.12, "end_seconds": 127.28, "confidence": null}, {"text": "eigentlich", "start_seconds": 127.28, "end_seconds": 127.36, "confidence": null}, {"text": "ging", "start_seconds": 128.08, "end_seconds": 128.32, "confidence": null}, {"text": "es", "start_seconds": 128.32, "end_seconds": 128.48, "confidence": null}, {"text": "da", "start_seconds": 128.48, "end_seconds": 128.64, "confidence": null}, {"text": "los.", "start_seconds": 128.64, "end_seconds": 128.72, "confidence": null}]}, {"type": "transcript.final", "session_id": "9bd79f8f-87ca-43a4-9f61-0c6ff05b627f", "sequence": 181, "segment_id": 16, "revision": 4, "text": " Ja also klassisch erkältet", "granularity": "word", "items": [{"text": " Ja", "start_seconds": 129.92, "end_seconds": 130.08, "confidence": null}, {"text": "also", "start_seconds": 130.08, "end_seconds": 130.16, "confidence": null}, {"text": "klassisch", "start_seconds": 130.48, "end_seconds": 130.8, "confidence": null}, {"text": "erkältet", "start_seconds": 130.8, "end_seconds": 131.44, "confidence": null}]}, {"type": "transcript.final", "session_id": "9bd79f8f-87ca-43a4-9f61-0c6ff05b627f", "sequence": 217, "segment_id": 17, "revision": 36, "text": "Was ich spüre ist, dass da schon relativ viel Druck ist bei Ihnen. Ja was heißt Druck, ich habe halt, ich bin halt gerade an einem Projekt, das geht nur in sechs Monat, man hatte geht das, wir sind jetzt gut halb durch und erzählt halt jeder Tag, ne da machen wir auch Überstunden und das muss halt laufen, das ist die Zeit des E knapp bemessen und", "granularity": "word", "items": [{"text": "Was", "start_seconds": 132.88, "end_seconds": 132.96, "confidence": null}, {"text": "ich", "start_seconds": 133.28, "end_seconds": 133.36, "confidence": null}, {"text": "spüre", "start_seconds": 133.36, "end_seconds": 133.76, "confidence": null}, {"text": "ist,", "start_seconds": 133.76, "end_seconds": 133.92, "confidence": null}, {"text": "dass", "start_seconds": 133.92, "end_seconds": 134.16, "confidence": null}, {"text": "da", "start_seconds": 134.16, "end_seconds": 134.4, "confidence": null}, {"text": "schon", "start_seconds": 134.4, "end_seconds": 134.56, "confidence": null}, {"text": "relativ", "start_seconds": 134.56, "end_seconds": 134.88, "confidence": null}, {"text": "viel", "start_seconds": 134.88, "end_seconds": 135.12, "confidence": null}, {"text": "Druck", "start_seconds": 135.12, "end_seconds": 135.36, "confidence": null}, {"text": "ist", "start_seconds": 135.36, "end_seconds": 135.44, "confidence": null}, {"text": "bei", "start_seconds": 136.24, "end_seconds": 136.32, "confidence": null}, {"text": "Ihnen.", "start_seconds": 136.64, "end_seconds": 136.72, "confidence": null}, {"text": "Ja", "start_seconds": 137.6, "end_seconds": 137.84, "confidence": null}, {"text": "was", "start_seconds": 137.84, "end_seconds": 138.08, "confidence": null}, {"text": "heißt", "start_seconds": 138.08, "end_seconds": 138.32, "confidence": null}, {"text": "Druck,", "start_seconds": 138.32, "end_seconds": 138.64, "confidence": null}, {"text": "ich", "start_seconds": 138.64, "end_seconds": 138.72, "confidence": null}, {"text": "habe", "start_seconds": 138.72, "end_seconds": 138.8, "confidence": null}, {"text": "halt,", "start_seconds": 138.8, "end_seconds": 139.04, "confidence": null}, {"text": "ich", "start_seconds": 139.04, "end_seconds": 139.2, "confidence": null}, {"text": "bin", "start_seconds": 139.2, "end_seconds": 139.28, "confidence": null}, {"text": "halt", "start_seconds": 139.28, "end_seconds": 139.52, "confidence": null}, {"text": "gerade", "start_seconds": 139.52, "end_seconds": 139.76, "confidence": null}, {"text": "an", "start_seconds": 139.76, "end_seconds": 140.0, "confidence": null}, {"text": "einem", "start_seconds": 140.0, "end_seconds": 140.16, "confidence": null}, {"text": "Projekt,", "start_seconds": 140.16, "end_seconds": 140.56, "confidence": null}, {"text": "das", "start_seconds": 140.56, "end_seconds": 140.64, "confidence": null}, {"text": "geht", "start_seconds": 140.64, "end_seconds": 140.8, "confidence": null}, {"text": "nur", "start_seconds": 140.8, "end_seconds": 140.88, "confidence": null}, {"text": "in", "start_seconds": 141.68, "end_seconds": 141.76, "confidence": null}, {"text": "sechs", "start_seconds": 141.76, "end_seconds": 141.92, "confidence": null}, {"text": "Monat,", "start_seconds": 141.92, "end_seconds": 142.08, "confidence": null}, {"text": "man", "start_seconds": 142.64, "end_seconds": 142.8, "confidence": null}, {"text": "hatte", "start_seconds": 142.8, "end_seconds": 143.04, "confidence": null}, {"text": "geht", "start_seconds": 143.04, "end_seconds": 143.28, "confidence": null}, {"text": "das,", "start_seconds": 143.28, "end_seconds": 143.36, "confidence": null}, {"text": "wir", "start_seconds": 143.68, "end_seconds": 143.84, "confidence": null}, {"text": "sind", "start_seconds": 143.84, "end_seconds": 144.08, "confidence": null}, {"text": "jetzt", "start_seconds": 144.08, "end_seconds": 144.24, "confidence": null}, {"text": "gut", "start_seconds": 144.24, "end_seconds": 144.4, "confidence": null}, {"text": "halb", "start_seconds": 144.4, "end_seconds": 144.64, "confidence": null}, {"text": "durch", "start_seconds": 144.64, "end_seconds": 144.72, "confidence": null}, {"text": "und", "start_seconds": 145.68, "end_seconds": 145.76, "confidence": null}, {"text": "erzählt", "start_seconds": 146.24, "end_seconds": 146.48, "confidence": null}, {"text": "halt", "start_seconds": 146.48, "end_seconds": 146.72, "confidence": null}, {"text": "jeder", "start_seconds": 146.72, "end_seconds": 147.04, "confidence": null}, {"text": "Tag,", "start_seconds": 147.04, "end_seconds": 147.44, "confidence": null}, {"text": "ne", "start_seconds": 147.44, "end_seconds": 147.52, "confidence": null}, {"text": "da", "start_seconds": 147.84, "end_seconds": 147.92, "confidence": null}, {"text": "machen", "start_seconds": 147.92, "end_seconds": 148.08, "confidence": null}, {"text": "wir", "start_seconds": 148.08, "end_seconds": 148.16, "confidence": null}, {"text": "auch", "start_seconds": 148.16, "end_seconds": 148.4, "confidence": null}, {"text": "Überstunden", "start_seconds": 148.4, "end_seconds": 148.72, "confidence": null}, {"text": "und", "start_seconds": 149.12, "end_seconds": 149.2, "confidence": null}, {"text": "das", "start_seconds": 149.6, "end_seconds": 149.76, "confidence": null}, {"text": "muss", "start_seconds": 149.76, "end_seconds": 150.08, "confidence": null}, {"text": "halt", "start_seconds": 150.08, "end_seconds": 150.4, "confidence": null}, {"text": "laufen,", "start_seconds": 150.4, "end_seconds": 150.48, "confidence": null}, {"text": "das", "start_seconds": 150.96, "end_seconds": 151.2, "confidence": null}, {"text": "ist", "start_seconds": 151.2, "end_seconds": 151.28, "confidence": null}, {"text": "die", "start_seconds": 151.68, "end_seconds": 151.84, "confidence": null}, {"text": "Zeit", "start_seconds": 151.84, "end_seconds": 151.92, "confidence": null}, {"text": "des", "start_seconds": 152.32, "end_seconds": 152.48, "confidence": null}, {"text": "E", "start_seconds": 152.48, "end_seconds": 152.64, "confidence": null}, {"text": "knapp", "start_seconds": 152.64, "end_seconds": 152.96, "confidence": null}, {"text": "bemessen", "start_seconds": 152.96, "end_seconds": 153.28, "confidence": null}, {"text": "und", "start_seconds": 154.08, "end_seconds": 154.16, "confidence": null}]}, {"type": "transcript.final", "session_id": "9bd79f8f-87ca-43a4-9f61-0c6ff05b627f", "sequence": 227, "segment_id": 18, "revision": 10, "text": " das muss halt durchgezogen werden einfach eine Projekt, wo arbeiten die in der Forschung", "granularity": "word", "items": [{"text": " das", "start_seconds": 155.12, "end_seconds": 155.28, "confidence": null}, {"text": "muss", "start_seconds": 155.28, "end_seconds": 155.44, "confidence": null}, {"text": "halt", "start_seconds": 155.44, "end_seconds": 155.68, "confidence": null}, {"text": "durchgezogen", "start_seconds": 155.68, "end_seconds": 156.32, "confidence": null}, {"text": "werden", "start_seconds": 156.32, "end_seconds": 156.4, "confidence": null}, {"text": "einfach", "start_seconds": 156.8, "end_seconds": 156.88, "confidence": null}, {"text": "eine", "start_seconds": 157.36, "end_seconds": 157.44, "confidence": null}, {"text": "Projekt,", "start_seconds": 158.08, "end_seconds": 158.32, "confidence": null}, {"text": "wo", "start_seconds": 159.04, "end_seconds": 159.2, "confidence": null}, {"text": "arbeiten", "start_seconds": 159.2, "end_seconds": 159.44, "confidence": null}, {"text": "die", "start_seconds": 159.44, "end_seconds": 159.76, "confidence": null}, {"text": "in", "start_seconds": 159.76, "end_seconds": 159.92, "confidence": null}, {"text": "der", "start_seconds": 159.92, "end_seconds": 160.16, "confidence": null}, {"text": "Forschung", "start_seconds": 160.16, "end_seconds": 160.24, "confidence": null}]}, {"type": "transcript.final", "session_id": "9bd79f8f-87ca-43a4-9f61-0c6ff05b627f", "sequence": 231, "segment_id": 19, "revision": 4, "text": " an der freien Uni Berlin.", "granularity": "word", "items": [{"text": " an", "start_seconds": 161.28, "end_seconds": 161.36, "confidence": null}, {"text": "der", "start_seconds": 161.36, "end_seconds": 161.52, "confidence": null}, {"text": "freien", "start_seconds": 161.52, "end_seconds": 161.92, "confidence": null}, {"text": "Uni", "start_seconds": 161.92, "end_seconds": 162.16, "confidence": null}, {"text": "Berlin.", "start_seconds": 162.16, "end_seconds": 162.32, "confidence": null}]}, {"type": "transcript.final", "session_id": "9bd79f8f-87ca-43a4-9f61-0c6ff05b627f", "sequence": 251, "segment_id": 20, "revision": 20, "text": " Da ist viel Druck. Der Vertrag dauert so lange wie das Projekt und danach kommt dann hoffentlich der nächste. Von daher ja also es geht quasi von halbem Jahr zu halben Jahr immer. Also sie haben", "granularity": "word", "items": [{"text": " Da", "start_seconds": 164.4, "end_seconds": 164.56, "confidence": null}, {"text": "ist", "start_seconds": 164.56, "end_seconds": 164.8, "confidence": null}, {"text": "viel", "start_seconds": 164.8, "end_seconds": 165.04, "confidence": null}, {"text": "Druck.", "start_seconds": 165.04, "end_seconds": 165.12, "confidence": null}, {"text": "Der", "start_seconds": 165.76, "end_seconds": 165.92, "confidence": null}, {"text": "Vertrag", "start_seconds": 165.92, "end_seconds": 166.4, "confidence": null}, {"text": "dauert", "start_seconds": 166.4, "end_seconds": 166.64, "confidence": null}, {"text": "so", "start_seconds": 166.64, "end_seconds": 166.88, "confidence": null}, {"text": "lange", "start_seconds": 166.88, "end_seconds": 167.04, "confidence": null}, {"text": "wie", "start_seconds": 167.04, "end_seconds": 167.2, "confidence": null}, {"text": "das", "start_seconds": 167.2, "end_seconds": 167.28, "confidence": null}, {"text": "Projekt", "start_seconds": 167.28, "end_seconds": 167.36, "confidence": null}, {"text": "und", "start_seconds": 168.16, "end_seconds": 168.24, "confidence": null}, {"text": "danach", "start_seconds": 168.56, "end_seconds": 168.72, "confidence": null}, {"text": "kommt", "start_seconds": 168.72, "end_seconds": 168.96, "confidence": null}, {"text": "dann", "start_seconds": 168.96, "end_seconds": 169.2, "confidence": null}, {"text": "hoffentlich", "start_seconds": 169.2, "end_seconds": 169.36, "confidence": null}, {"text": "der", "start_seconds": 169.76, "end_seconds": 169.92, "confidence": null}, {"text": "nächste.", "start_seconds": 169.92, "end_seconds": 170.0, "confidence": null}, {"text": "Von", "start_seconds": 170.64, "end_seconds": 170.8, "confidence": null}, {"text": "daher", "start_seconds": 170.8, "end_seconds": 171.2, "confidence": null}, {"text": "ja", "start_seconds": 171.2, "end_seconds": 171.28, "confidence": null}, {"text": "also", "start_seconds": 172.32, "end_seconds": 172.48, "confidence": null}, {"text": "es", "start_seconds": 172.48, "end_seconds": 172.64, "confidence": null}, {"text": "geht", "start_seconds": 172.64, "end_seconds": 172.8, "confidence": null}, {"text": "quasi", "start_seconds": 172.8, "end_seconds": 172.88, "confidence": null}, {"text": "von", "start_seconds": 173.6, "end_seconds": 173.68, "confidence": null}, {"text": "halbem", "start_seconds": 174.32, "end_seconds": 174.64, "confidence": null}, {"text": "Jahr", "start_seconds": 174.64, "end_seconds": 174.88, "confidence": null}, {"text": "zu", "start_seconds": 174.88, "end_seconds": 175.04, "confidence": null}, {"text": "halben", "start_seconds": 175.04, "end_seconds": 175.28, "confidence": null}, {"text": "Jahr", "start_seconds": 175.28, "end_seconds": 175.6, "confidence": null}, {"text": "immer.", "start_seconds": 175.6, "end_seconds": 175.68, "confidence": null}, {"text": "Also", "start_seconds": 176.56, "end_seconds": 176.8, "confidence": null}, {"text": "sie", "start_seconds": 176.8, "end_seconds": 176.96, "confidence": null}, {"text": "haben", "start_seconds": 176.96, "end_seconds": 177.04, "confidence": null}]}, {"type": "transcript.final", "session_id": "9bd79f8f-87ca-43a4-9f61-0c6ff05b627f", "sequence": 271, "segment_id": 21, "revision": 20, "text": " die klassischen Symptome einer typischen Präpareninfektion beschrieben mit Nasennebenhöhlen beschwerden, halschmerzen, Kopf, Schmerzen abgeschlagenheit, die sich jetzt lange hinziehen", "granularity": "word", "items": [{"text": " die", "start_seconds": 179.2, "end_seconds": 179.28, "confidence": null}, {"text": "klassischen", "start_seconds": 179.28, "end_seconds": 179.76, "confidence": null}, {"text": "Symptome", "start_seconds": 179.76, "end_seconds": 180.08, "confidence": null}, {"text": "einer", "start_seconds": 180.88, "end_seconds": 180.96, "confidence": null}, {"text": "typischen", "start_seconds": 181.6, "end_seconds": 181.76, "confidence": null}, {"text": "Präpareninfektion", "start_seconds": 182.32, "end_seconds": 182.88, "confidence": null}, {"text": "beschrieben", "start_seconds": 183.28, "end_seconds": 183.76, "confidence": null}, {"text": "mit", "start_seconds": 183.76, "end_seconds": 183.84, "confidence": null}, {"text": "Nasennebenhöhlen", "start_seconds": 184.24, "end_seconds": 185.2, "confidence": null}, {"text": "beschwerden,", "start_seconds": 185.2, "end_seconds": 185.6, "confidence": null}, {"text": "halschmerzen,", "start_seconds": 186.48, "end_seconds": 187.12, "confidence": null}, {"text": "Kopf,", "start_seconds": 187.12, "end_seconds": 187.36, "confidence": null}, {"text": "Schmerzen", "start_seconds": 187.36, "end_seconds": 187.84, "confidence": null}, {"text": "abgeschlagenheit,", "start_seconds": 187.84, "end_seconds": 188.8, "confidence": null}, {"text": "die", "start_seconds": 188.8, "end_seconds": 188.88, "confidence": null}, {"text": "sich", "start_seconds": 188.88, "end_seconds": 189.04, "confidence": null}, {"text": "jetzt", "start_seconds": 189.04, "end_seconds": 189.2, "confidence": null}, {"text": "lange", "start_seconds": 189.2, "end_seconds": 189.44, "confidence": null}, {"text": "hinziehen", "start_seconds": 189.44, "end_seconds": 189.92, "confidence": null}]}, {"type": "transcript.final", "session_id": "9bd79f8f-87ca-43a4-9f61-0c6ff05b627f", "sequence": 275, "segment_id": 22, "revision": 4, "text": " und auch ziemlich typisch begonnen haben", "granularity": "word", "items": [{"text": " und", "start_seconds": 192.08, "end_seconds": 192.24, "confidence": null}, {"text": "auch", "start_seconds": 192.24, "end_seconds": 192.32, "confidence": null}, {"text": "ziemlich", "start_seconds": 193.2, "end_seconds": 193.44, "confidence": null}, {"text": "typisch", "start_seconds": 193.44, "end_seconds": 193.76, "confidence": null}, {"text": "begonnen", "start_seconds": 193.76, "end_seconds": 194.16, "confidence": null}, {"text": "haben", "start_seconds": 194.16, "end_seconds": 194.24, "confidence": null}]}, {"type": "transcript.final", "session_id": "9bd79f8f-87ca-43a4-9f61-0c6ff05b627f", "sequence": 290, "segment_id": 23, "revision": 15, "text": "was ich jetzt nicht gehört habe, ist, dass Sie zwischendrin mal irgendwie eine Pause gemacht haben. Sie sprechen von Ebo Prophäen und anderen Hilfsmitteln, aber Pause", "granularity": "word", "items": [{"text": "was", "start_seconds": 195.52, "end_seconds": 195.68, "confidence": null}, {"text": "ich", "start_seconds": 195.68, "end_seconds": 195.84, "confidence": null}, {"text": "jetzt", "start_seconds": 195.84, "end_seconds": 195.92, "confidence": null}, {"text": "nicht", "start_seconds": 195.92, "end_seconds": 196.08, "confidence": null}, {"text": "gehört", "start_seconds": 196.08, "end_seconds": 196.4, "confidence": null}, {"text": "habe,", "start_seconds": 196.4, "end_seconds": 196.64, "confidence": null}, {"text": "ist,", "start_seconds": 196.64, "end_seconds": 196.72, "confidence": null}, {"text": "dass", "start_seconds": 196.72, "end_seconds": 196.96, "confidence": null}, {"text": "Sie", "start_seconds": 196.96, "end_seconds": 197.12, "confidence": null}, {"text": "zwischendrin", "start_seconds": 197.12, "end_seconds": 197.6, "confidence": null}, {"text": "mal", "start_seconds": 197.6, "end_seconds": 197.92, "confidence": null}, {"text": "irgendwie", "start_seconds": 197.92, "end_seconds": 198.24, "confidence": null}, {"text": "eine", "start_seconds": 198.24, "end_seconds": 198.4, "confidence": null}, {"text": "Pause", "start_seconds": 198.4, "end_seconds": 198.64, "confidence": null}, {"text": "gemacht", "start_seconds": 198.64, "end_seconds": 198.96, "confidence": null}, {"text": "haben.", "start_seconds": 198.96, "end_seconds": 199.2, "confidence": null}, {"text": "Sie", "start_seconds": 199.2, "end_seconds": 199.36, "confidence": null}, {"text": "sprechen", "start_seconds": 199.36, "end_seconds": 199.6, "confidence": null}, {"text": "von", "start_seconds": 199.6, "end_seconds": 199.84, "confidence": null}, {"text": "Ebo", "start_seconds": 199.84, "end_seconds": 200.08, "confidence": null}, {"text": "Prophäen", "start_seconds": 200.08, "end_seconds": 200.32, "confidence": null}, {"text": "und", "start_seconds": 201.04, "end_seconds": 201.28, "confidence": null}, {"text": "anderen", "start_seconds": 201.28, "end_seconds": 201.68, "confidence": null}, {"text": "Hilfsmitteln,", "start_seconds": 201.68, "end_seconds": 202.32, "confidence": null}, {"text": "aber", "start_seconds": 202.72, "end_seconds": 203.04, "confidence": null}, {"text": "Pause", "start_seconds": 203.04, "end_seconds": 203.44, "confidence": null}]}, {"type": "transcript.final", "session_id": "9bd79f8f-87ca-43a4-9f61-0c6ff05b627f", "sequence": 292, "segment_id": 24, "revision": 2, "text": " wann", "granularity": "word", "items": [{"text": " wann", "start_seconds": 204.96, "end_seconds": 205.04, "confidence": null}]}, {"type": "transcript.final", "session_id": "9bd79f8f-87ca-43a4-9f61-0c6ff05b627f", "sequence": 307, "segment_id": 25, "revision": 15, "text": " also ich arbeite jetzt nicht jedes Wochenende durch oder so, aber unsere Arbeitstage dauernd zehn elf Stunden manchmal auch noch mit Unterlagen danach sichten und so", "granularity": "word", "items": [{"text": " also", "start_seconds": 206.08, "end_seconds": 206.16, "confidence": null}, {"text": "ich", "start_seconds": 206.16, "end_seconds": 206.32, "confidence": null}, {"text": "arbeite", "start_seconds": 206.32, "end_seconds": 206.64, "confidence": null}, {"text": "jetzt", "start_seconds": 206.64, "end_seconds": 206.8, "confidence": null}, {"text": "nicht", "start_seconds": 206.8, "end_seconds": 206.96, "confidence": null}, {"text": "jedes", "start_seconds": 206.96, "end_seconds": 207.28, "confidence": null}, {"text": "Wochenende", "start_seconds": 207.28, "end_seconds": 207.68, "confidence": null}, {"text": "durch", "start_seconds": 207.68, "end_seconds": 208.0, "confidence": null}, {"text": "oder", "start_seconds": 208.0, "end_seconds": 208.16, "confidence": null}, {"text": "so,", "start_seconds": 208.16, "end_seconds": 208.48, "confidence": null}, {"text": "aber", "start_seconds": 208.48, "end_seconds": 208.56, "confidence": null}, {"text": "unsere", "start_seconds": 208.96, "end_seconds": 209.2, "confidence": null}, {"text": "Arbeitstage", "start_seconds": 209.2, "end_seconds": 209.84, "confidence": null}, {"text": "dauernd", "start_seconds": 209.84, "end_seconds": 210.24, "confidence": null}, {"text": "zehn", "start_seconds": 210.24, "end_seconds": 210.56, "confidence": null}, {"text": "elf", "start_seconds": 210.56, "end_seconds": 210.72, "confidence": null}, {"text": "Stunden", "start_seconds": 210.72, "end_seconds": 211.2, "confidence": null}, {"text": "manchmal", "start_seconds": 211.2, "end_seconds": 211.44, "confidence": null}, {"text": "auch", "start_seconds": 211.44, "end_seconds": 211.6, "confidence": null}, {"text": "noch", "start_seconds": 211.6, "end_seconds": 211.76, "confidence": null}, {"text": "mit", "start_seconds": 211.76, "end_seconds": 212.0, "confidence": null}, {"text": "Unterlagen", "start_seconds": 212.0, "end_seconds": 212.64, "confidence": null}, {"text": "danach", "start_seconds": 212.64, "end_seconds": 212.88, "confidence": null}, {"text": "sichten", "start_seconds": 212.88, "end_seconds": 213.2, "confidence": null}, {"text": "und", "start_seconds": 213.2, "end_seconds": 213.36, "confidence": null}, {"text": "so", "start_seconds": 213.36, "end_seconds": 213.44, "confidence": null}]}, {"type": "transcript.final", "session_id": "9bd79f8f-87ca-43a4-9f61-0c6ff05b627f", "sequence": 312, "segment_id": 26, "revision": 5, "text": "Also für Pause ist gerade nicht so wirklich Platz", "granularity": "word", "items": [{"text": "Also", "start_seconds": 214.64, "end_seconds": 214.88, "confidence": null}, {"text": "für", "start_seconds": 214.88, "end_seconds": 215.12, "confidence": null}, {"text": "Pause", "start_seconds": 215.12, "end_seconds": 215.52, "confidence": null}, {"text": "ist", "start_seconds": 215.52, "end_seconds": 215.68, "confidence": null}, {"text": "gerade", "start_seconds": 215.68, "end_seconds": 215.92, "confidence": null}, {"text": "nicht", "start_seconds": 215.92, "end_seconds": 216.08, "confidence": null}, {"text": "so", "start_seconds": 216.08, "end_seconds": 216.24, "confidence": null}, {"text": "wirklich", "start_seconds": 216.24, "end_seconds": 216.48, "confidence": null}, {"text": "Platz", "start_seconds": 216.48, "end_seconds": 216.64, "confidence": null}]}, {"type": "transcript.final", "session_id": "9bd79f8f-87ca-43a4-9f61-0c6ff05b627f", "sequence": 335, "segment_id": 27, "revision": 23, "text": "also ich habe die Hoffnung, sie würden mir halt was geben, was irgendwie aufräumten Antibiotikum oder wenigstens was die Symptome lindert. Ibuprofen hilft einigermaßen, aber wie gesagt, ich will das halt auch nicht da entnehmen.", "granularity": "word", "items": [{"text": "also", "start_seconds": 224.64, "end_seconds": 224.8, "confidence": null}, {"text": "ich", "start_seconds": 224.8, "end_seconds": 224.88, "confidence": null}, {"text": "habe", "start_seconds": 224.88, "end_seconds": 225.2, "confidence": null}, {"text": "die", "start_seconds": 225.2, "end_seconds": 225.36, "confidence": null}, {"text": "Hoffnung,", "start_seconds": 225.36, "end_seconds": 225.68, "confidence": null}, {"text": "sie", "start_seconds": 225.68, "end_seconds": 225.76, "confidence": null}, {"text": "würden", "start_seconds": 225.76, "end_seconds": 225.92, "confidence": null}, {"text": "mir", "start_seconds": 225.92, "end_seconds": 226.08, "confidence": null}, {"text": "halt", "start_seconds": 226.08, "end_seconds": 226.32, "confidence": null}, {"text": "was", "start_seconds": 226.32, "end_seconds": 226.48, "confidence": null}, {"text": "geben,", "start_seconds": 226.48, "end_seconds": 226.72, "confidence": null}, {"text": "was", "start_seconds": 226.72, "end_seconds": 227.04, "confidence": null}, {"text": "irgendwie", "start_seconds": 227.04, "end_seconds": 227.52, "confidence": null}, {"text": "aufräumten", "start_seconds": 227.52, "end_seconds": 228.16, "confidence": null}, {"text": "Antibiotikum", "start_seconds": 228.56, "end_seconds": 229.68, "confidence": null}, {"text": "oder", "start_seconds": 229.68, "end_seconds": 229.76, "confidence": null}, {"text": "wenigstens", "start_seconds": 230.16, "end_seconds": 230.64, "confidence": null}, {"text": "was", "start_seconds": 230.64, "end_seconds": 230.72, "confidence": null}, {"text": "die", "start_seconds": 231.12, "end_seconds": 231.28, "confidence": null}, {"text": "Symptome", "start_seconds": 231.28, "end_seconds": 231.68, "confidence": null}, {"text": "lindert.", "start_seconds": 231.68, "end_seconds": 232.4, "confidence": null}, {"text": "Ibuprofen", "start_seconds": 232.64, "end_seconds": 233.36, "confidence": null}, {"text": "hilft", "start_seconds": 233.36, "end_seconds": 233.6, "confidence": null}, {"text": "einigermaßen,", "start_seconds": 233.6, "end_seconds": 234.48, "confidence": null}, {"text": "aber", "start_seconds": 234.48, "end_seconds": 234.8, "confidence": null}, {"text": "wie", "start_seconds": 234.8, "end_seconds": 234.96, "confidence": null}, {"text": "gesagt,", "start_seconds": 234.96, "end_seconds": 235.36, "confidence": null}, {"text": "ich", "start_seconds": 235.36, "end_seconds": 235.52, "confidence": null}, {"text": "will", "start_seconds": 235.52, "end_seconds": 235.68, "confidence": null}, {"text": "das", "start_seconds": 235.68, "end_seconds": 235.84, "confidence": null}, {"text": "halt", "start_seconds": 235.84, "end_seconds": 236.0, "confidence": null}, {"text": "auch", "start_seconds": 236.0, "end_seconds": 236.16, "confidence": null}, {"text": "nicht", "start_seconds": 236.16, "end_seconds": 236.32, "confidence": null}, {"text": "da", "start_seconds": 236.32, "end_seconds": 236.56, "confidence": null}, {"text": "entnehmen.", "start_seconds": 236.56, "end_seconds": 236.8, "confidence": null}]}, {"type": "transcript.final", "session_id": "9bd79f8f-87ca-43a4-9f61-0c6ff05b627f", "sequence": 337, "segment_id": 28, "revision": 2, "text": " Ja", "granularity": "word", "items": [{"text": " Ja", "start_seconds": 238.08, "end_seconds": 238.16, "confidence": null}]}, {"type": "transcript.final", "session_id": "9bd79f8f-87ca-43a4-9f61-0c6ff05b627f", "sequence": 342, "segment_id": 29, "revision": 5, "text": "also ich möchte Sie natürlich gleich auf jeden Fall noch untersuchen", "granularity": "word", "items": [{"text": "also", "start_seconds": 239.2, "end_seconds": 239.28, "confidence": null}, {"text": "ich", "start_seconds": 239.28, "end_seconds": 239.44, "confidence": null}, {"text": "möchte", "start_seconds": 239.44, "end_seconds": 239.68, "confidence": null}, {"text": "Sie", "start_seconds": 239.68, "end_seconds": 239.92, "confidence": null}, {"text": "natürlich", "start_seconds": 239.92, "end_seconds": 240.08, "confidence": null}, {"text": "gleich", "start_seconds": 240.08, "end_seconds": 240.32, "confidence": null}, {"text": "auf", "start_seconds": 240.32, "end_seconds": 240.48, "confidence": null}, {"text": "jeden", "start_seconds": 240.48, "end_seconds": 240.56, "confidence": null}, {"text": "Fall", "start_seconds": 240.56, "end_seconds": 240.8, "confidence": null}, {"text": "noch", "start_seconds": 240.8, "end_seconds": 240.96, "confidence": null}, {"text": "untersuchen", "start_seconds": 240.96, "end_seconds": 241.28, "confidence": null}]}, {"type": "transcript.final", "session_id": "9bd79f8f-87ca-43a4-9f61-0c6ff05b627f", "sequence": 355, "segment_id": 30, "revision": 13, "text": "Aber wenn ich das finde, was ich erwarte, dann haben Sie ein jetzt sehr lange sich hinziehenden viralen Infekt", "granularity": "word", "items": [{"text": "Aber", "start_seconds": 243.68, "end_seconds": 243.92, "confidence": null}, {"text": "wenn", "start_seconds": 243.92, "end_seconds": 244.08, "confidence": null}, {"text": "ich", "start_seconds": 244.08, "end_seconds": 244.24, "confidence": null}, {"text": "das", "start_seconds": 244.24, "end_seconds": 244.4, "confidence": null}, {"text": "finde,", "start_seconds": 244.4, "end_seconds": 244.48, "confidence": null}, {"text": "was", "start_seconds": 245.68, "end_seconds": 245.92, "confidence": null}, {"text": "ich", "start_seconds": 245.92, "end_seconds": 246.08, "confidence": null}, {"text": "erwarte,", "start_seconds": 246.08, "end_seconds": 246.32, "confidence": null}, {"text": "dann", "start_seconds": 247.28, "end_seconds": 247.36, "confidence": null}, {"text": "haben", "start_seconds": 247.76, "end_seconds": 248.0, "confidence": null}, {"text": "Sie", "start_seconds": 248.0, "end_seconds": 248.08, "confidence": null}, {"text": "ein", "start_seconds": 248.64, "end_seconds": 248.72, "confidence": null}, {"text": "jetzt", "start_seconds": 249.28, "end_seconds": 249.52, "confidence": null}, {"text": "sehr", "start_seconds": 249.52, "end_seconds": 249.68, "confidence": null}, {"text": "lange", "start_seconds": 249.68, "end_seconds": 250.08, "confidence": null}, {"text": "sich", "start_seconds": 250.08, "end_seconds": 250.32, "confidence": null}, {"text": "hinziehenden", "start_seconds": 250.32, "end_seconds": 250.96, "confidence": null}, {"text": "viralen", "start_seconds": 250.96, "end_seconds": 251.36, "confidence": null}, {"text": "Infekt", "start_seconds": 251.36, "end_seconds": 251.68, "confidence": null}]}, {"type": "transcript.final", "session_id": "9bd79f8f-87ca-43a4-9f61-0c6ff05b627f", "sequence": 357, "segment_id": 31, "revision": 2, "text": "wo", "granularity": "word", "items": [{"text": "wo", "start_seconds": 253.2, "end_seconds": 253.28, "confidence": null}]}, {"type": "transcript.final", "session_id": "9bd79f8f-87ca-43a4-9f61-0c6ff05b627f", "sequence": 364, "segment_id": 32, "revision": 7, "text": " außer Ruhe und Schonung eigentlich kein Kraut gegen Gewachsen ist", "granularity": "word", "items": [{"text": " außer", "start_seconds": 255.36, "end_seconds": 255.68, "confidence": null}, {"text": "Ruhe", "start_seconds": 255.68, "end_seconds": 256.16, "confidence": null}, {"text": "und", "start_seconds": 256.16, "end_seconds": 256.24, "confidence": null}, {"text": "Schonung", "start_seconds": 256.56, "end_seconds": 257.12, "confidence": null}, {"text": "eigentlich", "start_seconds": 257.12, "end_seconds": 257.28, "confidence": null}, {"text": "kein", "start_seconds": 257.28, "end_seconds": 257.6, "confidence": null}, {"text": "Kraut", "start_seconds": 257.6, "end_seconds": 257.84, "confidence": null}, {"text": "gegen", "start_seconds": 257.84, "end_seconds": 258.08, "confidence": null}, {"text": "Gewachsen", "start_seconds": 258.08, "end_seconds": 258.48, "confidence": null}, {"text": "ist", "start_seconds": 258.48, "end_seconds": 258.56, "confidence": null}]}, {"type": "transcript.final", "session_id": "9bd79f8f-87ca-43a4-9f61-0c6ff05b627f", "sequence": 374, "segment_id": 33, "revision": 10, "text": "Die Antibiotika schaden mehr als dass sie nützen, weil die natürlich nur gegen bakterielle Infekte helfen", "granularity": "word", "items": [{"text": "Die", "start_seconds": 259.92, "end_seconds": 260.16, "confidence": null}, {"text": "Antibiotika", "start_seconds": 260.16, "end_seconds": 260.88, "confidence": null}, {"text": "schaden", "start_seconds": 261.52, "end_seconds": 261.68, "confidence": null}, {"text": "mehr", "start_seconds": 261.68, "end_seconds": 261.76, "confidence": null}, {"text": "als", "start_seconds": 262.08, "end_seconds": 262.24, "confidence": null}, {"text": "dass", "start_seconds": 262.24, "end_seconds": 262.32, "confidence": null}, {"text": "sie", "start_seconds": 262.32, "end_seconds": 262.56, "confidence": null}, {"text": "nützen,", "start_seconds": 262.56, "end_seconds": 262.88, "confidence": null}, {"text": "weil", "start_seconds": 262.88, "end_seconds": 263.12, "confidence": null}, {"text": "die", "start_seconds": 263.12, "end_seconds": 263.28, "confidence": null}, {"text": "natürlich", "start_seconds": 263.28, "end_seconds": 263.44, "confidence": null}, {"text": "nur", "start_seconds": 263.44, "end_seconds": 263.68, "confidence": null}, {"text": "gegen", "start_seconds": 263.68, "end_seconds": 263.92, "confidence": null}, {"text": "bakterielle", "start_seconds": 263.92, "end_seconds": 264.4, "confidence": null}, {"text": "Infekte", "start_seconds": 264.4, "end_seconds": 264.8, "confidence": null}, {"text": "helfen", "start_seconds": 264.8, "end_seconds": 264.96, "confidence": null}]}, {"type": "transcript.final", "session_id": "9bd79f8f-87ca-43a4-9f61-0c6ff05b627f", "sequence": 380, "segment_id": 34, "revision": 6, "text": "Und das eigentliche, worum es geht, nämlich", "granularity": "word", "items": [{"text": "Und", "start_seconds": 266.08, "end_seconds": 266.16, "confidence": null}, {"text": "das", "start_seconds": 266.56, "end_seconds": 266.72, "confidence": null}, {"text": "eigentliche,", "start_seconds": 266.72, "end_seconds": 267.2, "confidence": null}, {"text": "worum", "start_seconds": 267.2, "end_seconds": 267.44, "confidence": null}, {"text": "es", "start_seconds": 267.44, "end_seconds": 267.52, "confidence": null}, {"text": "geht,", "start_seconds": 267.52, "end_seconds": 267.6, "confidence": null}, {"text": "nämlich", "start_seconds": 268.16, "end_seconds": 268.4, "confidence": null}]}, {"type": "transcript.final", "session_id": "9bd79f8f-87ca-43a4-9f61-0c6ff05b627f", "sequence": 384, "segment_id": 35, "revision": 4, "text": " dem Körper Ruhe zu verschaffen", "granularity": "word", "items": [{"text": " dem", "start_seconds": 269.92, "end_seconds": 270.08, "confidence": null}, {"text": "Körper", "start_seconds": 270.08, "end_seconds": 270.56, "confidence": null}, {"text": "Ruhe", "start_seconds": 270.56, "end_seconds": 270.88, "confidence": null}, {"text": "zu", "start_seconds": 270.88, "end_seconds": 271.04, "confidence": null}, {"text": "verschaffen", "start_seconds": 271.04, "end_seconds": 271.28, "confidence": null}]}, {"type": "transcript.final", "session_id": "9bd79f8f-87ca-43a4-9f61-0c6ff05b627f", "sequence": 396, "segment_id": 36, "revision": 12, "text": "wird natürlich durch die Tablette sowieso nicht gelöst. Ja, aber das Meter Ruhe klappt halt im Moment nicht", "granularity": "word", "items": [{"text": "wird", "start_seconds": 275.12, "end_seconds": 275.36, "confidence": null}, {"text": "natürlich", "start_seconds": 275.36, "end_seconds": 275.52, "confidence": null}, {"text": "durch", "start_seconds": 275.52, "end_seconds": 275.68, "confidence": null}, {"text": "die", "start_seconds": 275.68, "end_seconds": 275.84, "confidence": null}, {"text": "Tablette", "start_seconds": 275.84, "end_seconds": 276.16, "confidence": null}, {"text": "sowieso", "start_seconds": 276.8, "end_seconds": 277.36, "confidence": null}, {"text": "nicht", "start_seconds": 277.36, "end_seconds": 277.44, "confidence": null}, {"text": "gelöst.", "start_seconds": 278.0, "end_seconds": 278.32, "confidence": null}, {"text": "Ja,", "start_seconds": 279.04, "end_seconds": 279.28, "confidence": null}, {"text": "aber", "start_seconds": 279.28, "end_seconds": 279.52, "confidence": null}, {"text": "das", "start_seconds": 279.52, "end_seconds": 279.84, "confidence": null}, {"text": "Meter", "start_seconds": 279.84, "end_seconds": 280.16, "confidence": null}, {"text": "Ruhe", "start_seconds": 280.16, "end_seconds": 280.32, "confidence": null}, {"text": "klappt", "start_seconds": 280.32, "end_seconds": 280.56, "confidence": null}, {"text": "halt", "start_seconds": 280.56, "end_seconds": 280.72, "confidence": null}, {"text": "im", "start_seconds": 280.72, "end_seconds": 280.88, "confidence": null}, {"text": "Moment", "start_seconds": 280.88, "end_seconds": 281.04, "confidence": null}, {"text": "nicht", "start_seconds": 281.04, "end_seconds": 281.12, "confidence": null}]}, {"type": "transcript.final", "session_id": "9bd79f8f-87ca-43a4-9f61-0c6ff05b627f", "sequence": 398, "segment_id": 37, "revision": 2, "text": "was würde passieren", "granularity": "word", "items": [{"text": "was", "start_seconds": 286.8, "end_seconds": 286.96, "confidence": null}, {"text": "würde", "start_seconds": 286.96, "end_seconds": 287.2, "confidence": null}, {"text": "passieren", "start_seconds": 287.2, "end_seconds": 287.28, "confidence": null}]}, {"type": "transcript.final", "session_id": "9bd79f8f-87ca-43a4-9f61-0c6ff05b627f", "sequence": 408, "segment_id": 38, "revision": 10, "text": " Naja, erstmal ist das Zeit, die dann einfach fehlt, wie gesagt hier ist eh sehr knapp gemessen. Zweitens", "granularity": "word", "items": [{"text": " Naja,", "start_seconds": 289.04, "end_seconds": 289.52, "confidence": null}, {"text": "erstmal", "start_seconds": 289.52, "end_seconds": 289.92, "confidence": null}, {"text": "ist", "start_seconds": 289.92, "end_seconds": 290.08, "confidence": null}, {"text": "das", "start_seconds": 290.08, "end_seconds": 290.24, "confidence": null}, {"text": "Zeit,", "start_seconds": 290.24, "end_seconds": 290.48, "confidence": null}, {"text": "die", "start_seconds": 290.48, "end_seconds": 290.64, "confidence": null}, {"text": "dann", "start_seconds": 290.64, "end_seconds": 290.8, "confidence": null}, {"text": "einfach", "start_seconds": 290.8, "end_seconds": 290.88, "confidence": null}, {"text": "fehlt,", "start_seconds": 291.2, "end_seconds": 291.68, "confidence": null}, {"text": "wie", "start_seconds": 291.68, "end_seconds": 291.84, "confidence": null}, {"text": "gesagt", "start_seconds": 291.84, "end_seconds": 291.92, "confidence": null}, {"text": "hier", "start_seconds": 292.32, "end_seconds": 292.4, "confidence": null}, {"text": "ist", "start_seconds": 292.4, "end_seconds": 292.56, "confidence": null}, {"text": "eh", "start_seconds": 292.56, "end_seconds": 292.72, "confidence": null}, {"text": "sehr", "start_seconds": 292.72, "end_seconds": 292.8, "confidence": null}, {"text": "knapp", "start_seconds": 292.8, "end_seconds": 293.12, "confidence": null}, {"text": "gemessen.", "start_seconds": 293.12, "end_seconds": 293.36, "confidence": null}, {"text": "Zweitens", "start_seconds": 294.08, "end_seconds": 294.32, "confidence": null}]}, {"type": "transcript.final", "session_id": "9bd79f8f-87ca-43a4-9f61-0c6ff05b627f", "sequence": 425, "segment_id": 39, "revision": 17, "text": "ich will meinen nächsten Vertrag kriegen und ehrlich gesagt, ich habe auch schon lange nicht mehr gehört, dass man sich wegen Erkältung krank schreiben lässt, dass er scheint mir doch ein bisschen übertrieben einfach", "granularity": "word", "items": [{"text": "ich", "start_seconds": 295.84, "end_seconds": 296.0, "confidence": null}, {"text": "will", "start_seconds": 296.0, "end_seconds": 296.32, "confidence": null}, {"text": "meinen", "start_seconds": 296.32, "end_seconds": 296.56, "confidence": null}, {"text": "nächsten", "start_seconds": 296.56, "end_seconds": 296.8, "confidence": null}, {"text": "Vertrag", "start_seconds": 296.8, "end_seconds": 297.12, "confidence": null}, {"text": "kriegen", "start_seconds": 297.12, "end_seconds": 297.28, "confidence": null}, {"text": "und", "start_seconds": 297.92, "end_seconds": 298.16, "confidence": null}, {"text": "ehrlich", "start_seconds": 298.16, "end_seconds": 298.56, "confidence": null}, {"text": "gesagt,", "start_seconds": 298.56, "end_seconds": 298.88, "confidence": null}, {"text": "ich", "start_seconds": 298.88, "end_seconds": 299.2, "confidence": null}, {"text": "habe", "start_seconds": 299.2, "end_seconds": 299.28, "confidence": null}, {"text": "auch", "start_seconds": 299.6, "end_seconds": 299.76, "confidence": null}, {"text": "schon", "start_seconds": 299.76, "end_seconds": 299.92, "confidence": null}, {"text": "lange", "start_seconds": 299.92, "end_seconds": 300.16, "confidence": null}, {"text": "nicht", "start_seconds": 300.16, "end_seconds": 300.32, "confidence": null}, {"text": "mehr", "start_seconds": 300.32, "end_seconds": 300.48, "confidence": null}, {"text": "gehört,", "start_seconds": 300.48, "end_seconds": 300.8, "confidence": null}, {"text": "dass", "start_seconds": 300.8, "end_seconds": 301.04, "confidence": null}, {"text": "man", "start_seconds": 301.04, "end_seconds": 301.2, "confidence": null}, {"text": "sich", "start_seconds": 301.2, "end_seconds": 301.44, "confidence": null}, {"text": "wegen", "start_seconds": 301.44, "end_seconds": 301.84, "confidence": null}, {"text": "Erkältung", "start_seconds": 301.84, "end_seconds": 302.4, "confidence": null}, {"text": "krank", "start_seconds": 302.4, "end_seconds": 302.56, "confidence": null}, {"text": "schreiben", "start_seconds": 302.56, "end_seconds": 302.8, "confidence": null}, {"text": "lässt,", "start_seconds": 302.8, "end_seconds": 303.2, "confidence": null}, {"text": "dass", "start_seconds": 303.2, "end_seconds": 303.36, "confidence": null}, {"text": "er", "start_seconds": 303.36, "end_seconds": 303.44, "confidence": null}, {"text": "scheint", "start_seconds": 303.44, "end_seconds": 303.6, "confidence": null}, {"text": "mir", "start_seconds": 303.6, "end_seconds": 303.68, "confidence": null}, {"text": "doch", "start_seconds": 303.68, "end_seconds": 303.84, "confidence": null}, {"text": "ein", "start_seconds": 303.84, "end_seconds": 303.92, "confidence": null}, {"text": "bisschen", "start_seconds": 303.92, "end_seconds": 304.16, "confidence": null}, {"text": "übertrieben", "start_seconds": 304.16, "end_seconds": 304.72, "confidence": null}, {"text": "einfach", "start_seconds": 304.72, "end_seconds": 304.8, "confidence": null}]}, {"type": "transcript.final", "session_id": "9bd79f8f-87ca-43a4-9f61-0c6ff05b627f", "sequence": 428, "segment_id": 40, "revision": 3, "text": " Ja also", "granularity": "word", "items": [{"text": " Ja", "start_seconds": 306.64, "end_seconds": 306.96, "confidence": null}, {"text": "also", "start_seconds": 306.96, "end_seconds": 307.04, "confidence": null}]}, {"type": "transcript.final", "session_id": "9bd79f8f-87ca-43a4-9f61-0c6ff05b627f", "sequence": 437, "segment_id": 41, "revision": 9, "text": " ich habe ja nicht irgendwie die Masern oder so und ich habe eine Erkältung", "granularity": "word", "items": [{"text": " ich", "start_seconds": 308.32, "end_seconds": 308.56, "confidence": null}, {"text": "habe", "start_seconds": 308.56, "end_seconds": 308.8, "confidence": null}, {"text": "ja", "start_seconds": 308.8, "end_seconds": 308.88, "confidence": null}, {"text": "nicht", "start_seconds": 308.88, "end_seconds": 309.2, "confidence": null}, {"text": "irgendwie", "start_seconds": 309.2, "end_seconds": 309.36, "confidence": null}, {"text": "die", "start_seconds": 310.0, "end_seconds": 310.24, "confidence": null}, {"text": "Masern", "start_seconds": 310.24, "end_seconds": 310.72, "confidence": null}, {"text": "oder", "start_seconds": 310.72, "end_seconds": 310.88, "confidence": null}, {"text": "so", "start_seconds": 310.88, "end_seconds": 311.04, "confidence": null}, {"text": "und", "start_seconds": 311.04, "end_seconds": 311.2, "confidence": null}, {"text": "ich", "start_seconds": 311.2, "end_seconds": 311.28, "confidence": null}, {"text": "habe", "start_seconds": 311.28, "end_seconds": 311.36, "confidence": null}, {"text": "eine", "start_seconds": 311.36, "end_seconds": 311.52, "confidence": null}, {"text": "Erkältung", "start_seconds": 311.52, "end_seconds": 311.92, "confidence": null}]}, {"type": "transcript.final", "session_id": "9bd79f8f-87ca-43a4-9f61-0c6ff05b627f", "sequence": 441, "segment_id": 42, "revision": 4, "text": " die anderen in ihrem Job", "granularity": "word", "items": [{"text": " die", "start_seconds": 313.28, "end_seconds": 313.36, "confidence": null}, {"text": "anderen", "start_seconds": 313.36, "end_seconds": 313.44, "confidence": null}, {"text": "in", "start_seconds": 313.84, "end_seconds": 314.08, "confidence": null}, {"text": "ihrem", "start_seconds": 314.08, "end_seconds": 314.24, "confidence": null}, {"text": "Job", "start_seconds": 314.64, "end_seconds": 314.72, "confidence": null}]}, {"type": "transcript.final", "session_id": "9bd79f8f-87ca-43a4-9f61-0c6ff05b627f", "sequence": 444, "segment_id": 43, "revision": 3, "text": "den scheint gerade nix zu fehlen", "granularity": "word", "items": [{"text": "den", "start_seconds": 316.48, "end_seconds": 316.72, "confidence": null}, {"text": "scheint", "start_seconds": 316.72, "end_seconds": 316.96, "confidence": null}, {"text": "gerade", "start_seconds": 316.96, "end_seconds": 317.12, "confidence": null}, {"text": "nix", "start_seconds": 317.12, "end_seconds": 317.28, "confidence": null}, {"text": "zu", "start_seconds": 317.28, "end_seconds": 317.44, "confidence": null}, {"text": "fehlen", "start_seconds": 317.44, "end_seconds": 317.52, "confidence": null}]}, {"type": "transcript.final", "session_id": "9bd79f8f-87ca-43a4-9f61-0c6ff05b627f", "sequence": 451, "segment_id": 44, "revision": 7, "text": "Wie sieht es denn sonst in ihrem Leben aus? Also ich habe jetzt viel über die Arbeit gehört", "granularity": "word", "items": [{"text": "Wie", "start_seconds": 320.4, "end_seconds": 320.48, "confidence": null}, {"text": "sieht", "start_seconds": 320.48, "end_seconds": 320.64, "confidence": null}, {"text": "es", "start_seconds": 320.64, "end_seconds": 320.8, "confidence": null}, {"text": "denn", "start_seconds": 320.8, "end_seconds": 321.04, "confidence": null}, {"text": "sonst", "start_seconds": 321.04, "end_seconds": 321.2, "confidence": null}, {"text": "in", "start_seconds": 321.2, "end_seconds": 321.36, "confidence": null}, {"text": "ihrem", "start_seconds": 321.36, "end_seconds": 321.52, "confidence": null}, {"text": "Leben", "start_seconds": 321.52, "end_seconds": 321.68, "confidence": null}, {"text": "aus?", "start_seconds": 321.68, "end_seconds": 322.0, "confidence": null}, {"text": "Also", "start_seconds": 322.08, "end_seconds": 322.24, "confidence": null}, {"text": "ich", "start_seconds": 322.24, "end_seconds": 322.32, "confidence": null}, {"text": "habe", "start_seconds": 322.32, "end_seconds": 322.4, "confidence": null}, {"text": "jetzt", "start_seconds": 322.4, "end_seconds": 322.56, "confidence": null}, {"text": "viel", "start_seconds": 322.56, "end_seconds": 322.8, "confidence": null}, {"text": "über", "start_seconds": 322.8, "end_seconds": 322.96, "confidence": null}, {"text": "die", "start_seconds": 322.96, "end_seconds": 323.12, "confidence": null}, {"text": "Arbeit", "start_seconds": 323.12, "end_seconds": 323.36, "confidence": null}, {"text": "gehört", "start_seconds": 323.36, "end_seconds": 323.52, "confidence": null}]}, {"type": "transcript.final", "session_id": "9bd79f8f-87ca-43a4-9f61-0c6ff05b627f", "sequence": 455, "segment_id": 45, "revision": 4, "text": " über diesen Infekte einiges erfahren", "granularity": "word", "items": [{"text": " über", "start_seconds": 324.88, "end_seconds": 325.04, "confidence": null}, {"text": "diesen", "start_seconds": 325.04, "end_seconds": 325.36, "confidence": null}, {"text": "Infekte", "start_seconds": 325.36, "end_seconds": 325.76, "confidence": null}, {"text": "einiges", "start_seconds": 325.76, "end_seconds": 326.08, "confidence": null}, {"text": "erfahren", "start_seconds": 326.08, "end_seconds": 326.32, "confidence": null}]}, {"type": "transcript.final", "session_id": "9bd79f8f-87ca-43a4-9f61-0c6ff05b627f", "sequence": 470, "segment_id": 46, "revision": 15, "text": "Das tun Sie sonst so, wie leben Sie sonst so? Meine Freundin wohnt hier, das heißt Wochenendes ab und zu dann hierher fahren es natürlich auch", "granularity": "word", "items": [{"text": "Das", "start_seconds": 328.8, "end_seconds": 328.88, "confidence": null}, {"text": "tun", "start_seconds": 329.2, "end_seconds": 329.44, "confidence": null}, {"text": "Sie", "start_seconds": 329.44, "end_seconds": 329.6, "confidence": null}, {"text": "sonst", "start_seconds": 329.6, "end_seconds": 329.84, "confidence": null}, {"text": "so,", "start_seconds": 329.84, "end_seconds": 330.08, "confidence": null}, {"text": "wie", "start_seconds": 330.08, "end_seconds": 330.24, "confidence": null}, {"text": "leben", "start_seconds": 330.24, "end_seconds": 330.48, "confidence": null}, {"text": "Sie", "start_seconds": 330.48, "end_seconds": 330.72, "confidence": null}, {"text": "sonst", "start_seconds": 330.72, "end_seconds": 331.04, "confidence": null}, {"text": "so?", "start_seconds": 331.04, "end_seconds": 331.36, "confidence": null}, {"text": "Meine", "start_seconds": 331.6, "end_seconds": 331.84, "confidence": null}, {"text": "Freundin", "start_seconds": 331.84, "end_seconds": 332.24, "confidence": null}, {"text": "wohnt", "start_seconds": 332.24, "end_seconds": 332.64, "confidence": null}, {"text": "hier,", "start_seconds": 332.64, "end_seconds": 332.72, "confidence": null}, {"text": "das", "start_seconds": 333.28, "end_seconds": 333.44, "confidence": null}, {"text": "heißt", "start_seconds": 333.44, "end_seconds": 333.52, "confidence": null}, {"text": "Wochenendes", "start_seconds": 334.32, "end_seconds": 334.96, "confidence": null}, {"text": "ab", "start_seconds": 334.96, "end_seconds": 335.12, "confidence": null}, {"text": "und", "start_seconds": 335.12, "end_seconds": 335.28, "confidence": null}, {"text": "zu", "start_seconds": 335.28, "end_seconds": 335.52, "confidence": null}, {"text": "dann", "start_seconds": 335.52, "end_seconds": 335.76, "confidence": null}, {"text": "hierher", "start_seconds": 335.76, "end_seconds": 336.08, "confidence": null}, {"text": "fahren", "start_seconds": 336.08, "end_seconds": 336.4, "confidence": null}, {"text": "es", "start_seconds": 336.4, "end_seconds": 336.56, "confidence": null}, {"text": "natürlich", "start_seconds": 336.56, "end_seconds": 336.8, "confidence": null}, {"text": "auch", "start_seconds": 336.8, "end_seconds": 336.88, "confidence": null}]}, {"type": "transcript.final", "session_id": "9bd79f8f-87ca-43a4-9f61-0c6ff05b627f", "sequence": 477, "segment_id": 47, "revision": 7, "text": " ein bisschen eng für zwei Tage dann. Ich glaube es auch jetzt nicht dauernd, aber", "granularity": "word", "items": [{"text": " ein", "start_seconds": 338.4, "end_seconds": 338.48, "confidence": null}, {"text": "bisschen", "start_seconds": 338.48, "end_seconds": 338.56, "confidence": null}, {"text": "eng", "start_seconds": 339.36, "end_seconds": 339.52, "confidence": null}, {"text": "für", "start_seconds": 339.52, "end_seconds": 339.68, "confidence": null}, {"text": "zwei", "start_seconds": 339.68, "end_seconds": 339.84, "confidence": null}, {"text": "Tage", "start_seconds": 339.84, "end_seconds": 340.16, "confidence": null}, {"text": "dann.", "start_seconds": 340.16, "end_seconds": 340.48, "confidence": null}, {"text": "Ich", "start_seconds": 340.56, "end_seconds": 340.64, "confidence": null}, {"text": "glaube", "start_seconds": 340.64, "end_seconds": 340.8, "confidence": null}, {"text": "es", "start_seconds": 340.8, "end_seconds": 340.88, "confidence": null}, {"text": "auch", "start_seconds": 340.88, "end_seconds": 340.96, "confidence": null}, {"text": "jetzt", "start_seconds": 340.96, "end_seconds": 341.12, "confidence": null}, {"text": "nicht", "start_seconds": 341.12, "end_seconds": 341.28, "confidence": null}, {"text": "dauernd,", "start_seconds": 341.28, "end_seconds": 341.84, "confidence": null}, {"text": "aber", "start_seconds": 341.84, "end_seconds": 341.92, "confidence": null}]}, {"type": "transcript.final", "session_id": "9bd79f8f-87ca-43a4-9f61-0c6ff05b627f", "sequence": 490, "segment_id": 48, "revision": 13, "text": " zu viel anderen komme ich gerade nicht, also Hobby Solar Sport so ist jetzt gerade nicht die Gelegenheit und auch nicht die Energie für vorhanden", "granularity": "word", "items": [{"text": " zu", "start_seconds": 344.48, "end_seconds": 344.64, "confidence": null}, {"text": "viel", "start_seconds": 344.64, "end_seconds": 344.8, "confidence": null}, {"text": "anderen", "start_seconds": 344.8, "end_seconds": 345.04, "confidence": null}, {"text": "komme", "start_seconds": 345.04, "end_seconds": 345.2, "confidence": null}, {"text": "ich", "start_seconds": 345.2, "end_seconds": 345.36, "confidence": null}, {"text": "gerade", "start_seconds": 345.36, "end_seconds": 345.52, "confidence": null}, {"text": "nicht,", "start_seconds": 345.52, "end_seconds": 345.68, "confidence": null}, {"text": "also", "start_seconds": 345.68, "end_seconds": 345.76, "confidence": null}, {"text": "Hobby", "start_seconds": 346.08, "end_seconds": 346.4, "confidence": null}, {"text": "Solar", "start_seconds": 346.4, "end_seconds": 346.88, "confidence": null}, {"text": "Sport", "start_seconds": 346.88, "end_seconds": 346.96, "confidence": null}, {"text": "so", "start_seconds": 347.28, "end_seconds": 347.36, "confidence": null}, {"text": "ist", "start_seconds": 347.84, "end_seconds": 348.0, "confidence": null}, {"text": "jetzt", "start_seconds": 348.0, "end_seconds": 348.16, "confidence": null}, {"text": "gerade", "start_seconds": 348.16, "end_seconds": 348.48, "confidence": null}, {"text": "nicht", "start_seconds": 348.48, "end_seconds": 348.64, "confidence": null}, {"text": "die", "start_seconds": 348.64, "end_seconds": 348.88, "confidence": null}, {"text": "Gelegenheit", "start_seconds": 348.88, "end_seconds": 349.44, "confidence": null}, {"text": "und", "start_seconds": 349.44, "end_seconds": 349.52, "confidence": null}, {"text": "auch", "start_seconds": 349.52, "end_seconds": 349.6, "confidence": null}, {"text": "nicht", "start_seconds": 349.6, "end_seconds": 349.76, "confidence": null}, {"text": "die", "start_seconds": 349.76, "end_seconds": 350.08, "confidence": null}, {"text": "Energie", "start_seconds": 350.08, "end_seconds": 350.32, "confidence": null}, {"text": "für", "start_seconds": 350.32, "end_seconds": 350.4, "confidence": null}, {"text": "vorhanden", "start_seconds": 350.72, "end_seconds": 350.96, "confidence": null}]}, {"type": "transcript.final", "session_id": "9bd79f8f-87ca-43a4-9f61-0c6ff05b627f", "sequence": 493, "segment_id": 49, "revision": 3, "text": " brauchen Sie", "granularity": "word", "items": [{"text": " brauchen", "start_seconds": 353.6, "end_seconds": 354.08, "confidence": null}, {"text": "Sie", "start_seconds": 354.08, "end_seconds": 354.16, "confidence": null}]}, {"type": "transcript.final", "session_id": "9bd79f8f-87ca-43a4-9f61-0c6ff05b627f", "sequence": 507, "segment_id": 50, "revision": 14, "text": " nehmen wir an, das Einzige, was ich Ihnen wirklich guten Gewissensempfehlen könnte wäre, sie krank zu schreiben für zwei, drei Tage um sich zu schonen", "granularity": "word", "items": [{"text": " nehmen", "start_seconds": 356.96, "end_seconds": 357.36, "confidence": null}, {"text": "wir", "start_seconds": 357.36, "end_seconds": 357.44, "confidence": null}, {"text": "an,", "start_seconds": 357.44, "end_seconds": 357.52, "confidence": null}, {"text": "das", "start_seconds": 357.84, "end_seconds": 357.92, "confidence": null}, {"text": "Einzige,", "start_seconds": 357.92, "end_seconds": 358.16, "confidence": null}, {"text": "was", "start_seconds": 358.16, "end_seconds": 358.32, "confidence": null}, {"text": "ich", "start_seconds": 358.32, "end_seconds": 358.48, "confidence": null}, {"text": "Ihnen", "start_seconds": 358.48, "end_seconds": 358.72, "confidence": null}, {"text": "wirklich", "start_seconds": 358.72, "end_seconds": 358.96, "confidence": null}, {"text": "guten", "start_seconds": 358.96, "end_seconds": 359.2, "confidence": null}, {"text": "Gewissensempfehlen", "start_seconds": 359.2, "end_seconds": 360.08, "confidence": null}, {"text": "könnte", "start_seconds": 360.08, "end_seconds": 360.24, "confidence": null}, {"text": "wäre,", "start_seconds": 361.2, "end_seconds": 361.44, "confidence": null}, {"text": "sie", "start_seconds": 361.92, "end_seconds": 362.08, "confidence": null}, {"text": "krank", "start_seconds": 362.08, "end_seconds": 362.4, "confidence": null}, {"text": "zu", "start_seconds": 362.4, "end_seconds": 362.48, "confidence": null}, {"text": "schreiben", "start_seconds": 362.48, "end_seconds": 362.56, "confidence": null}, {"text": "für", "start_seconds": 362.96, "end_seconds": 363.2, "confidence": null}, {"text": "zwei,", "start_seconds": 363.2, "end_seconds": 363.44, "confidence": null}, {"text": "drei", "start_seconds": 363.44, "end_seconds": 363.6, "confidence": null}, {"text": "Tage", "start_seconds": 363.6, "end_seconds": 364.0, "confidence": null}, {"text": "um", "start_seconds": 364.0, "end_seconds": 364.08, "confidence": null}, {"text": "sich", "start_seconds": 364.08, "end_seconds": 364.24, "confidence": null}, {"text": "zu", "start_seconds": 364.24, "end_seconds": 364.32, "confidence": null}, {"text": "schonen", "start_seconds": 364.32, "end_seconds": 364.48, "confidence": null}]}, {"type": "transcript.final", "session_id": "9bd79f8f-87ca-43a4-9f61-0c6ff05b627f", "sequence": 510, "segment_id": 51, "revision": 3, "text": " ganz ungünstig", "granularity": "word", "items": [{"text": " ganz", "start_seconds": 366.24, "end_seconds": 366.56, "confidence": null}, {"text": "ungünstig", "start_seconds": 366.56, "end_seconds": 366.96, "confidence": null}]}, {"type": "transcript.final", "session_id": "9bd79f8f-87ca-43a4-9f61-0c6ff05b627f", "sequence": 512, "segment_id": 52, "revision": 2, "text": "Also", "granularity": "word", "items": [{"text": "Also", "start_seconds": 373.28, "end_seconds": 373.36, "confidence": null}]}, {"type": "transcript.final", "session_id": "9bd79f8f-87ca-43a4-9f61-0c6ff05b627f", "sequence": 515, "segment_id": 53, "revision": 3, "text": " das einzige meinen Sie", "granularity": "word", "items": [{"text": " das", "start_seconds": 378.0, "end_seconds": 378.16, "confidence": null}, {"text": "einzige", "start_seconds": 378.16, "end_seconds": 378.72, "confidence": null}, {"text": "meinen", "start_seconds": 378.72, "end_seconds": 378.96, "confidence": null}, {"text": "Sie", "start_seconds": 378.96, "end_seconds": 379.04, "confidence": null}]}, {"type": "transcript.final", "session_id": "9bd79f8f-87ca-43a4-9f61-0c6ff05b627f", "sequence": 528, "segment_id": 54, "revision": 13, "text": "Ja man kann natürlich symptomatisch viel tun, wie sie es ja auch schon machen mit Ibopoffee, das beseitigt halt die Symptome", "granularity": "word", "items": [{"text": "Ja", "start_seconds": 381.12, "end_seconds": 381.2, "confidence": null}, {"text": "man", "start_seconds": 381.52, "end_seconds": 381.68, "confidence": null}, {"text": "kann", "start_seconds": 381.68, "end_seconds": 381.76, "confidence": null}, {"text": "natürlich", "start_seconds": 381.76, "end_seconds": 381.84, "confidence": null}, {"text": "symptomatisch", "start_seconds": 382.24, "end_seconds": 383.12, "confidence": null}, {"text": "viel", "start_seconds": 383.12, "end_seconds": 383.44, "confidence": null}, {"text": "tun,", "start_seconds": 383.44, "end_seconds": 383.76, "confidence": null}, {"text": "wie", "start_seconds": 383.76, "end_seconds": 383.92, "confidence": null}, {"text": "sie", "start_seconds": 383.92, "end_seconds": 384.0, "confidence": null}, {"text": "es", "start_seconds": 384.0, "end_seconds": 384.08, "confidence": null}, {"text": "ja", "start_seconds": 384.08, "end_seconds": 384.16, "confidence": null}, {"text": "auch", "start_seconds": 384.16, "end_seconds": 384.32, "confidence": null}, {"text": "schon", "start_seconds": 384.32, "end_seconds": 384.4, "confidence": null}, {"text": "machen", "start_seconds": 384.4, "end_seconds": 384.48, "confidence": null}, {"text": "mit", "start_seconds": 384.8, "end_seconds": 385.12, "confidence": null}, {"text": "Ibopoffee,", "start_seconds": 385.12, "end_seconds": 385.76, "confidence": null}, {"text": "das", "start_seconds": 386.4, "end_seconds": 386.64, "confidence": null}, {"text": "beseitigt", "start_seconds": 386.64, "end_seconds": 387.2, "confidence": null}, {"text": "halt", "start_seconds": 387.2, "end_seconds": 387.52, "confidence": null}, {"text": "die", "start_seconds": 387.52, "end_seconds": 387.6, "confidence": null}, {"text": "Symptome", "start_seconds": 387.6, "end_seconds": 387.84, "confidence": null}]}, {"type": "transcript.final", "session_id": "9bd79f8f-87ca-43a4-9f61-0c6ff05b627f", "sequence": 531, "segment_id": 55, "revision": 3, "text": " und der Körper kri", "granularity": "word", "items": [{"text": " und", "start_seconds": 389.2, "end_seconds": 389.28, "confidence": null}, {"text": "der", "start_seconds": 389.6, "end_seconds": 389.84, "confidence": null}, {"text": "Körper", "start_seconds": 389.84, "end_seconds": 390.0, "confidence": null}, {"text": "kri", "start_seconds": 391.36, "end_seconds": 391.44, "confidence": null}]}, {"type": "transcript.final", "session_id": "9bd79f8f-87ca-43a4-9f61-0c6ff05b627f", "sequence": 536, "segment_id": 56, "revision": 5, "text": "egt halt, dass das er braucht, nämlich Ruhe", "granularity": "word", "items": [{"text": "egt", "start_seconds": 391.52, "end_seconds": 391.68, "confidence": null}, {"text": "halt,", "start_seconds": 391.68, "end_seconds": 391.92, "confidence": null}, {"text": "dass", "start_seconds": 391.92, "end_seconds": 392.08, "confidence": null}, {"text": "das", "start_seconds": 392.08, "end_seconds": 392.24, "confidence": null}, {"text": "er", "start_seconds": 392.24, "end_seconds": 392.4, "confidence": null}, {"text": "braucht,", "start_seconds": 392.4, "end_seconds": 392.72, "confidence": null}, {"text": "nämlich", "start_seconds": 392.72, "end_seconds": 393.04, "confidence": null}, {"text": "Ruhe", "start_seconds": 393.04, "end_seconds": 393.2, "confidence": null}]}, {"type": "transcript.final", "session_id": "9bd79f8f-87ca-43a4-9f61-0c6ff05b627f", "sequence": 538, "segment_id": 57, "revision": 2, "text": " nicht", "granularity": "word", "items": [{"text": " nicht", "start_seconds": 394.32, "end_seconds": 394.4, "confidence": null}]}, {"type": "transcript.final", "session_id": "9bd79f8f-87ca-43a4-9f61-0c6ff05b627f", "sequence": 540, "segment_id": 58, "revision": 2, "text": "Tja", "granularity": "word", "items": [{"text": "Tja", "start_seconds": 397.12, "end_seconds": 397.2, "confidence": null}]}, {"type": "transcript.final", "session_id": "9bd79f8f-87ca-43a4-9f61-0c6ff05b627f", "sequence": 546, "segment_id": 59, "revision": 6, "text": " und das ist das ist schon was, was ich spür an kann, dass sie sehr", "granularity": "word", "items": [{"text": " und", "start_seconds": 401.52, "end_seconds": 401.68, "confidence": null}, {"text": "das", "start_seconds": 401.68, "end_seconds": 401.76, "confidence": null}, {"text": "ist", "start_seconds": 401.76, "end_seconds": 402.08, "confidence": null}, {"text": "das", "start_seconds": 402.08, "end_seconds": 402.24, "confidence": null}, {"text": "ist", "start_seconds": 402.24, "end_seconds": 402.32, "confidence": null}, {"text": "schon", "start_seconds": 402.32, "end_seconds": 402.4, "confidence": null}, {"text": "was,", "start_seconds": 402.4, "end_seconds": 402.64, "confidence": null}, {"text": "was", "start_seconds": 402.64, "end_seconds": 402.8, "confidence": null}, {"text": "ich", "start_seconds": 402.8, "end_seconds": 402.88, "confidence": null}, {"text": "spür", "start_seconds": 402.88, "end_seconds": 403.2, "confidence": null}, {"text": "an", "start_seconds": 403.2, "end_seconds": 403.36, "confidence": null}, {"text": "kann,", "start_seconds": 403.36, "end_seconds": 403.44, "confidence": null}, {"text": "dass", "start_seconds": 403.76, "end_seconds": 403.92, "confidence": null}, {"text": "sie", "start_seconds": 403.92, "end_seconds": 404.08, "confidence": null}, {"text": "sehr", "start_seconds": 404.08, "end_seconds": 404.16, "confidence": null}]}, {"type": "transcript.final", "session_id": "9bd79f8f-87ca-43a4-9f61-0c6ff05b627f", "sequence": 551, "segment_id": 60, "revision": 5, "text": "dass da sehr viel Spannung ist und einfach Druck", "granularity": "word", "items": [{"text": "dass", "start_seconds": 406.8, "end_seconds": 406.88, "confidence": null}, {"text": "da", "start_seconds": 407.12, "end_seconds": 407.2, "confidence": null}, {"text": "sehr", "start_seconds": 407.2, "end_seconds": 407.28, "confidence": null}, {"text": "viel", "start_seconds": 407.28, "end_seconds": 407.44, "confidence": null}, {"text": "Spannung", "start_seconds": 407.44, "end_seconds": 407.6, "confidence": null}, {"text": "ist", "start_seconds": 407.6, "end_seconds": 407.92, "confidence": null}, {"text": "und", "start_seconds": 407.92, "end_seconds": 408.16, "confidence": null}, {"text": "einfach", "start_seconds": 408.16, "end_seconds": 408.4, "confidence": null}, {"text": "Druck", "start_seconds": 408.4, "end_seconds": 408.64, "confidence": null}]}, {"type": "transcript.final", "session_id": "9bd79f8f-87ca-43a4-9f61-0c6ff05b627f", "sequence": 553, "segment_id": 61, "revision": 2, "text": " und", "granularity": "word", "items": [{"text": " und", "start_seconds": 409.92, "end_seconds": 410.0, "confidence": null}]}, {"type": "transcript.final", "session_id": "9bd79f8f-87ca-43a4-9f61-0c6ff05b627f", "sequence": 556, "segment_id": 62, "revision": 3, "text": " ich sehe das oft", "granularity": "word", "items": [{"text": " ich", "start_seconds": 411.04, "end_seconds": 411.12, "confidence": null}, {"text": "sehe", "start_seconds": 411.12, "end_seconds": 411.6, "confidence": null}, {"text": "das", "start_seconds": 411.6, "end_seconds": 411.68, "confidence": null}, {"text": "oft", "start_seconds": 411.68, "end_seconds": 411.76, "confidence": null}]}, {"type": "transcript.final", "session_id": "9bd79f8f-87ca-43a4-9f61-0c6ff05b627f", "sequence": 558, "segment_id": 63, "revision": 2, "text": "dass", "granularity": "word", "items": [{"text": "dass", "start_seconds": 413.36, "end_seconds": 413.44, "confidence": null}]}, {"type": "transcript.final", "session_id": "9bd79f8f-87ca-43a4-9f61-0c6ff05b627f", "sequence": 562, "segment_id": 64, "revision": 4, "text": " dann irgendwann einfach zu viel ist", "granularity": "word", "items": [{"text": " dann", "start_seconds": 414.72, "end_seconds": 414.8, "confidence": null}, {"text": "irgendwann", "start_seconds": 414.8, "end_seconds": 415.2, "confidence": null}, {"text": "einfach", "start_seconds": 415.2, "end_seconds": 415.36, "confidence": null}, {"text": "zu", "start_seconds": 415.36, "end_seconds": 415.52, "confidence": null}, {"text": "viel", "start_seconds": 415.52, "end_seconds": 415.76, "confidence": null}, {"text": "ist", "start_seconds": 415.76, "end_seconds": 415.84, "confidence": null}]}, {"type": "transcript.final", "session_id": "9bd79f8f-87ca-43a4-9f61-0c6ff05b627f", "sequence": 565, "segment_id": 65, "revision": 3, "text": " natürlich auch schwierig", "granularity": "word", "items": [{"text": " natürlich", "start_seconds": 417.52, "end_seconds": 417.76, "confidence": null}, {"text": "auch", "start_seconds": 417.76, "end_seconds": 417.84, "confidence": null}, {"text": "schwierig", "start_seconds": 417.84, "end_seconds": 418.08, "confidence": null}]}, {"type": "transcript.final", "session_id": "9bd79f8f-87ca-43a4-9f61-0c6ff05b627f", "sequence": 575, "segment_id": 66, "revision": 10, "text": " verstehe, was Sie sagen, aber es ist irgendwie das einzige, was ich mir im Prinzip nicht leisten kann", "granularity": "word", "items": [{"text": " verstehe,", "start_seconds": 420.24, "end_seconds": 420.48, "confidence": null}, {"text": "was", "start_seconds": 420.88, "end_seconds": 421.2, "confidence": null}, {"text": "Sie", "start_seconds": 421.2, "end_seconds": 421.36, "confidence": null}, {"text": "sagen,", "start_seconds": 421.36, "end_seconds": 421.68, "confidence": null}, {"text": "aber", "start_seconds": 421.68, "end_seconds": 421.92, "confidence": null}, {"text": "es", "start_seconds": 421.92, "end_seconds": 422.0, "confidence": null}, {"text": "ist", "start_seconds": 422.0, "end_seconds": 422.24, "confidence": null}, {"text": "irgendwie", "start_seconds": 422.24, "end_seconds": 422.48, "confidence": null}, {"text": "das", "start_seconds": 422.48, "end_seconds": 422.64, "confidence": null}, {"text": "einzige,", "start_seconds": 422.64, "end_seconds": 423.04, "confidence": null}, {"text": "was", "start_seconds": 423.04, "end_seconds": 423.12, "confidence": null}, {"text": "ich", "start_seconds": 423.12, "end_seconds": 423.36, "confidence": null}, {"text": "mir", "start_seconds": 423.36, "end_seconds": 423.44, "confidence": null}, {"text": "im", "start_seconds": 423.44, "end_seconds": 423.52, "confidence": null}, {"text": "Prinzip", "start_seconds": 423.52, "end_seconds": 423.76, "confidence": null}, {"text": "nicht", "start_seconds": 423.76, "end_seconds": 423.92, "confidence": null}, {"text": "leisten", "start_seconds": 423.92, "end_seconds": 424.08, "confidence": null}, {"text": "kann", "start_seconds": 424.48, "end_seconds": 424.56, "confidence": null}]}, {"type": "transcript.final", "session_id": "9bd79f8f-87ca-43a4-9f61-0c6ff05b627f", "sequence": 585, "segment_id": 67, "revision": 10, "text": "Deswegen bin ich jetzt ein bisschen in einer Zwickmühle da. Ja, das ist ein Dilemma, ne", "granularity": "word", "items": [{"text": "Deswegen", "start_seconds": 425.92, "end_seconds": 426.4, "confidence": null}, {"text": "bin", "start_seconds": 426.4, "end_seconds": 426.56, "confidence": null}, {"text": "ich", "start_seconds": 426.56, "end_seconds": 426.64, "confidence": null}, {"text": "jetzt", "start_seconds": 426.64, "end_seconds": 426.8, "confidence": null}, {"text": "ein", "start_seconds": 426.8, "end_seconds": 426.96, "confidence": null}, {"text": "bisschen", "start_seconds": 426.96, "end_seconds": 427.04, "confidence": null}, {"text": "in", "start_seconds": 427.92, "end_seconds": 428.16, "confidence": null}, {"text": "einer", "start_seconds": 428.16, "end_seconds": 428.4, "confidence": null}, {"text": "Zwickmühle", "start_seconds": 428.4, "end_seconds": 428.96, "confidence": null}, {"text": "da.", "start_seconds": 428.96, "end_seconds": 429.04, "confidence": null}, {"text": "Ja,", "start_seconds": 429.84, "end_seconds": 429.92, "confidence": null}, {"text": "das", "start_seconds": 430.64, "end_seconds": 430.8, "confidence": null}, {"text": "ist", "start_seconds": 430.8, "end_seconds": 430.88, "confidence": null}, {"text": "ein", "start_seconds": 430.88, "end_seconds": 431.12, "confidence": null}, {"text": "Dilemma,", "start_seconds": 431.12, "end_seconds": 431.68, "confidence": null}, {"text": "ne", "start_seconds": 431.68, "end_seconds": 431.76, "confidence": null}]}, {"type": "transcript.final", "session_id": "9bd79f8f-87ca-43a4-9f61-0c6ff05b627f", "sequence": 592, "segment_id": 68, "revision": 7, "text": "Also ihn leuchtet aber schon ein, was ich ihnen empfehle", "granularity": "word", "items": [{"text": "Also", "start_seconds": 434.16, "end_seconds": 434.24, "confidence": null}, {"text": "ihn", "start_seconds": 434.56, "end_seconds": 434.64, "confidence": null}, {"text": "leuchtet", "start_seconds": 434.64, "end_seconds": 435.04, "confidence": null}, {"text": "aber", "start_seconds": 435.04, "end_seconds": 435.2, "confidence": null}, {"text": "schon", "start_seconds": 435.2, "end_seconds": 435.28, "confidence": null}, {"text": "ein,", "start_seconds": 435.76, "end_seconds": 435.84, "confidence": null}, {"text": "was", "start_seconds": 436.16, "end_seconds": 436.32, "confidence": null}, {"text": "ich", "start_seconds": 436.32, "end_seconds": 436.56, "confidence": null}, {"text": "ihnen", "start_seconds": 436.56, "end_seconds": 436.8, "confidence": null}, {"text": "empfehle", "start_seconds": 436.8, "end_seconds": 436.96, "confidence": null}]}, {"type": "transcript.final", "session_id": "9bd79f8f-87ca-43a4-9f61-0c6ff05b627f", "sequence": 598, "segment_id": 69, "revision": 6, "text": " theoretisch ja, was würden Sie Ihrem besten Freund empfehlen", "granularity": "word", "items": [{"text": " theoretisch", "start_seconds": 438.72, "end_seconds": 439.52, "confidence": null}, {"text": "ja,", "start_seconds": 439.52, "end_seconds": 439.6, "confidence": null}, {"text": "was", "start_seconds": 440.32, "end_seconds": 440.4, "confidence": null}, {"text": "würden", "start_seconds": 440.4, "end_seconds": 440.64, "confidence": null}, {"text": "Sie", "start_seconds": 440.64, "end_seconds": 440.8, "confidence": null}, {"text": "Ihrem", "start_seconds": 440.8, "end_seconds": 440.96, "confidence": null}, {"text": "besten", "start_seconds": 440.96, "end_seconds": 441.28, "confidence": null}, {"text": "Freund", "start_seconds": 441.28, "end_seconds": 441.52, "confidence": null}, {"text": "empfehlen", "start_seconds": 441.52, "end_seconds": 441.76, "confidence": null}]}, {"type": "transcript.final", "session_id": "9bd79f8f-87ca-43a4-9f61-0c6ff05b627f", "sequence": 611, "segment_id": 70, "revision": 13, "text": " bei bei anderen Leuten ist es immer anders, ne, ja ich gebe zu, ich würde sagen, dass ich krank schreiben auch mit dem Quatsch, wenn ihre Freundin", "granularity": "word", "items": [{"text": " bei", "start_seconds": 446.88, "end_seconds": 446.96, "confidence": null}, {"text": "bei", "start_seconds": 446.96, "end_seconds": 447.12, "confidence": null}, {"text": "anderen", "start_seconds": 447.12, "end_seconds": 447.44, "confidence": null}, {"text": "Leuten", "start_seconds": 447.44, "end_seconds": 447.84, "confidence": null}, {"text": "ist", "start_seconds": 447.84, "end_seconds": 447.92, "confidence": null}, {"text": "es", "start_seconds": 447.92, "end_seconds": 448.08, "confidence": null}, {"text": "immer", "start_seconds": 448.08, "end_seconds": 448.24, "confidence": null}, {"text": "anders,", "start_seconds": 448.24, "end_seconds": 448.64, "confidence": null}, {"text": "ne,", "start_seconds": 448.64, "end_seconds": 448.96, "confidence": null}, {"text": "ja", "start_seconds": 448.96, "end_seconds": 449.12, "confidence": null}, {"text": "ich", "start_seconds": 449.12, "end_seconds": 449.28, "confidence": null}, {"text": "gebe", "start_seconds": 449.28, "end_seconds": 449.6, "confidence": null}, {"text": "zu,", "start_seconds": 449.6, "end_seconds": 449.92, "confidence": null}, {"text": "ich", "start_seconds": 449.92, "end_seconds": 450.0, "confidence": null}, {"text": "würde", "start_seconds": 450.0, "end_seconds": 450.32, "confidence": null}, {"text": "sagen,", "start_seconds": 450.32, "end_seconds": 450.56, "confidence": null}, {"text": "dass", "start_seconds": 450.56, "end_seconds": 450.88, "confidence": null}, {"text": "ich", "start_seconds": 450.88, "end_seconds": 450.96, "confidence": null}, {"text": "krank", "start_seconds": 450.96, "end_seconds": 451.2, "confidence": null}, {"text": "schreiben", "start_seconds": 451.2, "end_seconds": 451.28, "confidence": null}, {"text": "auch", "start_seconds": 451.76, "end_seconds": 451.92, "confidence": null}, {"text": "mit", "start_seconds": 451.92, "end_seconds": 452.08, "confidence": null}, {"text": "dem", "start_seconds": 452.08, "end_seconds": 452.16, "confidence": null}, {"text": "Quatsch,", "start_seconds": 452.16, "end_seconds": 452.4, "confidence": null}, {"text": "wenn", "start_seconds": 453.36, "end_seconds": 453.52, "confidence": null}, {"text": "ihre", "start_seconds": 453.52, "end_seconds": 453.76, "confidence": null}, {"text": "Freundin", "start_seconds": 453.76, "end_seconds": 454.0, "confidence": null}]}, {"type": "transcript.final", "session_id": "9bd79f8f-87ca-43a4-9f61-0c6ff05b627f", "sequence": 619, "segment_id": 71, "revision": 8, "text": " versuche das nicht so sehr zu thematisieren, ehrlich gesagt, aber", "granularity": "word", "items": [{"text": " versuche", "start_seconds": 456.24, "end_seconds": 456.64, "confidence": null}, {"text": "das", "start_seconds": 456.64, "end_seconds": 456.88, "confidence": null}, {"text": "nicht", "start_seconds": 456.88, "end_seconds": 457.04, "confidence": null}, {"text": "so", "start_seconds": 457.04, "end_seconds": 457.2, "confidence": null}, {"text": "sehr", "start_seconds": 457.2, "end_seconds": 457.52, "confidence": null}, {"text": "zu", "start_seconds": 457.52, "end_seconds": 457.6, "confidence": null}, {"text": "thematisieren,", "start_seconds": 457.6, "end_seconds": 458.48, "confidence": null}, {"text": "ehrlich", "start_seconds": 458.48, "end_seconds": 458.72, "confidence": null}, {"text": "gesagt,", "start_seconds": 458.72, "end_seconds": 458.88, "confidence": null}, {"text": "aber", "start_seconds": 459.28, "end_seconds": 459.36, "confidence": null}]}, {"type": "transcript.final", "session_id": "9bd79f8f-87ca-43a4-9f61-0c6ff05b627f", "sequence": 624, "segment_id": 72, "revision": 5, "text": " deckt jetzt auch nicht den Eindruck, als ob sie", "granularity": "word", "items": [{"text": " deckt", "start_seconds": 461.04, "end_seconds": 461.2, "confidence": null}, {"text": "jetzt", "start_seconds": 461.2, "end_seconds": 461.36, "confidence": null}, {"text": "auch", "start_seconds": 461.36, "end_seconds": 461.44, "confidence": null}, {"text": "nicht", "start_seconds": 461.44, "end_seconds": 461.6, "confidence": null}, {"text": "den", "start_seconds": 461.6, "end_seconds": 461.92, "confidence": null}, {"text": "Eindruck,", "start_seconds": 461.92, "end_seconds": 462.4, "confidence": null}, {"text": "als", "start_seconds": 462.4, "end_seconds": 462.64, "confidence": null}, {"text": "ob", "start_seconds": 462.64, "end_seconds": 462.8, "confidence": null}, {"text": "sie", "start_seconds": 462.8, "end_seconds": 462.88, "confidence": null}]}, {"type": "transcript.final", "session_id": "9bd79f8f-87ca-43a4-9f61-0c6ff05b627f", "sequence": 628, "segment_id": 73, "revision": 4, "text": " das total gut findet, wie es mir geht.", "granularity": "word", "items": [{"text": " das", "start_seconds": 464.24, "end_seconds": 464.48, "confidence": null}, {"text": "total", "start_seconds": 464.48, "end_seconds": 464.8, "confidence": null}, {"text": "gut", "start_seconds": 464.8, "end_seconds": 464.96, "confidence": null}, {"text": "findet,", "start_seconds": 464.96, "end_seconds": 465.6, "confidence": null}, {"text": "wie", "start_seconds": 465.6, "end_seconds": 465.68, "confidence": null}, {"text": "es", "start_seconds": 465.68, "end_seconds": 465.76, "confidence": null}, {"text": "mir", "start_seconds": 465.76, "end_seconds": 465.84, "confidence": null}, {"text": "geht.", "start_seconds": 465.84, "end_seconds": 465.92, "confidence": null}]}, {"type": "transcript.final", "session_id": "9bd79f8f-87ca-43a4-9f61-0c6ff05b627f", "sequence": 630, "segment_id": 74, "revision": 2, "text": " Tja", "granularity": "word", "items": [{"text": " Tja", "start_seconds": 468.88, "end_seconds": 468.96, "confidence": null}]}, {"type": "transcript.final", "session_id": "9bd79f8f-87ca-43a4-9f61-0c6ff05b627f", "sequence": 634, "segment_id": 75, "revision": 4, "text": "jetzt spüre ich außer", "granularity": "word", "items": [{"text": "jetzt", "start_seconds": 470.64, "end_seconds": 470.88, "confidence": null}, {"text": "spüre", "start_seconds": 470.88, "end_seconds": 471.2, "confidence": null}, {"text": "ich", "start_seconds": 471.2, "end_seconds": 471.44, "confidence": null}, {"text": "außer", "start_seconds": 471.44, "end_seconds": 471.6, "confidence": null}]}, {"type": "transcript.final", "session_id": "9bd79f8f-87ca-43a4-9f61-0c6ff05b627f", "sequence": 642, "segment_id": 76, "revision": 8, "text": " diesem gewissen Druck, den ich ja schon erwähnt habe, auch noch eine gewisse Hilflosigkeit", "granularity": "word", "items": [{"text": " diesem", "start_seconds": 472.72, "end_seconds": 472.96, "confidence": null}, {"text": "gewissen", "start_seconds": 472.96, "end_seconds": 473.36, "confidence": null}, {"text": "Druck,", "start_seconds": 473.36, "end_seconds": 473.6, "confidence": null}, {"text": "den", "start_seconds": 473.6, "end_seconds": 473.84, "confidence": null}, {"text": "ich", "start_seconds": 473.84, "end_seconds": 474.0, "confidence": null}, {"text": "ja", "start_seconds": 474.0, "end_seconds": 474.08, "confidence": null}, {"text": "schon", "start_seconds": 474.08, "end_seconds": 474.16, "confidence": null}, {"text": "erwähnt", "start_seconds": 474.16, "end_seconds": 474.64, "confidence": null}, {"text": "habe,", "start_seconds": 474.64, "end_seconds": 474.72, "confidence": null}, {"text": "auch", "start_seconds": 475.2, "end_seconds": 475.36, "confidence": null}, {"text": "noch", "start_seconds": 475.36, "end_seconds": 475.52, "confidence": null}, {"text": "eine", "start_seconds": 475.52, "end_seconds": 475.68, "confidence": null}, {"text": "gewisse", "start_seconds": 475.68, "end_seconds": 476.0, "confidence": null}, {"text": "Hilflosigkeit", "start_seconds": 476.0, "end_seconds": 476.48, "confidence": null}]}, {"type": "transcript.final", "session_id": "9bd79f8f-87ca-43a4-9f61-0c6ff05b627f", "sequence": 644, "segment_id": 77, "revision": 2, "text": " Ja", "granularity": "word", "items": [{"text": " Ja", "start_seconds": 478.24, "end_seconds": 478.32, "confidence": null}]}, {"type": "transcript.final", "session_id": "9bd79f8f-87ca-43a4-9f61-0c6ff05b627f", "sequence": 651, "segment_id": 78, "revision": 7, "text": "was könnten Ihrer Meinung nach gute Auswege sein aus diesem Dilemma", "granularity": "word", "items": [{"text": "was", "start_seconds": 483.44, "end_seconds": 483.52, "confidence": null}, {"text": "könnten", "start_seconds": 483.52, "end_seconds": 483.92, "confidence": null}, {"text": "Ihrer", "start_seconds": 483.92, "end_seconds": 484.16, "confidence": null}, {"text": "Meinung", "start_seconds": 484.16, "end_seconds": 484.4, "confidence": null}, {"text": "nach", "start_seconds": 484.4, "end_seconds": 484.48, "confidence": null}, {"text": "gute", "start_seconds": 484.72, "end_seconds": 484.88, "confidence": null}, {"text": "Auswege", "start_seconds": 485.52, "end_seconds": 485.92, "confidence": null}, {"text": "sein", "start_seconds": 485.92, "end_seconds": 486.0, "confidence": null}, {"text": "aus", "start_seconds": 486.4, "end_seconds": 486.64, "confidence": null}, {"text": "diesem", "start_seconds": 486.64, "end_seconds": 486.88, "confidence": null}, {"text": "Dilemma", "start_seconds": 486.88, "end_seconds": 487.12, "confidence": null}]}, {"type": "transcript.final", "session_id": "9bd79f8f-87ca-43a4-9f61-0c6ff05b627f", "sequence": 656, "segment_id": 79, "revision": 5, "text": "Vielleicht muss ich das mal versuchen zu klären da", "granularity": "word", "items": [{"text": "Vielleicht", "start_seconds": 491.76, "end_seconds": 491.92, "confidence": null}, {"text": "muss", "start_seconds": 491.92, "end_seconds": 492.08, "confidence": null}, {"text": "ich", "start_seconds": 492.08, "end_seconds": 492.24, "confidence": null}, {"text": "das", "start_seconds": 492.24, "end_seconds": 492.4, "confidence": null}, {"text": "mal", "start_seconds": 492.4, "end_seconds": 492.56, "confidence": null}, {"text": "versuchen", "start_seconds": 492.56, "end_seconds": 492.88, "confidence": null}, {"text": "zu", "start_seconds": 492.88, "end_seconds": 493.04, "confidence": null}, {"text": "klären", "start_seconds": 493.04, "end_seconds": 493.52, "confidence": null}, {"text": "da", "start_seconds": 493.52, "end_seconds": 493.6, "confidence": null}]}, {"type": "transcript.final", "session_id": "9bd79f8f-87ca-43a4-9f61-0c6ff05b627f", "sequence": 657, "segment_id": 80, "revision": 1, "text": "mit", "granularity": "word", "items": [{"text": "mit", "start_seconds": 497.76, "end_seconds": 497.84, "confidence": null}]}, {"type": "transcript.final", "session_id": "9bd79f8f-87ca-43a4-9f61-0c6ff05b627f", "sequence": 662, "segment_id": 81, "revision": 5, "text": " ihrem Themen oder mit meinem Prof", "granularity": "word", "items": [{"text": " ihrem", "start_seconds": 498.0, "end_seconds": 498.16, "confidence": null}, {"text": "Themen", "start_seconds": 498.16, "end_seconds": 498.32, "confidence": null}, {"text": "oder", "start_seconds": 499.36, "end_seconds": 499.68, "confidence": null}, {"text": "mit", "start_seconds": 499.68, "end_seconds": 499.76, "confidence": null}, {"text": "meinem", "start_seconds": 499.76, "end_seconds": 499.92, "confidence": null}, {"text": "Prof", "start_seconds": 499.92, "end_seconds": 500.16, "confidence": null}]}, {"type": "transcript.final", "session_id": "9bd79f8f-87ca-43a4-9f61-0c6ff05b627f", "sequence": 667, "segment_id": 82, "revision": 5, "text": "il zu tun, der sehr lange geht", "granularity": "word", "items": [{"text": "il", "start_seconds": 503.84, "end_seconds": 503.92, "confidence": null}, {"text": "zu", "start_seconds": 504.24, "end_seconds": 504.4, "confidence": null}, {"text": "tun,", "start_seconds": 504.4, "end_seconds": 504.48, "confidence": null}, {"text": "der", "start_seconds": 504.8, "end_seconds": 505.12, "confidence": null}, {"text": "sehr", "start_seconds": 505.12, "end_seconds": 505.28, "confidence": null}, {"text": "lange", "start_seconds": 505.28, "end_seconds": 505.52, "confidence": null}, {"text": "geht", "start_seconds": 505.52, "end_seconds": 505.6, "confidence": null}]}, {"type": "transcript.final", "session_id": "9bd79f8f-87ca-43a4-9f61-0c6ff05b627f", "sequence": 673, "segment_id": 83, "revision": 6, "text": "der klassisch angefangen hat und nicht vergehen will", "granularity": "word", "items": [{"text": "der", "start_seconds": 507.44, "end_seconds": 507.68, "confidence": null}, {"text": "klassisch", "start_seconds": 507.68, "end_seconds": 508.08, "confidence": null}, {"text": "angefangen", "start_seconds": 508.08, "end_seconds": 508.48, "confidence": null}, {"text": "hat", "start_seconds": 508.48, "end_seconds": 508.56, "confidence": null}, {"text": "und", "start_seconds": 509.04, "end_seconds": 509.2, "confidence": null}, {"text": "nicht", "start_seconds": 509.2, "end_seconds": 509.28, "confidence": null}, {"text": "vergehen", "start_seconds": 509.6, "end_seconds": 510.08, "confidence": null}, {"text": "will", "start_seconds": 510.08, "end_seconds": 510.16, "confidence": null}]}, {"type": "transcript.final", "session_id": "9bd79f8f-87ca-43a4-9f61-0c6ff05b627f", "sequence": 680, "segment_id": 84, "revision": 7, "text": "Und Sie wünschen sich eine Lösung und ich schlage Ihnen vor", "granularity": "word", "items": [{"text": "Und", "start_seconds": 512.48, "end_seconds": 512.72, "confidence": null}, {"text": "Sie", "start_seconds": 512.72, "end_seconds": 512.96, "confidence": null}, {"text": "wünschen", "start_seconds": 512.96, "end_seconds": 513.28, "confidence": null}, {"text": "sich", "start_seconds": 513.28, "end_seconds": 513.52, "confidence": null}, {"text": "eine", "start_seconds": 513.52, "end_seconds": 513.68, "confidence": null}, {"text": "Lösung", "start_seconds": 513.68, "end_seconds": 513.76, "confidence": null}, {"text": "und", "start_seconds": 514.4, "end_seconds": 514.56, "confidence": null}, {"text": "ich", "start_seconds": 514.56, "end_seconds": 514.72, "confidence": null}, {"text": "schlage", "start_seconds": 514.72, "end_seconds": 515.2, "confidence": null}, {"text": "Ihnen", "start_seconds": 515.2, "end_seconds": 515.44, "confidence": null}, {"text": "vor", "start_seconds": 515.44, "end_seconds": 515.52, "confidence": null}]}, {"type": "transcript.final", "session_id": "9bd79f8f-87ca-43a4-9f61-0c6ff05b627f", "sequence": 689, "segment_id": 85, "revision": 9, "text": "sich mal ein bisschen rauszunehmen, weil ich den Eindruck habe, dass es vor allen Dingen", "granularity": "word", "items": [{"text": "sich", "start_seconds": 518.24, "end_seconds": 518.32, "confidence": null}, {"text": "mal", "start_seconds": 518.64, "end_seconds": 518.72, "confidence": null}, {"text": "ein", "start_seconds": 518.72, "end_seconds": 518.8, "confidence": null}, {"text": "bisschen", "start_seconds": 518.8, "end_seconds": 519.12, "confidence": null}, {"text": "rauszunehmen,", "start_seconds": 519.12, "end_seconds": 519.44, "confidence": null}, {"text": "weil", "start_seconds": 519.92, "end_seconds": 520.08, "confidence": null}, {"text": "ich", "start_seconds": 520.08, "end_seconds": 520.4, "confidence": null}, {"text": "den", "start_seconds": 520.4, "end_seconds": 520.64, "confidence": null}, {"text": "Eindruck", "start_seconds": 520.64, "end_seconds": 521.04, "confidence": null}, {"text": "habe,", "start_seconds": 521.04, "end_seconds": 521.12, "confidence": null}, {"text": "dass", "start_seconds": 521.52, "end_seconds": 521.76, "confidence": null}, {"text": "es", "start_seconds": 521.76, "end_seconds": 521.84, "confidence": null}, {"text": "vor", "start_seconds": 522.48, "end_seconds": 522.56, "confidence": null}, {"text": "allen", "start_seconds": 522.56, "end_seconds": 522.72, "confidence": null}, {"text": "Dingen", "start_seconds": 522.72, "end_seconds": 522.8, "confidence": null}]}, {"type": "transcript.final", "session_id": "9bd79f8f-87ca-43a4-9f61-0c6ff05b627f", "sequence": 694, "segment_id": 86, "revision": 5, "text": " mit diesem Stress zu tun hat", "granularity": "word", "items": [{"text": " mit", "start_seconds": 524.24, "end_seconds": 524.32, "confidence": null}, {"text": "diesem", "start_seconds": 524.8, "end_seconds": 524.88, "confidence": null}, {"text": "Stress", "start_seconds": 525.28, "end_seconds": 525.44, "confidence": null}, {"text": "zu", "start_seconds": 525.44, "end_seconds": 525.6, "confidence": null}, {"text": "tun", "start_seconds": 525.6, "end_seconds": 525.84, "confidence": null}, {"text": "hat", "start_seconds": 525.84, "end_seconds": 525.92, "confidence": null}]}, {"type": "transcript.final", "session_id": "9bd79f8f-87ca-43a4-9f61-0c6ff05b627f", "sequence": 715, "segment_id": 87, "revision": 21, "text": "Und es ist für wichtig halte, dass sie sich sozusagen dieser Herausforderung stellen. Sie merken, es ist ein bisschen schwierig und wollen sich jetzt auch nicht krank schreiben lassen, höre ich raus. Aber nehmen vielleicht die Idee mit", "granularity": "word", "items": [{"text": "Und", "start_seconds": 527.6, "end_seconds": 527.76, "confidence": null}, {"text": "es", "start_seconds": 527.76, "end_seconds": 527.84, "confidence": null}, {"text": "ist", "start_seconds": 527.84, "end_seconds": 528.0, "confidence": null}, {"text": "für", "start_seconds": 528.0, "end_seconds": 528.08, "confidence": null}, {"text": "wichtig", "start_seconds": 528.08, "end_seconds": 528.48, "confidence": null}, {"text": "halte,", "start_seconds": 528.48, "end_seconds": 528.72, "confidence": null}, {"text": "dass", "start_seconds": 529.2, "end_seconds": 529.36, "confidence": null}, {"text": "sie", "start_seconds": 529.36, "end_seconds": 529.6, "confidence": null}, {"text": "sich", "start_seconds": 529.6, "end_seconds": 529.76, "confidence": null}, {"text": "sozusagen", "start_seconds": 529.76, "end_seconds": 530.32, "confidence": null}, {"text": "dieser", "start_seconds": 530.32, "end_seconds": 530.48, "confidence": null}, {"text": "Herausforderung", "start_seconds": 530.96, "end_seconds": 531.6, "confidence": null}, {"text": "stellen.", "start_seconds": 531.6, "end_seconds": 532.0, "confidence": null}, {"text": "Sie", "start_seconds": 532.08, "end_seconds": 532.32, "confidence": null}, {"text": "merken,", "start_seconds": 532.32, "end_seconds": 532.72, "confidence": null}, {"text": "es", "start_seconds": 532.72, "end_seconds": 532.88, "confidence": null}, {"text": "ist", "start_seconds": 532.88, "end_seconds": 533.04, "confidence": null}, {"text": "ein", "start_seconds": 533.04, "end_seconds": 533.2, "confidence": null}, {"text": "bisschen", "start_seconds": 533.2, "end_seconds": 533.36, "confidence": null}, {"text": "schwierig", "start_seconds": 533.36, "end_seconds": 533.6, "confidence": null}, {"text": "und", "start_seconds": 534.4, "end_seconds": 534.64, "confidence": null}, {"text": "wollen", "start_seconds": 534.64, "end_seconds": 534.96, "confidence": null}, {"text": "sich", "start_seconds": 534.96, "end_seconds": 535.04, "confidence": null}, {"text": "jetzt", "start_seconds": 535.04, "end_seconds": 535.2, "confidence": null}, {"text": "auch", "start_seconds": 535.2, "end_seconds": 535.28, "confidence": null}, {"text": "nicht", "start_seconds": 535.28, "end_seconds": 535.44, "confidence": null}, {"text": "krank", "start_seconds": 535.44, "end_seconds": 535.68, "confidence": null}, {"text": "schreiben", "start_seconds": 535.68, "end_seconds": 536.0, "confidence": null}, {"text": "lassen,", "start_seconds": 536.0, "end_seconds": 536.4, "confidence": null}, {"text": "höre", "start_seconds": 536.4, "end_seconds": 536.72, "confidence": null}, {"text": "ich", "start_seconds": 536.72, "end_seconds": 536.88, "confidence": null}, {"text": "raus.", "start_seconds": 536.88, "end_seconds": 536.96, "confidence": null}, {"text": "Aber", "start_seconds": 537.76, "end_seconds": 537.84, "confidence": null}, {"text": "nehmen", "start_seconds": 538.32, "end_seconds": 538.72, "confidence": null}, {"text": "vielleicht", "start_seconds": 538.72, "end_seconds": 539.04, "confidence": null}, {"text": "die", "start_seconds": 539.04, "end_seconds": 539.2, "confidence": null}, {"text": "Idee", "start_seconds": 539.2, "end_seconds": 539.6, "confidence": null}, {"text": "mit", "start_seconds": 539.6, "end_seconds": 539.68, "confidence": null}]}, {"type": "transcript.final", "session_id": "9bd79f8f-87ca-43a4-9f61-0c6ff05b627f", "sequence": 716, "segment_id": 88, "revision": 1, "text": " mal", "granularity": "word", "items": [{"text": " mal", "start_seconds": 541.44, "end_seconds": 541.52, "confidence": null}]}, {"type": "transcript.final", "session_id": "9bd79f8f-87ca-43a4-9f61-0c6ff05b627f", "sequence": 719, "segment_id": 89, "revision": 3, "text": " zu gucken, was geht", "granularity": "word", "items": [{"text": " zu", "start_seconds": 541.68, "end_seconds": 541.76, "confidence": null}, {"text": "gucken,", "start_seconds": 541.76, "end_seconds": 541.84, "confidence": null}, {"text": "was", "start_seconds": 542.72, "end_seconds": 542.96, "confidence": null}, {"text": "geht", "start_seconds": 542.96, "end_seconds": 543.04, "confidence": null}]}, {"type": "transcript.final", "session_id": "9bd79f8f-87ca-43a4-9f61-0c6ff05b627f", "sequence": 728, "segment_id": 90, "revision": 9, "text": " die Frage wäre ja auch, wie lang muss ich krank geschrieben sein, dass das weggeht", "granularity": "word", "items": [{"text": " die", "start_seconds": 544.64, "end_seconds": 544.88, "confidence": null}, {"text": "Frage", "start_seconds": 544.88, "end_seconds": 545.12, "confidence": null}, {"text": "wäre", "start_seconds": 545.12, "end_seconds": 545.36, "confidence": null}, {"text": "ja", "start_seconds": 545.36, "end_seconds": 545.44, "confidence": null}, {"text": "auch,", "start_seconds": 545.44, "end_seconds": 545.6, "confidence": null}, {"text": "wie", "start_seconds": 545.6, "end_seconds": 545.84, "confidence": null}, {"text": "lang", "start_seconds": 545.84, "end_seconds": 545.92, "confidence": null}, {"text": "muss", "start_seconds": 546.4, "end_seconds": 546.64, "confidence": null}, {"text": "ich", "start_seconds": 546.64, "end_seconds": 546.72, "confidence": null}, {"text": "krank", "start_seconds": 546.72, "end_seconds": 546.88, "confidence": null}, {"text": "geschrieben", "start_seconds": 546.88, "end_seconds": 547.28, "confidence": null}, {"text": "sein,", "start_seconds": 547.28, "end_seconds": 547.52, "confidence": null}, {"text": "dass", "start_seconds": 547.52, "end_seconds": 547.76, "confidence": null}, {"text": "das", "start_seconds": 547.76, "end_seconds": 547.92, "confidence": null}, {"text": "weggeht", "start_seconds": 547.92, "end_seconds": 548.32, "confidence": null}]}, {"type": "transcript.final", "session_id": "9bd79f8f-87ca-43a4-9f61-0c6ff05b627f", "sequence": 733, "segment_id": 91, "revision": 5, "text": "Ja man würde mit einigen wenigen Tagen anfangen", "granularity": "word", "items": [{"text": "Ja", "start_seconds": 550.24, "end_seconds": 550.56, "confidence": null}, {"text": "man", "start_seconds": 550.56, "end_seconds": 550.72, "confidence": null}, {"text": "würde", "start_seconds": 550.72, "end_seconds": 550.88, "confidence": null}, {"text": "mit", "start_seconds": 550.88, "end_seconds": 551.04, "confidence": null}, {"text": "einigen", "start_seconds": 551.04, "end_seconds": 551.28, "confidence": null}, {"text": "wenigen", "start_seconds": 551.28, "end_seconds": 551.6, "confidence": null}, {"text": "Tagen", "start_seconds": 551.6, "end_seconds": 551.92, "confidence": null}, {"text": "anfangen", "start_seconds": 551.92, "end_seconds": 552.08, "confidence": null}]}, {"type": "transcript.final", "session_id": "9bd79f8f-87ca-43a4-9f61-0c6ff05b627f", "sequence": 741, "segment_id": 92, "revision": 8, "text": "Mit dem Wochenende hätten Sie dann ja jetzt von heute ausgerechnet fast", "granularity": "word", "items": [{"text": "Mit", "start_seconds": 556.16, "end_seconds": 556.32, "confidence": null}, {"text": "dem", "start_seconds": 556.32, "end_seconds": 556.48, "confidence": null}, {"text": "Wochenende", "start_seconds": 556.48, "end_seconds": 556.96, "confidence": null}, {"text": "hätten", "start_seconds": 556.96, "end_seconds": 557.12, "confidence": null}, {"text": "Sie", "start_seconds": 557.12, "end_seconds": 557.36, "confidence": null}, {"text": "dann", "start_seconds": 557.36, "end_seconds": 557.6, "confidence": null}, {"text": "ja", "start_seconds": 557.6, "end_seconds": 557.76, "confidence": null}, {"text": "jetzt", "start_seconds": 557.76, "end_seconds": 557.84, "confidence": null}, {"text": "von", "start_seconds": 558.32, "end_seconds": 558.48, "confidence": null}, {"text": "heute", "start_seconds": 558.48, "end_seconds": 558.88, "confidence": null}, {"text": "ausgerechnet", "start_seconds": 558.88, "end_seconds": 559.28, "confidence": null}, {"text": "fast", "start_seconds": 560.24, "end_seconds": 560.4, "confidence": null}]}, {"type": "transcript.final", "session_id": "9bd79f8f-87ca-43a4-9f61-0c6ff05b627f", "sequence": 746, "segment_id": 93, "revision": 5, "text": " eine Woche fünf Tage sich zu erholen", "granularity": "word", "items": [{"text": " eine", "start_seconds": 561.92, "end_seconds": 562.24, "confidence": null}, {"text": "Woche", "start_seconds": 562.24, "end_seconds": 562.32, "confidence": null}, {"text": "fünf", "start_seconds": 562.72, "end_seconds": 562.96, "confidence": null}, {"text": "Tage", "start_seconds": 562.96, "end_seconds": 563.2, "confidence": null}, {"text": "sich", "start_seconds": 563.2, "end_seconds": 563.36, "confidence": null}, {"text": "zu", "start_seconds": 563.36, "end_seconds": 563.52, "confidence": null}, {"text": "erholen", "start_seconds": 563.52, "end_seconds": 563.68, "confidence": null}]}, {"type": "transcript.final", "session_id": "9bd79f8f-87ca-43a4-9f61-0c6ff05b627f", "sequence": 752, "segment_id": 94, "revision": 6, "text": " und mal zu gucken, wie sie ein bisschen den Druck aus dem System nehmen", "granularity": "word", "items": [{"text": " und", "start_seconds": 565.12, "end_seconds": 565.36, "confidence": null}, {"text": "mal", "start_seconds": 565.36, "end_seconds": 565.68, "confidence": null}, {"text": "zu", "start_seconds": 565.68, "end_seconds": 565.76, "confidence": null}, {"text": "gucken,", "start_seconds": 565.76, "end_seconds": 565.92, "confidence": null}, {"text": "wie", "start_seconds": 566.72, "end_seconds": 566.8, "confidence": null}, {"text": "sie", "start_seconds": 566.8, "end_seconds": 566.96, "confidence": null}, {"text": "ein", "start_seconds": 566.96, "end_seconds": 567.04, "confidence": null}, {"text": "bisschen", "start_seconds": 567.04, "end_seconds": 567.2, "confidence": null}, {"text": "den", "start_seconds": 567.2, "end_seconds": 567.36, "confidence": null}, {"text": "Druck", "start_seconds": 567.36, "end_seconds": 567.44, "confidence": null}, {"text": "aus", "start_seconds": 568.4, "end_seconds": 568.48, "confidence": null}, {"text": "dem", "start_seconds": 568.48, "end_seconds": 568.64, "confidence": null}, {"text": "System", "start_seconds": 568.64, "end_seconds": 568.8, "confidence": null}, {"text": "nehmen", "start_seconds": 568.8, "end_seconds": 568.88, "confidence": null}]}, {"type": "transcript.final", "session_id": "9bd79f8f-87ca-43a4-9f61-0c6ff05b627f", "sequence": 754, "segment_id": 95, "revision": 2, "text": "könnten", "granularity": "word", "items": [{"text": "könnten", "start_seconds": 570.16, "end_seconds": 570.4, "confidence": null}]}, {"type": "transcript.final", "session_id": "9bd79f8f-87ca-43a4-9f61-0c6ff05b627f", "sequence": 757, "segment_id": 96, "revision": 3, "text": " mal telefonieren", "granularity": "word", "items": [{"text": " mal", "start_seconds": 575.36, "end_seconds": 575.52, "confidence": null}, {"text": "telefonieren", "start_seconds": 575.52, "end_seconds": 575.92, "confidence": null}]}, {"type": "transcript.final", "session_id": "9bd79f8f-87ca-43a4-9f61-0c6ff05b627f", "sequence": 767, "segment_id": 97, "revision": 10, "text": "Gut, dann würden wir jetzt die Anukündigkeit untersuchung noch vornehmen und treffen uns dann", "granularity": "word", "items": [{"text": "Gut,", "start_seconds": 581.52, "end_seconds": 581.6, "confidence": null}, {"text": "dann", "start_seconds": 582.56, "end_seconds": 582.88, "confidence": null}, {"text": "würden", "start_seconds": 582.88, "end_seconds": 583.12, "confidence": null}, {"text": "wir", "start_seconds": 583.12, "end_seconds": 583.36, "confidence": null}, {"text": "jetzt", "start_seconds": 583.36, "end_seconds": 583.44, "confidence": null}, {"text": "die", "start_seconds": 584.24, "end_seconds": 584.32, "confidence": null}, {"text": "Anukündigkeit", "start_seconds": 584.64, "end_seconds": 585.12, "confidence": null}, {"text": "untersuchung", "start_seconds": 585.12, "end_seconds": 585.52, "confidence": null}, {"text": "noch", "start_seconds": 585.52, "end_seconds": 585.68, "confidence": null}, {"text": "vornehmen", "start_seconds": 585.68, "end_seconds": 586.0, "confidence": null}, {"text": "und", "start_seconds": 586.48, "end_seconds": 586.56, "confidence": null}, {"text": "treffen", "start_seconds": 586.88, "end_seconds": 587.12, "confidence": null}, {"text": "uns", "start_seconds": 587.12, "end_seconds": 587.36, "confidence": null}, {"text": "dann", "start_seconds": 587.36, "end_seconds": 587.44, "confidence": null}]}, {"type": "transcript.final", "session_id": "9bd79f8f-87ca-43a4-9f61-0c6ff05b627f", "sequence": 771, "segment_id": 98, "revision": 4, "text": " gleich vorne an der Liege.", "granularity": "word", "items": [{"text": " gleich", "start_seconds": 588.56, "end_seconds": 588.72, "confidence": null}, {"text": "vorne", "start_seconds": 589.68, "end_seconds": 590.24, "confidence": null}, {"text": "an", "start_seconds": 590.24, "end_seconds": 590.4, "confidence": null}, {"text": "der", "start_seconds": 590.4, "end_seconds": 590.56, "confidence": null}, {"text": "Liege.", "start_seconds": 590.56, "end_seconds": 590.72, "confidence": null}]}], "audio_seconds": 629.2608125, "processing_seconds": 30.41305714500004, "model": "nemotron-speech-multilingual-0.6b", "language": "de-DE"}
{"event": "medical_case_start", "case": "de-polyarthritis", "mode": "complete-file", "file": "ready/de/hhu-polyarthritis.wav", "sha256": "69bee0c4188615bd4c5f504bc3bf41f10791cb2a9175f2a5b893191cbfd264b3", "expected_audio_seconds": 438.39275, "options": {"model": "nemotron-speech-multilingual-0.6b", "language": "de-DE", "chunk_size_ms": 560, "strip_language_tags": true, "output_granularity": "word", "stop_history_eou_ms": 800}}
{"event": "medical_measurement", "case": "de-polyarthritis", "mode": "complete-file", "sha256": "69bee0c4188615bd4c5f504bc3bf41f10791cb2a9175f2a5b893191cbfd264b3", "expected_audio_seconds": 438.39275, "all_samples_processed": true, "nonempty": true, "peak_gpu_allocated_bytes": 5332897280, "real_time_factor": 0.04797565161148257, "text": "Die Patientin Frau Miriam Klein klagt seit mehreren Wochen über bestehende Gelenkschmerzen, Schwellungen und Morgensteifigkeit in den FingernGestern wurde sie in ihrer Hausarztpraxis diesbezüglich untersucht. Auch wurde Blut abgenommen. Die Laborwerte sprechen im Kontext der Anamnese mit an Sicherheit grenzender Wahrscheinlichkeit für das Vorliegen einer chronischen Polyatritis. Heute kommt die Patientin, um über das Ergebnis der Laboruntersuchungen zu sprechenIhre Aufgabe ist es der Patientin die schlechte Nachricht zu übermitteln, dass sie an Gelenkräume erkrankt ist Guten Tag von Kleinnehmen Sie auf Platz, Frau Klein wie geht es hin? Soweit ganz gut heute Morgen war es nochmal so ein bisschenda habe ich dann Ipophäen genommen und jetzt ist besser. Diese Schmerzen, die sie seit ein paar Wochen. Genau, weswegen ich gekommen bin. Richtig. Ich glaube wir hatten uns heute für abredet, um die Ergebnisse der Blutuntersuchung zu bestehen. Genau nicht genau. Ich würde auch gerne haben Sie selber eine Idee, wo die Schmerzen hier kommen Ich habe es gedacht, es geben vom Volleyball oder so, sondern irgendwie leichte Prellung oder irgendwie sonst nixIch habe tatsächlich eine nicht so gute Nachhalt für sieDie Laborwerte, die wir abgenommen haben, sprechen dafür, dass bei Ihnen einen Rollenmar vorliegt, ein Gelenkrolmar weiß nicht, ob Sie davon schon mal was gehört habenJa doch schon, also meine Großtante hatte Räume. Genauaber das ist jetzt sicher, dass die Laborwehrte sind eindeutig dafür, ich denke, dass wenn der weiteren Behandlung nochmal einen Rheumatologen hinzuziehen würden, aber ich gehe jetzt erstmal davon aus, dass das tatsächlich räume ist, was Sie haben Geht jetzt ein bisschen plötzlich. Das habe ich jetzt gar nichtHabe ich gar nicht so erwartet. Das nervig sie sagten, dass ihre Großtante das hatte Ja später im Rollstuhl weiß irgendwie viel sie von Rollen wissen, ob es ihn helfen würde, wenn ich ihn dazu ein bisschen sage, das ist nicht immer bei jedem gleichAber trotzdem endet er dann so, oder wir sind ein bisschen zu erzählenDas ist tatsächlich so, dass es bei verschiedenen Menschen ganz unterschiedlich laufen kann Und das was sie bei ihrer Großtante gesehen haben, muss nicht das sein, was bei ihnen auftritt. Das ist überhaupt nicht vorhersagbar. Das ist vorstellbar, dass eine erbliche Komponente da ist, wenn das in der Familie war, aber das heißt überhaupt nicht, dass dann auch die Verläufe immer gleich sind Das heißt ja dann schon, dass ich jetzt schwere Medikamente nehmen muss oder hier läuft das ab. Ja schwere Medikamente, also es gibt Medikamente, mit denen man heute die diese Erkrankung sehr gut häufig, sehr gut kontrollieren kann, so dass sie nicht fortschreitet und dass diese Gelenkserstörung gar nicht erst auftreten. Und die sind dann, da muss man, da muss man filmiert gucken, die sind nicht für jeden gut verträglich. Das bedeutet, dass sie häufiger in die Praxis kommen müssen, als sie das gewohnt sind. Auf der anderen Seite viele Patienten vertragen ja auch gut, ohne dass Nebenwirkung auftreten. Mein Beruf in Zukunft, also ich bin SportlehrerinDas kann ich ja dann irgendwann nicht mehr ausüben oder wie ist das? Kann man so nicht sagen ein SchockJa schon mich gerade bei mir passieren konnte. Sie fragen sich, was ihr falsch gemacht habenwir wissen gar nicht, warum rollen aber jemanden auftrittWir wissen nichts, was jemand falsch machen könnteAlso ich will jetzt nicht mal sagen, Sie haben nicht falsch gemacht, weil von der Erkrankung so wenig verstanden, sie tritt auf und wir wissen nicht warum sie bei dem einen Auftritt, wenn dem anderen nichtUnd wir können eben auch nicht die schwere Vorhersagen und darum nein, das heißt nicht, dass sie berufenfähig werden, sondern es heißt, dass für sie ein Risiko besteht. Deswegen Berufen fähig zu werden. Es gibt Sportlehrerinnen, die Räume kriegen und trotzdem ist zur Rente arbeiten können. Ihre Medikamente gut vertragen und wo es nicht so gelenkt zerstörungen kommtIch kann mir das nur nicht versprechen. Also trotz Medikamente kann es auch anders verlaufenes geht in den noch durch den Kopf Das Mögliche ist gerade so alles glaube so mein Gefühl für dieses Gespräch wäre, dass war, dass man bei dieser Information belassen und ich mit Ihnen überlegen würde, zu welchem Rheumatologen Sie gerne gehen möchten und dass wir dann erstmal abwarten, was dir empfiehlt und wir dann sehr gerne auch mit mir nochmal über Nebenwirkungen sprechen können Muss man jetzt einfach abwartenwas hielten die davon, wenn wir uns noch ein zweites Mal zusammensetzen und so konkrete Schritte zu planen, dass das erstmal so ein bisschen Sacken kann Ich merke, wie unerwartet sie das getroffen hat Sprechen können, der darf natürlich gerne mitkommen und dass wir dann so ein bisschen in die konkreten Planungen reingehen. Ich möchte das heute nicht überfrachten. Das gut kommen auch bestimmt wieder neue Fragen. Genau. Ja, dann gucken Sie einfach in der Woche einfach nächste Woche, wie Sie möchten, sehe zu, dass sie schnell einen Termin am Rhematologen kriegen, aber ich würde es heute erstmal gerne dabei belasten. Alles gut", "segments": [{"type": "transcript.final", "session_id": "64720822-5806-49b5-a223-5bb3215d0e3e", "sequence": 17, "segment_id": 0, "revision": 17, "text": " Die Patientin Frau Miriam Klein klagt seit mehreren Wochen über bestehende Gelenkschmerzen, Schwellungen und Morgensteifigkeit in den Fingern", "granularity": "word", "items": [{"text": " Die", "start_seconds": 6.24, "end_seconds": 6.4, "confidence": null}, {"text": "Patientin", "start_seconds": 6.4, "end_seconds": 7.28, "confidence": null}, {"text": "Frau", "start_seconds": 7.28, "end_seconds": 7.44, "confidence": null}, {"text": "Miriam", "start_seconds": 7.44, "end_seconds": 8.0, "confidence": null}, {"text": "Klein", "start_seconds": 8.0, "end_seconds": 8.56, "confidence": null}, {"text": "klagt", "start_seconds": 8.56, "end_seconds": 8.96, "confidence": null}, {"text": "seit", "start_seconds": 8.96, "end_seconds": 9.2, "confidence": null}, {"text": "mehreren", "start_seconds": 9.2, "end_seconds": 9.6, "confidence": null}, {"text": "Wochen", "start_seconds": 9.6, "end_seconds": 10.0, "confidence": null}, {"text": "über", "start_seconds": 10.0, "end_seconds": 10.24, "confidence": null}, {"text": "bestehende", "start_seconds": 10.24, "end_seconds": 10.72, "confidence": null}, {"text": "Gelenkschmerzen,", "start_seconds": 10.72, "end_seconds": 11.36, "confidence": null}, {"text": "Schwellungen", "start_seconds": 11.92, "end_seconds": 12.32, "confidence": null}, {"text": "und", "start_seconds": 12.88, "end_seconds": 12.96, "confidence": null}, {"text": "Morgensteifigkeit", "start_seconds": 13.36, "end_seconds": 14.16, "confidence": null}, {"text": "in", "start_seconds": 14.16, "end_seconds": 14.24, "confidence": null}, {"text": "den", "start_seconds": 14.24, "end_seconds": 14.32, "confidence": null}, {"text": "Fingern", "start_seconds": 14.32, "end_seconds": 14.64, "confidence": null}]}, {"type": "transcript.final", "session_id": "64720822-5806-49b5-a223-5bb3215d0e3e", "sequence": 26, "segment_id": 1, "revision": 9, "text": "Gestern wurde sie in ihrer Hausarztpraxis diesbezüglich untersucht. Auch wurde Blut abgenommen.", "granularity": "word", "items": [{"text": "Gestern", "start_seconds": 15.76, "end_seconds": 16.08, "confidence": null}, {"text": "wurde", "start_seconds": 16.08, "end_seconds": 16.32, "confidence": null}, {"text": "sie", "start_seconds": 16.32, "end_seconds": 16.48, "confidence": null}, {"text": "in", "start_seconds": 16.48, "end_seconds": 16.64, "confidence": null}, {"text": "ihrer", "start_seconds": 16.64, "end_seconds": 16.88, "confidence": null}, {"text": "Hausarztpraxis", "start_seconds": 16.88, "end_seconds": 17.52, "confidence": null}, {"text": "diesbezüglich", "start_seconds": 17.92, "end_seconds": 18.48, "confidence": null}, {"text": "untersucht.", "start_seconds": 18.48, "end_seconds": 18.72, "confidence": null}, {"text": "Auch", "start_seconds": 19.68, "end_seconds": 19.84, "confidence": null}, {"text": "wurde", "start_seconds": 19.84, "end_seconds": 20.16, "confidence": null}, {"text": "Blut", "start_seconds": 20.16, "end_seconds": 20.4, "confidence": null}, {"text": "abgenommen.", "start_seconds": 20.4, "end_seconds": 20.64, "confidence": null}]}, {"type": "transcript.final", "session_id": "64720822-5806-49b5-a223-5bb3215d0e3e", "sequence": 50, "segment_id": 2, "revision": 24, "text": " Die Laborwerte sprechen im Kontext der Anamnese mit an Sicherheit grenzender Wahrscheinlichkeit für das Vorliegen einer chronischen Polyatritis. Heute kommt die Patientin, um über das Ergebnis der Laboruntersuchungen zu sprechen", "granularity": "word", "items": [{"text": " Die", "start_seconds": 21.84, "end_seconds": 21.92, "confidence": null}, {"text": "Laborwerte", "start_seconds": 21.92, "end_seconds": 22.56, "confidence": null}, {"text": "sprechen", "start_seconds": 22.56, "end_seconds": 22.96, "confidence": null}, {"text": "im", "start_seconds": 22.96, "end_seconds": 23.12, "confidence": null}, {"text": "Kontext", "start_seconds": 23.12, "end_seconds": 23.52, "confidence": null}, {"text": "der", "start_seconds": 23.52, "end_seconds": 23.76, "confidence": null}, {"text": "Anamnese", "start_seconds": 23.76, "end_seconds": 24.24, "confidence": null}, {"text": "mit", "start_seconds": 24.64, "end_seconds": 24.8, "confidence": null}, {"text": "an", "start_seconds": 24.8, "end_seconds": 24.96, "confidence": null}, {"text": "Sicherheit", "start_seconds": 24.96, "end_seconds": 25.44, "confidence": null}, {"text": "grenzender", "start_seconds": 25.44, "end_seconds": 26.0, "confidence": null}, {"text": "Wahrscheinlichkeit", "start_seconds": 26.0, "end_seconds": 26.48, "confidence": null}, {"text": "für", "start_seconds": 26.48, "end_seconds": 26.72, "confidence": null}, {"text": "das", "start_seconds": 26.72, "end_seconds": 27.04, "confidence": null}, {"text": "Vorliegen", "start_seconds": 27.04, "end_seconds": 27.6, "confidence": null}, {"text": "einer", "start_seconds": 27.6, "end_seconds": 28.0, "confidence": null}, {"text": "chronischen", "start_seconds": 28.0, "end_seconds": 28.56, "confidence": null}, {"text": "Polyatritis.", "start_seconds": 28.56, "end_seconds": 29.2, "confidence": null}, {"text": "Heute", "start_seconds": 30.0, "end_seconds": 30.4, "confidence": null}, {"text": "kommt", "start_seconds": 30.4, "end_seconds": 30.64, "confidence": null}, {"text": "die", "start_seconds": 30.64, "end_seconds": 30.8, "confidence": null}, {"text": "Patientin,", "start_seconds": 30.8, "end_seconds": 31.2, "confidence": null}, {"text": "um", "start_seconds": 31.92, "end_seconds": 32.0, "confidence": null}, {"text": "über", "start_seconds": 32.0, "end_seconds": 32.16, "confidence": null}, {"text": "das", "start_seconds": 32.16, "end_seconds": 32.32, "confidence": null}, {"text": "Ergebnis", "start_seconds": 32.32, "end_seconds": 32.8, "confidence": null}, {"text": "der", "start_seconds": 32.8, "end_seconds": 33.04, "confidence": null}, {"text": "Laboruntersuchungen", "start_seconds": 33.04, "end_seconds": 34.0, "confidence": null}, {"text": "zu", "start_seconds": 34.0, "end_seconds": 34.16, "confidence": null}, {"text": "sprechen", "start_seconds": 34.16, "end_seconds": 34.24, "confidence": null}]}, {"type": "transcript.final", "session_id": "64720822-5806-49b5-a223-5bb3215d0e3e", "sequence": 61, "segment_id": 3, "revision": 11, "text": "Ihre Aufgabe ist es der Patientin die schlechte Nachricht zu übermitteln, dass sie an Gelenkräume erkrankt ist", "granularity": "word", "items": [{"text": "Ihre", "start_seconds": 35.44, "end_seconds": 35.84, "confidence": null}, {"text": "Aufgabe", "start_seconds": 35.84, "end_seconds": 36.16, "confidence": null}, {"text": "ist", "start_seconds": 36.16, "end_seconds": 36.4, "confidence": null}, {"text": "es", "start_seconds": 36.4, "end_seconds": 36.48, "confidence": null}, {"text": "der", "start_seconds": 37.04, "end_seconds": 37.2, "confidence": null}, {"text": "Patientin", "start_seconds": 37.2, "end_seconds": 37.84, "confidence": null}, {"text": "die", "start_seconds": 37.84, "end_seconds": 38.08, "confidence": null}, {"text": "schlechte", "start_seconds": 38.08, "end_seconds": 38.24, "confidence": null}, {"text": "Nachricht", "start_seconds": 38.24, "end_seconds": 38.56, "confidence": null}, {"text": "zu", "start_seconds": 38.56, "end_seconds": 38.72, "confidence": null}, {"text": "übermitteln,", "start_seconds": 38.72, "end_seconds": 39.04, "confidence": null}, {"text": "dass", "start_seconds": 39.84, "end_seconds": 39.92, "confidence": null}, {"text": "sie", "start_seconds": 39.92, "end_seconds": 40.08, "confidence": null}, {"text": "an", "start_seconds": 40.08, "end_seconds": 40.32, "confidence": null}, {"text": "Gelenkräume", "start_seconds": 40.32, "end_seconds": 40.96, "confidence": null}, {"text": "erkrankt", "start_seconds": 40.96, "end_seconds": 41.36, "confidence": null}, {"text": "ist", "start_seconds": 41.36, "end_seconds": 41.44, "confidence": null}]}, {"type": "transcript.final", "session_id": "64720822-5806-49b5-a223-5bb3215d0e3e", "sequence": 64, "segment_id": 4, "revision": 3, "text": " Guten Tag von Klein", "granularity": "word", "items": [{"text": " Guten", "start_seconds": 43.84, "end_seconds": 44.08, "confidence": null}, {"text": "Tag", "start_seconds": 44.08, "end_seconds": 44.32, "confidence": null}, {"text": "von", "start_seconds": 44.32, "end_seconds": 44.4, "confidence": null}, {"text": "Klein", "start_seconds": 44.4, "end_seconds": 44.56, "confidence": null}]}, {"type": "transcript.final", "session_id": "64720822-5806-49b5-a223-5bb3215d0e3e", "sequence": 67, "segment_id": 5, "revision": 3, "text": "nehmen Sie auf Platz, Frau Klein", "granularity": "word", "items": [{"text": "nehmen", "start_seconds": 46.08, "end_seconds": 46.24, "confidence": null}, {"text": "Sie", "start_seconds": 46.24, "end_seconds": 46.32, "confidence": null}, {"text": "auf", "start_seconds": 46.32, "end_seconds": 46.4, "confidence": null}, {"text": "Platz,", "start_seconds": 46.4, "end_seconds": 46.64, "confidence": null}, {"text": "Frau", "start_seconds": 46.64, "end_seconds": 46.8, "confidence": null}, {"text": "Klein", "start_seconds": 46.8, "end_seconds": 46.96, "confidence": null}]}, {"type": "transcript.final", "session_id": "64720822-5806-49b5-a223-5bb3215d0e3e", "sequence": 69, "segment_id": 6, "revision": 2, "text": " wie geht es hin?", "granularity": "word", "items": [{"text": " wie", "start_seconds": 52.64, "end_seconds": 52.72, "confidence": null}, {"text": "geht", "start_seconds": 52.72, "end_seconds": 52.8, "confidence": null}, {"text": "es", "start_seconds": 52.8, "end_seconds": 52.96, "confidence": null}, {"text": "hin?", "start_seconds": 52.96, "end_seconds": 53.04, "confidence": null}]}, {"type": "transcript.final", "session_id": "64720822-5806-49b5-a223-5bb3215d0e3e", "sequence": 74, "segment_id": 7, "revision": 5, "text": " Soweit ganz gut heute Morgen war es nochmal so ein bisschen", "granularity": "word", "items": [{"text": " Soweit", "start_seconds": 54.32, "end_seconds": 54.64, "confidence": null}, {"text": "ganz", "start_seconds": 54.64, "end_seconds": 54.88, "confidence": null}, {"text": "gut", "start_seconds": 54.88, "end_seconds": 54.96, "confidence": null}, {"text": "heute", "start_seconds": 55.52, "end_seconds": 55.76, "confidence": null}, {"text": "Morgen", "start_seconds": 55.76, "end_seconds": 55.92, "confidence": null}, {"text": "war", "start_seconds": 55.92, "end_seconds": 56.0, "confidence": null}, {"text": "es", "start_seconds": 56.0, "end_seconds": 56.08, "confidence": null}, {"text": "nochmal", "start_seconds": 56.08, "end_seconds": 56.24, "confidence": null}, {"text": "so", "start_seconds": 56.24, "end_seconds": 56.4, "confidence": null}, {"text": "ein", "start_seconds": 56.4, "end_seconds": 56.48, "confidence": null}, {"text": "bisschen", "start_seconds": 56.48, "end_seconds": 56.56, "confidence": null}]}, {"type": "transcript.final", "session_id": "64720822-5806-49b5-a223-5bb3215d0e3e", "sequence": 104, "segment_id": 8, "revision": 30, "text": "da habe ich dann Ipophäen genommen und jetzt ist besser. Diese Schmerzen, die sie seit ein paar Wochen. Genau, weswegen ich gekommen bin. Richtig. Ich glaube wir hatten uns heute für abredet, um die Ergebnisse der Blutuntersuchung zu bestehen. Genau nicht genau. Ich würde auch gerne haben Sie selber eine Idee, wo die Schmerzen hier kommen", "granularity": "word", "items": [{"text": "da", "start_seconds": 57.84, "end_seconds": 57.92, "confidence": null}, {"text": "habe", "start_seconds": 57.92, "end_seconds": 58.0, "confidence": null}, {"text": "ich", "start_seconds": 58.0, "end_seconds": 58.08, "confidence": null}, {"text": "dann", "start_seconds": 58.08, "end_seconds": 58.32, "confidence": null}, {"text": "Ipophäen", "start_seconds": 58.32, "end_seconds": 58.96, "confidence": null}, {"text": "genommen", "start_seconds": 58.96, "end_seconds": 59.04, "confidence": null}, {"text": "und", "start_seconds": 59.36, "end_seconds": 59.6, "confidence": null}, {"text": "jetzt", "start_seconds": 59.6, "end_seconds": 59.76, "confidence": null}, {"text": "ist", "start_seconds": 59.76, "end_seconds": 59.92, "confidence": null}, {"text": "besser.", "start_seconds": 59.92, "end_seconds": 60.0, "confidence": null}, {"text": "Diese", "start_seconds": 60.72, "end_seconds": 61.04, "confidence": null}, {"text": "Schmerzen,", "start_seconds": 61.04, "end_seconds": 61.36, "confidence": null}, {"text": "die", "start_seconds": 61.36, "end_seconds": 61.44, "confidence": null}, {"text": "sie", "start_seconds": 61.44, "end_seconds": 61.6, "confidence": null}, {"text": "seit", "start_seconds": 61.6, "end_seconds": 61.76, "confidence": null}, {"text": "ein", "start_seconds": 61.76, "end_seconds": 61.84, "confidence": null}, {"text": "paar", "start_seconds": 61.84, "end_seconds": 61.92, "confidence": null}, {"text": "Wochen.", "start_seconds": 61.92, "end_seconds": 62.16, "confidence": null}, {"text": "Genau,", "start_seconds": 62.24, "end_seconds": 62.48, "confidence": null}, {"text": "weswegen", "start_seconds": 62.48, "end_seconds": 62.72, "confidence": null}, {"text": "ich", "start_seconds": 62.72, "end_seconds": 62.8, "confidence": null}, {"text": "gekommen", "start_seconds": 63.44, "end_seconds": 63.68, "confidence": null}, {"text": "bin.", "start_seconds": 63.68, "end_seconds": 63.76, "confidence": null}, {"text": "Richtig.", "start_seconds": 64.48, "end_seconds": 64.72, "confidence": null}, {"text": "Ich", "start_seconds": 65.52, "end_seconds": 65.6, "confidence": null}, {"text": "glaube", "start_seconds": 65.6, "end_seconds": 65.76, "confidence": null}, {"text": "wir", "start_seconds": 65.76, "end_seconds": 65.92, "confidence": null}, {"text": "hatten", "start_seconds": 65.92, "end_seconds": 66.08, "confidence": null}, {"text": "uns", "start_seconds": 66.08, "end_seconds": 66.32, "confidence": null}, {"text": "heute", "start_seconds": 66.32, "end_seconds": 66.56, "confidence": null}, {"text": "für", "start_seconds": 66.56, "end_seconds": 66.72, "confidence": null}, {"text": "abredet,", "start_seconds": 66.72, "end_seconds": 67.04, "confidence": null}, {"text": "um", "start_seconds": 67.04, "end_seconds": 67.2, "confidence": null}, {"text": "die", "start_seconds": 67.2, "end_seconds": 67.36, "confidence": null}, {"text": "Ergebnisse", "start_seconds": 67.36, "end_seconds": 67.84, "confidence": null}, {"text": "der", "start_seconds": 67.84, "end_seconds": 68.08, "confidence": null}, {"text": "Blutuntersuchung", "start_seconds": 68.08, "end_seconds": 68.72, "confidence": null}, {"text": "zu", "start_seconds": 68.72, "end_seconds": 68.88, "confidence": null}, {"text": "bestehen.", "start_seconds": 68.88, "end_seconds": 69.12, "confidence": null}, {"text": "Genau", "start_seconds": 69.28, "end_seconds": 69.36, "confidence": null}, {"text": "nicht", "start_seconds": 69.92, "end_seconds": 70.0, "confidence": null}, {"text": "genau.", "start_seconds": 70.0, "end_seconds": 70.16, "confidence": null}, {"text": "Ich", "start_seconds": 71.12, "end_seconds": 71.36, "confidence": null}, {"text": "würde", "start_seconds": 71.36, "end_seconds": 71.68, "confidence": null}, {"text": "auch", "start_seconds": 71.68, "end_seconds": 71.84, "confidence": null}, {"text": "gerne", "start_seconds": 71.84, "end_seconds": 71.92, "confidence": null}, {"text": "haben", "start_seconds": 72.24, "end_seconds": 72.4, "confidence": null}, {"text": "Sie", "start_seconds": 72.4, "end_seconds": 72.56, "confidence": null}, {"text": "selber", "start_seconds": 72.56, "end_seconds": 72.8, "confidence": null}, {"text": "eine", "start_seconds": 72.8, "end_seconds": 73.04, "confidence": null}, {"text": "Idee,", "start_seconds": 73.04, "end_seconds": 73.52, "confidence": null}, {"text": "wo", "start_seconds": 73.52, "end_seconds": 73.68, "confidence": null}, {"text": "die", "start_seconds": 73.68, "end_seconds": 73.92, "confidence": null}, {"text": "Schmerzen", "start_seconds": 73.92, "end_seconds": 74.32, "confidence": null}, {"text": "hier", "start_seconds": 74.32, "end_seconds": 74.56, "confidence": null}, {"text": "kommen", "start_seconds": 74.56, "end_seconds": 74.64, "confidence": null}]}, {"type": "transcript.final", "session_id": "64720822-5806-49b5-a223-5bb3215d0e3e", "sequence": 117, "segment_id": 9, "revision": 13, "text": " Ich habe es gedacht, es geben vom Volleyball oder so, sondern irgendwie leichte Prellung oder irgendwie", "granularity": "word", "items": [{"text": " Ich", "start_seconds": 76.72, "end_seconds": 76.8, "confidence": null}, {"text": "habe", "start_seconds": 76.8, "end_seconds": 76.88, "confidence": null}, {"text": "es", "start_seconds": 77.36, "end_seconds": 77.44, "confidence": null}, {"text": "gedacht,", "start_seconds": 77.44, "end_seconds": 77.84, "confidence": null}, {"text": "es", "start_seconds": 77.84, "end_seconds": 77.92, "confidence": null}, {"text": "geben", "start_seconds": 77.92, "end_seconds": 78.4, "confidence": null}, {"text": "vom", "start_seconds": 78.4, "end_seconds": 78.56, "confidence": null}, {"text": "Volleyball", "start_seconds": 79.28, "end_seconds": 79.84, "confidence": null}, {"text": "oder", "start_seconds": 79.84, "end_seconds": 80.08, "confidence": null}, {"text": "so,", "start_seconds": 80.08, "end_seconds": 80.16, "confidence": null}, {"text": "sondern", "start_seconds": 80.64, "end_seconds": 80.96, "confidence": null}, {"text": "irgendwie", "start_seconds": 80.96, "end_seconds": 81.36, "confidence": null}, {"text": "leichte", "start_seconds": 81.36, "end_seconds": 81.76, "confidence": null}, {"text": "Prellung", "start_seconds": 81.76, "end_seconds": 82.24, "confidence": null}, {"text": "oder", "start_seconds": 82.24, "end_seconds": 82.32, "confidence": null}, {"text": "irgendwie", "start_seconds": 83.2, "end_seconds": 83.52, "confidence": null}]}, {"type": "transcript.final", "session_id": "64720822-5806-49b5-a223-5bb3215d0e3e", "sequence": 120, "segment_id": 10, "revision": 3, "text": " sonst nix", "granularity": "word", "items": [{"text": " sonst", "start_seconds": 85.76, "end_seconds": 86.24, "confidence": null}, {"text": "nix", "start_seconds": 86.24, "end_seconds": 86.32, "confidence": null}]}, {"type": "transcript.final", "session_id": "64720822-5806-49b5-a223-5bb3215d0e3e", "sequence": 126, "segment_id": 11, "revision": 6, "text": "Ich habe tatsächlich eine nicht so gute Nachhalt für sie", "granularity": "word", "items": [{"text": "Ich", "start_seconds": 87.6, "end_seconds": 87.76, "confidence": null}, {"text": "habe", "start_seconds": 87.76, "end_seconds": 87.92, "confidence": null}, {"text": "tatsächlich", "start_seconds": 87.92, "end_seconds": 88.08, "confidence": null}, {"text": "eine", "start_seconds": 88.48, "end_seconds": 88.8, "confidence": null}, {"text": "nicht", "start_seconds": 88.8, "end_seconds": 88.88, "confidence": null}, {"text": "so", "start_seconds": 88.88, "end_seconds": 89.04, "confidence": null}, {"text": "gute", "start_seconds": 89.04, "end_seconds": 89.28, "confidence": null}, {"text": "Nachhalt", "start_seconds": 89.28, "end_seconds": 89.76, "confidence": null}, {"text": "für", "start_seconds": 89.76, "end_seconds": 90.0, "confidence": null}, {"text": "sie", "start_seconds": 90.0, "end_seconds": 90.08, "confidence": null}]}, {"type": "transcript.final", "session_id": "64720822-5806-49b5-a223-5bb3215d0e3e", "sequence": 137, "segment_id": 12, "revision": 11, "text": "Die Laborwerte, die wir abgenommen haben, sprechen dafür, dass bei Ihnen einen Rollenmar vorliegt, ein Gelenkrolmar", "granularity": "word", "items": [{"text": "Die", "start_seconds": 91.36, "end_seconds": 91.68, "confidence": null}, {"text": "Laborwerte,", "start_seconds": 91.68, "end_seconds": 92.32, "confidence": null}, {"text": "die", "start_seconds": 92.32, "end_seconds": 92.4, "confidence": null}, {"text": "wir", "start_seconds": 92.4, "end_seconds": 92.56, "confidence": null}, {"text": "abgenommen", "start_seconds": 92.56, "end_seconds": 92.88, "confidence": null}, {"text": "haben,", "start_seconds": 92.88, "end_seconds": 92.96, "confidence": null}, {"text": "sprechen", "start_seconds": 93.28, "end_seconds": 93.6, "confidence": null}, {"text": "dafür,", "start_seconds": 93.6, "end_seconds": 93.92, "confidence": null}, {"text": "dass", "start_seconds": 93.92, "end_seconds": 94.24, "confidence": null}, {"text": "bei", "start_seconds": 94.24, "end_seconds": 94.32, "confidence": null}, {"text": "Ihnen", "start_seconds": 94.32, "end_seconds": 94.64, "confidence": null}, {"text": "einen", "start_seconds": 94.64, "end_seconds": 94.88, "confidence": null}, {"text": "Rollenmar", "start_seconds": 94.88, "end_seconds": 95.44, "confidence": null}, {"text": "vorliegt,", "start_seconds": 95.44, "end_seconds": 95.84, "confidence": null}, {"text": "ein", "start_seconds": 95.84, "end_seconds": 96.0, "confidence": null}, {"text": "Gelenkrolmar", "start_seconds": 96.0, "end_seconds": 96.72, "confidence": null}]}, {"type": "transcript.final", "session_id": "64720822-5806-49b5-a223-5bb3215d0e3e", "sequence": 142, "segment_id": 13, "revision": 5, "text": " weiß nicht, ob Sie davon schon mal was gehört haben", "granularity": "word", "items": [{"text": " weiß", "start_seconds": 99.12, "end_seconds": 99.36, "confidence": null}, {"text": "nicht,", "start_seconds": 99.36, "end_seconds": 99.44, "confidence": null}, {"text": "ob", "start_seconds": 99.44, "end_seconds": 99.6, "confidence": null}, {"text": "Sie", "start_seconds": 99.6, "end_seconds": 99.84, "confidence": null}, {"text": "davon", "start_seconds": 99.84, "end_seconds": 100.08, "confidence": null}, {"text": "schon", "start_seconds": 100.08, "end_seconds": 100.24, "confidence": null}, {"text": "mal", "start_seconds": 100.24, "end_seconds": 100.32, "confidence": null}, {"text": "was", "start_seconds": 100.32, "end_seconds": 100.4, "confidence": null}, {"text": "gehört", "start_seconds": 100.4, "end_seconds": 100.8, "confidence": null}, {"text": "haben", "start_seconds": 100.8, "end_seconds": 100.88, "confidence": null}]}, {"type": "transcript.final", "session_id": "64720822-5806-49b5-a223-5bb3215d0e3e", "sequence": 147, "segment_id": 14, "revision": 5, "text": "Ja doch schon, also", "granularity": "word", "items": [{"text": "Ja", "start_seconds": 103.76, "end_seconds": 103.84, "confidence": null}, {"text": "doch", "start_seconds": 105.12, "end_seconds": 105.28, "confidence": null}, {"text": "schon,", "start_seconds": 105.28, "end_seconds": 105.36, "confidence": null}, {"text": "also", "start_seconds": 105.84, "end_seconds": 105.92, "confidence": null}]}, {"type": "transcript.final", "session_id": "64720822-5806-49b5-a223-5bb3215d0e3e", "sequence": 152, "segment_id": 15, "revision": 5, "text": " meine Großtante hatte Räume. Genau", "granularity": "word", "items": [{"text": " meine", "start_seconds": 109.36, "end_seconds": 109.44, "confidence": null}, {"text": "Großtante", "start_seconds": 109.76, "end_seconds": 110.24, "confidence": null}, {"text": "hatte", "start_seconds": 110.24, "end_seconds": 110.48, "confidence": null}, {"text": "Räume.", "start_seconds": 110.48, "end_seconds": 110.88, "confidence": null}, {"text": "Genau", "start_seconds": 111.2, "end_seconds": 111.36, "confidence": null}]}, {"type": "transcript.final", "session_id": "64720822-5806-49b5-a223-5bb3215d0e3e", "sequence": 157, "segment_id": 16, "revision": 5, "text": "aber das ist jetzt sicher, dass", "granularity": "word", "items": [{"text": "aber", "start_seconds": 112.8, "end_seconds": 112.88, "confidence": null}, {"text": "das", "start_seconds": 113.12, "end_seconds": 113.2, "confidence": null}, {"text": "ist", "start_seconds": 113.2, "end_seconds": 113.36, "confidence": null}, {"text": "jetzt", "start_seconds": 113.36, "end_seconds": 113.52, "confidence": null}, {"text": "sicher,", "start_seconds": 113.52, "end_seconds": 113.76, "confidence": null}, {"text": "dass", "start_seconds": 114.24, "end_seconds": 114.32, "confidence": null}]}, {"type": "transcript.final", "session_id": "64720822-5806-49b5-a223-5bb3215d0e3e", "sequence": 161, "segment_id": 17, "revision": 4, "text": " die Laborwehrte sind eindeutig", "granularity": "word", "items": [{"text": " die", "start_seconds": 116.72, "end_seconds": 116.8, "confidence": null}, {"text": "Laborwehrte", "start_seconds": 117.12, "end_seconds": 117.6, "confidence": null}, {"text": "sind", "start_seconds": 117.6, "end_seconds": 117.76, "confidence": null}, {"text": "eindeutig", "start_seconds": 117.76, "end_seconds": 118.08, "confidence": null}]}, {"type": "transcript.final", "session_id": "64720822-5806-49b5-a223-5bb3215d0e3e", "sequence": 178, "segment_id": 18, "revision": 17, "text": " dafür, ich denke, dass wenn der weiteren Behandlung nochmal einen Rheumatologen hinzuziehen würden, aber ich gehe jetzt erstmal davon aus, dass das tatsächlich räume ist, was Sie haben", "granularity": "word", "items": [{"text": " dafür,", "start_seconds": 119.28, "end_seconds": 119.44, "confidence": null}, {"text": "ich", "start_seconds": 120.24, "end_seconds": 120.48, "confidence": null}, {"text": "denke,", "start_seconds": 120.48, "end_seconds": 120.64, "confidence": null}, {"text": "dass", "start_seconds": 120.64, "end_seconds": 120.88, "confidence": null}, {"text": "wenn", "start_seconds": 120.88, "end_seconds": 121.12, "confidence": null}, {"text": "der", "start_seconds": 121.12, "end_seconds": 121.2, "confidence": null}, {"text": "weiteren", "start_seconds": 121.2, "end_seconds": 121.52, "confidence": null}, {"text": "Behandlung", "start_seconds": 121.52, "end_seconds": 121.84, "confidence": null}, {"text": "nochmal", "start_seconds": 121.84, "end_seconds": 122.08, "confidence": null}, {"text": "einen", "start_seconds": 122.08, "end_seconds": 122.24, "confidence": null}, {"text": "Rheumatologen", "start_seconds": 122.24, "end_seconds": 122.88, "confidence": null}, {"text": "hinzuziehen", "start_seconds": 122.88, "end_seconds": 123.44, "confidence": null}, {"text": "würden,", "start_seconds": 123.44, "end_seconds": 123.76, "confidence": null}, {"text": "aber", "start_seconds": 123.76, "end_seconds": 123.92, "confidence": null}, {"text": "ich", "start_seconds": 123.92, "end_seconds": 124.16, "confidence": null}, {"text": "gehe", "start_seconds": 124.16, "end_seconds": 124.4, "confidence": null}, {"text": "jetzt", "start_seconds": 124.4, "end_seconds": 124.56, "confidence": null}, {"text": "erstmal", "start_seconds": 124.56, "end_seconds": 124.88, "confidence": null}, {"text": "davon", "start_seconds": 124.88, "end_seconds": 125.12, "confidence": null}, {"text": "aus,", "start_seconds": 125.12, "end_seconds": 125.2, "confidence": null}, {"text": "dass", "start_seconds": 125.92, "end_seconds": 126.16, "confidence": null}, {"text": "das", "start_seconds": 126.16, "end_seconds": 126.4, "confidence": null}, {"text": "tatsächlich", "start_seconds": 126.4, "end_seconds": 126.56, "confidence": null}, {"text": "räume", "start_seconds": 127.12, "end_seconds": 127.52, "confidence": null}, {"text": "ist,", "start_seconds": 127.52, "end_seconds": 127.6, "confidence": null}, {"text": "was", "start_seconds": 128.24, "end_seconds": 128.4, "confidence": null}, {"text": "Sie", "start_seconds": 128.4, "end_seconds": 128.56, "confidence": null}, {"text": "haben", "start_seconds": 128.56, "end_seconds": 128.64, "confidence": null}]}, {"type": "transcript.final", "session_id": "64720822-5806-49b5-a223-5bb3215d0e3e", "sequence": 183, "segment_id": 19, "revision": 5, "text": " Geht jetzt ein bisschen plötzlich. Das habe ich jetzt gar nicht", "granularity": "word", "items": [{"text": " Geht", "start_seconds": 137.36, "end_seconds": 137.6, "confidence": null}, {"text": "jetzt", "start_seconds": 137.6, "end_seconds": 137.76, "confidence": null}, {"text": "ein", "start_seconds": 137.76, "end_seconds": 137.84, "confidence": null}, {"text": "bisschen", "start_seconds": 137.84, "end_seconds": 138.08, "confidence": null}, {"text": "plötzlich.", "start_seconds": 138.08, "end_seconds": 138.16, "confidence": null}, {"text": "Das", "start_seconds": 139.04, "end_seconds": 139.2, "confidence": null}, {"text": "habe", "start_seconds": 139.2, "end_seconds": 139.28, "confidence": null}, {"text": "ich", "start_seconds": 139.28, "end_seconds": 139.44, "confidence": null}, {"text": "jetzt", "start_seconds": 139.44, "end_seconds": 139.6, "confidence": null}, {"text": "gar", "start_seconds": 139.6, "end_seconds": 139.76, "confidence": null}, {"text": "nicht", "start_seconds": 139.76, "end_seconds": 139.84, "confidence": null}]}, {"type": "transcript.final", "session_id": "64720822-5806-49b5-a223-5bb3215d0e3e", "sequence": 189, "segment_id": 20, "revision": 6, "text": "Habe ich gar nicht so erwartet. Das nervig", "granularity": "word", "items": [{"text": "Habe", "start_seconds": 142.32, "end_seconds": 142.56, "confidence": null}, {"text": "ich", "start_seconds": 142.56, "end_seconds": 142.64, "confidence": null}, {"text": "gar", "start_seconds": 142.64, "end_seconds": 142.72, "confidence": null}, {"text": "nicht", "start_seconds": 142.72, "end_seconds": 142.8, "confidence": null}, {"text": "so", "start_seconds": 142.8, "end_seconds": 143.04, "confidence": null}, {"text": "erwartet.", "start_seconds": 143.04, "end_seconds": 143.52, "confidence": null}, {"text": "Das", "start_seconds": 144.48, "end_seconds": 144.72, "confidence": null}, {"text": "nervig", "start_seconds": 144.72, "end_seconds": 144.88, "confidence": null}]}, {"type": "transcript.final", "session_id": "64720822-5806-49b5-a223-5bb3215d0e3e", "sequence": 193, "segment_id": 21, "revision": 4, "text": " sie sagten, dass ihre Großtante das hatte", "granularity": "word", "items": [{"text": " sie", "start_seconds": 150.64, "end_seconds": 150.88, "confidence": null}, {"text": "sagten,", "start_seconds": 150.88, "end_seconds": 151.04, "confidence": null}, {"text": "dass", "start_seconds": 151.04, "end_seconds": 151.2, "confidence": null}, {"text": "ihre", "start_seconds": 151.2, "end_seconds": 151.44, "confidence": null}, {"text": "Großtante", "start_seconds": 151.44, "end_seconds": 152.08, "confidence": null}, {"text": "das", "start_seconds": 152.08, "end_seconds": 152.24, "confidence": null}, {"text": "hatte", "start_seconds": 152.24, "end_seconds": 152.32, "confidence": null}]}, {"type": "transcript.final", "session_id": "64720822-5806-49b5-a223-5bb3215d0e3e", "sequence": 195, "segment_id": 22, "revision": 2, "text": " Ja", "granularity": "word", "items": [{"text": " Ja", "start_seconds": 154.08, "end_seconds": 154.16, "confidence": null}]}, {"type": "transcript.final", "session_id": "64720822-5806-49b5-a223-5bb3215d0e3e", "sequence": 198, "segment_id": 23, "revision": 3, "text": " später im Rollstuhl", "granularity": "word", "items": [{"text": " später", "start_seconds": 157.52, "end_seconds": 157.76, "confidence": null}, {"text": "im", "start_seconds": 157.76, "end_seconds": 157.92, "confidence": null}, {"text": "Rollstuhl", "start_seconds": 157.92, "end_seconds": 158.4, "confidence": null}]}, {"type": "transcript.final", "session_id": "64720822-5806-49b5-a223-5bb3215d0e3e", "sequence": 210, "segment_id": 24, "revision": 12, "text": " weiß irgendwie viel sie von Rollen wissen, ob es ihn helfen würde, wenn ich ihn dazu ein bisschen sage, das ist nicht immer bei jedem gleich", "granularity": "word", "items": [{"text": " weiß", "start_seconds": 164.08, "end_seconds": 164.4, "confidence": null}, {"text": "irgendwie", "start_seconds": 164.4, "end_seconds": 164.72, "confidence": null}, {"text": "viel", "start_seconds": 164.72, "end_seconds": 164.88, "confidence": null}, {"text": "sie", "start_seconds": 164.88, "end_seconds": 164.96, "confidence": null}, {"text": "von", "start_seconds": 164.96, "end_seconds": 165.12, "confidence": null}, {"text": "Rollen", "start_seconds": 165.12, "end_seconds": 165.44, "confidence": null}, {"text": "wissen,", "start_seconds": 165.44, "end_seconds": 165.6, "confidence": null}, {"text": "ob", "start_seconds": 165.6, "end_seconds": 165.76, "confidence": null}, {"text": "es", "start_seconds": 165.76, "end_seconds": 165.92, "confidence": null}, {"text": "ihn", "start_seconds": 165.92, "end_seconds": 166.0, "confidence": null}, {"text": "helfen", "start_seconds": 166.0, "end_seconds": 166.24, "confidence": null}, {"text": "würde,", "start_seconds": 166.24, "end_seconds": 166.48, "confidence": null}, {"text": "wenn", "start_seconds": 166.48, "end_seconds": 166.64, "confidence": null}, {"text": "ich", "start_seconds": 166.64, "end_seconds": 166.88, "confidence": null}, {"text": "ihn", "start_seconds": 166.88, "end_seconds": 166.96, "confidence": null}, {"text": "dazu", "start_seconds": 167.44, "end_seconds": 167.68, "confidence": null}, {"text": "ein", "start_seconds": 167.68, "end_seconds": 167.84, "confidence": null}, {"text": "bisschen", "start_seconds": 167.84, "end_seconds": 168.08, "confidence": null}, {"text": "sage,", "start_seconds": 168.08, "end_seconds": 168.16, "confidence": null}, {"text": "das", "start_seconds": 168.56, "end_seconds": 168.64, "confidence": null}, {"text": "ist", "start_seconds": 168.64, "end_seconds": 168.72, "confidence": null}, {"text": "nicht", "start_seconds": 168.72, "end_seconds": 168.88, "confidence": null}, {"text": "immer", "start_seconds": 168.88, "end_seconds": 169.12, "confidence": null}, {"text": "bei", "start_seconds": 169.12, "end_seconds": 169.28, "confidence": null}, {"text": "jedem", "start_seconds": 169.28, "end_seconds": 169.68, "confidence": null}, {"text": "gleich", "start_seconds": 169.68, "end_seconds": 169.84, "confidence": null}]}, {"type": "transcript.final", "session_id": "64720822-5806-49b5-a223-5bb3215d0e3e", "sequence": 219, "segment_id": 25, "revision": 9, "text": "Aber trotzdem endet er dann so, oder wir sind ein bisschen zu erzählen", "granularity": "word", "items": [{"text": "Aber", "start_seconds": 172.8, "end_seconds": 173.04, "confidence": null}, {"text": "trotzdem", "start_seconds": 173.04, "end_seconds": 173.2, "confidence": null}, {"text": "endet", "start_seconds": 173.92, "end_seconds": 174.32, "confidence": null}, {"text": "er", "start_seconds": 174.32, "end_seconds": 174.56, "confidence": null}, {"text": "dann", "start_seconds": 174.56, "end_seconds": 174.72, "confidence": null}, {"text": "so,", "start_seconds": 174.72, "end_seconds": 174.96, "confidence": null}, {"text": "oder", "start_seconds": 174.96, "end_seconds": 175.04, "confidence": null}, {"text": "wir", "start_seconds": 176.24, "end_seconds": 176.32, "confidence": null}, {"text": "sind", "start_seconds": 176.32, "end_seconds": 176.56, "confidence": null}, {"text": "ein", "start_seconds": 176.56, "end_seconds": 176.72, "confidence": null}, {"text": "bisschen", "start_seconds": 176.72, "end_seconds": 176.96, "confidence": null}, {"text": "zu", "start_seconds": 176.96, "end_seconds": 177.04, "confidence": null}, {"text": "erzählen", "start_seconds": 177.04, "end_seconds": 177.28, "confidence": null}]}, {"type": "transcript.final", "session_id": "64720822-5806-49b5-a223-5bb3215d0e3e", "sequence": 226, "segment_id": 26, "revision": 7, "text": "Das ist tatsächlich so, dass es bei verschiedenen Menschen ganz unterschiedlich laufen kann", "granularity": "word", "items": [{"text": "Das", "start_seconds": 180.96, "end_seconds": 181.12, "confidence": null}, {"text": "ist", "start_seconds": 181.12, "end_seconds": 181.2, "confidence": null}, {"text": "tatsächlich", "start_seconds": 181.2, "end_seconds": 181.52, "confidence": null}, {"text": "so,", "start_seconds": 181.52, "end_seconds": 181.76, "confidence": null}, {"text": "dass", "start_seconds": 181.76, "end_seconds": 181.92, "confidence": null}, {"text": "es", "start_seconds": 181.92, "end_seconds": 182.08, "confidence": null}, {"text": "bei", "start_seconds": 182.08, "end_seconds": 182.32, "confidence": null}, {"text": "verschiedenen", "start_seconds": 182.32, "end_seconds": 182.72, "confidence": null}, {"text": "Menschen", "start_seconds": 182.72, "end_seconds": 183.04, "confidence": null}, {"text": "ganz", "start_seconds": 183.04, "end_seconds": 183.28, "confidence": null}, {"text": "unterschiedlich", "start_seconds": 183.28, "end_seconds": 183.76, "confidence": null}, {"text": "laufen", "start_seconds": 183.76, "end_seconds": 184.08, "confidence": null}, {"text": "kann", "start_seconds": 184.08, "end_seconds": 184.16, "confidence": null}]}, {"type": "transcript.final", "session_id": "64720822-5806-49b5-a223-5bb3215d0e3e", "sequence": 238, "segment_id": 27, "revision": 12, "text": " Und das was sie bei ihrer Großtante gesehen haben, muss nicht das sein, was bei ihnen auftritt. Das ist überhaupt nicht vorhersagbar.", "granularity": "word", "items": [{"text": " Und", "start_seconds": 185.92, "end_seconds": 186.08, "confidence": null}, {"text": "das", "start_seconds": 186.08, "end_seconds": 186.24, "confidence": null}, {"text": "was", "start_seconds": 186.24, "end_seconds": 186.48, "confidence": null}, {"text": "sie", "start_seconds": 186.48, "end_seconds": 186.56, "confidence": null}, {"text": "bei", "start_seconds": 186.56, "end_seconds": 186.72, "confidence": null}, {"text": "ihrer", "start_seconds": 186.72, "end_seconds": 187.12, "confidence": null}, {"text": "Großtante", "start_seconds": 187.12, "end_seconds": 187.68, "confidence": null}, {"text": "gesehen", "start_seconds": 187.68, "end_seconds": 187.92, "confidence": null}, {"text": "haben,", "start_seconds": 187.92, "end_seconds": 188.0, "confidence": null}, {"text": "muss", "start_seconds": 188.32, "end_seconds": 188.48, "confidence": null}, {"text": "nicht", "start_seconds": 188.48, "end_seconds": 188.72, "confidence": null}, {"text": "das", "start_seconds": 188.72, "end_seconds": 188.88, "confidence": null}, {"text": "sein,", "start_seconds": 188.88, "end_seconds": 189.04, "confidence": null}, {"text": "was", "start_seconds": 189.04, "end_seconds": 189.2, "confidence": null}, {"text": "bei", "start_seconds": 189.2, "end_seconds": 189.36, "confidence": null}, {"text": "ihnen", "start_seconds": 189.36, "end_seconds": 189.6, "confidence": null}, {"text": "auftritt.", "start_seconds": 189.6, "end_seconds": 190.0, "confidence": null}, {"text": "Das", "start_seconds": 191.04, "end_seconds": 191.2, "confidence": null}, {"text": "ist", "start_seconds": 191.2, "end_seconds": 191.28, "confidence": null}, {"text": "überhaupt", "start_seconds": 191.28, "end_seconds": 191.52, "confidence": null}, {"text": "nicht", "start_seconds": 191.52, "end_seconds": 191.68, "confidence": null}, {"text": "vorhersagbar.", "start_seconds": 191.68, "end_seconds": 192.32, "confidence": null}]}, {"type": "transcript.final", "session_id": "64720822-5806-49b5-a223-5bb3215d0e3e", "sequence": 252, "segment_id": 28, "revision": 14, "text": " Das ist vorstellbar, dass eine erbliche Komponente da ist, wenn das in der Familie war, aber das heißt überhaupt nicht, dass dann auch die Verläufe immer gleich sind", "granularity": "word", "items": [{"text": " Das", "start_seconds": 193.76, "end_seconds": 193.84, "confidence": null}, {"text": "ist", "start_seconds": 193.84, "end_seconds": 194.0, "confidence": null}, {"text": "vorstellbar,", "start_seconds": 194.0, "end_seconds": 194.48, "confidence": null}, {"text": "dass", "start_seconds": 194.48, "end_seconds": 194.64, "confidence": null}, {"text": "eine", "start_seconds": 194.64, "end_seconds": 194.72, "confidence": null}, {"text": "erbliche", "start_seconds": 194.72, "end_seconds": 195.12, "confidence": null}, {"text": "Komponente", "start_seconds": 195.12, "end_seconds": 195.52, "confidence": null}, {"text": "da", "start_seconds": 195.52, "end_seconds": 195.68, "confidence": null}, {"text": "ist,", "start_seconds": 195.68, "end_seconds": 195.84, "confidence": null}, {"text": "wenn", "start_seconds": 195.84, "end_seconds": 196.0, "confidence": null}, {"text": "das", "start_seconds": 196.0, "end_seconds": 196.16, "confidence": null}, {"text": "in", "start_seconds": 196.16, "end_seconds": 196.24, "confidence": null}, {"text": "der", "start_seconds": 196.24, "end_seconds": 196.32, "confidence": null}, {"text": "Familie", "start_seconds": 196.32, "end_seconds": 196.4, "confidence": null}, {"text": "war,", "start_seconds": 196.8, "end_seconds": 196.88, "confidence": null}, {"text": "aber", "start_seconds": 198.0, "end_seconds": 198.24, "confidence": null}, {"text": "das", "start_seconds": 198.24, "end_seconds": 198.32, "confidence": null}, {"text": "heißt", "start_seconds": 198.32, "end_seconds": 198.56, "confidence": null}, {"text": "überhaupt", "start_seconds": 198.56, "end_seconds": 198.8, "confidence": null}, {"text": "nicht,", "start_seconds": 198.8, "end_seconds": 198.96, "confidence": null}, {"text": "dass", "start_seconds": 198.96, "end_seconds": 199.12, "confidence": null}, {"text": "dann", "start_seconds": 199.12, "end_seconds": 199.28, "confidence": null}, {"text": "auch", "start_seconds": 199.28, "end_seconds": 199.36, "confidence": null}, {"text": "die", "start_seconds": 199.36, "end_seconds": 199.6, "confidence": null}, {"text": "Verläufe", "start_seconds": 199.6, "end_seconds": 199.92, "confidence": null}, {"text": "immer", "start_seconds": 200.48, "end_seconds": 200.8, "confidence": null}, {"text": "gleich", "start_seconds": 200.8, "end_seconds": 201.04, "confidence": null}, {"text": "sind", "start_seconds": 201.04, "end_seconds": 201.12, "confidence": null}]}, {"type": "transcript.final", "session_id": "64720822-5806-49b5-a223-5bb3215d0e3e", "sequence": 257, "segment_id": 29, "revision": 5, "text": " Das heißt ja dann schon, dass ich jetzt schwere", "granularity": "word", "items": [{"text": " Das", "start_seconds": 205.12, "end_seconds": 205.2, "confidence": null}, {"text": "heißt", "start_seconds": 205.2, "end_seconds": 205.52, "confidence": null}, {"text": "ja", "start_seconds": 205.52, "end_seconds": 205.68, "confidence": null}, {"text": "dann", "start_seconds": 205.68, "end_seconds": 205.76, "confidence": null}, {"text": "schon,", "start_seconds": 205.76, "end_seconds": 205.92, "confidence": null}, {"text": "dass", "start_seconds": 205.92, "end_seconds": 206.08, "confidence": null}, {"text": "ich", "start_seconds": 206.08, "end_seconds": 206.24, "confidence": null}, {"text": "jetzt", "start_seconds": 206.24, "end_seconds": 206.48, "confidence": null}, {"text": "schwere", "start_seconds": 206.48, "end_seconds": 206.72, "confidence": null}]}, {"type": "transcript.final", "session_id": "64720822-5806-49b5-a223-5bb3215d0e3e", "sequence": 284, "segment_id": 30, "revision": 27, "text": " Medikamente nehmen muss oder hier läuft das ab. Ja schwere Medikamente, also es gibt Medikamente, mit denen man heute die diese Erkrankung sehr gut häufig, sehr gut kontrollieren kann, so dass sie nicht fortschreitet und dass diese Gelenkserstörung gar nicht erst auftreten.", "granularity": "word", "items": [{"text": " Medikamente", "start_seconds": 207.76, "end_seconds": 208.24, "confidence": null}, {"text": "nehmen", "start_seconds": 208.24, "end_seconds": 208.48, "confidence": null}, {"text": "muss", "start_seconds": 208.48, "end_seconds": 208.56, "confidence": null}, {"text": "oder", "start_seconds": 208.96, "end_seconds": 209.04, "confidence": null}, {"text": "hier", "start_seconds": 209.76, "end_seconds": 209.92, "confidence": null}, {"text": "läuft", "start_seconds": 209.92, "end_seconds": 210.16, "confidence": null}, {"text": "das", "start_seconds": 210.16, "end_seconds": 210.4, "confidence": null}, {"text": "ab.", "start_seconds": 210.4, "end_seconds": 210.64, "confidence": null}, {"text": "Ja", "start_seconds": 210.8, "end_seconds": 210.88, "confidence": null}, {"text": "schwere", "start_seconds": 211.68, "end_seconds": 211.92, "confidence": null}, {"text": "Medikamente,", "start_seconds": 211.92, "end_seconds": 212.4, "confidence": null}, {"text": "also", "start_seconds": 212.4, "end_seconds": 212.56, "confidence": null}, {"text": "es", "start_seconds": 212.56, "end_seconds": 212.64, "confidence": null}, {"text": "gibt", "start_seconds": 212.64, "end_seconds": 212.8, "confidence": null}, {"text": "Medikamente,", "start_seconds": 212.8, "end_seconds": 213.12, "confidence": null}, {"text": "mit", "start_seconds": 213.52, "end_seconds": 213.6, "confidence": null}, {"text": "denen", "start_seconds": 213.6, "end_seconds": 213.84, "confidence": null}, {"text": "man", "start_seconds": 213.84, "end_seconds": 213.92, "confidence": null}, {"text": "heute", "start_seconds": 213.92, "end_seconds": 214.32, "confidence": null}, {"text": "die", "start_seconds": 214.32, "end_seconds": 214.64, "confidence": null}, {"text": "diese", "start_seconds": 214.64, "end_seconds": 214.72, "confidence": null}, {"text": "Erkrankung", "start_seconds": 215.04, "end_seconds": 215.2, "confidence": null}, {"text": "sehr", "start_seconds": 215.6, "end_seconds": 215.84, "confidence": null}, {"text": "gut", "start_seconds": 215.84, "end_seconds": 215.92, "confidence": null}, {"text": "häufig,", "start_seconds": 216.24, "end_seconds": 216.4, "confidence": null}, {"text": "sehr", "start_seconds": 216.8, "end_seconds": 216.96, "confidence": null}, {"text": "gut", "start_seconds": 216.96, "end_seconds": 217.28, "confidence": null}, {"text": "kontrollieren", "start_seconds": 217.28, "end_seconds": 217.68, "confidence": null}, {"text": "kann,", "start_seconds": 217.68, "end_seconds": 217.76, "confidence": null}, {"text": "so", "start_seconds": 218.48, "end_seconds": 218.64, "confidence": null}, {"text": "dass", "start_seconds": 218.64, "end_seconds": 218.8, "confidence": null}, {"text": "sie", "start_seconds": 218.8, "end_seconds": 219.04, "confidence": null}, {"text": "nicht", "start_seconds": 219.04, "end_seconds": 219.12, "confidence": null}, {"text": "fortschreitet", "start_seconds": 219.12, "end_seconds": 219.68, "confidence": null}, {"text": "und", "start_seconds": 219.68, "end_seconds": 219.84, "confidence": null}, {"text": "dass", "start_seconds": 219.84, "end_seconds": 220.0, "confidence": null}, {"text": "diese", "start_seconds": 220.0, "end_seconds": 220.16, "confidence": null}, {"text": "Gelenkserstörung", "start_seconds": 220.16, "end_seconds": 220.96, "confidence": null}, {"text": "gar", "start_seconds": 221.44, "end_seconds": 221.76, "confidence": null}, {"text": "nicht", "start_seconds": 221.76, "end_seconds": 221.92, "confidence": null}, {"text": "erst", "start_seconds": 221.92, "end_seconds": 222.16, "confidence": null}, {"text": "auftreten.", "start_seconds": 222.16, "end_seconds": 222.48, "confidence": null}]}, {"type": "transcript.final", "session_id": "64720822-5806-49b5-a223-5bb3215d0e3e", "sequence": 309, "segment_id": 31, "revision": 25, "text": " Und die sind dann, da muss man, da muss man filmiert gucken, die sind nicht für jeden gut verträglich. Das bedeutet, dass sie häufiger in die Praxis kommen müssen, als sie das gewohnt sind. Auf der anderen Seite viele Patienten vertragen ja auch gut, ohne dass Nebenwirkung auftreten.", "granularity": "word", "items": [{"text": " Und", "start_seconds": 225.76, "end_seconds": 226.0, "confidence": null}, {"text": "die", "start_seconds": 226.0, "end_seconds": 226.32, "confidence": null}, {"text": "sind", "start_seconds": 226.32, "end_seconds": 226.48, "confidence": null}, {"text": "dann,", "start_seconds": 226.48, "end_seconds": 226.56, "confidence": null}, {"text": "da", "start_seconds": 227.12, "end_seconds": 227.28, "confidence": null}, {"text": "muss", "start_seconds": 227.28, "end_seconds": 227.36, "confidence": null}, {"text": "man,", "start_seconds": 227.36, "end_seconds": 227.44, "confidence": null}, {"text": "da", "start_seconds": 228.0, "end_seconds": 228.08, "confidence": null}, {"text": "muss", "start_seconds": 228.08, "end_seconds": 228.16, "confidence": null}, {"text": "man", "start_seconds": 228.16, "end_seconds": 228.24, "confidence": null}, {"text": "filmiert", "start_seconds": 228.56, "end_seconds": 228.8, "confidence": null}, {"text": "gucken,", "start_seconds": 228.8, "end_seconds": 228.88, "confidence": null}, {"text": "die", "start_seconds": 229.28, "end_seconds": 229.44, "confidence": null}, {"text": "sind", "start_seconds": 229.44, "end_seconds": 229.52, "confidence": null}, {"text": "nicht", "start_seconds": 229.52, "end_seconds": 229.68, "confidence": null}, {"text": "für", "start_seconds": 229.68, "end_seconds": 229.84, "confidence": null}, {"text": "jeden", "start_seconds": 229.84, "end_seconds": 230.16, "confidence": null}, {"text": "gut", "start_seconds": 230.16, "end_seconds": 230.32, "confidence": null}, {"text": "verträglich.", "start_seconds": 230.32, "end_seconds": 230.56, "confidence": null}, {"text": "Das", "start_seconds": 231.44, "end_seconds": 231.52, "confidence": null}, {"text": "bedeutet,", "start_seconds": 231.52, "end_seconds": 231.84, "confidence": null}, {"text": "dass", "start_seconds": 231.84, "end_seconds": 232.0, "confidence": null}, {"text": "sie", "start_seconds": 232.0, "end_seconds": 232.16, "confidence": null}, {"text": "häufiger", "start_seconds": 232.16, "end_seconds": 232.64, "confidence": null}, {"text": "in", "start_seconds": 232.64, "end_seconds": 232.8, "confidence": null}, {"text": "die", "start_seconds": 232.8, "end_seconds": 232.88, "confidence": null}, {"text": "Praxis", "start_seconds": 232.88, "end_seconds": 233.36, "confidence": null}, {"text": "kommen", "start_seconds": 233.36, "end_seconds": 233.68, "confidence": null}, {"text": "müssen,", "start_seconds": 233.68, "end_seconds": 233.92, "confidence": null}, {"text": "als", "start_seconds": 233.92, "end_seconds": 234.16, "confidence": null}, {"text": "sie", "start_seconds": 234.16, "end_seconds": 234.24, "confidence": null}, {"text": "das", "start_seconds": 234.24, "end_seconds": 234.4, "confidence": null}, {"text": "gewohnt", "start_seconds": 234.4, "end_seconds": 234.88, "confidence": null}, {"text": "sind.", "start_seconds": 234.88, "end_seconds": 234.96, "confidence": null}, {"text": "Auf", "start_seconds": 235.92, "end_seconds": 236.08, "confidence": null}, {"text": "der", "start_seconds": 236.08, "end_seconds": 236.16, "confidence": null}, {"text": "anderen", "start_seconds": 236.16, "end_seconds": 236.4, "confidence": null}, {"text": "Seite", "start_seconds": 236.4, "end_seconds": 236.8, "confidence": null}, {"text": "viele", "start_seconds": 236.8, "end_seconds": 237.04, "confidence": null}, {"text": "Patienten", "start_seconds": 237.04, "end_seconds": 237.6, "confidence": null}, {"text": "vertragen", "start_seconds": 237.6, "end_seconds": 238.08, "confidence": null}, {"text": "ja", "start_seconds": 238.08, "end_seconds": 238.24, "confidence": null}, {"text": "auch", "start_seconds": 238.24, "end_seconds": 238.4, "confidence": null}, {"text": "gut,", "start_seconds": 238.4, "end_seconds": 238.48, "confidence": null}, {"text": "ohne", "start_seconds": 238.8, "end_seconds": 239.04, "confidence": null}, {"text": "dass", "start_seconds": 239.04, "end_seconds": 239.12, "confidence": null}, {"text": "Nebenwirkung", "start_seconds": 239.84, "end_seconds": 240.32, "confidence": null}, {"text": "auftreten.", "start_seconds": 240.32, "end_seconds": 240.64, "confidence": null}]}, {"type": "transcript.final", "session_id": "64720822-5806-49b5-a223-5bb3215d0e3e", "sequence": 316, "segment_id": 32, "revision": 7, "text": " Mein Beruf in Zukunft, also ich bin Sportlehrerin", "granularity": "word", "items": [{"text": " Mein", "start_seconds": 243.2, "end_seconds": 243.44, "confidence": null}, {"text": "Beruf", "start_seconds": 243.44, "end_seconds": 243.6, "confidence": null}, {"text": "in", "start_seconds": 244.16, "end_seconds": 244.32, "confidence": null}, {"text": "Zukunft,", "start_seconds": 244.32, "end_seconds": 244.4, "confidence": null}, {"text": "also", "start_seconds": 244.88, "end_seconds": 245.04, "confidence": null}, {"text": "ich", "start_seconds": 245.04, "end_seconds": 245.12, "confidence": null}, {"text": "bin", "start_seconds": 245.12, "end_seconds": 245.36, "confidence": null}, {"text": "Sportlehrerin", "start_seconds": 245.36, "end_seconds": 246.0, "confidence": null}]}, {"type": "transcript.final", "session_id": "64720822-5806-49b5-a223-5bb3215d0e3e", "sequence": 322, "segment_id": 33, "revision": 6, "text": "Das kann ich ja dann irgendwann nicht mehr ausüben oder", "granularity": "word", "items": [{"text": "Das", "start_seconds": 247.6, "end_seconds": 247.76, "confidence": null}, {"text": "kann", "start_seconds": 247.76, "end_seconds": 247.92, "confidence": null}, {"text": "ich", "start_seconds": 247.92, "end_seconds": 248.08, "confidence": null}, {"text": "ja", "start_seconds": 248.08, "end_seconds": 248.24, "confidence": null}, {"text": "dann", "start_seconds": 248.24, "end_seconds": 248.4, "confidence": null}, {"text": "irgendwann", "start_seconds": 248.4, "end_seconds": 248.64, "confidence": null}, {"text": "nicht", "start_seconds": 248.64, "end_seconds": 248.8, "confidence": null}, {"text": "mehr", "start_seconds": 248.8, "end_seconds": 248.96, "confidence": null}, {"text": "ausüben", "start_seconds": 248.96, "end_seconds": 249.36, "confidence": null}, {"text": "oder", "start_seconds": 249.76, "end_seconds": 249.84, "confidence": null}]}, {"type": "transcript.final", "session_id": "64720822-5806-49b5-a223-5bb3215d0e3e", "sequence": 326, "segment_id": 34, "revision": 4, "text": " wie ist das? Kann man so nicht sagen", "granularity": "word", "items": [{"text": " wie", "start_seconds": 251.44, "end_seconds": 251.68, "confidence": null}, {"text": "ist", "start_seconds": 251.68, "end_seconds": 251.84, "confidence": null}, {"text": "das?", "start_seconds": 251.84, "end_seconds": 251.92, "confidence": null}, {"text": "Kann", "start_seconds": 252.16, "end_seconds": 252.24, "confidence": null}, {"text": "man", "start_seconds": 252.24, "end_seconds": 252.4, "confidence": null}, {"text": "so", "start_seconds": 252.4, "end_seconds": 252.56, "confidence": null}, {"text": "nicht", "start_seconds": 252.56, "end_seconds": 252.72, "confidence": null}, {"text": "sagen", "start_seconds": 252.72, "end_seconds": 252.8, "confidence": null}]}, {"type": "transcript.final", "session_id": "64720822-5806-49b5-a223-5bb3215d0e3e", "sequence": 329, "segment_id": 35, "revision": 3, "text": " ein Schock", "granularity": "word", "items": [{"text": " ein", "start_seconds": 258.48, "end_seconds": 258.56, "confidence": null}, {"text": "Schock", "start_seconds": 258.56, "end_seconds": 258.8, "confidence": null}]}, {"type": "transcript.final", "session_id": "64720822-5806-49b5-a223-5bb3215d0e3e", "sequence": 331, "segment_id": 36, "revision": 2, "text": "Ja schon", "granularity": "word", "items": [{"text": "Ja", "start_seconds": 263.44, "end_seconds": 263.68, "confidence": null}, {"text": "schon", "start_seconds": 263.68, "end_seconds": 263.76, "confidence": null}]}, {"type": "transcript.final", "session_id": "64720822-5806-49b5-a223-5bb3215d0e3e", "sequence": 340, "segment_id": 37, "revision": 9, "text": " mich gerade bei mir passieren konnte. Sie fragen sich, was ihr falsch gemacht haben", "granularity": "word", "items": [{"text": " mich", "start_seconds": 270.24, "end_seconds": 270.32, "confidence": null}, {"text": "gerade", "start_seconds": 270.32, "end_seconds": 270.72, "confidence": null}, {"text": "bei", "start_seconds": 270.72, "end_seconds": 270.88, "confidence": null}, {"text": "mir", "start_seconds": 270.88, "end_seconds": 271.04, "confidence": null}, {"text": "passieren", "start_seconds": 271.04, "end_seconds": 271.36, "confidence": null}, {"text": "konnte.", "start_seconds": 271.36, "end_seconds": 271.44, "confidence": null}, {"text": "Sie", "start_seconds": 272.24, "end_seconds": 272.4, "confidence": null}, {"text": "fragen", "start_seconds": 272.4, "end_seconds": 272.56, "confidence": null}, {"text": "sich,", "start_seconds": 272.56, "end_seconds": 272.64, "confidence": null}, {"text": "was", "start_seconds": 272.64, "end_seconds": 272.88, "confidence": null}, {"text": "ihr", "start_seconds": 272.88, "end_seconds": 272.96, "confidence": null}, {"text": "falsch", "start_seconds": 272.96, "end_seconds": 273.28, "confidence": null}, {"text": "gemacht", "start_seconds": 273.28, "end_seconds": 273.44, "confidence": null}, {"text": "haben", "start_seconds": 273.84, "end_seconds": 273.92, "confidence": null}]}, {"type": "transcript.final", "session_id": "64720822-5806-49b5-a223-5bb3215d0e3e", "sequence": 347, "segment_id": 38, "revision": 7, "text": "wir wissen gar nicht, warum rollen aber jemanden auftritt", "granularity": "word", "items": [{"text": "wir", "start_seconds": 277.84, "end_seconds": 278.0, "confidence": null}, {"text": "wissen", "start_seconds": 278.0, "end_seconds": 278.4, "confidence": null}, {"text": "gar", "start_seconds": 278.4, "end_seconds": 278.56, "confidence": null}, {"text": "nicht,", "start_seconds": 278.56, "end_seconds": 278.64, "confidence": null}, {"text": "warum", "start_seconds": 279.04, "end_seconds": 279.44, "confidence": null}, {"text": "rollen", "start_seconds": 279.44, "end_seconds": 279.76, "confidence": null}, {"text": "aber", "start_seconds": 279.76, "end_seconds": 279.92, "confidence": null}, {"text": "jemanden", "start_seconds": 279.92, "end_seconds": 280.32, "confidence": null}, {"text": "auftritt", "start_seconds": 280.32, "end_seconds": 280.64, "confidence": null}]}, {"type": "transcript.final", "session_id": "64720822-5806-49b5-a223-5bb3215d0e3e", "sequence": 352, "segment_id": 39, "revision": 5, "text": "Wir wissen nichts, was jemand falsch machen könnte", "granularity": "word", "items": [{"text": "Wir", "start_seconds": 281.84, "end_seconds": 282.0, "confidence": null}, {"text": "wissen", "start_seconds": 282.0, "end_seconds": 282.24, "confidence": null}, {"text": "nichts,", "start_seconds": 282.24, "end_seconds": 282.56, "confidence": null}, {"text": "was", "start_seconds": 282.56, "end_seconds": 282.8, "confidence": null}, {"text": "jemand", "start_seconds": 282.8, "end_seconds": 283.04, "confidence": null}, {"text": "falsch", "start_seconds": 283.04, "end_seconds": 283.36, "confidence": null}, {"text": "machen", "start_seconds": 283.36, "end_seconds": 283.6, "confidence": null}, {"text": "könnte", "start_seconds": 283.6, "end_seconds": 283.76, "confidence": null}]}, {"type": "transcript.final", "session_id": "64720822-5806-49b5-a223-5bb3215d0e3e", "sequence": 367, "segment_id": 40, "revision": 15, "text": "Also ich will jetzt nicht mal sagen, Sie haben nicht falsch gemacht, weil von der Erkrankung so wenig verstanden, sie tritt auf und wir wissen nicht warum sie bei dem einen Auftritt, wenn dem anderen nicht", "granularity": "word", "items": [{"text": "Also", "start_seconds": 286.8, "end_seconds": 286.96, "confidence": null}, {"text": "ich", "start_seconds": 286.96, "end_seconds": 287.04, "confidence": null}, {"text": "will", "start_seconds": 287.04, "end_seconds": 287.2, "confidence": null}, {"text": "jetzt", "start_seconds": 287.2, "end_seconds": 287.36, "confidence": null}, {"text": "nicht", "start_seconds": 287.36, "end_seconds": 287.44, "confidence": null}, {"text": "mal", "start_seconds": 287.44, "end_seconds": 287.52, "confidence": null}, {"text": "sagen,", "start_seconds": 287.52, "end_seconds": 287.84, "confidence": null}, {"text": "Sie", "start_seconds": 287.84, "end_seconds": 287.92, "confidence": null}, {"text": "haben", "start_seconds": 287.92, "end_seconds": 288.16, "confidence": null}, {"text": "nicht", "start_seconds": 288.16, "end_seconds": 288.4, "confidence": null}, {"text": "falsch", "start_seconds": 288.4, "end_seconds": 288.64, "confidence": null}, {"text": "gemacht,", "start_seconds": 288.64, "end_seconds": 288.8, "confidence": null}, {"text": "weil", "start_seconds": 288.8, "end_seconds": 289.04, "confidence": null}, {"text": "von", "start_seconds": 289.04, "end_seconds": 289.12, "confidence": null}, {"text": "der", "start_seconds": 289.12, "end_seconds": 289.2, "confidence": null}, {"text": "Erkrankung", "start_seconds": 289.2, "end_seconds": 289.6, "confidence": null}, {"text": "so", "start_seconds": 289.6, "end_seconds": 289.76, "confidence": null}, {"text": "wenig", "start_seconds": 289.76, "end_seconds": 290.0, "confidence": null}, {"text": "verstanden,", "start_seconds": 290.0, "end_seconds": 290.24, "confidence": null}, {"text": "sie", "start_seconds": 290.88, "end_seconds": 290.96, "confidence": null}, {"text": "tritt", "start_seconds": 290.96, "end_seconds": 291.12, "confidence": null}, {"text": "auf", "start_seconds": 291.12, "end_seconds": 291.36, "confidence": null}, {"text": "und", "start_seconds": 291.36, "end_seconds": 291.52, "confidence": null}, {"text": "wir", "start_seconds": 291.52, "end_seconds": 291.76, "confidence": null}, {"text": "wissen", "start_seconds": 291.76, "end_seconds": 292.08, "confidence": null}, {"text": "nicht", "start_seconds": 292.08, "end_seconds": 292.24, "confidence": null}, {"text": "warum", "start_seconds": 292.24, "end_seconds": 292.56, "confidence": null}, {"text": "sie", "start_seconds": 292.56, "end_seconds": 292.72, "confidence": null}, {"text": "bei", "start_seconds": 292.72, "end_seconds": 292.88, "confidence": null}, {"text": "dem", "start_seconds": 292.88, "end_seconds": 293.04, "confidence": null}, {"text": "einen", "start_seconds": 293.04, "end_seconds": 293.2, "confidence": null}, {"text": "Auftritt,", "start_seconds": 293.2, "end_seconds": 293.6, "confidence": null}, {"text": "wenn", "start_seconds": 293.6, "end_seconds": 293.84, "confidence": null}, {"text": "dem", "start_seconds": 293.84, "end_seconds": 294.0, "confidence": null}, {"text": "anderen", "start_seconds": 294.0, "end_seconds": 294.32, "confidence": null}, {"text": "nicht", "start_seconds": 294.32, "end_seconds": 294.4, "confidence": null}]}, {"type": "transcript.final", "session_id": "64720822-5806-49b5-a223-5bb3215d0e3e", "sequence": 376, "segment_id": 41, "revision": 9, "text": "Und wir können eben auch nicht die schwere Vorhersagen und darum nein, das heißt nicht, dass sie", "granularity": "word", "items": [{"text": "Und", "start_seconds": 296.4, "end_seconds": 296.56, "confidence": null}, {"text": "wir", "start_seconds": 296.56, "end_seconds": 296.8, "confidence": null}, {"text": "können", "start_seconds": 296.8, "end_seconds": 296.96, "confidence": null}, {"text": "eben", "start_seconds": 296.96, "end_seconds": 297.12, "confidence": null}, {"text": "auch", "start_seconds": 297.12, "end_seconds": 297.2, "confidence": null}, {"text": "nicht", "start_seconds": 297.2, "end_seconds": 297.44, "confidence": null}, {"text": "die", "start_seconds": 297.44, "end_seconds": 297.6, "confidence": null}, {"text": "schwere", "start_seconds": 297.6, "end_seconds": 298.16, "confidence": null}, {"text": "Vorhersagen", "start_seconds": 298.16, "end_seconds": 298.64, "confidence": null}, {"text": "und", "start_seconds": 298.64, "end_seconds": 298.8, "confidence": null}, {"text": "darum", "start_seconds": 298.8, "end_seconds": 298.96, "confidence": null}, {"text": "nein,", "start_seconds": 299.6, "end_seconds": 299.92, "confidence": null}, {"text": "das", "start_seconds": 299.92, "end_seconds": 300.0, "confidence": null}, {"text": "heißt", "start_seconds": 300.0, "end_seconds": 300.24, "confidence": null}, {"text": "nicht,", "start_seconds": 300.24, "end_seconds": 300.48, "confidence": null}, {"text": "dass", "start_seconds": 300.48, "end_seconds": 300.8, "confidence": null}, {"text": "sie", "start_seconds": 300.8, "end_seconds": 300.88, "confidence": null}]}, {"type": "transcript.final", "session_id": "64720822-5806-49b5-a223-5bb3215d0e3e", "sequence": 400, "segment_id": 42, "revision": 24, "text": " berufenfähig werden, sondern es heißt, dass für sie ein Risiko besteht. Deswegen Berufen fähig zu werden. Es gibt Sportlehrerinnen, die Räume kriegen und trotzdem ist zur Rente arbeiten können. Ihre Medikamente gut vertragen und wo es nicht so gelenkt zerstörungen kommt", "granularity": "word", "items": [{"text": " berufenfähig", "start_seconds": 301.84, "end_seconds": 302.56, "confidence": null}, {"text": "werden,", "start_seconds": 302.56, "end_seconds": 302.88, "confidence": null}, {"text": "sondern", "start_seconds": 302.88, "end_seconds": 303.12, "confidence": null}, {"text": "es", "start_seconds": 303.12, "end_seconds": 303.28, "confidence": null}, {"text": "heißt,", "start_seconds": 303.28, "end_seconds": 303.44, "confidence": null}, {"text": "dass", "start_seconds": 303.44, "end_seconds": 303.6, "confidence": null}, {"text": "für", "start_seconds": 303.6, "end_seconds": 303.76, "confidence": null}, {"text": "sie", "start_seconds": 303.76, "end_seconds": 303.84, "confidence": null}, {"text": "ein", "start_seconds": 303.84, "end_seconds": 304.08, "confidence": null}, {"text": "Risiko", "start_seconds": 304.08, "end_seconds": 304.32, "confidence": null}, {"text": "besteht.", "start_seconds": 304.32, "end_seconds": 304.56, "confidence": null}, {"text": "Deswegen", "start_seconds": 305.52, "end_seconds": 306.0, "confidence": null}, {"text": "Berufen", "start_seconds": 306.0, "end_seconds": 306.4, "confidence": null}, {"text": "fähig", "start_seconds": 306.4, "end_seconds": 306.64, "confidence": null}, {"text": "zu", "start_seconds": 306.64, "end_seconds": 306.8, "confidence": null}, {"text": "werden.", "start_seconds": 306.8, "end_seconds": 306.96, "confidence": null}, {"text": "Es", "start_seconds": 307.04, "end_seconds": 307.2, "confidence": null}, {"text": "gibt", "start_seconds": 307.2, "end_seconds": 307.44, "confidence": null}, {"text": "Sportlehrerinnen,", "start_seconds": 307.44, "end_seconds": 308.16, "confidence": null}, {"text": "die", "start_seconds": 308.16, "end_seconds": 308.24, "confidence": null}, {"text": "Räume", "start_seconds": 308.24, "end_seconds": 308.56, "confidence": null}, {"text": "kriegen", "start_seconds": 308.56, "end_seconds": 308.96, "confidence": null}, {"text": "und", "start_seconds": 308.96, "end_seconds": 309.2, "confidence": null}, {"text": "trotzdem", "start_seconds": 309.2, "end_seconds": 309.28, "confidence": null}, {"text": "ist", "start_seconds": 309.92, "end_seconds": 310.24, "confidence": null}, {"text": "zur", "start_seconds": 310.24, "end_seconds": 310.4, "confidence": null}, {"text": "Rente", "start_seconds": 310.4, "end_seconds": 310.64, "confidence": null}, {"text": "arbeiten", "start_seconds": 310.64, "end_seconds": 310.96, "confidence": null}, {"text": "können.", "start_seconds": 310.96, "end_seconds": 311.04, "confidence": null}, {"text": "Ihre", "start_seconds": 312.24, "end_seconds": 312.56, "confidence": null}, {"text": "Medikamente", "start_seconds": 312.56, "end_seconds": 313.04, "confidence": null}, {"text": "gut", "start_seconds": 313.04, "end_seconds": 313.2, "confidence": null}, {"text": "vertragen", "start_seconds": 313.2, "end_seconds": 313.68, "confidence": null}, {"text": "und", "start_seconds": 313.68, "end_seconds": 313.76, "confidence": null}, {"text": "wo", "start_seconds": 313.76, "end_seconds": 313.92, "confidence": null}, {"text": "es", "start_seconds": 313.92, "end_seconds": 314.08, "confidence": null}, {"text": "nicht", "start_seconds": 314.08, "end_seconds": 314.24, "confidence": null}, {"text": "so", "start_seconds": 314.24, "end_seconds": 314.4, "confidence": null}, {"text": "gelenkt", "start_seconds": 314.4, "end_seconds": 314.72, "confidence": null}, {"text": "zerstörungen", "start_seconds": 314.72, "end_seconds": 315.28, "confidence": null}, {"text": "kommt", "start_seconds": 315.28, "end_seconds": 315.36, "confidence": null}]}, {"type": "transcript.final", "session_id": "64720822-5806-49b5-a223-5bb3215d0e3e", "sequence": 404, "segment_id": 43, "revision": 4, "text": "Ich kann mir das nur nicht versprechen.", "granularity": "word", "items": [{"text": "Ich", "start_seconds": 316.48, "end_seconds": 316.64, "confidence": null}, {"text": "kann", "start_seconds": 316.64, "end_seconds": 316.96, "confidence": null}, {"text": "mir", "start_seconds": 316.96, "end_seconds": 317.04, "confidence": null}, {"text": "das", "start_seconds": 317.04, "end_seconds": 317.2, "confidence": null}, {"text": "nur", "start_seconds": 317.2, "end_seconds": 317.28, "confidence": null}, {"text": "nicht", "start_seconds": 317.28, "end_seconds": 317.52, "confidence": null}, {"text": "versprechen.", "start_seconds": 317.52, "end_seconds": 317.76, "confidence": null}]}, {"type": "transcript.final", "session_id": "64720822-5806-49b5-a223-5bb3215d0e3e", "sequence": 412, "segment_id": 44, "revision": 8, "text": " Also trotz Medikamente kann es auch anders verlaufen", "granularity": "word", "items": [{"text": " Also", "start_seconds": 319.28, "end_seconds": 319.52, "confidence": null}, {"text": "trotz", "start_seconds": 319.52, "end_seconds": 319.92, "confidence": null}, {"text": "Medikamente", "start_seconds": 319.92, "end_seconds": 320.32, "confidence": null}, {"text": "kann", "start_seconds": 321.04, "end_seconds": 321.36, "confidence": null}, {"text": "es", "start_seconds": 321.36, "end_seconds": 321.6, "confidence": null}, {"text": "auch", "start_seconds": 321.6, "end_seconds": 321.68, "confidence": null}, {"text": "anders", "start_seconds": 322.0, "end_seconds": 322.4, "confidence": null}, {"text": "verlaufen", "start_seconds": 322.4, "end_seconds": 322.56, "confidence": null}]}, {"type": "transcript.final", "session_id": "64720822-5806-49b5-a223-5bb3215d0e3e", "sequence": 415, "segment_id": 45, "revision": 3, "text": "es geht in den noch durch den Kopf", "granularity": "word", "items": [{"text": "es", "start_seconds": 330.48, "end_seconds": 330.56, "confidence": null}, {"text": "geht", "start_seconds": 330.56, "end_seconds": 330.72, "confidence": null}, {"text": "in", "start_seconds": 330.72, "end_seconds": 330.8, "confidence": null}, {"text": "den", "start_seconds": 330.8, "end_seconds": 330.96, "confidence": null}, {"text": "noch", "start_seconds": 330.96, "end_seconds": 331.12, "confidence": null}, {"text": "durch", "start_seconds": 331.12, "end_seconds": 331.28, "confidence": null}, {"text": "den", "start_seconds": 331.28, "end_seconds": 331.44, "confidence": null}, {"text": "Kopf", "start_seconds": 331.44, "end_seconds": 331.52, "confidence": null}]}, {"type": "transcript.final", "session_id": "64720822-5806-49b5-a223-5bb3215d0e3e", "sequence": 420, "segment_id": 46, "revision": 5, "text": " Das Mögliche ist gerade so alles", "granularity": "word", "items": [{"text": " Das", "start_seconds": 334.4, "end_seconds": 334.64, "confidence": null}, {"text": "Mögliche", "start_seconds": 334.64, "end_seconds": 334.88, "confidence": null}, {"text": "ist", "start_seconds": 335.44, "end_seconds": 335.52, "confidence": null}, {"text": "gerade", "start_seconds": 336.0, "end_seconds": 336.24, "confidence": null}, {"text": "so", "start_seconds": 336.24, "end_seconds": 336.4, "confidence": null}, {"text": "alles", "start_seconds": 336.4, "end_seconds": 336.48, "confidence": null}]}, {"type": "transcript.final", "session_id": "64720822-5806-49b5-a223-5bb3215d0e3e", "sequence": 427, "segment_id": 47, "revision": 7, "text": " glaube so mein Gefühl für dieses Gespräch wäre, dass war, dass man bei dieser", "granularity": "word", "items": [{"text": " glaube", "start_seconds": 337.68, "end_seconds": 337.92, "confidence": null}, {"text": "so", "start_seconds": 337.92, "end_seconds": 338.08, "confidence": null}, {"text": "mein", "start_seconds": 338.08, "end_seconds": 338.32, "confidence": null}, {"text": "Gefühl", "start_seconds": 338.32, "end_seconds": 338.56, "confidence": null}, {"text": "für", "start_seconds": 338.56, "end_seconds": 338.8, "confidence": null}, {"text": "dieses", "start_seconds": 338.8, "end_seconds": 338.96, "confidence": null}, {"text": "Gespräch", "start_seconds": 338.96, "end_seconds": 339.36, "confidence": null}, {"text": "wäre,", "start_seconds": 339.36, "end_seconds": 339.68, "confidence": null}, {"text": "dass", "start_seconds": 339.68, "end_seconds": 339.84, "confidence": null}, {"text": "war,", "start_seconds": 339.84, "end_seconds": 339.92, "confidence": null}, {"text": "dass", "start_seconds": 340.56, "end_seconds": 340.72, "confidence": null}, {"text": "man", "start_seconds": 340.72, "end_seconds": 340.88, "confidence": null}, {"text": "bei", "start_seconds": 340.88, "end_seconds": 341.04, "confidence": null}, {"text": "dieser", "start_seconds": 341.04, "end_seconds": 341.12, "confidence": null}]}, {"type": "transcript.final", "session_id": "64720822-5806-49b5-a223-5bb3215d0e3e", "sequence": 437, "segment_id": 48, "revision": 10, "text": " Information belassen und ich mit Ihnen überlegen würde, zu welchem Rheumatologen Sie gerne gehen möchten", "granularity": "word", "items": [{"text": " Information", "start_seconds": 342.24, "end_seconds": 342.4, "confidence": null}, {"text": "belassen", "start_seconds": 342.8, "end_seconds": 343.12, "confidence": null}, {"text": "und", "start_seconds": 343.84, "end_seconds": 343.92, "confidence": null}, {"text": "ich", "start_seconds": 344.4, "end_seconds": 344.56, "confidence": null}, {"text": "mit", "start_seconds": 344.56, "end_seconds": 344.72, "confidence": null}, {"text": "Ihnen", "start_seconds": 344.72, "end_seconds": 344.96, "confidence": null}, {"text": "überlegen", "start_seconds": 344.96, "end_seconds": 345.28, "confidence": null}, {"text": "würde,", "start_seconds": 345.28, "end_seconds": 345.52, "confidence": null}, {"text": "zu", "start_seconds": 345.52, "end_seconds": 345.6, "confidence": null}, {"text": "welchem", "start_seconds": 345.6, "end_seconds": 345.84, "confidence": null}, {"text": "Rheumatologen", "start_seconds": 345.84, "end_seconds": 346.48, "confidence": null}, {"text": "Sie", "start_seconds": 346.48, "end_seconds": 346.72, "confidence": null}, {"text": "gerne", "start_seconds": 346.72, "end_seconds": 346.96, "confidence": null}, {"text": "gehen", "start_seconds": 346.96, "end_seconds": 347.12, "confidence": null}, {"text": "möchten", "start_seconds": 347.12, "end_seconds": 347.28, "confidence": null}]}, {"type": "transcript.final", "session_id": "64720822-5806-49b5-a223-5bb3215d0e3e", "sequence": 449, "segment_id": 49, "revision": 12, "text": " und dass wir dann erstmal abwarten, was dir empfiehlt und wir dann sehr gerne auch mit mir nochmal über Nebenwirkungen sprechen können", "granularity": "word", "items": [{"text": " und", "start_seconds": 348.64, "end_seconds": 348.88, "confidence": null}, {"text": "dass", "start_seconds": 348.88, "end_seconds": 348.96, "confidence": null}, {"text": "wir", "start_seconds": 348.96, "end_seconds": 349.12, "confidence": null}, {"text": "dann", "start_seconds": 349.12, "end_seconds": 349.28, "confidence": null}, {"text": "erstmal", "start_seconds": 349.28, "end_seconds": 349.44, "confidence": null}, {"text": "abwarten,", "start_seconds": 350.0, "end_seconds": 350.32, "confidence": null}, {"text": "was", "start_seconds": 350.32, "end_seconds": 350.64, "confidence": null}, {"text": "dir", "start_seconds": 350.64, "end_seconds": 350.8, "confidence": null}, {"text": "empfiehlt", "start_seconds": 350.8, "end_seconds": 351.28, "confidence": null}, {"text": "und", "start_seconds": 351.28, "end_seconds": 351.44, "confidence": null}, {"text": "wir", "start_seconds": 351.44, "end_seconds": 351.6, "confidence": null}, {"text": "dann", "start_seconds": 351.6, "end_seconds": 351.84, "confidence": null}, {"text": "sehr", "start_seconds": 351.84, "end_seconds": 352.08, "confidence": null}, {"text": "gerne", "start_seconds": 352.08, "end_seconds": 352.4, "confidence": null}, {"text": "auch", "start_seconds": 352.4, "end_seconds": 352.56, "confidence": null}, {"text": "mit", "start_seconds": 352.56, "end_seconds": 352.64, "confidence": null}, {"text": "mir", "start_seconds": 352.64, "end_seconds": 352.88, "confidence": null}, {"text": "nochmal", "start_seconds": 352.88, "end_seconds": 353.2, "confidence": null}, {"text": "über", "start_seconds": 353.2, "end_seconds": 353.44, "confidence": null}, {"text": "Nebenwirkungen", "start_seconds": 353.44, "end_seconds": 353.92, "confidence": null}, {"text": "sprechen", "start_seconds": 353.92, "end_seconds": 354.16, "confidence": null}, {"text": "können", "start_seconds": 354.16, "end_seconds": 354.24, "confidence": null}]}, {"type": "transcript.final", "session_id": "64720822-5806-49b5-a223-5bb3215d0e3e", "sequence": 453, "segment_id": 50, "revision": 4, "text": " Muss man jetzt einfach abwarten", "granularity": "word", "items": [{"text": " Muss", "start_seconds": 358.08, "end_seconds": 358.24, "confidence": null}, {"text": "man", "start_seconds": 358.24, "end_seconds": 358.4, "confidence": null}, {"text": "jetzt", "start_seconds": 358.4, "end_seconds": 358.56, "confidence": null}, {"text": "einfach", "start_seconds": 358.56, "end_seconds": 358.72, "confidence": null}, {"text": "abwarten", "start_seconds": 358.72, "end_seconds": 359.44, "confidence": null}]}, {"type": "transcript.final", "session_id": "64720822-5806-49b5-a223-5bb3215d0e3e", "sequence": 466, "segment_id": 51, "revision": 13, "text": "was hielten die davon, wenn wir uns noch ein zweites Mal zusammensetzen und so konkrete Schritte zu planen, dass das erstmal so ein bisschen Sacken kann", "granularity": "word", "items": [{"text": "was", "start_seconds": 363.52, "end_seconds": 363.84, "confidence": null}, {"text": "hielten", "start_seconds": 363.84, "end_seconds": 364.16, "confidence": null}, {"text": "die", "start_seconds": 364.16, "end_seconds": 364.24, "confidence": null}, {"text": "davon,", "start_seconds": 364.24, "end_seconds": 364.48, "confidence": null}, {"text": "wenn", "start_seconds": 364.48, "end_seconds": 364.64, "confidence": null}, {"text": "wir", "start_seconds": 364.64, "end_seconds": 364.8, "confidence": null}, {"text": "uns", "start_seconds": 364.8, "end_seconds": 364.88, "confidence": null}, {"text": "noch", "start_seconds": 364.88, "end_seconds": 365.12, "confidence": null}, {"text": "ein", "start_seconds": 365.12, "end_seconds": 365.2, "confidence": null}, {"text": "zweites", "start_seconds": 365.2, "end_seconds": 365.44, "confidence": null}, {"text": "Mal", "start_seconds": 365.44, "end_seconds": 365.68, "confidence": null}, {"text": "zusammensetzen", "start_seconds": 365.68, "end_seconds": 366.4, "confidence": null}, {"text": "und", "start_seconds": 366.4, "end_seconds": 366.56, "confidence": null}, {"text": "so", "start_seconds": 366.56, "end_seconds": 366.88, "confidence": null}, {"text": "konkrete", "start_seconds": 366.88, "end_seconds": 367.44, "confidence": null}, {"text": "Schritte", "start_seconds": 367.44, "end_seconds": 367.84, "confidence": null}, {"text": "zu", "start_seconds": 367.84, "end_seconds": 368.0, "confidence": null}, {"text": "planen,", "start_seconds": 368.0, "end_seconds": 368.48, "confidence": null}, {"text": "dass", "start_seconds": 368.48, "end_seconds": 368.56, "confidence": null}, {"text": "das", "start_seconds": 368.56, "end_seconds": 368.8, "confidence": null}, {"text": "erstmal", "start_seconds": 368.8, "end_seconds": 369.04, "confidence": null}, {"text": "so", "start_seconds": 369.04, "end_seconds": 369.2, "confidence": null}, {"text": "ein", "start_seconds": 369.2, "end_seconds": 369.28, "confidence": null}, {"text": "bisschen", "start_seconds": 369.28, "end_seconds": 369.52, "confidence": null}, {"text": "Sacken", "start_seconds": 369.52, "end_seconds": 369.84, "confidence": null}, {"text": "kann", "start_seconds": 369.84, "end_seconds": 369.92, "confidence": null}]}, {"type": "transcript.final", "session_id": "64720822-5806-49b5-a223-5bb3215d0e3e", "sequence": 472, "segment_id": 52, "revision": 6, "text": " Ich merke, wie unerwartet sie das getroffen hat", "granularity": "word", "items": [{"text": " Ich", "start_seconds": 372.0, "end_seconds": 372.16, "confidence": null}, {"text": "merke,", "start_seconds": 372.16, "end_seconds": 372.64, "confidence": null}, {"text": "wie", "start_seconds": 372.64, "end_seconds": 372.96, "confidence": null}, {"text": "unerwartet", "start_seconds": 372.96, "end_seconds": 373.44, "confidence": null}, {"text": "sie", "start_seconds": 373.44, "end_seconds": 373.6, "confidence": null}, {"text": "das", "start_seconds": 373.6, "end_seconds": 373.68, "confidence": null}, {"text": "getroffen", "start_seconds": 373.68, "end_seconds": 374.08, "confidence": null}, {"text": "hat", "start_seconds": 374.08, "end_seconds": 374.16, "confidence": null}]}, {"type": "transcript.final", "session_id": "64720822-5806-49b5-a223-5bb3215d0e3e", "sequence": 476, "segment_id": 53, "revision": 4, "text": " Sprechen können, der darf natürlich gerne mitkommen", "granularity": "word", "items": [{"text": " Sprechen", "start_seconds": 380.96, "end_seconds": 381.12, "confidence": null}, {"text": "können,", "start_seconds": 381.12, "end_seconds": 381.36, "confidence": null}, {"text": "der", "start_seconds": 381.36, "end_seconds": 381.44, "confidence": null}, {"text": "darf", "start_seconds": 381.44, "end_seconds": 381.6, "confidence": null}, {"text": "natürlich", "start_seconds": 381.6, "end_seconds": 381.76, "confidence": null}, {"text": "gerne", "start_seconds": 381.76, "end_seconds": 382.08, "confidence": null}, {"text": "mitkommen", "start_seconds": 382.08, "end_seconds": 382.24, "confidence": null}]}, {"type": "transcript.final", "session_id": "64720822-5806-49b5-a223-5bb3215d0e3e", "sequence": 485, "segment_id": 54, "revision": 9, "text": " und dass wir dann so ein bisschen in die konkreten Planungen reingehen. Ich möchte das heute nicht überfrachten.", "granularity": "word", "items": [{"text": " und", "start_seconds": 383.6, "end_seconds": 383.68, "confidence": null}, {"text": "dass", "start_seconds": 383.68, "end_seconds": 383.84, "confidence": null}, {"text": "wir", "start_seconds": 383.84, "end_seconds": 383.92, "confidence": null}, {"text": "dann", "start_seconds": 383.92, "end_seconds": 384.16, "confidence": null}, {"text": "so", "start_seconds": 384.16, "end_seconds": 384.24, "confidence": null}, {"text": "ein", "start_seconds": 384.24, "end_seconds": 384.32, "confidence": null}, {"text": "bisschen", "start_seconds": 384.32, "end_seconds": 384.48, "confidence": null}, {"text": "in", "start_seconds": 384.48, "end_seconds": 384.72, "confidence": null}, {"text": "die", "start_seconds": 384.72, "end_seconds": 384.88, "confidence": null}, {"text": "konkreten", "start_seconds": 384.88, "end_seconds": 385.28, "confidence": null}, {"text": "Planungen", "start_seconds": 385.28, "end_seconds": 385.84, "confidence": null}, {"text": "reingehen.", "start_seconds": 385.84, "end_seconds": 386.16, "confidence": null}, {"text": "Ich", "start_seconds": 386.24, "end_seconds": 386.4, "confidence": null}, {"text": "möchte", "start_seconds": 386.4, "end_seconds": 386.64, "confidence": null}, {"text": "das", "start_seconds": 386.64, "end_seconds": 386.8, "confidence": null}, {"text": "heute", "start_seconds": 386.8, "end_seconds": 387.04, "confidence": null}, {"text": "nicht", "start_seconds": 387.04, "end_seconds": 387.2, "confidence": null}, {"text": "überfrachten.", "start_seconds": 387.2, "end_seconds": 387.6, "confidence": null}]}, {"type": "transcript.final", "session_id": "64720822-5806-49b5-a223-5bb3215d0e3e", "sequence": 487, "segment_id": 55, "revision": 2, "text": " Das gut", "granularity": "word", "items": [{"text": " Das", "start_seconds": 390.48, "end_seconds": 390.64, "confidence": null}, {"text": "gut", "start_seconds": 390.64, "end_seconds": 390.72, "confidence": null}]}, {"type": "transcript.final", "session_id": "64720822-5806-49b5-a223-5bb3215d0e3e", "sequence": 511, "segment_id": 56, "revision": 24, "text": " kommen auch bestimmt wieder neue Fragen. Genau. Ja, dann gucken Sie einfach in der Woche einfach nächste Woche, wie Sie möchten, sehe zu, dass sie schnell einen Termin am Rhematologen kriegen, aber ich würde es heute erstmal gerne dabei belasten. Alles gut", "granularity": "word", "items": [{"text": " kommen", "start_seconds": 392.96, "end_seconds": 393.2, "confidence": null}, {"text": "auch", "start_seconds": 393.2, "end_seconds": 393.36, "confidence": null}, {"text": "bestimmt", "start_seconds": 393.36, "end_seconds": 393.6, "confidence": null}, {"text": "wieder", "start_seconds": 393.6, "end_seconds": 393.84, "confidence": null}, {"text": "neue", "start_seconds": 393.84, "end_seconds": 394.08, "confidence": null}, {"text": "Fragen.", "start_seconds": 394.08, "end_seconds": 394.64, "confidence": null}, {"text": "Genau.", "start_seconds": 394.88, "end_seconds": 394.96, "confidence": null}, {"text": "Ja,", "start_seconds": 395.68, "end_seconds": 396.0, "confidence": null}, {"text": "dann", "start_seconds": 396.0, "end_seconds": 396.16, "confidence": null}, {"text": "gucken", "start_seconds": 396.16, "end_seconds": 396.4, "confidence": null}, {"text": "Sie", "start_seconds": 396.4, "end_seconds": 396.56, "confidence": null}, {"text": "einfach", "start_seconds": 396.56, "end_seconds": 396.64, "confidence": null}, {"text": "in", "start_seconds": 396.96, "end_seconds": 397.12, "confidence": null}, {"text": "der", "start_seconds": 397.12, "end_seconds": 397.44, "confidence": null}, {"text": "Woche", "start_seconds": 397.44, "end_seconds": 397.76, "confidence": null}, {"text": "einfach", "start_seconds": 397.76, "end_seconds": 398.0, "confidence": null}, {"text": "nächste", "start_seconds": 398.0, "end_seconds": 398.32, "confidence": null}, {"text": "Woche,", "start_seconds": 398.32, "end_seconds": 398.72, "confidence": null}, {"text": "wie", "start_seconds": 398.72, "end_seconds": 398.8, "confidence": null}, {"text": "Sie", "start_seconds": 398.8, "end_seconds": 398.96, "confidence": null}, {"text": "möchten,", "start_seconds": 398.96, "end_seconds": 399.04, "confidence": null}, {"text": "sehe", "start_seconds": 399.52, "end_seconds": 399.84, "confidence": null}, {"text": "zu,", "start_seconds": 399.84, "end_seconds": 399.92, "confidence": null}, {"text": "dass", "start_seconds": 399.92, "end_seconds": 400.08, "confidence": null}, {"text": "sie", "start_seconds": 400.08, "end_seconds": 400.16, "confidence": null}, {"text": "schnell", "start_seconds": 400.16, "end_seconds": 400.4, "confidence": null}, {"text": "einen", "start_seconds": 400.4, "end_seconds": 400.48, "confidence": null}, {"text": "Termin", "start_seconds": 400.48, "end_seconds": 400.8, "confidence": null}, {"text": "am", "start_seconds": 400.8, "end_seconds": 400.96, "confidence": null}, {"text": "Rhematologen", "start_seconds": 400.96, "end_seconds": 401.52, "confidence": null}, {"text": "kriegen,", "start_seconds": 401.52, "end_seconds": 401.84, "confidence": null}, {"text": "aber", "start_seconds": 401.84, "end_seconds": 401.92, "confidence": null}, {"text": "ich", "start_seconds": 402.8, "end_seconds": 402.96, "confidence": null}, {"text": "würde", "start_seconds": 402.96, "end_seconds": 403.12, "confidence": null}, {"text": "es", "start_seconds": 403.12, "end_seconds": 403.28, "confidence": null}, {"text": "heute", "start_seconds": 403.28, "end_seconds": 403.52, "confidence": null}, {"text": "erstmal", "start_seconds": 403.52, "end_seconds": 403.76, "confidence": null}, {"text": "gerne", "start_seconds": 403.76, "end_seconds": 404.0, "confidence": null}, {"text": "dabei", "start_seconds": 404.0, "end_seconds": 404.32, "confidence": null}, {"text": "belasten.", "start_seconds": 404.32, "end_seconds": 404.96, "confidence": null}, {"text": "Alles", "start_seconds": 405.6, "end_seconds": 405.84, "confidence": null}, {"text": "gut", "start_seconds": 405.84, "end_seconds": 405.92, "confidence": null}]}], "audio_seconds": 438.39275, "processing_seconds": 21.032177842999772, "model": "nemotron-speech-multilingual-0.6b", "language": "de-DE"}
{"event": "medical_probe_complete", "measurements": 6, "customer_acceptance": false, "quality_requires_reference_scoring": true}
