2026-09-16T08:25:40.547904908Z {"event": "probe_start", "scope": "direct-runtime diagnostic, not customer acceptance", "profile": {"model": "nemotron-speech-multilingual-0.6b", "chunk_size_ms": 560, "strip_language_tags": true, "decoding": "greedy_batch", "beam_size": 4, "precision": "float32", "confidence": false, "cuda_graphs": false}, "nemo_revision": "3b08b2acacc13ec1268e53653346266202b2335f", "checkpoint_revision": "ea30d66debe3740a08b573244286791d423d6b3e"}
2026-09-16T08:25:44.977384970Z OneLogger: Setting error_handling_strategy to DISABLE_QUIETLY_AND_REPORT_METRIC_ERROR for rank (rank=0) with OneLogger disabled. To override: explicitly set error_handling_strategy parameter.
2026-09-16T08:25:44.983178015Z No exporters were provided. This means that no telemetry data will be collected.
2026-09-16T08:26:19.333354309Z [NeMo I 2026-09-16 08:26:19 pipeline_builder:42] Using matmul precision: high
2026-09-16T08:26:58.562060178Z [NeMo I 2026-09-16 08:26:58 mixins:195] Tokenizer SentencePieceTokenizer initialized with 13087 tokens
2026-09-16T08:27:02.692349241Z [NeMo W 2026-09-16 08:27:02 modelPT:288] You tried to register an artifact under config key=tokenizer.model_path but an artifact for it has already been registered.
2026-09-16T08:27:02.703855697Z [NeMo W 2026-09-16 08:27:02 modelPT:288] You tried to register an artifact under config key=tokenizer.vocab_path but an artifact for it has already been registered.
2026-09-16T08:27:02.713138030Z [NeMo I 2026-09-16 08:27:02 mixins:195] Tokenizer SentencePieceTokenizer initialized with 13087 tokens
2026-09-16T08:27:07.588419583Z [NeMo W 2026-09-16 08:27:07 modelPT:176] If you intend to do training or fine-tuning, please call the ModelPT.setup_training_data() method and provide a valid configuration file to setup the train data loader.
2026-09-16T08:27:07.588468218Z     Train config : 
2026-09-16T08:27:07.588471792Z     manifest_filepath: null
2026-09-16T08:27:07.588473326Z     sample_rate: 16000
2026-09-16T08:27:07.588474868Z     use_lhotse: true
2026-09-16T08:27:07.588476460Z     shard_manifests: true
2026-09-16T08:27:07.588477859Z     batch_duration: 200
2026-09-16T08:27:07.588479486Z     quadratic_duration: 15
2026-09-16T08:27:07.588481000Z     num_buckets: 30
2026-09-16T08:27:07.588482382Z     shuffle: true
2026-09-16T08:27:07.588483919Z     num_workers: 8
2026-09-16T08:27:07.588485190Z     pin_memory: true
2026-09-16T08:27:07.588486884Z     max_duration: 20
2026-09-16T08:27:07.588488166Z     min_duration: 0.1
2026-09-16T08:27:07.588489412Z     is_tarred: true
2026-09-16T08:27:07.588490808Z     tarred_audio_filepaths: null
2026-09-16T08:27:07.588492115Z     shuffle_n: 2048
2026-09-16T08:27:07.588493375Z     slice_length: 100
2026-09-16T08:27:07.588495143Z     bucketing_strategy: fully_randomized
2026-09-16T08:27:07.588496485Z     bucketing_batch_size: null
2026-09-16T08:27:07.588498127Z     bucket_buffer_size: 10000
2026-09-16T08:27:07.588499532Z     shuffle_buffer_size: 10000
2026-09-16T08:27:07.588501011Z     prompt_field: target_lang
2026-09-16T08:27:07.588502474Z     prompt_dictionary:
2026-09-16T08:27:07.588503809Z       en-US: 0
2026-09-16T08:27:07.588505087Z       en: 0
2026-09-16T08:27:07.588506490Z       en-GB: 1
2026-09-16T08:27:07.588507775Z       enGB: 1
2026-09-16T08:27:07.588509076Z       es-ES: 2
2026-09-16T08:27:07.588510307Z       esES: 2
2026-09-16T08:27:07.588511626Z       es-US: 3
2026-09-16T08:27:07.588512882Z       es: 3
2026-09-16T08:27:07.588514228Z       zh-CN: 4
2026-09-16T08:27:07.588515457Z       zh-ZH: 4
2026-09-16T08:27:07.588516678Z       zh-TW: 5
2026-09-16T08:27:07.588517871Z       hi-IN: 6
2026-09-16T08:27:07.588519083Z       hi: 6
2026-09-16T08:27:07.588520415Z       hi-HI: 6
2026-09-16T08:27:07.588536286Z       ar-AR: 7
2026-09-16T08:27:07.588537254Z       ar: 7
2026-09-16T08:27:07.588538196Z       fr-FR: 8
2026-09-16T08:27:07.588539037Z       fr: 8
2026-09-16T08:27:07.588540034Z       de-DE: 9
2026-09-16T08:27:07.588540889Z       de: 9
2026-09-16T08:27:07.588541851Z       ja-JP: 10
2026-09-16T08:27:07.588542675Z       ja-JA: 10
2026-09-16T08:27:07.588543667Z       ru-RU: 11
2026-09-16T08:27:07.588544504Z       ru: 11
2026-09-16T08:27:07.588545479Z       pt-BR: 12
2026-09-16T08:27:07.588546323Z       pt-PT: 13
2026-09-16T08:27:07.588547298Z       pt: 13
2026-09-16T08:27:07.588548295Z       ko-KR: 14
2026-09-16T08:27:07.588549248Z       ko: 14
2026-09-16T08:27:07.588550094Z       ko-KO: 14
2026-09-16T08:27:07.588551028Z       it-IT: 15
2026-09-16T08:27:07.588551922Z       it: 15
2026-09-16T08:27:07.588552848Z       nl-NL: 16
2026-09-16T08:27:07.588553675Z       nl: 16
2026-09-16T08:27:07.588554608Z       pl-PL: 17
2026-09-16T08:27:07.588555442Z       pl: 17
2026-09-16T08:27:07.588556304Z       tr-TR: 18
2026-09-16T08:27:07.588557234Z       tr: 18
2026-09-16T08:27:07.588558059Z       uk-UA: 19
2026-09-16T08:27:07.588558982Z       uk: 19
2026-09-16T08:27:07.588559811Z       ro-RO: 20
2026-09-16T08:27:07.588560651Z       ro: 20
2026-09-16T08:27:07.588561558Z       el-GR: 21
2026-09-16T08:27:07.588562377Z       el: 21
2026-09-16T08:27:07.588563204Z       cs-CZ: 22
2026-09-16T08:27:07.588564180Z       cs: 22
2026-09-16T08:27:07.588565002Z       hu-HU: 23
2026-09-16T08:27:07.588565891Z       hu: 23
2026-09-16T08:27:07.588566710Z       sv-SE: 24
2026-09-16T08:27:07.588567552Z       sv: 24
2026-09-16T08:27:07.588568504Z       da-DK: 25
2026-09-16T08:27:07.588569337Z       da: 25
2026-09-16T08:27:07.588570156Z       fi-FI: 26
2026-09-16T08:27:07.588571068Z       fi: 26
2026-09-16T08:27:07.588571891Z       no-NO: 27
2026-09-16T08:27:07.588572817Z       'no': 27
2026-09-16T08:27:07.588573641Z       nb-NO: 103
2026-09-16T08:27:07.588574465Z       nb: 103
2026-09-16T08:27:07.588575328Z       nn-NO: 104
2026-09-16T08:27:07.588576165Z       nn: 104
2026-09-16T08:27:07.588577034Z       sk-SK: 28
2026-09-16T08:27:07.588577857Z       sk: 28
2026-09-16T08:27:07.588578664Z       hr-HR: 29
2026-09-16T08:27:07.588579506Z       hr: 29
2026-09-16T08:27:07.588580320Z       bg-BG: 30
2026-09-16T08:27:07.588581170Z       bg: 30
2026-09-16T08:27:07.588582045Z       lt-LT: 31
2026-09-16T08:27:07.588582874Z       lt: 31
2026-09-16T08:27:07.588583719Z       et-EE: 60
2026-09-16T08:27:07.588584544Z       et: 60
2026-09-16T08:27:07.588585522Z       lv-LV: 61
2026-09-16T08:27:07.588586346Z       lv: 61
2026-09-16T08:27:07.588587182Z       sl-SI: 62
2026-09-16T08:27:07.588588008Z       sl: 62
2026-09-16T08:27:07.588588954Z       th-TH: 32
2026-09-16T08:27:07.588589801Z       vi-VN: 33
2026-09-16T08:27:07.588590602Z       id-ID: 34
2026-09-16T08:27:07.588591564Z       ms-MY: 35
2026-09-16T08:27:07.588592362Z       bn-IN: 36
2026-09-16T08:27:07.588593237Z       ur-PK: 37
2026-09-16T08:27:07.588594042Z       fa-IR: 38
2026-09-16T08:27:07.588594853Z       ta-IN: 39
2026-09-16T08:27:07.588595768Z       te-IN: 40
2026-09-16T08:27:07.588596576Z       mr-IN: 41
2026-09-16T08:27:07.588597382Z       gu-IN: 42
2026-09-16T08:27:07.588598255Z       kn-IN: 43
2026-09-16T08:27:07.588599056Z       ml-IN: 44
2026-09-16T08:27:07.588599956Z       si-LK: 45
2026-09-16T08:27:07.588600771Z       ne-NP: 46
2026-09-16T08:27:07.588603490Z       km-KH: 47
2026-09-16T08:27:07.588604497Z       sw-KE: 48
2026-09-16T08:27:07.588605366Z       am-ET: 49
2026-09-16T08:27:07.588606187Z       ha-NG: 50
2026-09-16T08:27:07.588607069Z       zu-ZA: 51
2026-09-16T08:27:07.588607893Z       yo-NG: 52
2026-09-16T08:27:07.588608722Z       ig-NG: 53
2026-09-16T08:27:07.588609561Z       af-ZA: 54
2026-09-16T08:27:07.588610450Z       rw-RW: 55
2026-09-16T08:27:07.588611313Z       so-SO: 56
2026-09-16T08:27:07.588612130Z       ny-MW: 57
2026-09-16T08:27:07.588612961Z       ln-CD: 58
2026-09-16T08:27:07.588613776Z       or-KE: 59
2026-09-16T08:27:07.588614590Z       he-IL: 64
2026-09-16T08:27:07.588615422Z       ku-TR: 65
2026-09-16T08:27:07.588616291Z       az-AZ: 66
2026-09-16T08:27:07.588617110Z       ka-GE: 67
2026-09-16T08:27:07.588618003Z       hy-AM: 68
2026-09-16T08:27:07.588618810Z       uz-UZ: 69
2026-09-16T08:27:07.588619634Z       tg-TJ: 70
2026-09-16T08:27:07.588620447Z       ky-KG: 71
2026-09-16T08:27:07.588621268Z       qu-PE: 80
2026-09-16T08:27:07.588622106Z       ay-BO: 81
2026-09-16T08:27:07.588622923Z       gn-PY: 82
2026-09-16T08:27:07.588623786Z       nah-MX: 83
2026-09-16T08:27:07.588624682Z       mi-NZ: 96
2026-09-16T08:27:07.588625539Z       haw-US: 97
2026-09-16T08:27:07.588626362Z       sm-WS: 98
2026-09-16T08:27:07.588627179Z       to-TO: 99
2026-09-16T08:27:07.588628008Z       fr-CA: 100
2026-09-16T08:27:07.588628831Z       mt-MT: 102
2026-09-16T08:27:07.588629683Z       auto: 101
2026-09-16T08:27:07.588630526Z     num_prompts: 128
2026-09-16T08:27:07.588631449Z     subsampling_factor: 8
2026-09-16T08:27:07.588632342Z     lang_field: target_lang
2026-09-16T08:27:07.588633159Z     training_mode: true
2026-09-16T08:27:07.588634014Z     input_cfg: null
2026-09-16T08:27:07.588634833Z     use_bucketing: true
2026-09-16T08:27:07.588635783Z     defer_setup: true
2026-09-16T08:27:07.588636644Z     
2026-09-16T08:27:07.591720232Z [NeMo W 2026-09-16 08:27:07 modelPT:183] If you intend to do validation, please call the ModelPT.setup_validation_data() or ModelPT.setup_multiple_validation_data() method and provide a valid configuration file to setup the validation data loader(s). 
2026-09-16T08:27:07.591738091Z     Validation config : 
2026-09-16T08:27:07.591740020Z     manifest_filepath: null
2026-09-16T08:27:07.591741783Z     sample_rate: 16000
2026-09-16T08:27:07.591743176Z     batch_size: 2
2026-09-16T08:27:07.591744522Z     shuffle: false
2026-09-16T08:27:07.591745792Z     use_start_end_token: false
2026-09-16T08:27:07.591747303Z     num_workers: 2
2026-09-16T08:27:07.591748768Z     pin_memory: true
2026-09-16T08:27:07.591750474Z     batch_duration: null
2026-09-16T08:27:07.591751329Z     use_lhotse: true
2026-09-16T08:27:07.591752298Z     use_bucketing: false
2026-09-16T08:27:07.591753257Z     max_cuts: 8
2026-09-16T08:27:07.591754157Z     prompt_field: target_lang
2026-09-16T08:27:07.591755136Z     prompt_dictionary:
2026-09-16T08:27:07.591756026Z       en-US: 0
2026-09-16T08:27:07.591756966Z       en: 0
2026-09-16T08:27:07.591757818Z       en-GB: 1
2026-09-16T08:27:07.591758648Z       enGB: 1
2026-09-16T08:27:07.591759472Z       es-ES: 2
2026-09-16T08:27:07.591762561Z       esES: 2
2026-09-16T08:27:07.591763768Z       es-US: 3
2026-09-16T08:27:07.591764614Z       es: 3
2026-09-16T08:27:07.591765594Z       zh-CN: 4
2026-09-16T08:27:07.591766485Z       zh-ZH: 4
2026-09-16T08:27:07.591767385Z       zh-TW: 5
2026-09-16T08:27:07.591777441Z       hi-IN: 6
2026-09-16T08:27:07.591778460Z       hi: 6
2026-09-16T08:27:07.591779321Z       hi-HI: 6
2026-09-16T08:27:07.591780264Z       ar-AR: 7
2026-09-16T08:27:07.591781103Z       ar: 7
2026-09-16T08:27:07.591782032Z       fr-FR: 8
2026-09-16T08:27:07.591782886Z       fr: 8
2026-09-16T08:27:07.591783861Z       de-DE: 9
2026-09-16T08:27:07.591784854Z       de: 9
2026-09-16T08:27:07.591785680Z       ja-JP: 10
2026-09-16T08:27:07.591786534Z       ja-JA: 10
2026-09-16T08:27:07.591787365Z       ru-RU: 11
2026-09-16T08:27:07.591788241Z       ru: 11
2026-09-16T08:27:07.591789060Z       pt-BR: 12
2026-09-16T08:27:07.591789910Z       pt-PT: 13
2026-09-16T08:27:07.591790830Z       pt: 13
2026-09-16T08:27:07.591791876Z       ko-KR: 14
2026-09-16T08:27:07.591792738Z       ko: 14
2026-09-16T08:27:07.591793609Z       ko-KO: 14
2026-09-16T08:27:07.591794488Z       it-IT: 15
2026-09-16T08:27:07.591795415Z       it: 15
2026-09-16T08:27:07.591796237Z       nl-NL: 16
2026-09-16T08:27:07.591797166Z       nl: 16
2026-09-16T08:27:07.591798026Z       pl-PL: 17
2026-09-16T08:27:07.591798846Z       pl: 17
2026-09-16T08:27:07.591799666Z       tr-TR: 18
2026-09-16T08:27:07.591800535Z       tr: 18
2026-09-16T08:27:07.591801369Z       uk-UA: 19
2026-09-16T08:27:07.591802200Z       uk: 19
2026-09-16T08:27:07.591803045Z       ro-RO: 20
2026-09-16T08:27:07.591803912Z       ro: 20
2026-09-16T08:27:07.591804727Z       el-GR: 21
2026-09-16T08:27:07.591805556Z       el: 21
2026-09-16T08:27:07.591806383Z       cs-CZ: 22
2026-09-16T08:27:07.591807237Z       cs: 22
2026-09-16T08:27:07.591808060Z       hu-HU: 23
2026-09-16T08:27:07.591808926Z       hu: 23
2026-09-16T08:27:07.591809749Z       sv-SE: 24
2026-09-16T08:27:07.591810590Z       sv: 24
2026-09-16T08:27:07.591811427Z       da-DK: 25
2026-09-16T08:27:07.591812259Z       da: 25
2026-09-16T08:27:07.591813097Z       fi-FI: 26
2026-09-16T08:27:07.591813929Z       fi: 26
2026-09-16T08:27:07.591814777Z       no-NO: 27
2026-09-16T08:27:07.591815615Z       'no': 27
2026-09-16T08:27:07.591816468Z       nb-NO: 103
2026-09-16T08:27:07.591817319Z       nb: 103
2026-09-16T08:27:07.591818168Z       nn-NO: 104
2026-09-16T08:27:07.591819024Z       nn: 104
2026-09-16T08:27:07.591819858Z       sk-SK: 28
2026-09-16T08:27:07.591820696Z       sk: 28
2026-09-16T08:27:07.591821562Z       hr-HR: 29
2026-09-16T08:27:07.591822426Z       hr: 29
2026-09-16T08:27:07.591823244Z       bg-BG: 30
2026-09-16T08:27:07.591824102Z       bg: 30
2026-09-16T08:27:07.591824923Z       lt-LT: 31
2026-09-16T08:27:07.591825758Z       lt: 31
2026-09-16T08:27:07.591826581Z       et-EE: 60
2026-09-16T08:27:07.591827410Z       et: 60
2026-09-16T08:27:07.591828276Z       lv-LV: 61
2026-09-16T08:27:07.591829120Z       lv: 61
2026-09-16T08:27:07.591829950Z       sl-SI: 62
2026-09-16T08:27:07.591830798Z       sl: 62
2026-09-16T08:27:07.591831613Z       th-TH: 32
2026-09-16T08:27:07.591832483Z       vi-VN: 33
2026-09-16T08:27:07.591833368Z       id-ID: 34
2026-09-16T08:27:07.591834180Z       ms-MY: 35
2026-09-16T08:27:07.591835006Z       bn-IN: 36
2026-09-16T08:27:07.591835823Z       ur-PK: 37
2026-09-16T08:27:07.591836633Z       fa-IR: 38
2026-09-16T08:27:07.591837480Z       ta-IN: 39
2026-09-16T08:27:07.591838302Z       te-IN: 40
2026-09-16T08:27:07.591839159Z       mr-IN: 41
2026-09-16T08:27:07.591839979Z       gu-IN: 42
2026-09-16T08:27:07.591840855Z       kn-IN: 43
2026-09-16T08:27:07.591846597Z       ml-IN: 44
2026-09-16T08:27:07.591847456Z       si-LK: 45
2026-09-16T08:27:07.591848281Z       ne-NP: 46
2026-09-16T08:27:07.591849142Z       km-KH: 47
2026-09-16T08:27:07.591849973Z       sw-KE: 48
2026-09-16T08:27:07.591850780Z       am-ET: 49
2026-09-16T08:27:07.591853172Z       ha-NG: 50
2026-09-16T08:27:07.591854055Z       zu-ZA: 51
2026-09-16T08:27:07.591854966Z       yo-NG: 52
2026-09-16T08:27:07.591855820Z       ig-NG: 53
2026-09-16T08:27:07.591856679Z       af-ZA: 54
2026-09-16T08:27:07.591857552Z       rw-RW: 55
2026-09-16T08:27:07.591858398Z       so-SO: 56
2026-09-16T08:27:07.591859226Z       ny-MW: 57
2026-09-16T08:27:07.591860064Z       ln-CD: 58
2026-09-16T08:27:07.591860885Z       or-KE: 59
2026-09-16T08:27:07.591861762Z       he-IL: 64
2026-09-16T08:27:07.591862580Z       ku-TR: 65
2026-09-16T08:27:07.591863458Z       az-AZ: 66
2026-09-16T08:27:07.591864311Z       ka-GE: 67
2026-09-16T08:27:07.591865148Z       hy-AM: 68
2026-09-16T08:27:07.591866071Z       uz-UZ: 69
2026-09-16T08:27:07.591866883Z       tg-TJ: 70
2026-09-16T08:27:07.591868016Z       ky-KG: 71
2026-09-16T08:27:07.591868832Z       qu-PE: 80
2026-09-16T08:27:07.591869681Z       ay-BO: 81
2026-09-16T08:27:07.591870498Z       gn-PY: 82
2026-09-16T08:27:07.591871507Z       nah-MX: 83
2026-09-16T08:27:07.591872363Z       mi-NZ: 96
2026-09-16T08:27:07.591873275Z       haw-US: 97
2026-09-16T08:27:07.591874108Z       sm-WS: 98
2026-09-16T08:27:07.591874924Z       to-TO: 99
2026-09-16T08:27:07.591875852Z       fr-CA: 100
2026-09-16T08:27:07.591876679Z       mt-MT: 102
2026-09-16T08:27:07.591877682Z       auto: 101
2026-09-16T08:27:07.591878541Z     num_prompts: 128
2026-09-16T08:27:07.591879397Z     subsampling_factor: 8
2026-09-16T08:27:07.591880315Z     training_mode: true
2026-09-16T08:27:07.591881247Z     name: null
2026-09-16T08:27:07.591882136Z     
2026-09-16T08:27:07.594937991Z [NeMo W 2026-09-16 08:27:07 modelPT:190] Please call the ModelPT.setup_test_data() or ModelPT.setup_multiple_test_data() method and provide a valid configuration file to setup the test data loader(s).
2026-09-16T08:27:07.594944029Z     Test config : 
2026-09-16T08:27:07.594945484Z     manifest_filepath: null
2026-09-16T08:27:07.594946572Z     sample_rate: 16000
2026-09-16T08:27:07.594947567Z     batch_size: 16
2026-09-16T08:27:07.594948437Z     shuffle: false
2026-09-16T08:27:07.594949466Z     use_start_end_token: false
2026-09-16T08:27:07.594950359Z     num_workers: 8
2026-09-16T08:27:07.594951436Z     pin_memory: true
2026-09-16T08:27:07.594952363Z     use_lhotse: true
2026-09-16T08:27:07.594953217Z     use_bucketing: false
2026-09-16T08:27:07.594954517Z     prompt_field: target_lang
2026-09-16T08:27:07.594955497Z     prompt_dictionary:
2026-09-16T08:27:07.594956442Z       en-US: 0
2026-09-16T08:27:07.594957296Z       en: 0
2026-09-16T08:27:07.594958349Z       en-GB: 1
2026-09-16T08:27:07.594959187Z       enGB: 1
2026-09-16T08:27:07.594960090Z       es-ES: 2
2026-09-16T08:27:07.594961141Z       esES: 2
2026-09-16T08:27:07.594962278Z       es-US: 3
2026-09-16T08:27:07.594963373Z       es: 3
2026-09-16T08:27:07.594964278Z       zh-CN: 4
2026-09-16T08:27:07.594965117Z       zh-ZH: 4
2026-09-16T08:27:07.594965987Z       zh-TW: 5
2026-09-16T08:27:07.594966854Z       hi-IN: 6
2026-09-16T08:27:07.594967733Z       hi: 6
2026-09-16T08:27:07.594968585Z       hi-HI: 6
2026-09-16T08:27:07.594969399Z       ar-AR: 7
2026-09-16T08:27:07.594970228Z       ar: 7
2026-09-16T08:27:07.594973489Z       fr-FR: 8
2026-09-16T08:27:07.594974473Z       fr: 8
2026-09-16T08:27:07.594975325Z       de-DE: 9
2026-09-16T08:27:07.594976170Z       de: 9
2026-09-16T08:27:07.594977043Z       ja-JP: 10
2026-09-16T08:27:07.594977920Z       ja-JA: 10
2026-09-16T08:27:07.594978771Z       ru-RU: 11
2026-09-16T08:27:07.594979601Z       ru: 11
2026-09-16T08:27:07.594980423Z       pt-BR: 12
2026-09-16T08:27:07.594981380Z       pt-PT: 13
2026-09-16T08:27:07.594982225Z       pt: 13
2026-09-16T08:27:07.594983187Z       ko-KR: 14
2026-09-16T08:27:07.594984011Z       ko: 14
2026-09-16T08:27:07.594984983Z       ko-KO: 14
2026-09-16T08:27:07.594985794Z       it-IT: 15
2026-09-16T08:27:07.594986683Z       it: 15
2026-09-16T08:27:07.594987483Z       nl-NL: 16
2026-09-16T08:27:07.594988387Z       nl: 16
2026-09-16T08:27:07.594989291Z       pl-PL: 17
2026-09-16T08:27:07.594990211Z       pl: 17
2026-09-16T08:27:07.594991027Z       tr-TR: 18
2026-09-16T08:27:07.594992047Z       tr: 18
2026-09-16T08:27:07.594992859Z       uk-UA: 19
2026-09-16T08:27:07.594993860Z       uk: 19
2026-09-16T08:27:07.594994686Z       ro-RO: 20
2026-09-16T08:27:07.594995619Z       ro: 20
2026-09-16T08:27:07.594996488Z       el-GR: 21
2026-09-16T08:27:07.594997415Z       el: 21
2026-09-16T08:27:07.594998230Z       cs-CZ: 22
2026-09-16T08:27:07.594999148Z       cs: 22
2026-09-16T08:27:07.594999982Z       hu-HU: 23
2026-09-16T08:27:07.595000820Z       hu: 23
2026-09-16T08:27:07.595001686Z       sv-SE: 24
2026-09-16T08:27:07.595002529Z       sv: 24
2026-09-16T08:27:07.595003414Z       da-DK: 25
2026-09-16T08:27:07.595004240Z       da: 25
2026-09-16T08:27:07.595005060Z       fi-FI: 26
2026-09-16T08:27:07.595005995Z       fi: 26
2026-09-16T08:27:07.595006809Z       no-NO: 27
2026-09-16T08:27:07.595007698Z       'no': 27
2026-09-16T08:27:07.595008575Z       nb-NO: 103
2026-09-16T08:27:07.595009398Z       nb: 103
2026-09-16T08:27:07.595010281Z       nn-NO: 104
2026-09-16T08:27:07.595011103Z       nn: 104
2026-09-16T08:27:07.595011945Z       sk-SK: 28
2026-09-16T08:27:07.595012835Z       sk: 28
2026-09-16T08:27:07.595013659Z       hr-HR: 29
2026-09-16T08:27:07.595014489Z       hr: 29
2026-09-16T08:27:07.595015329Z       bg-BG: 30
2026-09-16T08:27:07.595016157Z       bg: 30
2026-09-16T08:27:07.595017101Z       lt-LT: 31
2026-09-16T08:27:07.595017939Z       lt: 31
2026-09-16T08:27:07.595018758Z       et-EE: 60
2026-09-16T08:27:07.595019681Z       et: 60
2026-09-16T08:27:07.595020520Z       lv-LV: 61
2026-09-16T08:27:07.595021375Z       lv: 61
2026-09-16T08:27:07.595022188Z       sl-SI: 62
2026-09-16T08:27:07.595023039Z       sl: 62
2026-09-16T08:27:07.595023901Z       th-TH: 32
2026-09-16T08:27:07.595024720Z       vi-VN: 33
2026-09-16T08:27:07.595025544Z       id-ID: 34
2026-09-16T08:27:07.595026442Z       ms-MY: 35
2026-09-16T08:27:07.595027307Z       bn-IN: 36
2026-09-16T08:27:07.595028122Z       ur-PK: 37
2026-09-16T08:27:07.595028997Z       fa-IR: 38
2026-09-16T08:27:07.595029825Z       ta-IN: 39
2026-09-16T08:27:07.595030674Z       te-IN: 40
2026-09-16T08:27:07.595031485Z       mr-IN: 41
2026-09-16T08:27:07.595032322Z       gu-IN: 42
2026-09-16T08:27:07.595033192Z       kn-IN: 43
2026-09-16T08:27:07.595034005Z       ml-IN: 44
2026-09-16T08:27:07.595034817Z       si-LK: 45
2026-09-16T08:27:07.595035649Z       ne-NP: 46
2026-09-16T08:27:07.595036467Z       km-KH: 47
2026-09-16T08:27:07.595037293Z       sw-KE: 48
2026-09-16T08:27:07.595039988Z       am-ET: 49
2026-09-16T08:27:07.595040818Z       ha-NG: 50
2026-09-16T08:27:07.595041674Z       zu-ZA: 51
2026-09-16T08:27:07.595042487Z       yo-NG: 52
2026-09-16T08:27:07.595043299Z       ig-NG: 53
2026-09-16T08:27:07.595044113Z       af-ZA: 54
2026-09-16T08:27:07.595044923Z       rw-RW: 55
2026-09-16T08:27:07.595045743Z       so-SO: 56
2026-09-16T08:27:07.595046586Z       ny-MW: 57
2026-09-16T08:27:07.595047409Z       ln-CD: 58
2026-09-16T08:27:07.595048265Z       or-KE: 59
2026-09-16T08:27:07.595049094Z       he-IL: 64
2026-09-16T08:27:07.595049908Z       ku-TR: 65
2026-09-16T08:27:07.595050717Z       az-AZ: 66
2026-09-16T08:27:07.595051533Z       ka-GE: 67
2026-09-16T08:27:07.595052345Z       hy-AM: 68
2026-09-16T08:27:07.595053158Z       uz-UZ: 69
2026-09-16T08:27:07.595054090Z       tg-TJ: 70
2026-09-16T08:27:07.595054967Z       ky-KG: 71
2026-09-16T08:27:07.595055832Z       qu-PE: 80
2026-09-16T08:27:07.595056656Z       ay-BO: 81
2026-09-16T08:27:07.595057495Z       gn-PY: 82
2026-09-16T08:27:07.595059467Z       nah-MX: 83
2026-09-16T08:27:07.595060482Z       mi-NZ: 96
2026-09-16T08:27:07.595061367Z       haw-US: 97
2026-09-16T08:27:07.595062184Z       sm-WS: 98
2026-09-16T08:27:07.595063231Z       to-TO: 99
2026-09-16T08:27:07.595064091Z       fr-CA: 100
2026-09-16T08:27:07.595065084Z       mt-MT: 102
2026-09-16T08:27:07.595065998Z       auto: 101
2026-09-16T08:27:07.595066864Z     num_prompts: 128
2026-09-16T08:27:07.595067772Z     subsampling_factor: 8
2026-09-16T08:27:07.595068945Z     training_mode: false
2026-09-16T08:27:07.595069856Z     
2026-09-16T08:27:12.423503197Z [NeMo I 2026-09-16 08:27:12 rnnt_models:227] Using RNNT Loss : warprnnt_numba
2026-09-16T08:27:12.423512450Z     Loss warprnnt_numba_kwargs: {'fastemit_lambda': 0.005, 'clamp': -1.0}
2026-09-16T08:27:12.425010765Z [NeMo I 2026-09-16 08:27:12 rnnt_models:227] Using RNNT Loss : warprnnt_numba
2026-09-16T08:27:12.425013822Z     Loss warprnnt_numba_kwargs: {'fastemit_lambda': 0.005, 'clamp': -1.0}
2026-09-16T08:27:12.992068920Z [NeMo I 2026-09-16 08:27:12 rnnt_models:227] Using RNNT Loss : warprnnt_numba
2026-09-16T08:27:12.992089481Z     Loss warprnnt_numba_kwargs: {'fastemit_lambda': 0.005, 'clamp': -1.0}
2026-09-16T08:27:13.018589718Z [NeMo I 2026-09-16 08:27:13 rnnt_bpe_models_prompt:147] Model with prompt feature has been initialized (RNNT-only)
2026-09-16T08:27:15.387396634Z [NeMo I 2026-09-16 08:27:15 save_restore_connector:288] Model EncDecRNNTBPEModelWithPrompt was successfully restored from /cache/huggingface/hub/models--nvidia--nemotron-3.5-asr-streaming-0.6b/snapshots/ea30d66debe3740a08b573244286791d423d6b3e/nemotron-3.5-asr-streaming-0.6b.nemo.
2026-09-16T08:27:15.389664698Z [NeMo I 2026-09-16 08:27:15 rnnt_bpe_models:399] No `decoding_cfg` passed when changing decoding strategy, using internal config
2026-09-16T08:27:15.413563393Z [NeMo I 2026-09-16 08:27:15 rnnt_models:227] Using RNNT Loss : warprnnt_numba
2026-09-16T08:27:15.413575771Z     Loss warprnnt_numba_kwargs: {'fastemit_lambda': 0.005, 'clamp': -1.0}
2026-09-16T08:27:15.425660883Z [NeMo I 2026-09-16 08:27:15 rnnt_bpe_models:437] Changed decoding strategy to 
2026-09-16T08:27:15.425663427Z     model_type: rnnt
2026-09-16T08:27:15.425665424Z     strategy: greedy_batch
2026-09-16T08:27:15.425667947Z     compute_hypothesis_token_set: false
2026-09-16T08:27:15.425669367Z     preserve_alignments: null
2026-09-16T08:27:15.425670817Z     tdt_include_token_duration: null
2026-09-16T08:27:15.425672193Z     confidence_cfg:
2026-09-16T08:27:15.425673802Z       preserve_frame_confidence: false
2026-09-16T08:27:15.425683427Z       preserve_token_confidence: false
2026-09-16T08:27:15.425684363Z       preserve_word_confidence: false
2026-09-16T08:27:15.425685396Z       exclude_blank: true
2026-09-16T08:27:15.425686369Z       aggregation: min
2026-09-16T08:27:15.425687255Z       tdt_include_duration: false
2026-09-16T08:27:15.425688234Z       method_cfg:
2026-09-16T08:27:15.425689081Z         name: entropy
2026-09-16T08:27:15.425690114Z         entropy_type: tsallis
2026-09-16T08:27:15.425690945Z         alpha: 0.33
2026-09-16T08:27:15.425691776Z         entropy_norm: exp
2026-09-16T08:27:15.425692703Z         temperature: DEPRECATED
2026-09-16T08:27:15.425693736Z     fused_batch_size: null
2026-09-16T08:27:15.425694614Z     compute_timestamps: null
2026-09-16T08:27:15.425695501Z     compute_langs: false
2026-09-16T08:27:15.425696351Z     word_seperator: ' '
2026-09-16T08:27:15.425697472Z     segment_seperators:
2026-09-16T08:27:15.425698340Z     - .
2026-09-16T08:27:15.425699281Z     - '!'
2026-09-16T08:27:15.425700294Z     - '?'
2026-09-16T08:27:15.425701186Z     segment_gap_threshold: null
2026-09-16T08:27:15.425702065Z     rnnt_timestamp_type: all
2026-09-16T08:27:15.425703001Z     greedy:
2026-09-16T08:27:15.425703863Z       max_symbols_per_step: 10
2026-09-16T08:27:15.425704808Z       preserve_alignments: false
2026-09-16T08:27:15.425705824Z       preserve_frame_confidence: false
2026-09-16T08:27:15.425706697Z       tdt_include_token_duration: false
2026-09-16T08:27:15.425707648Z       tdt_include_duration_confidence: false
2026-09-16T08:27:15.425708570Z       confidence_method_cfg:
2026-09-16T08:27:15.425709555Z         name: entropy
2026-09-16T08:27:15.425710425Z         entropy_type: tsallis
2026-09-16T08:27:15.425711393Z         alpha: 0.33
2026-09-16T08:27:15.425712222Z         entropy_norm: exp
2026-09-16T08:27:15.425713049Z         temperature: DEPRECATED
2026-09-16T08:27:15.425714025Z       loop_labels: true
2026-09-16T08:27:15.425714910Z       use_cuda_graph_decoder: true
2026-09-16T08:27:15.425715845Z       ngram_lm_model: null
2026-09-16T08:27:15.425716702Z       ngram_lm_alpha: 0.0
2026-09-16T08:27:15.425717631Z       boosting_tree:
2026-09-16T08:27:15.425718499Z         model_path: null
2026-09-16T08:27:15.425719331Z         key_phrases_file: null
2026-09-16T08:27:15.425720180Z         key_phrases_list: null
2026-09-16T08:27:15.425721111Z         key_phrase_items_list: null
2026-09-16T08:27:15.425722051Z         context_score: 1.0
2026-09-16T08:27:15.425722933Z         depth_scaling: 2.0
2026-09-16T08:27:15.425723864Z         unk_score: 0.0
2026-09-16T08:27:15.425724684Z         final_eos_score: 1.0
2026-09-16T08:27:15.425725511Z         score_per_phrase: 0.0
2026-09-16T08:27:15.425726347Z         source_lang: en
2026-09-16T08:27:15.425727261Z         use_triton: null
2026-09-16T08:27:15.425728085Z         uniform_weights: false
2026-09-16T08:27:15.425728977Z         bpe_mode: default
2026-09-16T08:27:15.425729799Z         use_bpe_dropout: null
2026-09-16T08:27:15.425730687Z         num_of_transcriptions: 5
2026-09-16T08:27:15.425731505Z         bpe_alpha: 0.3
2026-09-16T08:27:15.425732423Z         var_bpe_scoring_temp: 10.0
2026-09-16T08:27:15.425733305Z         var_bpe_penalize_subsplits: true
2026-09-16T08:27:15.425734200Z       boosting_tree_alpha: 0.0
2026-09-16T08:27:15.425735078Z       enable_per_stream_biasing: false
2026-09-16T08:27:15.425736268Z       max_symbols: 10
2026-09-16T08:27:15.425737181Z     beam:
2026-09-16T08:27:15.425739979Z       beam_size: 2
2026-09-16T08:27:15.425740916Z       search_type: default
2026-09-16T08:27:15.425741742Z       score_norm: true
2026-09-16T08:27:15.425742736Z       return_best_hypothesis: false
2026-09-16T08:27:15.425743715Z       tsd_max_sym_exp_per_step: 50
2026-09-16T08:27:15.425744625Z       alsd_max_target_len: 2.0
2026-09-16T08:27:15.425745560Z       nsc_max_timesteps_expansion: 1
2026-09-16T08:27:15.425746500Z       nsc_prefix_alpha: 1
2026-09-16T08:27:15.425747334Z       maes_num_steps: 2
2026-09-16T08:27:15.425748180Z       maes_prefix_alpha: 1
2026-09-16T08:27:15.425749035Z       maes_expansion_gamma: 2.3
2026-09-16T08:27:15.425749921Z       maes_expansion_beta: 2
2026-09-16T08:27:15.425750917Z       language_model: null
2026-09-16T08:27:15.425751732Z       softmax_temperature: 1.0
2026-09-16T08:27:15.425752630Z       preserve_alignments: false
2026-09-16T08:27:15.425753463Z       ngram_lm_model: null
2026-09-16T08:27:15.425754285Z       ngram_lm_alpha: 0.0
2026-09-16T08:27:15.425755102Z       boosting_tree:
2026-09-16T08:27:15.425755941Z         model_path: null
2026-09-16T08:27:15.425756811Z         key_phrases_file: null
2026-09-16T08:27:15.425757765Z         key_phrases_list: null
2026-09-16T08:27:15.425758609Z         key_phrase_items_list: null
2026-09-16T08:27:15.425759524Z         context_score: 1.0
2026-09-16T08:27:15.425760349Z         depth_scaling: 2.0
2026-09-16T08:27:15.425761281Z         unk_score: 0.0
2026-09-16T08:27:15.425762157Z         final_eos_score: 1.0
2026-09-16T08:27:15.425763017Z         score_per_phrase: 0.0
2026-09-16T08:27:15.425763839Z         source_lang: en
2026-09-16T08:27:15.425764795Z         use_triton: null
2026-09-16T08:27:15.425765615Z         uniform_weights: false
2026-09-16T08:27:15.425766466Z         bpe_mode: default
2026-09-16T08:27:15.425767287Z         use_bpe_dropout: null
2026-09-16T08:27:15.425768131Z         num_of_transcriptions: 5
2026-09-16T08:27:15.425768947Z         bpe_alpha: 0.3
2026-09-16T08:27:15.425769778Z         var_bpe_scoring_temp: 10.0
2026-09-16T08:27:15.425770625Z         var_bpe_penalize_subsplits: true
2026-09-16T08:27:15.425771624Z       boosting_tree_alpha: 0.0
2026-09-16T08:27:15.425772457Z       hat_subtract_ilm: false
2026-09-16T08:27:15.425773458Z       hat_ilm_weight: 0.0
2026-09-16T08:27:15.425774335Z       max_symbols_per_step: 10
2026-09-16T08:27:15.425775211Z       blank_lm_score_mode: LM_WEIGHTED_FULL
2026-09-16T08:27:15.425776102Z       pruning_mode: LATE
2026-09-16T08:27:15.425776919Z       allow_cuda_graphs: true
2026-09-16T08:27:15.425777812Z       enable_per_stream_biasing: false
2026-09-16T08:27:15.425778799Z       preserve_frame_confidence: false
2026-09-16T08:27:15.425779859Z       tdt_include_duration_confidence: false
2026-09-16T08:27:15.425780782Z       confidence_method_cfg:
2026-09-16T08:27:15.425781637Z         name: entropy
2026-09-16T08:27:15.425782669Z         entropy_type: tsallis
2026-09-16T08:27:15.425783485Z         alpha: 0.33
2026-09-16T08:27:15.425784305Z         entropy_norm: exp
2026-09-16T08:27:15.425785178Z         temperature: DEPRECATED
2026-09-16T08:27:15.425785984Z       tsd_max_sym_exp: 50
2026-09-16T08:27:15.425786839Z     temperature: 1.0
2026-09-16T08:27:15.425787828Z     durations: []
2026-09-16T08:27:15.425788637Z     big_blank_durations: []
2026-09-16T08:27:15.425789651Z     strip_lang_tags: false
2026-09-16T08:27:15.425790580Z     lang_tag_pattern: null
2026-09-16T08:27:15.425791529Z     
2026-09-16T08:27:15.455966095Z [NeMo I 2026-09-16 08:27:15 rnnt_models:227] Using RNNT Loss : warprnnt_numba
2026-09-16T08:27:15.455977730Z     Loss warprnnt_numba_kwargs: {'fastemit_lambda': 0.005, 'clamp': -1.0}
2026-09-16T08:27:15.465458740Z [NeMo I 2026-09-16 08:27:15 rnnt_decoding:1041] Joint fused batch size <= 0; Will temporarily disable fused batch step in the Joint.
2026-09-16T08:27:15.472653586Z [NeMo I 2026-09-16 08:27:15 rnnt_bpe_models:437] Changed decoding strategy to 
2026-09-16T08:27:15.472656237Z     model_type: rnnt
2026-09-16T08:27:15.472658907Z     strategy: greedy_batch
2026-09-16T08:27:15.472660166Z     compute_hypothesis_token_set: false
2026-09-16T08:27:15.472661188Z     preserve_alignments: false
2026-09-16T08:27:15.472662314Z     tdt_include_token_duration: null
2026-09-16T08:27:15.472663312Z     confidence_cfg:
2026-09-16T08:27:15.472664194Z       preserve_frame_confidence: false
2026-09-16T08:27:15.472665232Z       preserve_token_confidence: false
2026-09-16T08:27:15.472666395Z       preserve_word_confidence: false
2026-09-16T08:27:15.472667360Z       exclude_blank: true
2026-09-16T08:27:15.472668374Z       aggregation: min
2026-09-16T08:27:15.472669642Z       tdt_include_duration: false
2026-09-16T08:27:15.472670652Z       method_cfg:
2026-09-16T08:27:15.472671610Z         name: entropy
2026-09-16T08:27:15.472672442Z         entropy_type: tsallis
2026-09-16T08:27:15.472673433Z         alpha: 0.33
2026-09-16T08:27:15.472674369Z         entropy_norm: exp
2026-09-16T08:27:15.472675422Z         temperature: DEPRECATED
2026-09-16T08:27:15.472676378Z     fused_batch_size: -1
2026-09-16T08:27:15.472677202Z     compute_timestamps: null
2026-09-16T08:27:15.472678194Z     compute_langs: false
2026-09-16T08:27:15.472679222Z     word_seperator: ' '
2026-09-16T08:27:15.472680055Z     segment_seperators:
2026-09-16T08:27:15.472680940Z     - .
2026-09-16T08:27:15.472681992Z     - '!'
2026-09-16T08:27:15.472682875Z     - '?'
2026-09-16T08:27:15.472683811Z     segment_gap_threshold: null
2026-09-16T08:27:15.472684804Z     rnnt_timestamp_type: all
2026-09-16T08:27:15.472685700Z     greedy:
2026-09-16T08:27:15.472686727Z       max_symbols_per_step: 10
2026-09-16T08:27:15.472687733Z       preserve_alignments: false
2026-09-16T08:27:15.472688582Z       preserve_frame_confidence: false
2026-09-16T08:27:15.472689528Z       tdt_include_token_duration: false
2026-09-16T08:27:15.472690477Z       tdt_include_duration_confidence: false
2026-09-16T08:27:15.472691338Z       confidence_method_cfg:
2026-09-16T08:27:15.472692286Z         name: entropy
2026-09-16T08:27:15.472693304Z         entropy_type: tsallis
2026-09-16T08:27:15.472694154Z         alpha: 0.33
2026-09-16T08:27:15.472694997Z         entropy_norm: exp
2026-09-16T08:27:15.472696106Z         temperature: DEPRECATED
2026-09-16T08:27:15.472696983Z       loop_labels: true
2026-09-16T08:27:15.472697953Z       use_cuda_graph_decoder: false
2026-09-16T08:27:15.472698895Z       ngram_lm_model: null
2026-09-16T08:27:15.472699803Z       ngram_lm_alpha: 0.0
2026-09-16T08:27:15.472700658Z       boosting_tree:
2026-09-16T08:27:15.472701498Z         model_path: null
2026-09-16T08:27:15.472702323Z         key_phrases_file: null
2026-09-16T08:27:15.472703367Z         key_phrases_list: null
2026-09-16T08:27:15.472704312Z         key_phrase_items_list: null
2026-09-16T08:27:15.472705321Z         context_score: 1.0
2026-09-16T08:27:15.472706143Z         depth_scaling: 2.0
2026-09-16T08:27:15.472706974Z         unk_score: 0.0
2026-09-16T08:27:15.472707938Z         final_eos_score: 1.0
2026-09-16T08:27:15.472708773Z         score_per_phrase: 0.0
2026-09-16T08:27:15.472712688Z         source_lang: en
2026-09-16T08:27:15.472713565Z         use_triton: null
2026-09-16T08:27:15.472714417Z         uniform_weights: false
2026-09-16T08:27:15.472715258Z         bpe_mode: default
2026-09-16T08:27:15.472716164Z         use_bpe_dropout: null
2026-09-16T08:27:15.472717050Z         num_of_transcriptions: 5
2026-09-16T08:27:15.472718078Z         bpe_alpha: 0.3
2026-09-16T08:27:15.472719063Z         var_bpe_scoring_temp: 10.0
2026-09-16T08:27:15.472720068Z         var_bpe_penalize_subsplits: true
2026-09-16T08:27:15.472720936Z       boosting_tree_alpha: 0.0
2026-09-16T08:27:15.472721823Z       enable_per_stream_biasing: true
2026-09-16T08:27:15.472722686Z       max_symbols: 10
2026-09-16T08:27:15.472723587Z     beam:
2026-09-16T08:27:15.472724457Z       beam_size: 4
2026-09-16T08:27:15.472725364Z       search_type: default
2026-09-16T08:27:15.472726315Z       score_norm: true
2026-09-16T08:27:15.472727190Z       return_best_hypothesis: true
2026-09-16T08:27:15.472728092Z       tsd_max_sym_exp_per_step: 50
2026-09-16T08:27:15.472728966Z       alsd_max_target_len: 1.0
2026-09-16T08:27:15.472729841Z       nsc_max_timesteps_expansion: 1
2026-09-16T08:27:15.472730772Z       nsc_prefix_alpha: 1
2026-09-16T08:27:15.472731814Z       maes_num_steps: 2
2026-09-16T08:27:15.472732821Z       maes_prefix_alpha: 1
2026-09-16T08:27:15.472733661Z       maes_expansion_gamma: 2.3
2026-09-16T08:27:15.472735030Z       maes_expansion_beta: 2
2026-09-16T08:27:15.472736015Z       language_model: null
2026-09-16T08:27:15.472737207Z       softmax_temperature: 1.0
2026-09-16T08:27:15.472738116Z       preserve_alignments: false
2026-09-16T08:27:15.472738991Z       ngram_lm_model: null
2026-09-16T08:27:15.472739930Z       ngram_lm_alpha: 0.0
2026-09-16T08:27:15.472740875Z       boosting_tree:
2026-09-16T08:27:15.472741727Z         model_path: null
2026-09-16T08:27:15.472742586Z         key_phrases_file: null
2026-09-16T08:27:15.472743552Z         key_phrases_list: null
2026-09-16T08:27:15.472744439Z         key_phrase_items_list: null
2026-09-16T08:27:15.472745765Z         context_score: 1.0
2026-09-16T08:27:15.472746642Z         depth_scaling: 2.0
2026-09-16T08:27:15.472747592Z         unk_score: 0.0
2026-09-16T08:27:15.472748483Z         final_eos_score: 1.0
2026-09-16T08:27:15.472749333Z         score_per_phrase: 0.0
2026-09-16T08:27:15.472750180Z         source_lang: en
2026-09-16T08:27:15.472751161Z         use_triton: null
2026-09-16T08:27:15.472752016Z         uniform_weights: false
2026-09-16T08:27:15.472752882Z         bpe_mode: default
2026-09-16T08:27:15.472753743Z         use_bpe_dropout: null
2026-09-16T08:27:15.472754725Z         num_of_transcriptions: 5
2026-09-16T08:27:15.472755610Z         bpe_alpha: 0.3
2026-09-16T08:27:15.472756507Z         var_bpe_scoring_temp: 10.0
2026-09-16T08:27:15.472757394Z         var_bpe_penalize_subsplits: true
2026-09-16T08:27:15.472758420Z       boosting_tree_alpha: 0.0
2026-09-16T08:27:15.472759285Z       hat_subtract_ilm: false
2026-09-16T08:27:15.472760135Z       hat_ilm_weight: 0.0
2026-09-16T08:27:15.472760984Z       max_symbols_per_step: 10
2026-09-16T08:27:15.472761938Z       blank_lm_score_mode: LM_WEIGHTED_FULL
2026-09-16T08:27:15.472762836Z       pruning_mode: LATE
2026-09-16T08:27:15.472763706Z       allow_cuda_graphs: true
2026-09-16T08:27:15.472764612Z       enable_per_stream_biasing: false
2026-09-16T08:27:15.472765502Z       preserve_frame_confidence: false
2026-09-16T08:27:15.472766374Z       tdt_include_duration_confidence: false
2026-09-16T08:27:15.472769138Z       confidence_method_cfg:
2026-09-16T08:27:15.472770003Z         name: entropy
2026-09-16T08:27:15.472770856Z         entropy_type: tsallis
2026-09-16T08:27:15.472771747Z         alpha: 0.33
2026-09-16T08:27:15.472772604Z         entropy_norm: exp
2026-09-16T08:27:15.472773450Z         temperature: DEPRECATED
2026-09-16T08:27:15.472774305Z     temperature: 1.0
2026-09-16T08:27:15.472775143Z     durations: []
2026-09-16T08:27:15.472776002Z     big_blank_durations: []
2026-09-16T08:27:15.472776842Z     strip_lang_tags: false
2026-09-16T08:27:15.472777750Z     lang_tag_pattern: null
2026-09-16T08:27:15.472778722Z     
2026-09-16T08:27:15.479650354Z [NeMo I 2026-09-16 08:27:15 base_builder:147] ASR model `/cache/huggingface/hub/models--nvidia--nemotron-3.5-asr-streaming-0.6b/snapshots/ea30d66debe3740a08b573244286791d423d6b3e/nemotron-3.5-asr-streaming-0.6b.nemo` loaded
2026-09-16T08:27:16.112926295Z [NeMo I 2026-09-16 08:27:16 cache_aware_rnnt_pipeline:125] Multilingual ASR model: conditioning on language 'auto'.
2026-09-16T08:27:16.223588218Z [NeMo I 2026-09-16 08:27:16 cache_aware_pipeline_builder:107] `CacheAwareRNNTPipeline` pipeline loaded
2026-09-16T08:27:16.223812969Z {"event": "runtime_loaded", "timings": {"runtime_import_seconds": 7.652911588000279, "checkpoint_acquisition_seconds": 31.116838219000783, "model_load_seconds": 56.890845112000534}, "torch": "2.8.0+cu128", "cuda": "12.8", "device": "NVIDIA H100 80GB HBM3", "compute_capability": [9, 0], "frame_samples": 8960}
2026-09-16T08:27:16.290065483Z {"event": "fixture", "text": "Welcome to the scientific artificial intelligence platform. This is a speech recognition test. We are checking that every spoken word is transcribed, including the very last word. The final word is telescope.", "sha256": "02bfe969674facbd59d5aef773a86cc9fbe030d12418b1657ae92d4ac678b4d4", "source": "espeak-ng"}
2026-09-16T08:27:32.736860206Z {"event": "transcript_event", "elapsed_seconds": 16.44647799899758, "before_end_of_stream": true, "type": "transcript.partial", "session_id": "c09d814d-b810-4ae9-8140-df2e545e67b5", "sequence": 1, "segment_id": 0, "revision": 1, "text": " Welcome to the"}
2026-09-16T08:27:32.767924159Z {"event": "transcript_event", "elapsed_seconds": 16.477715476998128, "before_end_of_stream": true, "type": "transcript.partial", "session_id": "c09d814d-b810-4ae9-8140-df2e545e67b5", "sequence": 2, "segment_id": 0, "revision": 2, "text": " Welcome to the Scienti"}
2026-09-16T08:27:32.799304956Z {"event": "transcript_event", "elapsed_seconds": 16.508983828000055, "before_end_of_stream": true, "type": "transcript.partial", "session_id": "c09d814d-b810-4ae9-8140-df2e545e67b5", "sequence": 3, "segment_id": 0, "revision": 3, "text": " Welcome to the Scientific Arti"}
2026-09-16T08:27:32.830950669Z {"event": "transcript_event", "elapsed_seconds": 16.54075567700056, "before_end_of_stream": true, "type": "transcript.partial", "session_id": "c09d814d-b810-4ae9-8140-df2e545e67b5", "sequence": 4, "segment_id": 0, "revision": 4, "text": " Welcome to the Scientific Artificial Inte"}
2026-09-16T08:27:32.860026728Z {"event": "transcript_event", "elapsed_seconds": 16.569834322999668, "before_end_of_stream": true, "type": "transcript.partial", "session_id": "c09d814d-b810-4ae9-8140-df2e545e67b5", "sequence": 5, "segment_id": 0, "revision": 5, "text": " Welcome to the Scientific Artificial Intelligence"}
2026-09-16T08:27:32.890814630Z {"event": "transcript_event", "elapsed_seconds": 16.60049337899909, "before_end_of_stream": true, "type": "transcript.partial", "session_id": "c09d814d-b810-4ae9-8140-df2e545e67b5", "sequence": 6, "segment_id": 0, "revision": 6, "text": " Welcome to the Scientific Artificial Intelligence Platform"}
2026-09-16T08:27:32.923724063Z {"event": "transcript_event", "elapsed_seconds": 16.63351467800021, "before_end_of_stream": true, "type": "transcript.partial", "session_id": "c09d814d-b810-4ae9-8140-df2e545e67b5", "sequence": 7, "segment_id": 0, "revision": 7, "text": " Welcome to the Scientific Artificial Intelligence Platform.  This"}
2026-09-16T08:27:32.955254109Z {"event": "transcript_event", "elapsed_seconds": 16.66503623599783, "before_end_of_stream": true, "type": "transcript.partial", "session_id": "c09d814d-b810-4ae9-8140-df2e545e67b5", "sequence": 8, "segment_id": 0, "revision": 8, "text": " Welcome to the Scientific Artificial Intelligence Platform.  This is a spe"}
2026-09-16T08:27:32.988733178Z {"event": "transcript_event", "elapsed_seconds": 16.698208687997976, "before_end_of_stream": true, "type": "transcript.partial", "session_id": "c09d814d-b810-4ae9-8140-df2e545e67b5", "sequence": 9, "segment_id": 0, "revision": 9, "text": " Welcome to the Scientific Artificial Intelligence Platform.  This is a speech recogni"}
2026-09-16T08:27:33.017600482Z {"event": "transcript_event", "elapsed_seconds": 16.727395029000036, "before_end_of_stream": true, "type": "transcript.partial", "session_id": "c09d814d-b810-4ae9-8140-df2e545e67b5", "sequence": 10, "segment_id": 0, "revision": 10, "text": " Welcome to the Scientific Artificial Intelligence Platform.  This is a speech recognition test"}
2026-09-16T08:27:33.074876103Z {"event": "transcript_event", "elapsed_seconds": 16.784672452999075, "before_end_of_stream": true, "type": "transcript.partial", "session_id": "c09d814d-b810-4ae9-8140-df2e545e67b5", "sequence": 11, "segment_id": 0, "revision": 11, "text": " Welcome to the Scientific Artificial Intelligence Platform.  This is a speech recognition test.  We are"}
2026-09-16T08:27:33.103715287Z {"event": "transcript_event", "elapsed_seconds": 16.813500066000415, "before_end_of_stream": true, "type": "transcript.partial", "session_id": "c09d814d-b810-4ae9-8140-df2e545e67b5", "sequence": 12, "segment_id": 0, "revision": 12, "text": " Welcome to the Scientific Artificial Intelligence Platform.  This is a speech recognition test.  We are checking"}
2026-09-16T08:27:33.134173726Z {"event": "transcript_event", "elapsed_seconds": 16.84397181299937, "before_end_of_stream": true, "type": "transcript.partial", "session_id": "c09d814d-b810-4ae9-8140-df2e545e67b5", "sequence": 13, "segment_id": 0, "revision": 13, "text": " Welcome to the Scientific Artificial Intelligence Platform.  This is a speech recognition test.  We are checking out every"}
2026-09-16T08:27:33.163173319Z {"event": "transcript_event", "elapsed_seconds": 16.87297904799925, "before_end_of_stream": true, "type": "transcript.partial", "session_id": "c09d814d-b810-4ae9-8140-df2e545e67b5", "sequence": 14, "segment_id": 0, "revision": 14, "text": " Welcome to the Scientific Artificial Intelligence Platform.  This is a speech recognition test.  We are checking out every spoken word"}
2026-09-16T08:27:33.190656636Z {"event": "transcript_event", "elapsed_seconds": 16.900320134998765, "before_end_of_stream": true, "type": "transcript.partial", "session_id": "c09d814d-b810-4ae9-8140-df2e545e67b5", "sequence": 15, "segment_id": 0, "revision": 15, "text": " Welcome to the Scientific Artificial Intelligence Platform.  This is a speech recognition test.  We are checking out every spoken word is"}
2026-09-16T08:27:33.222122382Z {"event": "transcript_event", "elapsed_seconds": 16.931886031998147, "before_end_of_stream": true, "type": "transcript.partial", "session_id": "c09d814d-b810-4ae9-8140-df2e545e67b5", "sequence": 16, "segment_id": 0, "revision": 16, "text": " Welcome to the Scientific Artificial Intelligence Platform.  This is a speech recognition test.  We are checking out every spoken word is transcribed"}
2026-09-16T08:27:33.282356373Z {"event": "transcript_event", "elapsed_seconds": 16.99213495100048, "before_end_of_stream": true, "type": "transcript.partial", "session_id": "c09d814d-b810-4ae9-8140-df2e545e67b5", "sequence": 17, "segment_id": 0, "revision": 17, "text": " Welcome to the Scientific Artificial Intelligence Platform.  This is a speech recognition test.  We are checking out every spoken word is transcribed, including the"}
2026-09-16T08:27:33.309226049Z {"event": "transcript_event", "elapsed_seconds": 17.019024378998438, "before_end_of_stream": true, "type": "transcript.partial", "session_id": "c09d814d-b810-4ae9-8140-df2e545e67b5", "sequence": 18, "segment_id": 0, "revision": 18, "text": " Welcome to the Scientific Artificial Intelligence Platform.  This is a speech recognition test.  We are checking out every spoken word is transcribed, including the very"}
2026-09-16T08:27:33.338872724Z {"event": "transcript_event", "elapsed_seconds": 17.04866749299981, "before_end_of_stream": true, "type": "transcript.partial", "session_id": "c09d814d-b810-4ae9-8140-df2e545e67b5", "sequence": 19, "segment_id": 0, "revision": 19, "text": " Welcome to the Scientific Artificial Intelligence Platform.  This is a speech recognition test.  We are checking out every spoken word is transcribed, including the very last word"}
2026-09-16T08:27:33.399257818Z {"event": "transcript_event", "elapsed_seconds": 17.109047219000786, "before_end_of_stream": true, "type": "transcript.partial", "session_id": "c09d814d-b810-4ae9-8140-df2e545e67b5", "sequence": 20, "segment_id": 0, "revision": 20, "text": " Welcome to the Scientific Artificial Intelligence Platform.  This is a speech recognition test.  We are checking out every spoken word is transcribed, including the very last word.  The final word"}
2026-09-16T08:27:33.426579473Z {"event": "transcript_event", "elapsed_seconds": 17.136062658999435, "before_end_of_stream": true, "type": "transcript.partial", "session_id": "c09d814d-b810-4ae9-8140-df2e545e67b5", "sequence": 21, "segment_id": 0, "revision": 21, "text": " Welcome to the Scientific Artificial Intelligence Platform.  This is a speech recognition test.  We are checking out every spoken word is transcribed, including the very last word.  The final word is"}
2026-09-16T08:27:33.456170474Z {"event": "transcript_event", "elapsed_seconds": 17.16593641399959, "before_end_of_stream": true, "type": "transcript.partial", "session_id": "c09d814d-b810-4ae9-8140-df2e545e67b5", "sequence": 22, "segment_id": 0, "revision": 22, "text": " Welcome to the Scientific Artificial Intelligence Platform.  This is a speech recognition test.  We are checking out every spoken word is transcribed, including the very last word.  The final word is telescope"}
2026-09-16T08:27:33.486471033Z {"event": "transcript_event", "elapsed_seconds": 17.196236667998164, "before_end_of_stream": false, "type": "transcript.final", "session_id": "c09d814d-b810-4ae9-8140-df2e545e67b5", "sequence": 23, "segment_id": 0, "revision": 23, "text": " Welcome to the Scientific Artificial Intelligence Platform.  This is a speech recognition test.  We are checking out every spoken word is transcribed, including the very last word.  The final word is telescope."}
2026-09-16T08:27:33.486904522Z {"event": "warmup", "paced": false, "audio_seconds": 14.69075, "wall_seconds": 17.19631285200012, "model_step_seconds": [16.410831080997013, 0.035282521002955036, 0.031080816999747185, 0.03111940000235336, 0.03164683500290266, 0.028943208999407943, 0.030528062001394574, 0.03289596300237463, 0.031404061999637634, 0.033040479000192136, 0.029071500997815747, 0.025608957999793347, 0.031487389001995325, 0.028694282998912968, 0.03035290999832796, 0.028882223999971757, 0.027217226997890975, 0.031423114000062924, 0.026446505999047076, 0.03362290199947893, 0.02677211099944543, 0.02952284799903282, 0.026113664000149583, 0.034083427002769895, 0.026894421000179136, 0.029759593999187928, 0.03020514300078503], "first_partial_seconds": 16.44647799899758, "first_final_seconds": 17.196236667998164, "finalization_seconds": 0.030393517001357395, "real_time_factor": 1.1705537737692167, "peak_gpu_allocated_bytes": 5484273664, "peak_gpu_reserved_bytes": 5523898368, "transcript": "Welcome to the Scientific Artificial Intelligence Platform.  This is a speech recognition test.  We are checking out every spoken word is transcribed, including the very last word.  The final word is telescope.", "event_count": 23, "required_words_present": ["recognition", "speech", "telescope", "test"], "passed_diagnostic": true}
2026-09-16T08:27:33.548087227Z {"event": "transcript_event", "elapsed_seconds": 0.06107531599991489, "before_end_of_stream": true, "type": "transcript.partial", "session_id": "026a2bdc-577b-4dbc-b91e-a054ccdbebcd", "sequence": 1, "segment_id": 0, "revision": 1, "text": " Welcome to the"}
2026-09-16T08:27:33.578334580Z {"event": "transcript_event", "elapsed_seconds": 0.09130928499871516, "before_end_of_stream": true, "type": "transcript.partial", "session_id": "026a2bdc-577b-4dbc-b91e-a054ccdbebcd", "sequence": 2, "segment_id": 0, "revision": 2, "text": " Welcome to the Scienti"}
2026-09-16T08:27:33.608976179Z {"event": "transcript_event", "elapsed_seconds": 0.12183353699947475, "before_end_of_stream": true, "type": "transcript.partial", "session_id": "026a2bdc-577b-4dbc-b91e-a054ccdbebcd", "sequence": 3, "segment_id": 0, "revision": 3, "text": " Welcome to the Scientific Arti"}
2026-09-16T08:27:33.640689214Z {"event": "transcript_event", "elapsed_seconds": 0.15356061199781834, "before_end_of_stream": true, "type": "transcript.partial", "session_id": "026a2bdc-577b-4dbc-b91e-a054ccdbebcd", "sequence": 4, "segment_id": 0, "revision": 4, "text": " Welcome to the Scientific Artificial Inte"}
2026-09-16T08:27:33.669657279Z {"event": "transcript_event", "elapsed_seconds": 0.1825076019995322, "before_end_of_stream": true, "type": "transcript.partial", "session_id": "026a2bdc-577b-4dbc-b91e-a054ccdbebcd", "sequence": 5, "segment_id": 0, "revision": 5, "text": " Welcome to the Scientific Artificial Intelligence"}
2026-09-16T08:27:33.699854567Z {"event": "transcript_event", "elapsed_seconds": 0.2127361689999816, "before_end_of_stream": true, "type": "transcript.partial", "session_id": "026a2bdc-577b-4dbc-b91e-a054ccdbebcd", "sequence": 6, "segment_id": 0, "revision": 6, "text": " Welcome to the Scientific Artificial Intelligence Platform"}
2026-09-16T08:27:33.731084210Z {"event": "transcript_event", "elapsed_seconds": 0.2440772419977293, "before_end_of_stream": true, "type": "transcript.partial", "session_id": "026a2bdc-577b-4dbc-b91e-a054ccdbebcd", "sequence": 7, "segment_id": 0, "revision": 7, "text": " Welcome to the Scientific Artificial Intelligence Platform.  This"}
2026-09-16T08:27:33.761958603Z {"event": "transcript_event", "elapsed_seconds": 0.27495821199772763, "before_end_of_stream": true, "type": "transcript.partial", "session_id": "026a2bdc-577b-4dbc-b91e-a054ccdbebcd", "sequence": 8, "segment_id": 0, "revision": 8, "text": " Welcome to the Scientific Artificial Intelligence Platform.  This is a spe"}
2026-09-16T08:27:33.794498659Z {"event": "transcript_event", "elapsed_seconds": 0.3073639340000227, "before_end_of_stream": true, "type": "transcript.partial", "session_id": "026a2bdc-577b-4dbc-b91e-a054ccdbebcd", "sequence": 9, "segment_id": 0, "revision": 9, "text": " Welcome to the Scientific Artificial Intelligence Platform.  This is a speech recogni"}
2026-09-16T08:27:33.823831349Z {"event": "transcript_event", "elapsed_seconds": 0.3368268859994714, "before_end_of_stream": true, "type": "transcript.partial", "session_id": "026a2bdc-577b-4dbc-b91e-a054ccdbebcd", "sequence": 10, "segment_id": 0, "revision": 10, "text": " Welcome to the Scientific Artificial Intelligence Platform.  This is a speech recognition test"}
2026-09-16T08:27:33.882321776Z {"event": "transcript_event", "elapsed_seconds": 0.3953134429975762, "before_end_of_stream": true, "type": "transcript.partial", "session_id": "026a2bdc-577b-4dbc-b91e-a054ccdbebcd", "sequence": 11, "segment_id": 0, "revision": 11, "text": " Welcome to the Scientific Artificial Intelligence Platform.  This is a speech recognition test.  We are"}
2026-09-16T08:27:33.912312789Z {"event": "transcript_event", "elapsed_seconds": 0.42531621099988115, "before_end_of_stream": true, "type": "transcript.partial", "session_id": "026a2bdc-577b-4dbc-b91e-a054ccdbebcd", "sequence": 12, "segment_id": 0, "revision": 12, "text": " Welcome to the Scientific Artificial Intelligence Platform.  This is a speech recognition test.  We are checking"}
2026-09-16T08:27:33.942649963Z {"event": "transcript_event", "elapsed_seconds": 0.4556394059982267, "before_end_of_stream": true, "type": "transcript.partial", "session_id": "026a2bdc-577b-4dbc-b91e-a054ccdbebcd", "sequence": 13, "segment_id": 0, "revision": 13, "text": " Welcome to the Scientific Artificial Intelligence Platform.  This is a speech recognition test.  We are checking out every"}
2026-09-16T08:27:33.972890821Z {"event": "transcript_event", "elapsed_seconds": 0.48589261699817143, "before_end_of_stream": true, "type": "transcript.partial", "session_id": "026a2bdc-577b-4dbc-b91e-a054ccdbebcd", "sequence": 14, "segment_id": 0, "revision": 14, "text": " Welcome to the Scientific Artificial Intelligence Platform.  This is a speech recognition test.  We are checking out every spoken word"}
2026-09-16T08:27:33.999995556Z {"event": "transcript_event", "elapsed_seconds": 0.5129816549997486, "before_end_of_stream": true, "type": "transcript.partial", "session_id": "026a2bdc-577b-4dbc-b91e-a054ccdbebcd", "sequence": 15, "segment_id": 0, "revision": 15, "text": " Welcome to the Scientific Artificial Intelligence Platform.  This is a speech recognition test.  We are checking out every spoken word is"}
2026-09-16T08:27:34.031162978Z {"event": "transcript_event", "elapsed_seconds": 0.5441534329984279, "before_end_of_stream": true, "type": "transcript.partial", "session_id": "026a2bdc-577b-4dbc-b91e-a054ccdbebcd", "sequence": 16, "segment_id": 0, "revision": 16, "text": " Welcome to the Scientific Artificial Intelligence Platform.  This is a speech recognition test.  We are checking out every spoken word is transcribed"}
2026-09-16T08:27:34.090044115Z {"event": "transcript_event", "elapsed_seconds": 0.602904863000731, "before_end_of_stream": true, "type": "transcript.partial", "session_id": "026a2bdc-577b-4dbc-b91e-a054ccdbebcd", "sequence": 17, "segment_id": 0, "revision": 17, "text": " Welcome to the Scientific Artificial Intelligence Platform.  This is a speech recognition test.  We are checking out every spoken word is transcribed, including the"}
2026-09-16T08:27:34.116663693Z {"event": "transcript_event", "elapsed_seconds": 0.6295117539993953, "before_end_of_stream": true, "type": "transcript.partial", "session_id": "026a2bdc-577b-4dbc-b91e-a054ccdbebcd", "sequence": 18, "segment_id": 0, "revision": 18, "text": " Welcome to the Scientific Artificial Intelligence Platform.  This is a speech recognition test.  We are checking out every spoken word is transcribed, including the very"}
2026-09-16T08:27:34.146290497Z {"event": "transcript_event", "elapsed_seconds": 0.6591587469993101, "before_end_of_stream": true, "type": "transcript.partial", "session_id": "026a2bdc-577b-4dbc-b91e-a054ccdbebcd", "sequence": 19, "segment_id": 0, "revision": 19, "text": " Welcome to the Scientific Artificial Intelligence Platform.  This is a speech recognition test.  We are checking out every spoken word is transcribed, including the very last word"}
2026-09-16T08:27:34.206125551Z {"event": "transcript_event", "elapsed_seconds": 0.7191136740002548, "before_end_of_stream": true, "type": "transcript.partial", "session_id": "026a2bdc-577b-4dbc-b91e-a054ccdbebcd", "sequence": 20, "segment_id": 0, "revision": 20, "text": " Welcome to the Scientific Artificial Intelligence Platform.  This is a speech recognition test.  We are checking out every spoken word is transcribed, including the very last word.  The final word"}
2026-09-16T08:27:34.232954744Z {"event": "transcript_event", "elapsed_seconds": 0.7459487019987137, "before_end_of_stream": true, "type": "transcript.partial", "session_id": "026a2bdc-577b-4dbc-b91e-a054ccdbebcd", "sequence": 21, "segment_id": 0, "revision": 21, "text": " Welcome to the Scientific Artificial Intelligence Platform.  This is a speech recognition test.  We are checking out every spoken word is transcribed, including the very last word.  The final word is"}
2026-09-16T08:27:34.262341721Z {"event": "transcript_event", "elapsed_seconds": 0.7753346789977513, "before_end_of_stream": true, "type": "transcript.partial", "session_id": "026a2bdc-577b-4dbc-b91e-a054ccdbebcd", "sequence": 22, "segment_id": 0, "revision": 22, "text": " Welcome to the Scientific Artificial Intelligence Platform.  This is a speech recognition test.  We are checking out every spoken word is transcribed, including the very last word.  The final word is telescope"}
2026-09-16T08:27:34.290987733Z {"event": "transcript_event", "elapsed_seconds": 0.8039820659978432, "before_end_of_stream": false, "type": "transcript.final", "session_id": "026a2bdc-577b-4dbc-b91e-a054ccdbebcd", "sequence": 23, "segment_id": 0, "revision": 23, "text": " Welcome to the Scientific Artificial Intelligence Platform.  This is a speech recognition test.  We are checking out every spoken word is transcribed, including the very last word.  The final word is telescope."}
2026-09-16T08:27:34.291295341Z {"event": "measurement", "repetition": 0, "paced": false, "audio_seconds": 14.69075, "wall_seconds": 0.804047626999818, "model_step_seconds": [0.028723776998958783, 0.03209670599972014, 0.03011869200054207, 0.03041046200087294, 0.031604060997779015, 0.02883292299884488, 0.030098641000222415, 0.031227946001308737, 0.0307669440007885, 0.0322738799986837, 0.029348803996981587, 0.026375761000963394, 0.031932068999594776, 0.029888243996538222, 0.030209094999008812, 0.03013922300306149, 0.02697222400092869, 0.031058954002219252, 0.025638863000494894, 0.032933786998910364, 0.02649282699712785, 0.02951880699765752, 0.025920366002537776, 0.03385668700138922, 0.026716907999798423, 0.029271510000398848, 0.02855535299750045], "first_partial_seconds": 0.06107531599991489, "first_final_seconds": 0.8039820659978432, "finalization_seconds": 0.02864944300017669, "real_time_factor": 0.05473155740856104, "peak_gpu_allocated_bytes": 5332897280, "peak_gpu_reserved_bytes": 5523898368, "transcript": "Welcome to the Scientific Artificial Intelligence Platform.  This is a speech recognition test.  We are checking out every spoken word is transcribed, including the very last word.  The final word is telescope.", "event_count": 23, "required_words_present": ["recognition", "speech", "telescope", "test"], "passed_diagnostic": true}
2026-09-16T08:27:34.350478188Z {"event": "transcript_event", "elapsed_seconds": 0.059076130000903504, "before_end_of_stream": true, "type": "transcript.partial", "session_id": "41710f7b-c674-4d38-889c-dafdcf745ba0", "sequence": 1, "segment_id": 0, "revision": 1, "text": " Welcome to the"}
2026-09-16T08:27:34.380641457Z {"event": "transcript_event", "elapsed_seconds": 0.08925446400098735, "before_end_of_stream": true, "type": "transcript.partial", "session_id": "41710f7b-c674-4d38-889c-dafdcf745ba0", "sequence": 2, "segment_id": 0, "revision": 2, "text": " Welcome to the Scienti"}
2026-09-16T08:27:34.411657936Z {"event": "transcript_event", "elapsed_seconds": 0.12026144099945668, "before_end_of_stream": true, "type": "transcript.partial", "session_id": "41710f7b-c674-4d38-889c-dafdcf745ba0", "sequence": 3, "segment_id": 0, "revision": 3, "text": " Welcome to the Scientific Arti"}
2026-09-16T08:27:34.443319151Z {"event": "transcript_event", "elapsed_seconds": 0.15177541199955158, "before_end_of_stream": true, "type": "transcript.partial", "session_id": "41710f7b-c674-4d38-889c-dafdcf745ba0", "sequence": 4, "segment_id": 0, "revision": 4, "text": " Welcome to the Scientific Artificial Inte"}
2026-09-16T08:27:34.472348596Z {"event": "transcript_event", "elapsed_seconds": 0.18081850499947905, "before_end_of_stream": true, "type": "transcript.partial", "session_id": "41710f7b-c674-4d38-889c-dafdcf745ba0", "sequence": 5, "segment_id": 0, "revision": 5, "text": " Welcome to the Scientific Artificial Intelligence"}
2026-09-16T08:27:34.503380564Z {"event": "transcript_event", "elapsed_seconds": 0.2119780789980723, "before_end_of_stream": true, "type": "transcript.partial", "session_id": "41710f7b-c674-4d38-889c-dafdcf745ba0", "sequence": 6, "segment_id": 0, "revision": 6, "text": " Welcome to the Scientific Artificial Intelligence Platform"}
2026-09-16T08:27:34.535561258Z {"event": "transcript_event", "elapsed_seconds": 0.244124531000125, "before_end_of_stream": true, "type": "transcript.partial", "session_id": "41710f7b-c674-4d38-889c-dafdcf745ba0", "sequence": 7, "segment_id": 0, "revision": 7, "text": " Welcome to the Scientific Artificial Intelligence Platform.  This"}
2026-09-16T08:27:34.566327426Z {"event": "transcript_event", "elapsed_seconds": 0.2749184399981459, "before_end_of_stream": true, "type": "transcript.partial", "session_id": "41710f7b-c674-4d38-889c-dafdcf745ba0", "sequence": 8, "segment_id": 0, "revision": 8, "text": " Welcome to the Scientific Artificial Intelligence Platform.  This is a spe"}
2026-09-16T08:27:34.598836486Z {"event": "transcript_event", "elapsed_seconds": 0.3073063160009042, "before_end_of_stream": true, "type": "transcript.partial", "session_id": "41710f7b-c674-4d38-889c-dafdcf745ba0", "sequence": 9, "segment_id": 0, "revision": 9, "text": " Welcome to the Scientific Artificial Intelligence Platform.  This is a speech recogni"}
2026-09-16T08:27:34.627487625Z {"event": "transcript_event", "elapsed_seconds": 0.336073441998451, "before_end_of_stream": true, "type": "transcript.partial", "session_id": "41710f7b-c674-4d38-889c-dafdcf745ba0", "sequence": 10, "segment_id": 0, "revision": 10, "text": " Welcome to the Scientific Artificial Intelligence Platform.  This is a speech recognition test"}
2026-09-16T08:27:34.685528612Z {"event": "transcript_event", "elapsed_seconds": 0.3940955709986156, "before_end_of_stream": true, "type": "transcript.partial", "session_id": "41710f7b-c674-4d38-889c-dafdcf745ba0", "sequence": 11, "segment_id": 0, "revision": 11, "text": " Welcome to the Scientific Artificial Intelligence Platform.  This is a speech recognition test.  We are"}
2026-09-16T08:27:34.714768383Z {"event": "transcript_event", "elapsed_seconds": 0.42337028000110877, "before_end_of_stream": true, "type": "transcript.partial", "session_id": "41710f7b-c674-4d38-889c-dafdcf745ba0", "sequence": 12, "segment_id": 0, "revision": 12, "text": " Welcome to the Scientific Artificial Intelligence Platform.  This is a speech recognition test.  We are checking"}
2026-09-16T08:27:34.743919942Z {"event": "transcript_event", "elapsed_seconds": 0.45252609299859614, "before_end_of_stream": true, "type": "transcript.partial", "session_id": "41710f7b-c674-4d38-889c-dafdcf745ba0", "sequence": 13, "segment_id": 0, "revision": 13, "text": " Welcome to the Scientific Artificial Intelligence Platform.  This is a speech recognition test.  We are checking out every"}
2026-09-16T08:27:34.772945370Z {"event": "transcript_event", "elapsed_seconds": 0.48141375400155084, "before_end_of_stream": true, "type": "transcript.partial", "session_id": "41710f7b-c674-4d38-889c-dafdcf745ba0", "sequence": 14, "segment_id": 0, "revision": 14, "text": " Welcome to the Scientific Artificial Intelligence Platform.  This is a speech recognition test.  We are checking out every spoken word"}
2026-09-16T08:27:34.799737686Z {"event": "transcript_event", "elapsed_seconds": 0.5083481180008675, "before_end_of_stream": true, "type": "transcript.partial", "session_id": "41710f7b-c674-4d38-889c-dafdcf745ba0", "sequence": 15, "segment_id": 0, "revision": 15, "text": " Welcome to the Scientific Artificial Intelligence Platform.  This is a speech recognition test.  We are checking out every spoken word is"}
2026-09-16T08:27:34.831073221Z {"event": "transcript_event", "elapsed_seconds": 0.539550239998789, "before_end_of_stream": true, "type": "transcript.partial", "session_id": "41710f7b-c674-4d38-889c-dafdcf745ba0", "sequence": 16, "segment_id": 0, "revision": 16, "text": " Welcome to the Scientific Artificial Intelligence Platform.  This is a speech recognition test.  We are checking out every spoken word is transcribed"}
2026-09-16T08:27:34.889520661Z {"event": "transcript_event", "elapsed_seconds": 0.5981057950011746, "before_end_of_stream": true, "type": "transcript.partial", "session_id": "41710f7b-c674-4d38-889c-dafdcf745ba0", "sequence": 17, "segment_id": 0, "revision": 17, "text": " Welcome to the Scientific Artificial Intelligence Platform.  This is a speech recognition test.  We are checking out every spoken word is transcribed, including the"}
2026-09-16T08:27:34.916372280Z {"event": "transcript_event", "elapsed_seconds": 0.6249694920006732, "before_end_of_stream": true, "type": "transcript.partial", "session_id": "41710f7b-c674-4d38-889c-dafdcf745ba0", "sequence": 18, "segment_id": 0, "revision": 18, "text": " Welcome to the Scientific Artificial Intelligence Platform.  This is a speech recognition test.  We are checking out every spoken word is transcribed, including the very"}
2026-09-16T08:27:34.946212602Z {"event": "transcript_event", "elapsed_seconds": 0.6546861460010405, "before_end_of_stream": true, "type": "transcript.partial", "session_id": "41710f7b-c674-4d38-889c-dafdcf745ba0", "sequence": 19, "segment_id": 0, "revision": 19, "text": " Welcome to the Scientific Artificial Intelligence Platform.  This is a speech recognition test.  We are checking out every spoken word is transcribed, including the very last word"}
2026-09-16T08:27:35.007523853Z {"event": "transcript_event", "elapsed_seconds": 0.7161041580002347, "before_end_of_stream": true, "type": "transcript.partial", "session_id": "41710f7b-c674-4d38-889c-dafdcf745ba0", "sequence": 20, "segment_id": 0, "revision": 20, "text": " Welcome to the Scientific Artificial Intelligence Platform.  This is a speech recognition test.  We are checking out every spoken word is transcribed, including the very last word.  The final word"}
2026-09-16T08:27:35.034584666Z {"event": "transcript_event", "elapsed_seconds": 0.7431896759990195, "before_end_of_stream": true, "type": "transcript.partial", "session_id": "41710f7b-c674-4d38-889c-dafdcf745ba0", "sequence": 21, "segment_id": 0, "revision": 21, "text": " Welcome to the Scientific Artificial Intelligence Platform.  This is a speech recognition test.  We are checking out every spoken word is transcribed, including the very last word.  The final word is"}
2026-09-16T08:27:35.064415867Z {"event": "transcript_event", "elapsed_seconds": 0.7730204120016424, "before_end_of_stream": true, "type": "transcript.partial", "session_id": "41710f7b-c674-4d38-889c-dafdcf745ba0", "sequence": 22, "segment_id": 0, "revision": 22, "text": " Welcome to the Scientific Artificial Intelligence Platform.  This is a speech recognition test.  We are checking out every spoken word is transcribed, including the very last word.  The final word is telescope"}
2026-09-16T08:27:35.092462918Z {"event": "transcript_event", "elapsed_seconds": 0.8010708410001826, "before_end_of_stream": false, "type": "transcript.final", "session_id": "41710f7b-c674-4d38-889c-dafdcf745ba0", "sequence": 23, "segment_id": 0, "revision": 23, "text": " Welcome to the Scientific Artificial Intelligence Platform.  This is a speech recognition test.  We are checking out every spoken word is transcribed, including the very last word.  The final word is telescope."}
2026-09-16T08:27:35.092819781Z {"event": "measurement", "repetition": 1, "paced": false, "audio_seconds": 14.69075, "wall_seconds": 0.8011570070011658, "model_step_seconds": [0.026673624000977725, 0.03219852799884393, 0.030046367999602808, 0.030894976000126917, 0.03140097800132935, 0.02893377399959718, 0.031046460000652587, 0.03203305499846465, 0.030661198998132022, 0.03227119199800654, 0.028652913999394514, 0.025931918000424048, 0.03187650499967276, 0.02913346299828845, 0.029036934000032488, 0.028769740001735045, 0.02681288199892151, 0.031088448002265068, 0.025366891000885516, 0.033011563999025384, 0.026728852000815095, 0.02960296799938078, 0.025866541000141297, 0.03537199800121016, 0.026943993001623312, 0.0297099600029469, 0.02795504800087656], "first_partial_seconds": 0.059076130000903504, "first_final_seconds": 0.8010708410001826, "finalization_seconds": 0.0280718979993253, "real_time_factor": 0.05453479277784768, "peak_gpu_allocated_bytes": 5332897280, "peak_gpu_reserved_bytes": 5523898368, "transcript": "Welcome to the Scientific Artificial Intelligence Platform.  This is a speech recognition test.  We are checking out every spoken word is transcribed, including the very last word.  The final word is telescope.", "event_count": 23, "required_words_present": ["recognition", "speech", "telescope", "test"], "passed_diagnostic": true}
2026-09-16T08:27:35.151147470Z {"event": "transcript_event", "elapsed_seconds": 0.05823763899752521, "before_end_of_stream": true, "type": "transcript.partial", "session_id": "4f9b75b7-87ba-4865-ac8a-e307513bf389", "sequence": 1, "segment_id": 0, "revision": 1, "text": " Welcome to the"}
2026-09-16T08:27:35.180708708Z {"event": "transcript_event", "elapsed_seconds": 0.08779829999912181, "before_end_of_stream": true, "type": "transcript.partial", "session_id": "4f9b75b7-87ba-4865-ac8a-e307513bf389", "sequence": 2, "segment_id": 0, "revision": 2, "text": " Welcome to the Scienti"}
2026-09-16T08:27:35.211185336Z {"event": "transcript_event", "elapsed_seconds": 0.11828052700002445, "before_end_of_stream": true, "type": "transcript.partial", "session_id": "4f9b75b7-87ba-4865-ac8a-e307513bf389", "sequence": 3, "segment_id": 0, "revision": 3, "text": " Welcome to the Scientific Arti"}
2026-09-16T08:27:35.242480260Z {"event": "transcript_event", "elapsed_seconds": 0.14956493199861143, "before_end_of_stream": true, "type": "transcript.partial", "session_id": "4f9b75b7-87ba-4865-ac8a-e307513bf389", "sequence": 4, "segment_id": 0, "revision": 4, "text": " Welcome to the Scientific Artificial Inte"}
2026-09-16T08:27:35.271024861Z {"event": "transcript_event", "elapsed_seconds": 0.178115581999009, "before_end_of_stream": true, "type": "transcript.partial", "session_id": "4f9b75b7-87ba-4865-ac8a-e307513bf389", "sequence": 5, "segment_id": 0, "revision": 5, "text": " Welcome to the Scientific Artificial Intelligence"}
2026-09-16T08:27:35.301520312Z {"event": "transcript_event", "elapsed_seconds": 0.2085959929972887, "before_end_of_stream": true, "type": "transcript.partial", "session_id": "4f9b75b7-87ba-4865-ac8a-e307513bf389", "sequence": 6, "segment_id": 0, "revision": 6, "text": " Welcome to the Scientific Artificial Intelligence Platform"}
2026-09-16T08:27:35.332632096Z {"event": "transcript_event", "elapsed_seconds": 0.23972390400012955, "before_end_of_stream": true, "type": "transcript.partial", "session_id": "4f9b75b7-87ba-4865-ac8a-e307513bf389", "sequence": 7, "segment_id": 0, "revision": 7, "text": " Welcome to the Scientific Artificial Intelligence Platform.  This"}
2026-09-16T08:27:35.362889667Z {"event": "transcript_event", "elapsed_seconds": 0.26998127099795965, "before_end_of_stream": true, "type": "transcript.partial", "session_id": "4f9b75b7-87ba-4865-ac8a-e307513bf389", "sequence": 8, "segment_id": 0, "revision": 8, "text": " Welcome to the Scientific Artificial Intelligence Platform.  This is a spe"}
2026-09-16T08:27:35.395389868Z {"event": "transcript_event", "elapsed_seconds": 0.3024702279981284, "before_end_of_stream": true, "type": "transcript.partial", "session_id": "4f9b75b7-87ba-4865-ac8a-e307513bf389", "sequence": 9, "segment_id": 0, "revision": 9, "text": " Welcome to the Scientific Artificial Intelligence Platform.  This is a speech recogni"}
2026-09-16T08:27:35.424379869Z {"event": "transcript_event", "elapsed_seconds": 0.3314537579972239, "before_end_of_stream": true, "type": "transcript.partial", "session_id": "4f9b75b7-87ba-4865-ac8a-e307513bf389", "sequence": 10, "segment_id": 0, "revision": 10, "text": " Welcome to the Scientific Artificial Intelligence Platform.  This is a speech recognition test"}
2026-09-16T08:27:35.481677751Z {"event": "transcript_event", "elapsed_seconds": 0.38876246200015885, "before_end_of_stream": true, "type": "transcript.partial", "session_id": "4f9b75b7-87ba-4865-ac8a-e307513bf389", "sequence": 11, "segment_id": 0, "revision": 11, "text": " Welcome to the Scientific Artificial Intelligence Platform.  This is a speech recognition test.  We are"}
2026-09-16T08:27:35.511207296Z {"event": "transcript_event", "elapsed_seconds": 0.4182907609974791, "before_end_of_stream": true, "type": "transcript.partial", "session_id": "4f9b75b7-87ba-4865-ac8a-e307513bf389", "sequence": 12, "segment_id": 0, "revision": 12, "text": " Welcome to the Scientific Artificial Intelligence Platform.  This is a speech recognition test.  We are checking"}
2026-09-16T08:27:35.540640868Z {"event": "transcript_event", "elapsed_seconds": 0.4477332789974753, "before_end_of_stream": true, "type": "transcript.partial", "session_id": "4f9b75b7-87ba-4865-ac8a-e307513bf389", "sequence": 13, "segment_id": 0, "revision": 13, "text": " Welcome to the Scientific Artificial Intelligence Platform.  This is a speech recognition test.  We are checking out every"}
2026-09-16T08:27:35.569474592Z {"event": "transcript_event", "elapsed_seconds": 0.4765638949975255, "before_end_of_stream": true, "type": "transcript.partial", "session_id": "4f9b75b7-87ba-4865-ac8a-e307513bf389", "sequence": 14, "segment_id": 0, "revision": 14, "text": " Welcome to the Scientific Artificial Intelligence Platform.  This is a speech recognition test.  We are checking out every spoken word"}
2026-09-16T08:27:35.596123010Z {"event": "transcript_event", "elapsed_seconds": 0.5032143459975487, "before_end_of_stream": true, "type": "transcript.partial", "session_id": "4f9b75b7-87ba-4865-ac8a-e307513bf389", "sequence": 15, "segment_id": 0, "revision": 15, "text": " Welcome to the Scientific Artificial Intelligence Platform.  This is a speech recognition test.  We are checking out every spoken word is"}
2026-09-16T08:27:35.627833924Z {"event": "transcript_event", "elapsed_seconds": 0.534924414998386, "before_end_of_stream": true, "type": "transcript.partial", "session_id": "4f9b75b7-87ba-4865-ac8a-e307513bf389", "sequence": 16, "segment_id": 0, "revision": 16, "text": " Welcome to the Scientific Artificial Intelligence Platform.  This is a speech recognition test.  We are checking out every spoken word is transcribed"}
2026-09-16T08:27:35.687091693Z {"event": "transcript_event", "elapsed_seconds": 0.5941602539969608, "before_end_of_stream": true, "type": "transcript.partial", "session_id": "4f9b75b7-87ba-4865-ac8a-e307513bf389", "sequence": 17, "segment_id": 0, "revision": 17, "text": " Welcome to the Scientific Artificial Intelligence Platform.  This is a speech recognition test.  We are checking out every spoken word is transcribed, including the"}
2026-09-16T08:27:35.714862171Z {"event": "transcript_event", "elapsed_seconds": 0.6217029219988035, "before_end_of_stream": true, "type": "transcript.partial", "session_id": "4f9b75b7-87ba-4865-ac8a-e307513bf389", "sequence": 18, "segment_id": 0, "revision": 18, "text": " Welcome to the Scientific Artificial Intelligence Platform.  This is a speech recognition test.  We are checking out every spoken word is transcribed, including the very"}
2026-09-16T08:27:35.744589940Z {"event": "transcript_event", "elapsed_seconds": 0.6515375159979158, "before_end_of_stream": true, "type": "transcript.partial", "session_id": "4f9b75b7-87ba-4865-ac8a-e307513bf389", "sequence": 19, "segment_id": 0, "revision": 19, "text": " Welcome to the Scientific Artificial Intelligence Platform.  This is a speech recognition test.  We are checking out every spoken word is transcribed, including the very last word"}
2026-09-16T08:27:35.804717735Z {"event": "transcript_event", "elapsed_seconds": 0.7117657739981951, "before_end_of_stream": true, "type": "transcript.partial", "session_id": "4f9b75b7-87ba-4865-ac8a-e307513bf389", "sequence": 20, "segment_id": 0, "revision": 20, "text": " Welcome to the Scientific Artificial Intelligence Platform.  This is a speech recognition test.  We are checking out every spoken word is transcribed, including the very last word.  The final word"}
2026-09-16T08:27:35.832571311Z {"event": "transcript_event", "elapsed_seconds": 0.7395982069974707, "before_end_of_stream": true, "type": "transcript.partial", "session_id": "4f9b75b7-87ba-4865-ac8a-e307513bf389", "sequence": 21, "segment_id": 0, "revision": 21, "text": " Welcome to the Scientific Artificial Intelligence Platform.  This is a speech recognition test.  We are checking out every spoken word is transcribed, including the very last word.  The final word is"}
2026-09-16T08:27:35.862628138Z {"event": "transcript_event", "elapsed_seconds": 0.7696857289993204, "before_end_of_stream": true, "type": "transcript.partial", "session_id": "4f9b75b7-87ba-4865-ac8a-e307513bf389", "sequence": 22, "segment_id": 0, "revision": 22, "text": " Welcome to the Scientific Artificial Intelligence Platform.  This is a speech recognition test.  We are checking out every spoken word is transcribed, including the very last word.  The final word is telescope"}
2026-09-16T08:27:35.891081205Z {"event": "transcript_event", "elapsed_seconds": 0.7981610859969805, "before_end_of_stream": false, "type": "transcript.final", "session_id": "4f9b75b7-87ba-4865-ac8a-e307513bf389", "sequence": 23, "segment_id": 0, "revision": 23, "text": " Welcome to the Scientific Artificial Intelligence Platform.  This is a speech recognition test.  We are checking out every spoken word is transcribed, including the very last word.  The final word is telescope."}
2026-09-16T08:27:35.891428080Z {"event": "measurement", "repetition": 2, "paced": false, "audio_seconds": 14.69075, "wall_seconds": 0.7982342059985967, "model_step_seconds": [0.02605055299864034, 0.03195987700019032, 0.029414505002932856, 0.03034968000065419, 0.03115986099874135, 0.028402857002220117, 0.0303536030005489, 0.030978530001448235, 0.03013010500217206, 0.03235914399920148, 0.02885566399709205, 0.02555195599779836, 0.031555647001368925, 0.02939940600117552, 0.029314288000023225, 0.02870460899794125, 0.02650295800049207, 0.0315782659999968, 0.02553881200219621, 0.0334814779998851, 0.027421877999586286, 0.02969055900030071, 0.025833872001385316, 0.0341708740015747, 0.02770054299980984, 0.029938607000076445, 0.028377361999446293], "first_partial_seconds": 0.05823763899752521, "first_final_seconds": 0.7981610859969805, "finalization_seconds": 0.028479491997131845, "real_time_factor": 0.05433583758477932, "peak_gpu_allocated_bytes": 5332897280, "peak_gpu_reserved_bytes": 5523898368, "transcript": "Welcome to the Scientific Artificial Intelligence Platform.  This is a speech recognition test.  We are checking out every spoken word is transcribed, including the very last word.  The final word is telescope.", "event_count": 23, "required_words_present": ["recognition", "speech", "telescope", "test"], "passed_diagnostic": true}
2026-09-16T08:27:37.067508300Z {"event": "transcript_event", "elapsed_seconds": 1.175920927002153, "before_end_of_stream": true, "type": "transcript.partial", "session_id": "0f67b948-dd91-49f6-bb6e-c1db9cc497c5", "sequence": 1, "segment_id": 0, "revision": 1, "text": " Welcome to the"}
2026-09-16T08:27:37.625170336Z {"event": "transcript_event", "elapsed_seconds": 1.7335717829992063, "before_end_of_stream": true, "type": "transcript.partial", "session_id": "0f67b948-dd91-49f6-bb6e-c1db9cc497c5", "sequence": 2, "segment_id": 0, "revision": 2, "text": " Welcome to the Scienti"}
2026-09-16T08:27:38.185933748Z {"event": "transcript_event", "elapsed_seconds": 2.294240532999538, "before_end_of_stream": true, "type": "transcript.partial", "session_id": "0f67b948-dd91-49f6-bb6e-c1db9cc497c5", "sequence": 3, "segment_id": 0, "revision": 3, "text": " Welcome to the Scientific Arti"}
2026-09-16T08:27:38.746795406Z {"event": "transcript_event", "elapsed_seconds": 2.855197713000962, "before_end_of_stream": true, "type": "transcript.partial", "session_id": "0f67b948-dd91-49f6-bb6e-c1db9cc497c5", "sequence": 4, "segment_id": 0, "revision": 4, "text": " Welcome to the Scientific Artificial Inte"}
2026-09-16T08:27:39.304065627Z {"event": "transcript_event", "elapsed_seconds": 3.4124959120017593, "before_end_of_stream": true, "type": "transcript.partial", "session_id": "0f67b948-dd91-49f6-bb6e-c1db9cc497c5", "sequence": 5, "segment_id": 0, "revision": 5, "text": " Welcome to the Scientific Artificial Intelligence"}
2026-09-16T08:27:39.865730107Z {"event": "transcript_event", "elapsed_seconds": 3.974131173999922, "before_end_of_stream": true, "type": "transcript.partial", "session_id": "0f67b948-dd91-49f6-bb6e-c1db9cc497c5", "sequence": 6, "segment_id": 0, "revision": 6, "text": " Welcome to the Scientific Artificial Intelligence Platform"}
2026-09-16T08:27:40.427441922Z {"event": "transcript_event", "elapsed_seconds": 4.535748565001995, "before_end_of_stream": true, "type": "transcript.partial", "session_id": "0f67b948-dd91-49f6-bb6e-c1db9cc497c5", "sequence": 7, "segment_id": 0, "revision": 7, "text": " Welcome to the Scientific Artificial Intelligence Platform.  This"}
2026-09-16T08:27:40.985976752Z {"event": "transcript_event", "elapsed_seconds": 5.094260278001457, "before_end_of_stream": true, "type": "transcript.partial", "session_id": "0f67b948-dd91-49f6-bb6e-c1db9cc497c5", "sequence": 8, "segment_id": 0, "revision": 8, "text": " Welcome to the Scientific Artificial Intelligence Platform.  This is a spe"}
2026-09-16T08:27:41.547349829Z {"event": "transcript_event", "elapsed_seconds": 5.65577708300043, "before_end_of_stream": true, "type": "transcript.partial", "session_id": "0f67b948-dd91-49f6-bb6e-c1db9cc497c5", "sequence": 9, "segment_id": 0, "revision": 9, "text": " Welcome to the Scientific Artificial Intelligence Platform.  This is a speech recogni"}
2026-09-16T08:27:42.104173449Z {"event": "transcript_event", "elapsed_seconds": 6.212578106002184, "before_end_of_stream": true, "type": "transcript.partial", "session_id": "0f67b948-dd91-49f6-bb6e-c1db9cc497c5", "sequence": 10, "segment_id": 0, "revision": 10, "text": " Welcome to the Scientific Artificial Intelligence Platform.  This is a speech recognition test"}
2026-09-16T08:27:43.227091707Z {"event": "transcript_event", "elapsed_seconds": 7.3354687729988655, "before_end_of_stream": true, "type": "transcript.partial", "session_id": "0f67b948-dd91-49f6-bb6e-c1db9cc497c5", "sequence": 11, "segment_id": 0, "revision": 11, "text": " Welcome to the Scientific Artificial Intelligence Platform.  This is a speech recognition test.  We are"}
2026-09-16T08:27:43.784231198Z {"event": "transcript_event", "elapsed_seconds": 7.892655449999438, "before_end_of_stream": true, "type": "transcript.partial", "session_id": "0f67b948-dd91-49f6-bb6e-c1db9cc497c5", "sequence": 12, "segment_id": 0, "revision": 12, "text": " Welcome to the Scientific Artificial Intelligence Platform.  This is a speech recognition test.  We are checking"}
2026-09-16T08:27:44.344791282Z {"event": "transcript_event", "elapsed_seconds": 8.453221458999906, "before_end_of_stream": true, "type": "transcript.partial", "session_id": "0f67b948-dd91-49f6-bb6e-c1db9cc497c5", "sequence": 13, "segment_id": 0, "revision": 13, "text": " Welcome to the Scientific Artificial Intelligence Platform.  This is a speech recognition test.  We are checking out every"}
2026-09-16T08:27:44.902836902Z {"event": "transcript_event", "elapsed_seconds": 9.011242829001276, "before_end_of_stream": true, "type": "transcript.partial", "session_id": "0f67b948-dd91-49f6-bb6e-c1db9cc497c5", "sequence": 14, "segment_id": 0, "revision": 14, "text": " Welcome to the Scientific Artificial Intelligence Platform.  This is a speech recognition test.  We are checking out every spoken word"}
2026-09-16T08:27:45.460932529Z {"event": "transcript_event", "elapsed_seconds": 9.569360779001727, "before_end_of_stream": true, "type": "transcript.partial", "session_id": "0f67b948-dd91-49f6-bb6e-c1db9cc497c5", "sequence": 15, "segment_id": 0, "revision": 15, "text": " Welcome to the Scientific Artificial Intelligence Platform.  This is a speech recognition test.  We are checking out every spoken word is"}
2026-09-16T08:27:46.025861051Z {"event": "transcript_event", "elapsed_seconds": 10.134274674001063, "before_end_of_stream": true, "type": "transcript.partial", "session_id": "0f67b948-dd91-49f6-bb6e-c1db9cc497c5", "sequence": 16, "segment_id": 0, "revision": 16, "text": " Welcome to the Scientific Artificial Intelligence Platform.  This is a speech recognition test.  We are checking out every spoken word is transcribed"}
2026-09-16T08:27:47.149244383Z {"event": "transcript_event", "elapsed_seconds": 11.257625737998751, "before_end_of_stream": true, "type": "transcript.partial", "session_id": "0f67b948-dd91-49f6-bb6e-c1db9cc497c5", "sequence": 17, "segment_id": 0, "revision": 17, "text": " Welcome to the Scientific Artificial Intelligence Platform.  This is a speech recognition test.  We are checking out every spoken word is transcribed, including the"}
2026-09-16T08:27:47.701226941Z {"event": "transcript_event", "elapsed_seconds": 11.809612950000883, "before_end_of_stream": true, "type": "transcript.partial", "session_id": "0f67b948-dd91-49f6-bb6e-c1db9cc497c5", "sequence": 18, "segment_id": 0, "revision": 18, "text": " Welcome to the Scientific Artificial Intelligence Platform.  This is a speech recognition test.  We are checking out every spoken word is transcribed, including the very"}
2026-09-16T08:27:48.263688515Z {"event": "transcript_event", "elapsed_seconds": 12.372095877999527, "before_end_of_stream": true, "type": "transcript.partial", "session_id": "0f67b948-dd91-49f6-bb6e-c1db9cc497c5", "sequence": 19, "segment_id": 0, "revision": 19, "text": " Welcome to the Scientific Artificial Intelligence Platform.  This is a speech recognition test.  We are checking out every spoken word is transcribed, including the very last word"}
2026-09-16T08:27:49.388602605Z {"event": "transcript_event", "elapsed_seconds": 13.497020277001866, "before_end_of_stream": true, "type": "transcript.partial", "session_id": "0f67b948-dd91-49f6-bb6e-c1db9cc497c5", "sequence": 20, "segment_id": 0, "revision": 20, "text": " Welcome to the Scientific Artificial Intelligence Platform.  This is a speech recognition test.  We are checking out every spoken word is transcribed, including the very last word.  The final word"}
2026-09-16T08:27:49.942507899Z {"event": "transcript_event", "elapsed_seconds": 14.0509043940001, "before_end_of_stream": true, "type": "transcript.partial", "session_id": "0f67b948-dd91-49f6-bb6e-c1db9cc497c5", "sequence": 21, "segment_id": 0, "revision": 21, "text": " Welcome to the Scientific Artificial Intelligence Platform.  This is a speech recognition test.  We are checking out every spoken word is transcribed, including the very last word.  The final word is"}
2026-09-16T08:27:50.505028324Z {"event": "transcript_event", "elapsed_seconds": 14.613199172999884, "before_end_of_stream": true, "type": "transcript.partial", "session_id": "0f67b948-dd91-49f6-bb6e-c1db9cc497c5", "sequence": 22, "segment_id": 0, "revision": 22, "text": " Welcome to the Scientific Artificial Intelligence Platform.  This is a speech recognition test.  We are checking out every spoken word is transcribed, including the very last word.  The final word is telescope"}
2026-09-16T08:27:50.612616091Z {"event": "transcript_event", "elapsed_seconds": 14.721040827000252, "before_end_of_stream": false, "type": "transcript.final", "session_id": "0f67b948-dd91-49f6-bb6e-c1db9cc497c5", "sequence": 23, "segment_id": 0, "revision": 23, "text": " Welcome to the Scientific Artificial Intelligence Platform.  This is a speech recognition test.  We are checking out every spoken word is transcribed, including the very last word.  The final word is telescope."}
2026-09-16T08:27:50.612939495Z {"event": "measurement", "repetition": 0, "paced": true, "audio_seconds": 14.69075, "wall_seconds": 14.72111769500043, "model_step_seconds": [0.029847445999621414, 0.03578815400032909, 0.03338944699862623, 0.034143965000112075, 0.035064601001067786, 0.032391333999839844, 0.03399299900047481, 0.035610122002253775, 0.034119057996576885, 0.03567370699965977, 0.03247267000188003, 0.02950455500103999, 0.03535867200116627, 0.03253828199740383, 0.033148657999845454, 0.03114669200294884, 0.029262388998176903, 0.03418102100113174, 0.02932065600180067, 0.03748206000091159, 0.02950336800131481, 0.031995432000258006, 0.029253544998937286, 0.03689411400046083, 0.030793379999522585, 0.03309613899909891, 0.030189335000613937], "first_partial_seconds": 1.175920927002153, "first_final_seconds": 14.721040827000252, "finalization_seconds": 0.030311850001453422, "real_time_factor": 1.0020671303371462, "peak_gpu_allocated_bytes": 5332897280, "peak_gpu_reserved_bytes": 5523898368, "transcript": "Welcome to the Scientific Artificial Intelligence Platform.  This is a speech recognition test.  We are checking out every spoken word is transcribed, including the very last word.  The final word is telescope.", "event_count": 23, "required_words_present": ["recognition", "speech", "telescope", "test"], "passed_diagnostic": true}
2026-09-16T08:27:51.788828286Z {"event": "transcript_event", "elapsed_seconds": 1.1757299900018552, "before_end_of_stream": true, "type": "transcript.partial", "session_id": "fb1fdc80-7f8a-40e2-9a93-f5d82098bb9e", "sequence": 1, "segment_id": 0, "revision": 1, "text": " Welcome to the"}
2026-09-16T08:27:52.345797064Z {"event": "transcript_event", "elapsed_seconds": 1.732692384000984, "before_end_of_stream": true, "type": "transcript.partial", "session_id": "fb1fdc80-7f8a-40e2-9a93-f5d82098bb9e", "sequence": 2, "segment_id": 0, "revision": 2, "text": " Welcome to the Scienti"}
2026-09-16T08:27:52.907001584Z {"event": "transcript_event", "elapsed_seconds": 2.2939295950018277, "before_end_of_stream": true, "type": "transcript.partial", "session_id": "fb1fdc80-7f8a-40e2-9a93-f5d82098bb9e", "sequence": 3, "segment_id": 0, "revision": 3, "text": " Welcome to the Scientific Arti"}
2026-09-16T08:27:53.468030124Z {"event": "transcript_event", "elapsed_seconds": 2.8549568300004466, "before_end_of_stream": true, "type": "transcript.partial", "session_id": "fb1fdc80-7f8a-40e2-9a93-f5d82098bb9e", "sequence": 4, "segment_id": 0, "revision": 4, "text": " Welcome to the Scientific Artificial Inte"}
2026-09-16T08:27:54.025350419Z {"event": "transcript_event", "elapsed_seconds": 3.41195081800106, "before_end_of_stream": true, "type": "transcript.partial", "session_id": "fb1fdc80-7f8a-40e2-9a93-f5d82098bb9e", "sequence": 5, "segment_id": 0, "revision": 5, "text": " Welcome to the Scientific Artificial Intelligence"}
2026-09-16T08:27:54.587055527Z {"event": "transcript_event", "elapsed_seconds": 3.973954640001466, "before_end_of_stream": true, "type": "transcript.partial", "session_id": "fb1fdc80-7f8a-40e2-9a93-f5d82098bb9e", "sequence": 6, "segment_id": 0, "revision": 6, "text": " Welcome to the Scientific Artificial Intelligence Platform"}
2026-09-16T08:27:55.147393109Z {"event": "transcript_event", "elapsed_seconds": 4.534324787000514, "before_end_of_stream": true, "type": "transcript.partial", "session_id": "fb1fdc80-7f8a-40e2-9a93-f5d82098bb9e", "sequence": 7, "segment_id": 0, "revision": 7, "text": " Welcome to the Scientific Artificial Intelligence Platform.  This"}
2026-09-16T08:27:55.706957337Z {"event": "transcript_event", "elapsed_seconds": 5.093730374999723, "before_end_of_stream": true, "type": "transcript.partial", "session_id": "fb1fdc80-7f8a-40e2-9a93-f5d82098bb9e", "sequence": 8, "segment_id": 0, "revision": 8, "text": " Welcome to the Scientific Artificial Intelligence Platform.  This is a spe"}
2026-09-16T08:27:56.269573464Z {"event": "transcript_event", "elapsed_seconds": 5.656317428001785, "before_end_of_stream": true, "type": "transcript.partial", "session_id": "fb1fdc80-7f8a-40e2-9a93-f5d82098bb9e", "sequence": 9, "segment_id": 0, "revision": 9, "text": " Welcome to the Scientific Artificial Intelligence Platform.  This is a speech recogni"}
2026-09-16T08:27:56.825079599Z {"event": "transcript_event", "elapsed_seconds": 6.211981566000759, "before_end_of_stream": true, "type": "transcript.partial", "session_id": "fb1fdc80-7f8a-40e2-9a93-f5d82098bb9e", "sequence": 10, "segment_id": 0, "revision": 10, "text": " Welcome to the Scientific Artificial Intelligence Platform.  This is a speech recognition test"}
2026-09-16T08:27:57.947995953Z {"event": "transcript_event", "elapsed_seconds": 7.334893678002118, "before_end_of_stream": true, "type": "transcript.partial", "session_id": "fb1fdc80-7f8a-40e2-9a93-f5d82098bb9e", "sequence": 11, "segment_id": 0, "revision": 11, "text": " Welcome to the Scientific Artificial Intelligence Platform.  This is a speech recognition test.  We are"}
2026-09-16T08:27:58.504532051Z {"event": "transcript_event", "elapsed_seconds": 7.89130554300209, "before_end_of_stream": true, "type": "transcript.partial", "session_id": "fb1fdc80-7f8a-40e2-9a93-f5d82098bb9e", "sequence": 12, "segment_id": 0, "revision": 12, "text": " Welcome to the Scientific Artificial Intelligence Platform.  This is a speech recognition test.  We are checking"}
2026-09-16T08:27:59.065414329Z {"event": "transcript_event", "elapsed_seconds": 8.45232184500128, "before_end_of_stream": true, "type": "transcript.partial", "session_id": "fb1fdc80-7f8a-40e2-9a93-f5d82098bb9e", "sequence": 13, "segment_id": 0, "revision": 13, "text": " Welcome to the Scientific Artificial Intelligence Platform.  This is a speech recognition test.  We are checking out every"}
2026-09-16T08:27:59.625372440Z {"event": "transcript_event", "elapsed_seconds": 9.012140487000579, "before_end_of_stream": true, "type": "transcript.partial", "session_id": "fb1fdc80-7f8a-40e2-9a93-f5d82098bb9e", "sequence": 14, "segment_id": 0, "revision": 14, "text": " Welcome to the Scientific Artificial Intelligence Platform.  This is a speech recognition test.  We are checking out every spoken word"}
2026-09-16T08:28:00.183294838Z {"event": "transcript_event", "elapsed_seconds": 9.570196081000176, "before_end_of_stream": true, "type": "transcript.partial", "session_id": "fb1fdc80-7f8a-40e2-9a93-f5d82098bb9e", "sequence": 15, "segment_id": 0, "revision": 15, "text": " Welcome to the Scientific Artificial Intelligence Platform.  This is a speech recognition test.  We are checking out every spoken word is"}
2026-09-16T08:28:00.747271388Z {"event": "transcript_event", "elapsed_seconds": 10.134184910999466, "before_end_of_stream": true, "type": "transcript.partial", "session_id": "fb1fdc80-7f8a-40e2-9a93-f5d82098bb9e", "sequence": 16, "segment_id": 0, "revision": 16, "text": " Welcome to the Scientific Artificial Intelligence Platform.  This is a speech recognition test.  We are checking out every spoken word is transcribed"}
2026-09-16T08:28:01.869874548Z {"event": "transcript_event", "elapsed_seconds": 11.256747177001671, "before_end_of_stream": true, "type": "transcript.partial", "session_id": "fb1fdc80-7f8a-40e2-9a93-f5d82098bb9e", "sequence": 17, "segment_id": 0, "revision": 17, "text": " Welcome to the Scientific Artificial Intelligence Platform.  This is a speech recognition test.  We are checking out every spoken word is transcribed, including the"}
2026-09-16T08:28:02.422612420Z {"event": "transcript_event", "elapsed_seconds": 11.80923248000181, "before_end_of_stream": true, "type": "transcript.partial", "session_id": "fb1fdc80-7f8a-40e2-9a93-f5d82098bb9e", "sequence": 18, "segment_id": 0, "revision": 18, "text": " Welcome to the Scientific Artificial Intelligence Platform.  This is a speech recognition test.  We are checking out every spoken word is transcribed, including the very"}
2026-09-16T08:28:02.986164204Z {"event": "transcript_event", "elapsed_seconds": 12.373053308001545, "before_end_of_stream": true, "type": "transcript.partial", "session_id": "fb1fdc80-7f8a-40e2-9a93-f5d82098bb9e", "sequence": 19, "segment_id": 0, "revision": 19, "text": " Welcome to the Scientific Artificial Intelligence Platform.  This is a speech recognition test.  We are checking out every spoken word is transcribed, including the very last word"}
2026-09-16T08:28:04.110711825Z {"event": "transcript_event", "elapsed_seconds": 13.497601343999122, "before_end_of_stream": true, "type": "transcript.partial", "session_id": "fb1fdc80-7f8a-40e2-9a93-f5d82098bb9e", "sequence": 20, "segment_id": 0, "revision": 20, "text": " Welcome to the Scientific Artificial Intelligence Platform.  This is a speech recognition test.  We are checking out every spoken word is transcribed, including the very last word.  The final word"}
2026-09-16T08:28:04.662860523Z {"event": "transcript_event", "elapsed_seconds": 14.04975755200212, "before_end_of_stream": true, "type": "transcript.partial", "session_id": "fb1fdc80-7f8a-40e2-9a93-f5d82098bb9e", "sequence": 21, "segment_id": 0, "revision": 21, "text": " Welcome to the Scientific Artificial Intelligence Platform.  This is a speech recognition test.  We are checking out every spoken word is transcribed, including the very last word.  The final word is"}
2026-09-16T08:28:05.225763374Z {"event": "transcript_event", "elapsed_seconds": 14.612649399001384, "before_end_of_stream": true, "type": "transcript.partial", "session_id": "fb1fdc80-7f8a-40e2-9a93-f5d82098bb9e", "sequence": 22, "segment_id": 0, "revision": 22, "text": " Welcome to the Scientific Artificial Intelligence Platform.  This is a speech recognition test.  We are checking out every spoken word is transcribed, including the very last word.  The final word is telescope"}
2026-09-16T08:28:05.332660117Z {"event": "transcript_event", "elapsed_seconds": 14.71961582700169, "before_end_of_stream": false, "type": "transcript.final", "session_id": "fb1fdc80-7f8a-40e2-9a93-f5d82098bb9e", "sequence": 23, "segment_id": 0, "revision": 23, "text": " Welcome to the Scientific Artificial Intelligence Platform.  This is a speech recognition test.  We are checking out every spoken word is transcribed, including the very last word.  The final word is telescope."}
2026-09-16T08:28:05.332987477Z {"event": "measurement", "repetition": 1, "paced": true, "audio_seconds": 14.69075, "wall_seconds": 14.71968395300064, "model_step_seconds": [0.02877245700074127, 0.035633653998957016, 0.032597812001768034, 0.033834183999715606, 0.03481957699841587, 0.03185014200062142, 0.033859819999634055, 0.034229099001095165, 0.033627476997935446, 0.03621050200308673, 0.03188323200083687, 0.02973103399926913, 0.03479972999775782, 0.031203030001051957, 0.03222552899751463, 0.0320360290024837, 0.030100731997663388, 0.034076671003276715, 0.02971391100072651, 0.03663485200013383, 0.029138447000150336, 0.03294766500039259, 0.02858582800035947, 0.0375023289998353, 0.029644436999660684, 0.03255564199935179, 0.028759773002093425], "first_partial_seconds": 1.1757299900018552, "first_final_seconds": 14.71961582700169, "finalization_seconds": 0.028867452001577476, "real_time_factor": 1.0019695354560278, "peak_gpu_allocated_bytes": 5332897280, "peak_gpu_reserved_bytes": 5523898368, "transcript": "Welcome to the Scientific Artificial Intelligence Platform.  This is a speech recognition test.  We are checking out every spoken word is transcribed, including the very last word.  The final word is telescope.", "event_count": 23, "required_words_present": ["recognition", "speech", "telescope", "test"], "passed_diagnostic": true}
2026-09-16T08:28:06.508268548Z {"event": "transcript_event", "elapsed_seconds": 1.1751436500017007, "before_end_of_stream": true, "type": "transcript.partial", "session_id": "b107937e-5edc-499a-847f-afe7a5497400", "sequence": 1, "segment_id": 0, "revision": 1, "text": " Welcome to the"}
2026-09-16T08:28:07.065580554Z {"event": "transcript_event", "elapsed_seconds": 1.732311245999881, "before_end_of_stream": true, "type": "transcript.partial", "session_id": "b107937e-5edc-499a-847f-afe7a5497400", "sequence": 2, "segment_id": 0, "revision": 2, "text": " Welcome to the Scienti"}
2026-09-16T08:28:07.626514806Z {"event": "transcript_event", "elapsed_seconds": 2.293366063000576, "before_end_of_stream": true, "type": "transcript.partial", "session_id": "b107937e-5edc-499a-847f-afe7a5497400", "sequence": 3, "segment_id": 0, "revision": 3, "text": " Welcome to the Scientific Arti"}
2026-09-16T08:28:08.187274974Z {"event": "transcript_event", "elapsed_seconds": 2.854158001999167, "before_end_of_stream": true, "type": "transcript.partial", "session_id": "b107937e-5edc-499a-847f-afe7a5497400", "sequence": 4, "segment_id": 0, "revision": 4, "text": " Welcome to the Scientific Artificial Inte"}
2026-09-16T08:28:08.744353036Z {"event": "transcript_event", "elapsed_seconds": 3.411181651001243, "before_end_of_stream": true, "type": "transcript.partial", "session_id": "b107937e-5edc-499a-847f-afe7a5497400", "sequence": 5, "segment_id": 0, "revision": 5, "text": " Welcome to the Scientific Artificial Intelligence"}
2026-09-16T08:28:09.306150465Z {"event": "transcript_event", "elapsed_seconds": 3.9729995759989833, "before_end_of_stream": true, "type": "transcript.partial", "session_id": "b107937e-5edc-499a-847f-afe7a5497400", "sequence": 6, "segment_id": 0, "revision": 6, "text": " Welcome to the Scientific Artificial Intelligence Platform"}
2026-09-16T08:28:09.867505021Z {"event": "transcript_event", "elapsed_seconds": 4.5343580129992915, "before_end_of_stream": true, "type": "transcript.partial", "session_id": "b107937e-5edc-499a-847f-afe7a5497400", "sequence": 7, "segment_id": 0, "revision": 7, "text": " Welcome to the Scientific Artificial Intelligence Platform.  This"}
2026-09-16T08:28:10.426693290Z {"event": "transcript_event", "elapsed_seconds": 5.093416903000616, "before_end_of_stream": true, "type": "transcript.partial", "session_id": "b107937e-5edc-499a-847f-afe7a5497400", "sequence": 8, "segment_id": 0, "revision": 8, "text": " Welcome to the Scientific Artificial Intelligence Platform.  This is a spe"}
2026-09-16T08:28:10.989101363Z {"event": "transcript_event", "elapsed_seconds": 5.655930984001316, "before_end_of_stream": true, "type": "transcript.partial", "session_id": "b107937e-5edc-499a-847f-afe7a5497400", "sequence": 9, "segment_id": 0, "revision": 9, "text": " Welcome to the Scientific Artificial Intelligence Platform.  This is a speech recogni"}
2026-09-16T08:28:11.544925127Z {"event": "transcript_event", "elapsed_seconds": 6.2117921489989385, "before_end_of_stream": true, "type": "transcript.partial", "session_id": "b107937e-5edc-499a-847f-afe7a5497400", "sequence": 10, "segment_id": 0, "revision": 10, "text": " Welcome to the Scientific Artificial Intelligence Platform.  This is a speech recognition test"}
2026-09-16T08:28:12.668621967Z {"event": "transcript_event", "elapsed_seconds": 7.335468990000663, "before_end_of_stream": true, "type": "transcript.partial", "session_id": "b107937e-5edc-499a-847f-afe7a5497400", "sequence": 11, "segment_id": 0, "revision": 11, "text": " Welcome to the Scientific Artificial Intelligence Platform.  This is a speech recognition test.  We are"}
2026-09-16T08:28:13.225176214Z {"event": "transcript_event", "elapsed_seconds": 7.89200554800118, "before_end_of_stream": true, "type": "transcript.partial", "session_id": "b107937e-5edc-499a-847f-afe7a5497400", "sequence": 12, "segment_id": 0, "revision": 12, "text": " Welcome to the Scientific Artificial Intelligence Platform.  This is a speech recognition test.  We are checking"}
2026-09-16T08:28:13.785727860Z {"event": "transcript_event", "elapsed_seconds": 8.452573491998919, "before_end_of_stream": true, "type": "transcript.partial", "session_id": "b107937e-5edc-499a-847f-afe7a5497400", "sequence": 13, "segment_id": 0, "revision": 13, "text": " Welcome to the Scientific Artificial Intelligence Platform.  This is a speech recognition test.  We are checking out every"}
2026-09-16T08:28:14.344255475Z {"event": "transcript_event", "elapsed_seconds": 9.01112565600124, "before_end_of_stream": true, "type": "transcript.partial", "session_id": "b107937e-5edc-499a-847f-afe7a5497400", "sequence": 14, "segment_id": 0, "revision": 14, "text": " Welcome to the Scientific Artificial Intelligence Platform.  This is a speech recognition test.  We are checking out every spoken word"}
2026-09-16T08:28:14.903080928Z {"event": "transcript_event", "elapsed_seconds": 9.569937012998707, "before_end_of_stream": true, "type": "transcript.partial", "session_id": "b107937e-5edc-499a-847f-afe7a5497400", "sequence": 15, "segment_id": 0, "revision": 15, "text": " Welcome to the Scientific Artificial Intelligence Platform.  This is a speech recognition test.  We are checking out every spoken word is"}
2026-09-16T08:28:15.467369333Z {"event": "transcript_event", "elapsed_seconds": 10.134238922000804, "before_end_of_stream": true, "type": "transcript.partial", "session_id": "b107937e-5edc-499a-847f-afe7a5497400", "sequence": 16, "segment_id": 0, "revision": 16, "text": " Welcome to the Scientific Artificial Intelligence Platform.  This is a speech recognition test.  We are checking out every spoken word is transcribed"}
2026-09-16T08:28:16.590255378Z {"event": "transcript_event", "elapsed_seconds": 11.256962905001274, "before_end_of_stream": true, "type": "transcript.partial", "session_id": "b107937e-5edc-499a-847f-afe7a5497400", "sequence": 17, "segment_id": 0, "revision": 17, "text": " Welcome to the Scientific Artificial Intelligence Platform.  This is a speech recognition test.  We are checking out every spoken word is transcribed, including the"}
2026-09-16T08:28:17.143223872Z {"event": "transcript_event", "elapsed_seconds": 11.809899039999436, "before_end_of_stream": true, "type": "transcript.partial", "session_id": "b107937e-5edc-499a-847f-afe7a5497400", "sequence": 18, "segment_id": 0, "revision": 18, "text": " Welcome to the Scientific Artificial Intelligence Platform.  This is a speech recognition test.  We are checking out every spoken word is transcribed, including the very"}
2026-09-16T08:28:17.706190380Z {"event": "transcript_event", "elapsed_seconds": 12.373057723001693, "before_end_of_stream": true, "type": "transcript.partial", "session_id": "b107937e-5edc-499a-847f-afe7a5497400", "sequence": 19, "segment_id": 0, "revision": 19, "text": " Welcome to the Scientific Artificial Intelligence Platform.  This is a speech recognition test.  We are checking out every spoken word is transcribed, including the very last word"}
2026-09-16T08:28:18.829491686Z {"event": "transcript_event", "elapsed_seconds": 13.496339779001573, "before_end_of_stream": true, "type": "transcript.partial", "session_id": "b107937e-5edc-499a-847f-afe7a5497400", "sequence": 20, "segment_id": 0, "revision": 20, "text": " Welcome to the Scientific Artificial Intelligence Platform.  This is a speech recognition test.  We are checking out every spoken word is transcribed, including the very last word.  The final word"}
2026-09-16T08:28:19.382701555Z {"event": "transcript_event", "elapsed_seconds": 14.049562519001483, "before_end_of_stream": true, "type": "transcript.partial", "session_id": "b107937e-5edc-499a-847f-afe7a5497400", "sequence": 21, "segment_id": 0, "revision": 21, "text": " Welcome to the Scientific Artificial Intelligence Platform.  This is a speech recognition test.  We are checking out every spoken word is transcribed, including the very last word.  The final word is"}
2026-09-16T08:28:19.946764717Z {"event": "transcript_event", "elapsed_seconds": 14.61361105800097, "before_end_of_stream": true, "type": "transcript.partial", "session_id": "b107937e-5edc-499a-847f-afe7a5497400", "sequence": 22, "segment_id": 0, "revision": 22, "text": " Welcome to the Scientific Artificial Intelligence Platform.  This is a speech recognition test.  We are checking out every spoken word is transcribed, including the very last word.  The final word is telescope"}
2026-09-16T08:28:20.054524762Z {"event": "transcript_event", "elapsed_seconds": 14.721394046999194, "before_end_of_stream": false, "type": "transcript.final", "session_id": "b107937e-5edc-499a-847f-afe7a5497400", "sequence": 23, "segment_id": 0, "revision": 23, "text": " Welcome to the Scientific Artificial Intelligence Platform.  This is a speech recognition test.  We are checking out every spoken word is transcribed, including the very last word.  The final word is telescope."}
2026-09-16T08:28:20.054882740Z {"event": "measurement", "repetition": 2, "paced": true, "audio_seconds": 14.69075, "wall_seconds": 14.72149139999965, "model_step_seconds": [0.03053075600109878, 0.03504393299954245, 0.032216914998571156, 0.03327135799918324, 0.0340656129992567, 0.031080042997928103, 0.03289981900161365, 0.03426099599892041, 0.03330218699920806, 0.03582813899993198, 0.03169596699808608, 0.02924379899923224, 0.035322151001309976, 0.031861110001045745, 0.03243419799764524, 0.031017311001050984, 0.029839845999958925, 0.034132838001823984, 0.02857348399993498, 0.036865606998617295, 0.02979010800117976, 0.03296317700005602, 0.029019672998401802, 0.03622733799784328, 0.029427820001728833, 0.03351358700092533, 0.030539641000359552], "first_partial_seconds": 1.1751436500017007, "first_final_seconds": 14.721394046999194, "finalization_seconds": 0.030686714002513327, "real_time_factor": 1.0020925684529143, "peak_gpu_allocated_bytes": 5332897280, "peak_gpu_reserved_bytes": 5523898368, "transcript": "Welcome to the Scientific Artificial Intelligence Platform.  This is a speech recognition test.  We are checking out every spoken word is transcribed, including the very last word.  The final word is telescope.", "event_count": 23, "required_words_present": ["recognition", "speech", "telescope", "test"], "passed_diagnostic": true}
2026-09-16T08:28:20.054895686Z {"event": "probe_complete", "passed_diagnostic": true, "customer_acceptance": false, "measurements": 6}
